source,target,weight,type
NAPS,KALIF HARDCORE,2.0,collab+similar
NAPS,JUL,5.0,collab+similar
NAPS,SCH,2.0,collab+similar
NAPS,13 ORGANISE,0.850893,similar
NAPS,BRULUX,0.777479,similar
NAPS,DADI,0.937862,similar
NAPS,DJ KAYZ,0.854759,similar
NAPS,DOSSEH,0.544903,similar
NAPS,LACRIM,1.406253,similar
NAPS,SOSO MANESS,1.249946,similar
NAPS,NIRO,0.42828,similar
NAPS,RK,0.535754,similar
NAPS,SADEK,0.599724,similar
NAPS,SASSO,0.668321,similar
NAPS,TIMAL,0.68835,similar
NAPS,TK,1.0,similar
KALIF HARDCORE,GHETTO PHENOMENE,0.610363,similar
KALIF HARDCORE,L'ALLEMAND,0.700632,similar
KALIF HARDCORE,LA FAMAX,0.671438,similar
KALIF HARDCORE,MRC,0.607108,similar
NINHO,DADJU,4.12227,collab+similar
NINHO,LETO,3.0,collab+similar
NINHO,NISKA,8.0,collab+similar
NINHO,KOBA LAD,5.8045480000000005,collab+similar
NINHO,FALLY IPUPA,2.0,collab+similar
NINHO,HORNET LA FRAPPE,4.672002,collab+similar
NINHO,SOFIANE,2.720407,collab+similar
NINHO,LACRIM,3.485247,collab+similar
NINHO,YARO,3.0,collab+similar
NINHO,DA UZI,2.0,collab+similar
NINHO,KORE,2.0,collab+similar
NINHO,13 BLOCK,0.667025,similar
NINHO,1PLIKE140,1.43079,similar
NINHO,4KEUS,0.544067,similar
NINHO,A2H,0.528019,similar
NINHO,ALONZO,1.427018,similar
NINHO,AMK,0.784376,similar
NINHO,ASHH,0.531957,similar
NINHO,BEENDO Z,0.576404,similar
NINHO,BENAB,0.416559,similar
NINHO,BOLEMVN,1.51545,similar
NINHO,BOOBA,1.454952,similar
NINHO,BOSH,0.643501,similar
NINHO,BOUSS,0.878064,similar
NINHO,BRAMSITO,0.763552,similar
NINHO,BRULUX,0.680899,similar
NINHO,CHILLA,0.460848,similar
NINHO,DAMSO,1.33321,similar
NINHO,DIAM'S,0.492478,similar
NINHO,DINOS,1.4142700000000001,similar
NINHO,DJ HAMIDA,0.988087,similar
NINHO,DJ KAWEST,0.482625,similar
NINHO,DJ LESKA,0.596375,similar
NINHO,FAVE,0.670316,similar
NINHO,FRANGLISH,0.52016,similar
NINHO,FREEZE CORLEONE,0.560184,similar
NINHO,FRESH LADOUILLE,0.567885,similar
NINHO,GAZO,2.0,similar
NINHO,GENEZIO,1.022037,similar
NINHO,GHOST KILLER TRACK,0.418057,similar
NINHO,GIANNI,1.0,similar
NINHO,GIMS,0.563357,similar
NINHO,GLK,0.794229,similar
NINHO,GP EXPLORER,0.675889,similar
NINHO,GRADUR,1.6609639999999999,similar
NINHO,GREEN MONTANA,1.109797,similar
NINHO,GUIZMO,0.731631,similar
NINHO,GUY2BEZBAR,1.284392,similar
NINHO,H.E.M,0.529715,similar
NINHO,HATIK,0.908093,similar
NINHO,HEUSS L'ENFOIRE,1.58554,similar
NINHO,IKAZ BOI,0.452121,similar
NINHO,JKSN,0.74552,similar
NINHO,JOK'AIR,1.288452,similar
NINHO,JOSMAN,1.007723,similar
NINHO,JUL,1.401564,similar
NINHO,KAARIS,1.30786,similar
NINHO,KALASH,0.480954,similar
NINHO,KALASH CRIMINEL,1.263889,similar
NINHO,KEBLACK,1.252443,similar
NINHO,KERCHAK,0.574306,similar
NINHO,KOFS,0.576538,similar
NINHO,KPOINT,1.463589,similar
NINHO,L'ALGERINO,0.949218,similar
NINHO,L2B,0.682762,similar
NINHO,LA FOUINE,1.236234,similar
NINHO,LA MANO 1.9,0.697714,similar
NINHO,LA RVFLEUZE,0.738558,similar
NINHO,LANDY,1.582202,similar
NINHO,LARTISTE,0.690861,similar
NINHO,LE CLASSICO ORGANISE,0.416139,similar
NINHO,LE CLUB,0.463038,similar
NINHO,LUV RESVAL,0.530868,similar
NINHO,LYNA MAHYEM,0.44679,similar
NINHO,MAES,1.782032,similar
NINHO,MARWA LOUD,0.677153,similar
NINHO,MAITRE GIMS,0.572797,similar
NINHO,MENACE SANTANA,0.46362,similar
NINHO,MHD,0.911366,similar
NINHO,MISTER V,0.670845,similar
NINHO,MISTER YOU,0.585216,similar
NINHO,MOHA LA SQUALE,0.923535,similar
NINHO,NAHIR,0.85318,similar
NINHO,NIAKS,0.570589,similar
NINHO,WERENOI,1.95428,similar
NINHO,TIAKOLA,1.5981290000000001,similar
NINHO,NIRO,1.444526,similar
NINHO,SCH,1.422172,similar
NINHO,RIM'K,1.506041,similar
NINHO,NONO LA GRINTA,0.649056,similar
NINHO,PNL,1.0,similar
NINHO,PONKO,0.56502,similar
NINHO,PRIME,0.533754,similar
NINHO,R2,0.403954,similar
NINHO,RK,0.874846,similar
NINHO,RNBOI,0.756925,similar
NINHO,RSKO,0.434057,similar
NINHO,S.PRI NOIR,0.689574,similar
NINHO,SADEK,0.670653,similar
NINHO,SASSO,0.442358,similar
NINHO,SDM,0.417408,similar
NINHO,SIBOY,0.593195,similar
NINHO,SOSO MANESS,0.567385,similar
NINHO,SQUIDJI,0.47608,similar
NINHO,THEODORT,0.680774,similar
NINHO,TIMAL,0.607014,similar
NINHO,TIMAR,0.588308,similar
NINHO,TK,0.410655,similar
NINHO,TKS 2G,0.418927,similar
NINHO,TRIANGLE DES BERMUDES,0.628154,similar
NINHO,VACRA,0.559211,similar
NINHO,VEN1,0.74559,similar
NINHO,WIZTHEMC,0.710288,similar
NINHO,YG PABLO,0.608473,similar
NINHO,YL,0.501915,similar
NINHO,YORSSY,0.574591,similar
NINHO,ZKR,0.966169,similar
NINHO,ZOKUSH,0.598001,similar
NINHO,ZOLA,1.0,similar
SOFIANE,HORNET LA FRAPPE,3.420878,collab+similar
SOFIANE,KALASH CRIMINEL,3.582827,collab+similar
SOFIANE,ALONZO,1.485534,similar
SOFIANE,BOOBA,1.6838570000000002,similar
SOFIANE,DJANGO,1.198165,similar
SOFIANE,GLK,0.567641,similar
SOFIANE,GRADUR,1.335363,similar
SOFIANE,GUIZMO,0.774177,similar
SOFIANE,HAYCE LEMSI,1.614623,similar
SOFIANE,HEUSS L'ENFOIRE,1.382036,similar
SOFIANE,HUGO TSR,0.452601,similar
SOFIANE,KAARIS,1.626927,similar
SOFIANE,KERY JAMES,1.213933,similar
SOFIANE,L'ALGERINO,0.836652,similar
SOFIANE,LA FOUINE,1.3787509999999998,similar
SOFIANE,LACRIM,1.42904,similar
SOFIANE,LARTISTE,0.589194,similar
SOFIANE,LE RAT LUCIANO,0.52711,similar
SOFIANE,LORD ESPERANZA,0.531138,similar
SOFIANE,LORENZO,0.406076,similar
SOFIANE,MISTER V,0.621358,similar
SOFIANE,MISTER YOU,0.479776,similar
SOFIANE,MOHA LA SQUALE,0.521637,similar
SOFIANE,NAHIR,0.608937,similar
SOFIANE,NIRO,1.1679490000000001,similar
SOFIANE,NISKA,1.3230940000000002,similar
SOFIANE,PRIME,0.746153,similar
SOFIANE,RIM'K,1.56644,similar
SOFIANE,ROHFF,1.128566,similar
SOFIANE,SADEK,1.280991,similar
SOFIANE,SCH,1.469037,similar
SOFIANE,SINIK,1.042558,similar
SOFIANE,MEDINE,0.676239,similar
SOFIANE,MAC TYER,0.655532,similar
SOFIANE,VALD,1.27291,similar
SOFIANE,FREEZE CORLEONE,0.622366,similar
SOFIANE,ALKPOTE,0.587634,similar
SOFIANE,MAES,0.554563,similar
SOFIANE,DINOS,0.545355,similar
SOFIANE,NEKFEU,0.544583,similar
SOFIANE,KOBA LAD,0.527079,similar
SOFIANE,SOSO MANESS,0.77655,similar
SOFIANE,STILL FRESH,0.430761,similar
SOFIANE,YOUSSOUPHA,0.60539,similar
L2B,LA FOUINE,2.0,collab+similar
L2B,FRANGLISH,3.202918,collab+similar
L2B,1PLIKE140,1.067263,similar
L2B,4KEUS,1.354357,similar
L2B,AMK,0.65943,similar
L2B,BEENDO Z,1.011366,similar
L2B,BOLEMVN,0.669299,similar
L2B,BOUSS,1.2625600000000001,similar
L2B,CHILY,0.816744,similar
L2B,DA UZI,0.53564,similar
L2B,DADJU,0.411036,similar
L2B,DENDEN,0.628545,similar
L2B,DJ KAWEST,0.682951,similar
L2B,FAVE,1.0699049999999999,similar
L2B,GAZO,1.108556,similar
L2B,GENEZIO,1.914774,similar
L2B,GUY2BEZBAR,1.828668,similar
L2B,HAMZA,0.839364,similar
L2B,JKSN,0.603922,similar
L2B,KAZA,0.72129,similar
L2B,KEBLACK,1.4958390000000001,similar
L2B,KULTURR,0.996709,similar
L2B,TIAKOLA,1.9455710000000002,similar
L2B,RSKO,1.934536,similar
L2B,YORSSY,1.663624,similar
L2B,LANDY,1.665422,similar
L2B,NISKA,1.126876,similar
L2B,WERENOI,1.125446,similar
L2B,GAMBINO LA MG,0.48347,similar
L2B,MHD,1.193422,similar
L2B,MAES,0.874952,similar
L2B,OBOY,0.949117,similar
L2B,LA MANO 1.9,1.0,similar
L2B,LA RVFLEUZE,0.689639,similar
L2B,NONO LA GRINTA,0.94332,similar
L2B,R2,0.747032,similar
L2B,RK,0.523495,similar
L2B,TIMAR,0.629284,similar
L2B,TKS 2G,0.489944,similar
L2B,TRIANGLE DES BERMUDES,0.592755,similar
L2B,VEGEDREAM,0.449817,similar
L2B,VEN1,0.55813,similar
L2B,ZOKUSH,0.635865,similar
VACRA,PLK,2.0,collab+similar
VACRA,AMK,0.587129,similar
VACRA,BOLEMVN,1.0566,similar
VACRA,BOUSS,1.106238,similar
VACRA,DJ KAWEST,0.427351,similar
VACRA,FRANGLISH,1.20193,similar
VACRA,JEY BROWNIE,2.0,similar
VACRA,KEBLACK,1.077295,similar
VACRA,MARWA LOUD,0.466218,similar
VACRA,MATT,0.444986,similar
VACRA,MC MENOR JP,0.628309,similar
VACRA,NAHIR,1.1893470000000002,similar
VACRA,RNBOI,0.508043,similar
VACRA,THEODORT,1.289784,similar
VACRA,GAZO,0.611732,similar
VACRA,JUL,0.513055,similar
VACRA,TIAKOLA,0.511259,similar
VACRA,DADJU,0.42404,similar
VACRA,JOSMAN,0.403035,similar
VACRA,YG PABLO,0.705263,similar
SNEAZZY,NEKFEU,3.374142,collab+similar
SNEAZZY,S.PRI NOIR,3.41344,collab+similar
SNEAZZY,A2H,1.293471,similar
SNEAZZY,BEKAR,1.06079,similar
SNEAZZY,DEEN BURBIGO,1.331543,similar
SNEAZZY,DJANGO,0.577928,similar
SNEAZZY,DOUMS,1.3802560000000001,similar
SNEAZZY,HAMZA,1.0878999999999999,similar
SNEAZZY,IKAZ BOI,0.486921,similar
SNEAZZY,JOK'AIR,1.0432519999999998,similar
SNEAZZY,JOSMAN,1.275174,similar
SNEAZZY,LAYLOW,1.345955,similar
SNEAZZY,LORD ESPERANZA,0.837586,similar
SNEAZZY,LUJIPEKA,0.496548,similar
SNEAZZY,LUV RESVAL,1.145048,similar
SNEAZZY,MADEINPARIS,0.452201,similar
SNEAZZY,MISTER V,1.20726,similar
SNEAZZY,NAHIR,1.1705320000000001,similar
SNEAZZY,NUSKY,0.446654,similar
SNEAZZY,NEPAL,1.22282,similar
SNEAZZY,OBOY,1.09327,similar
SNEAZZY,PLK,1.21949,similar
SNEAZZY,S-CREW,1.496105,similar
SNEAZZY,DINOS,0.93109,similar
SNEAZZY,JAZZY BAZZ,0.903779,similar
SNEAZZY,DAMSO,0.781404,similar
SNEAZZY,ALPHA WANN,0.759615,similar
SNEAZZY,VALD,1.344477,similar
SNEAZZY,SCH,0.629963,similar
SNEAZZY,GREEN MONTANA,0.603233,similar
SNEAZZY,GAZO,0.572163,similar
SNEAZZY,KEKRA,0.525757,similar
SNEAZZY,ROUNHAA,0.520957,similar
SNEAZZY,FREEZE CORLEONE,0.500259,similar
SNEAZZY,B.B. JACQUES,0.488479,similar
SNEAZZY,YVNNIS,0.4836,similar
SNEAZZY,SQUIDJI,0.508936,similar
LETO,13 BLOCK,1.441487,similar
LETO,AMK,0.983222,similar
LETO,BRAMSITO,0.674992,similar
LETO,CHILY,0.714245,similar
LETO,DADJU,0.900035,similar
LETO,DAU,0.457285,similar
LETO,DENDEN,0.475815,similar
LETO,DJ KAWEST,0.526546,similar
LETO,DJ LESKA,0.45303,similar
LETO,FRANGLISH,1.189316,similar
LETO,GAZO,1.836595,similar
LETO,GHOST KILLER TRACK,0.596249,similar
LETO,GP EXPLORER,0.606156,similar
LETO,GUY2BEZBAR,2.0,similar
LETO,H.E.M,0.571944,similar
LETO,IKAZ BOI,1.074581,similar
LETO,JKSN,0.726502,similar
LETO,JOK'AIR,1.193104,similar
LETO,KEBLACK,1.162427,similar
LETO,KERCHAK,1.140318,similar
LETO,KULTURR,0.548931,similar
LETO,LA MANO 1.9,0.890102,similar
LETO,LA RVFLEUZE,0.614589,similar
LETO,RSKO,1.392471,similar
LETO,JUL,0.498205,similar
LETO,NAHIR,0.474133,similar
LETO,MHD,1.305812,similar
LETO,LOGOBI GT,0.536105,similar
LETO,MISTER V,0.539362,similar
LETO,NONO LA GRINTA,0.79758,similar
LETO,PONKO,0.582862,similar
LETO,R2,0.437538,similar
LETO,RK,0.695508,similar
LETO,SQUIDJI,0.474986,similar
LETO,THEODORT,0.651511,similar
LETO,TIMAL,0.628572,similar
LETO,TIMAR,0.617703,similar
LETO,VEN1,0.694481,similar
LETO,YG PABLO,0.668083,similar
LETO,ZKR,0.680698,similar
LETO,ZOKUSH,0.625224,similar
HORNET LA FRAPPE,LANDY,3.552301,collab+similar
HORNET LA FRAPPE,GLK,2.815898,collab+similar
HORNET LA FRAPPE,13 ORGANISE,0.45511,similar
HORNET LA FRAPPE,BENAB,1.461903,similar
HORNET LA FRAPPE,BOLEMVN,1.712139,similar
HORNET LA FRAPPE,BOUSS,0.526226,similar
HORNET LA FRAPPE,BRAMSITO,1.529463,similar
HORNET LA FRAPPE,BRULUX,0.748277,similar
HORNET LA FRAPPE,DADI,1.0,similar
HORNET LA FRAPPE,FRESH LADOUILLE,0.422371,similar
HORNET LA FRAPPE,GAZO,1.1982249999999999,similar
HORNET LA FRAPPE,GIANNI,0.67802,similar
HORNET LA FRAPPE,GRADUR,1.537017,similar
HORNET LA FRAPPE,HATIK,0.666216,similar
HORNET LA FRAPPE,HAYCE LEMSI,0.812282,similar
HORNET LA FRAPPE,HEUSS L'ENFOIRE,1.921504,similar
HORNET LA FRAPPE,SOSO MANESS,1.891547,similar
HORNET LA FRAPPE,LACRIM,1.6892230000000001,similar
HORNET LA FRAPPE,MAES,1.623338,similar
HORNET LA FRAPPE,NISKA,1.450412,similar
HORNET LA FRAPPE,JUL,1.393724,similar
HORNET LA FRAPPE,NIRO,1.3253460000000001,similar
HORNET LA FRAPPE,OBOY,1.382399,similar
HORNET LA FRAPPE,KAARIS,1.119275,similar
HORNET LA FRAPPE,RIM'K,1.406256,similar
HORNET LA FRAPPE,SADEK,1.602463,similar
HORNET LA FRAPPE,KALASH CRIMINEL,1.119548,similar
HORNET LA FRAPPE,BOOBA,0.589127,similar
HORNET LA FRAPPE,MISTER YOU,1.2112910000000001,similar
HORNET LA FRAPPE,NAHIR,1.368827,similar
HORNET LA FRAPPE,SCH,0.544467,similar
HORNET LA FRAPPE,S.PRI NOIR,1.106147,similar
HORNET LA FRAPPE,TIAKOLA,0.520714,similar
HORNET LA FRAPPE,4KEUS,0.497543,similar
HORNET LA FRAPPE,MOHA LA SQUALE,1.366282,similar
HORNET LA FRAPPE,DINOS,0.492551,similar
HORNET LA FRAPPE,KOFS,0.809407,similar
HORNET LA FRAPPE,L'ALGERINO,1.059926,similar
HORNET LA FRAPPE,LARTISTE,0.761425,similar
HORNET LA FRAPPE,LE CLASSICO ORGANISE,0.4798,similar
HORNET LA FRAPPE,LYNA MAHYEM,0.756574,similar
HORNET LA FRAPPE,PNL,0.600561,similar
HORNET LA FRAPPE,RK,0.932817,similar
HORNET LA FRAPPE,SASSO,0.857589,similar
HORNET LA FRAPPE,STILL FRESH,0.831659,similar
HORNET LA FRAPPE,TIMAL,0.836815,similar
HORNET LA FRAPPE,TK,0.453364,similar
HORNET LA FRAPPE,VEN1,0.532674,similar
HORNET LA FRAPPE,YL,0.747642,similar
HORNET LA FRAPPE,ZEG P,0.514427,similar
HORNET LA FRAPPE,ZKR,0.698539,similar
BOOBA,SDM,2.0,collab+similar
BOOBA,MAES,3.2034659999999997,collab+similar
BOOBA,NISKA,4.503565,collab+similar
BOOBA,DOSSEH,2.0,collab+similar
BOOBA,13 BLOCK,0.7393,similar
BOOBA,1PLIKE140,0.627904,similar
BOOBA,A2H,0.497378,similar
BOOBA,ALONZO,0.602897,similar
BOOBA,ATEYABA,1.253404,similar
BOOBA,KAARIS,2.0,similar
BOOBA,SCH,1.8086959999999999,similar
BOOBA,LACRIM,1.64537,similar
BOOBA,LUNATIC,1.716688,similar
BOOBA,LA FOUINE,1.6948539999999999,similar
BOOBA,GRADUR,1.487775,similar
BOOBA,GREEN MONTANA,1.28076,similar
BOOBA,GAZO,1.154012,similar
BOOBA,KALASH CRIMINEL,1.276319,similar
BOOBA,DINOS,1.246467,similar
BOOBA,NIRO,1.275644,similar
BOOBA,DAMSO,1.1451159999999998,similar
BOOBA,RIM'K,1.4533369999999999,similar
BOOBA,SINIK,1.350721,similar
BOOBA,KEKRA,1.25663,similar
BOOBA,JUL,1.082512,similar
BOOBA,HEUSS L'ENFOIRE,1.252561,similar
BOOBA,KOBA LAD,1.12433,similar
BOOBA,FREEZE CORLEONE,1.123094,similar
BOOBA,ROHFF,1.360677,similar
BOOBA,LAYLOW,0.499562,similar
BOOBA,MAC TYER,0.496025,similar
BOOBA,BRAMSITO,0.82581,similar
BOOBA,BRULUX,0.711564,similar
BOOBA,CHEU-B,0.506126,similar
BOOBA,DA UZI,0.642007,similar
BOOBA,DIAM'S,0.536549,similar
BOOBA,DJANGO,0.569524,similar
BOOBA,DTF,0.96055,similar
BOOBA,GIANNI,0.632114,similar
BOOBA,GLK,0.451895,similar
BOOBA,GUIZMO,1.0,similar
BOOBA,HATIK,0.691627,similar
BOOBA,HAYCE LEMSI,0.867479,similar
BOOBA,HUGO TSR,0.400463,similar
BOOBA,IKAZ BOI,0.547187,similar
BOOBA,JOK'AIR,0.486632,similar
BOOBA,KALASH,0.419617,similar
BOOBA,KAZA,0.632672,similar
BOOBA,KERY JAMES,0.735653,similar
BOOBA,KOFS,0.511972,similar
BOOBA,KPOINT,0.471877,similar
BOOBA,LANDY,0.555501,similar
BOOBA,MADEINPARIS,0.422268,similar
BOOBA,MAFIA K'1 FRY,0.560593,similar
BOOBA,MISTER YOU,0.646385,similar
BOOBA,MMZ,0.535988,similar
BOOBA,MOHA LA SQUALE,0.522315,similar
BOOBA,OBOY,0.620976,similar
BOOBA,OXMO PUCCINO,0.57982,similar
BOOBA,PSY 4 DE LA RIME,0.412236,similar
BOOBA,S.PRI NOIR,0.664179,similar
BOOBA,SADEK,0.874139,similar
BOOBA,SIBOY,1.0,similar
BOOBA,SOSO MANESS,0.407155,similar
BOOBA,STILL FRESH,0.600326,similar
BOOBA,VALD,0.683972,similar
BOOBA,YOUSSOUPHA,0.698837,similar
BOOBA,ZOLA,0.613179,similar
GAZO,TIAKOLA,7.929429,collab+similar
GAZO,13 BLOCK,0.527712,similar
GAZO,1PLIKE140,1.3239649999999998,similar
GAZO,4KEUS,0.500601,similar
GAZO,A2H,0.492772,similar
GAZO,ALONZO,1.2690510000000002,similar
GAZO,AMK,0.783818,similar
GAZO,BEENDO Z,0.609622,similar
GAZO,BEKAR,0.478344,similar
GAZO,BOLEMVN,1.38974,similar
GAZO,BOUSS,1.216717,similar
GAZO,BRAMSITO,0.702573,similar
GAZO,DADJU,0.563431,similar
GAZO,DJ KAWEST,0.629734,similar
GAZO,DJ LESKA,0.611558,similar
GAZO,FAVE,1.654814,similar
GAZO,FRANGLISH,0.528393,similar
GAZO,FREEZE CORLEONE,1.2335850000000002,similar
GAZO,FRESH LADOUILLE,0.448352,similar
GAZO,NISKA,1.655307,similar
GAZO,KOBA LAD,1.607856,similar
GAZO,PLK,1.702566,similar
GAZO,KERCHAK,1.5780310000000002,similar
GAZO,HEUSS L'ENFOIRE,1.6609159999999998,similar
GAZO,MAES,1.3592650000000002,similar
GAZO,KEBLACK,1.3169840000000002,similar
GAZO,HAMZA,1.253368,similar
GAZO,KAARIS,1.153988,similar
GAZO,SCH,1.2288109999999999,similar
GAZO,LACRIM,1.217502,similar
GAZO,GRADUR,1.209836,similar
GAZO,JUL,0.9766870000000001,similar
GAZO,KALASH CRIMINEL,1.006821,similar
GAZO,JOSMAN,0.446517,similar
GAZO,LANDY,0.445792,similar
GAZO,GENEZIO,0.99065,similar
GAZO,GHOST KILLER TRACK,0.463705,similar
GAZO,GIMS,0.567068,similar
GAZO,GLK,0.632089,similar
GAZO,GP EXPLORER,0.66472,similar
GAZO,GUY2BEZBAR,1.249912,similar
GAZO,H.E.M,0.635203,similar
GAZO,HATIK,0.896594,similar
GAZO,IKAZ BOI,0.518316,similar
GAZO,JKSN,0.696792,similar
GAZO,JOK'AIR,0.699328,similar
GAZO,JOE DWET FILE,0.479173,similar
GAZO,JYEUHAIR,0.565696,similar
GAZO,KOFS,0.436042,similar
GAZO,KPOINT,0.619035,similar
GAZO,LA FOUINE,0.665412,similar
GAZO,LA MANO 1.9,0.820285,similar
GAZO,LA RVFLEUZE,0.47985,similar
GAZO,LARTISTE,0.585161,similar
GAZO,LOGOBI GT,0.420165,similar
GAZO,LUV RESVAL,0.605446,similar
GAZO,MAITRE GIMS,0.703622,similar
GAZO,MENACE SANTANA,0.511854,similar
GAZO,MHD,0.77037,similar
GAZO,MISTER V,0.789711,similar
GAZO,NAHIR,0.811659,similar
GAZO,NIRO,0.509755,similar
GAZO,NONO LA GRINTA,0.514705,similar
GAZO,PONKO,0.645421,similar
GAZO,RIM'K,0.79556,similar
GAZO,RK,0.711847,similar
GAZO,S.PRI NOIR,0.686962,similar
GAZO,SADEK,0.503222,similar
GAZO,SOSO MANESS,0.575641,similar
GAZO,THEODORT,1.0,similar
GAZO,TIMAL,0.493187,similar
GAZO,TRIANGLE DES BERMUDES,0.482599,similar
GAZO,VEN1,0.736307,similar
GAZO,YG PABLO,0.629615,similar
GAZO,YORSSY,0.551246,similar
GAZO,ZEG P,1.0,similar
GAZO,ZKR,0.65132,similar
GAZO,ZOKUSH,0.528281,similar
SCH,WERENOI,2.0,collab+similar
SCH,JUL,5.040121,collab+similar
SCH,13 BLOCK,1.4149310000000002,similar
SCH,1PLIKE140,0.602025,similar
SCH,A2H,0.477495,similar
SCH,ALPHA WANN,1.2461959999999999,similar
SCH,ATEYABA,1.127502,similar
SCH,DA UZI,1.33345,similar
SCH,DEEN BURBIGO,0.424832,similar
SCH,DINOS,1.910288,similar
SCH,DISIZ,0.593269,similar
SCH,DJANGO,0.691458,similar
SCH,GIANNI,0.541426,similar
SCH,GRADUR,0.562749,similar
SCH,GREEN MONTANA,1.856996,similar
SCH,GUIZMO,0.888218,similar
SCH,HAYCE LEMSI,0.479281,similar
SCH,HEUSS L'ENFOIRE,1.354844,similar
SCH,ISHA,0.985673,similar
SCH,JEY BROWNIE,0.400721,similar
SCH,JOK'AIR,0.541681,similar
SCH,JOSMAN,1.334391,similar
SCH,JYEUHAIR,0.441916,similar
SCH,KAARIS,1.7557909999999999,similar
SCH,KALASH CRIMINEL,1.18482,similar
SCH,KAZA,0.461927,similar
SCH,KEKRA,1.763541,similar
SCH,KOFS,0.419922,similar
SCH,LA FEVE,1.3168419999999998,similar
SCH,LACRIM,1.460574,similar
SCH,LAYLOW,1.691084,similar
SCH,LUNATIC,0.589816,similar
SCH,LUV RESVAL,1.222428,similar
SCH,MADEINPARIS,0.52247,similar
SCH,MAES,1.1144509999999999,similar
SCH,MISTER V,0.542767,similar
SCH,MOHA LA SQUALE,0.435316,similar
SCH,NAHIR,0.621811,similar
SCH,NISKA,1.263912,similar
SCH,OBOY,1.42231,similar
SCH,RIM'K,0.713959,similar
SCH,S.PRI NOIR,0.672624,similar
SCH,SADEK,0.717343,similar
SCH,DAMSO,0.900961,similar
SCH,FREEZE CORLEONE,0.830859,similar
SCH,B.B. JACQUES,0.826453,similar
SCH,VALD,1.70017,similar
SCH,JAZZY BAZZ,0.59227,similar
SCH,LESRAM,0.567548,similar
SCH,SOSO MANESS,0.492722,similar
SCH,ZEG P,0.723166,similar
ABOU DEBEING,DADJU,2.0,collab+similar
ABOU DEBEING,DJ ERISE,1.869405,similar
ABOU DEBEING,ELAMS,1.301768,similar
ABOU DEBEING,FABABY,1.390405,similar
S.PRI NOIR,ALONZO,2.0,collab+similar
S.PRI NOIR,NEKFEU,4.171866,collab+similar
S.PRI NOIR,4KEUS,1.039075,similar
S.PRI NOIR,A2H,0.79953,similar
S.PRI NOIR,ASHH,0.515119,similar
S.PRI NOIR,BEKAR,1.157175,similar
S.PRI NOIR,BOLEMVN,0.593542,similar
S.PRI NOIR,BRAMSITO,0.605289,similar
S.PRI NOIR,DA UZI,1.320227,similar
S.PRI NOIR,DAU,0.440581,similar
S.PRI NOIR,DEEN BURBIGO,1.0828470000000001,similar
S.PRI NOIR,DINOS,1.758939,similar
S.PRI NOIR,DISIZ,0.657102,similar
S.PRI NOIR,DOUMS,1.50592,similar
S.PRI NOIR,GEORGIO,0.547449,similar
S.PRI NOIR,GIANNI,0.702625,similar
S.PRI NOIR,GRADUR,0.444473,similar
S.PRI NOIR,GREEN MONTANA,1.372229,similar
S.PRI NOIR,GUIZMO,0.829781,similar
S.PRI NOIR,HAMZA,1.030877,similar
S.PRI NOIR,HATIK,0.69272,similar
S.PRI NOIR,HAYCE LEMSI,0.422323,similar
S.PRI NOIR,HEUSS L'ENFOIRE,1.1141610000000002,similar
S.PRI NOIR,IKAZ BOI,0.565861,similar
S.PRI NOIR,JOK'AIR,1.149121,similar
S.PRI NOIR,JYEUHAIR,0.465685,similar
S.PRI NOIR,LA FOUINE,1.088887,similar
S.PRI NOIR,LE CLUB,0.512595,similar
S.PRI NOIR,LIVAI,0.446192,similar
S.PRI NOIR,LORD ESPERANZA,0.609974,similar
S.PRI NOIR,MADEINPARIS,0.544573,similar
S.PRI NOIR,MC MENOR JP,0.453438,similar
S.PRI NOIR,MISTER V,0.614042,similar
S.PRI NOIR,OBOY,1.4137119999999999,similar
S.PRI NOIR,RIM'K,0.554486,similar
S.PRI NOIR,S-CREW,1.210338,similar
S.PRI NOIR,LAYLOW,0.742387,similar
S.PRI NOIR,JOSMAN,0.682434,similar
S.PRI NOIR,NISKA,0.669474,similar
S.PRI NOIR,DAMSO,0.638845,similar
S.PRI NOIR,TIAKOLA,0.5851,similar
S.PRI NOIR,JAZZY BAZZ,0.582819,similar
S.PRI NOIR,MAC TYER,0.573283,similar
S.PRI NOIR,LUV RESVAL,0.541939,similar
S.PRI NOIR,KALASH CRIMINEL,0.541375,similar
S.PRI NOIR,SQUIDJI,0.743575,similar
S.PRI NOIR,THEODORT,0.588445,similar
S.PRI NOIR,TSEW THE KID,0.475292,similar
S.PRI NOIR,YG PABLO,0.790645,similar
S.PRI NOIR,ZEG P,0.422446,similar
KOBA LAD,NISKA,2.0,collab+similar
KOBA LAD,MAES,3.448638,collab+similar
KOBA LAD,13 BLOCK,1.314287,similar
KOBA LAD,4KEUS,0.93344,similar
KOBA LAD,BRULUX,0.742317,similar
KOBA LAD,CHILY,0.463696,similar
KOBA LAD,GLK,0.69976,similar
KOBA LAD,GUY2BEZBAR,1.15261,similar
KOBA LAD,IKAZ BOI,0.407235,similar
KOBA LAD,JKSN,0.663715,similar
KOBA LAD,JUL,0.905116,similar
KOBA LAD,KAARIS,1.183667,similar
KOBA LAD,KALASH CRIMINEL,0.654819,similar
KOBA LAD,TIAKOLA,1.2114099999999999,similar
KOBA LAD,DAMSO,0.493047,similar
KOBA LAD,LACRIM,0.9865820000000001,similar
KOBA LAD,NIRO,0.891074,similar
KOBA LAD,KPOINT,1.150987,similar
KOBA LAD,RIM'K,1.037169,similar
KOBA LAD,JOSMAN,0.412796,similar
KOBA LAD,LA FOUINE,0.524265,similar
KOBA LAD,LA MANO 1.9,0.59655,similar
KOBA LAD,LA RVFLEUZE,0.643328,similar
KOBA LAD,LEFA,0.434327,similar
KOBA LAD,MHD,0.683401,similar
KOBA LAD,MISTER V,0.59123,similar
KOBA LAD,MISTER YOU,0.461964,similar
KOBA LAD,NONO LA GRINTA,0.57984,similar
KOBA LAD,RK,0.640747,similar
KOBA LAD,STILL FRESH,0.647095,similar
KOBA LAD,TIMAL,0.51067,similar
KOBA LAD,TIMAR,0.497999,similar
KOBA LAD,ZOKUSH,0.577684,similar
SDM,WERENOI,3.0,collab+similar
SDM,TIAKOLA,2.0,collab+similar
SDM,JUL,2.0,collab+similar
SDM,PLK,2.0,collab+similar
SDM,GUY2BEZBAR,2.0,collab+similar
SDM,GREEN MONTANA,2.0,collab+similar
MHD,NISKA,2.0,collab+similar
MHD,ALONZO,3.0874240000000004,collab+similar
MHD,BRAMSITO,1.044958,similar
MHD,CHILY,0.475372,similar
MHD,DADJU,1.43937,similar
MHD,DENDEN,0.601486,similar
MHD,DJ LESKA,1.4801030000000002,similar
MHD,FRANGLISH,1.185006,similar
MHD,GIMS,1.003615,similar
MHD,JOE DWET FILE,0.40477,similar
MHD,KEBLACK,1.56929,similar
MHD,KPOINT,0.912344,similar
MHD,LARTISTE,1.331959,similar
MHD,LOGOBI GT,0.593875,similar
MHD,TIAKOLA,1.437662,similar
MHD,4KEUS,0.60414,similar
MHD,GENEZIO,0.602012,similar
MHD,HEUSS L'ENFOIRE,0.59259,similar
MHD,KAARIS,0.58319,similar
MHD,JUL,0.56559,similar
MHD,SEXION D'ASSAUT,0.557439,similar
MHD,RSKO,0.546439,similar
MHD,MAES,0.543388,similar
MHD,BOLEMVN,0.527959,similar
MHD,TAYC,0.497827,similar
MHD,4KEUS GANG,0.49664,similar
MHD,LACRIM,0.492912,similar
MHD,BLACK M,0.480882,similar
MHD,KALASH,0.478452,similar
MHD,TRIANGLE DES BERMUDES,0.9808779999999999,similar
MHD,NONO LA GRINTA,0.487297,similar
YARO,WERENOI,1.0,similar
KALASH CRIMINEL,JUL,2.4162,collab+similar
KALASH CRIMINEL,KAARIS,3.930739,collab+similar
KALASH CRIMINEL,13 BLOCK,0.706873,similar
KALASH CRIMINEL,1PLIKE140,1.118433,similar
KALASH CRIMINEL,ALONZO,0.476709,similar
KALASH CRIMINEL,BRULUX,0.729312,similar
KALASH CRIMINEL,DAMSO,0.9558329999999999,similar
KALASH CRIMINEL,DINOS,1.0484689999999999,similar
KALASH CRIMINEL,DJANGO,0.583083,similar
KALASH CRIMINEL,FREEZE CORLEONE,1.310129,similar
KALASH CRIMINEL,GIANNI,0.453322,similar
KALASH CRIMINEL,GLK,1.2911030000000001,similar
KALASH CRIMINEL,GRADUR,1.392987,similar
KALASH CRIMINEL,GUIZMO,1.267807,similar
KALASH CRIMINEL,HAYCE LEMSI,0.837168,similar
KALASH CRIMINEL,HEUSS L'ENFOIRE,1.070331,similar
KALASH CRIMINEL,ISK,1.0,similar
KALASH CRIMINEL,NISKA,1.322009,similar
KALASH CRIMINEL,NAHIR,1.4355660000000001,similar
KALASH CRIMINEL,MAES,1.0478010000000002,similar
KALASH CRIMINEL,KEKRA,0.449099,similar
KALASH CRIMINEL,ALPHA WANN,0.442929,similar
KALASH CRIMINEL,LA FOUINE,1.03616,similar
KALASH CRIMINEL,STAVO,0.442145,similar
KALASH CRIMINEL,RIM'K,1.080136,similar
KALASH CRIMINEL,MAC TYER,0.431331,similar
KALASH CRIMINEL,GREEN MONTANA,0.410285,similar
KALASH CRIMINEL,JOSMAN,0.400182,similar
KALASH CRIMINEL,KOFS,0.51571,similar
KALASH CRIMINEL,KPOINT,0.437997,similar
KALASH CRIMINEL,LACRIM,0.614302,similar
KALASH CRIMINEL,LANDY,0.435575,similar
KALASH CRIMINEL,MISTER V,0.530558,similar
KALASH CRIMINEL,MISTER YOU,0.450102,similar
KALASH CRIMINEL,MOHA LA SQUALE,0.639495,similar
KALASH CRIMINEL,NIRO,0.474024,similar
KALASH CRIMINEL,OBOY,0.537697,similar
KALASH CRIMINEL,PNL,0.669427,similar
KALASH CRIMINEL,PRIME,0.608534,similar
KALASH CRIMINEL,SADEK,0.677271,similar
KALASH CRIMINEL,SIBOY,0.796127,similar
KALASH CRIMINEL,VLADIMIR CAUCHEMAR,0.434827,similar
KORE,PONKO,0.571377,similar
DADJU,TAYC,6.0,collab+similar
DADJU,GIMS,3.499294,collab+similar
DADJU,ANITTA,2.0,collab+similar
DADJU,MAITRE GIMS,4.355531,collab+similar
DADJU,FRANGLISH,3.5525979999999997,collab+similar
DADJU,ALONZO,0.881139,similar
DADJU,AYA NAKAMURA,0.989489,similar
DADJU,BLACK M,1.0604010000000001,similar
DADJU,BRAMSITO,0.740844,similar
DADJU,CORNEILLE,0.686387,similar
DADJU,KEBLACK,1.679528,similar
DADJU,TIAKOLA,1.2356630000000002,similar
DADJU,JUNGELI,1.221342,similar
DADJU,NISKA,0.52819,similar
DADJU,LARTISTE,1.4022000000000001,similar
DADJU,SEXION D'ASSAUT,0.503921,similar
DADJU,COLONEL REYEL,0.434175,similar
DADJU,JOK'AIR,0.933648,similar
DADJU,SOPRANO,0.910499,similar
DADJU,DENDEN,0.512383,similar
DADJU,DIAM'S,0.578612,similar
DADJU,DJ KAWEST,0.648003,similar
DADJU,DJ LESKA,0.573692,similar
DADJU,HATIK,0.861738,similar
DADJU,JOE DWET FILE,1.0,similar
DADJU,KENDJI GIRAC,0.483343,similar
DADJU,L'ALGERINO,0.998428,similar
DADJU,LOGOBI GT,0.633832,similar
DADJU,LYNA MAHYEM,0.641221,similar
DADJU,M POKORA,0.474062,similar
DADJU,M. POKORA,0.474062,similar
DADJU,MARWA LOUD,0.787436,similar
DADJU,MATT,0.549396,similar
DADJU,MONSIEUR NOV,0.451135,similar
DADJU,NASSI,0.520757,similar
DADJU,NEJ,0.843236,similar
DADJU,RIDSA,0.487855,similar
DADJU,RONISIA,0.553746,similar
DADJU,TAL,0.405653,similar
DADJU,TRIANGLE DES BERMUDES,0.528003,similar
DADJU,VITAA,0.424186,similar
DADJU,WEJDENE,0.416667,similar
DADJU,ZAHO,0.810382,similar
ALPHA WANN,NEKFEU,5.29695,collab+similar
ALPHA WANN,13 BLOCK,0.644989,similar
ALPHA WANN,JAZZY BAZZ,1.963292,similar
ALPHA WANN,NEPAL,2.6646330000000003,similar
ALPHA WANN,LAYLOW,1.7440609999999999,similar
ALPHA WANN,JOSMAN,1.663322,similar
ALPHA WANN,DEEN BURBIGO,1.690542,similar
ALPHA WANN,JUNGLE JACK,0.836764,similar
ALPHA WANN,LA FEVE,1.605048,similar
ALPHA WANN,INFINIT',0.827863,similar
ALPHA WANN,FREEZE CORLEONE,1.649526,similar
ALPHA WANN,MAIRO,0.767215,similar
ALPHA WANN,JEANJASS,1.291654,similar
ALPHA WANN,LESRAM,0.725205,similar
ALPHA WANN,LUV RESVAL,1.4691800000000002,similar
ALPHA WANN,DAMSO,1.3002989999999999,similar
ALPHA WANN,YVNNIS,0.670043,similar
ALPHA WANN,ISHA,1.151333,similar
ALPHA WANN,HAMZA,1.227781,similar
ALPHA WANN,DINOS,1.26703,similar
ALPHA WANN,VALD,1.494748,similar
ALPHA WANN,BU$HI,0.62958,similar
ALPHA WANN,ATEYABA,1.309237,similar
ALPHA WANN,DOUMS,1.318006,similar
ALPHA WANN,PRINCE WALY,0.616029,similar
ALPHA WANN,KEKRA,1.270439,similar
ALPHA WANN,ROUNHAA,0.585927,similar
ALPHA WANN,LUIDJI,1.163281,similar
ALPHA WANN,BEKAR,0.431274,similar
ALPHA WANN,CABALLERO,0.438307,similar
ALPHA WANN,DISIZ,0.756026,similar
ALPHA WANN,DJANGO,0.699589,similar
ALPHA WANN,DTF,0.506715,similar
ALPHA WANN,GREEN MONTANA,0.53078,similar
ALPHA WANN,GUIZMO,0.802391,similar
ALPHA WANN,HUGO TSR,0.63029,similar
ALPHA WANN,IKAZ BOI,0.702521,similar
ALPHA WANN,J9UEVE,0.452844,similar
ALPHA WANN,JYEUHAIR,0.459345,similar
ALPHA WANN,KAARIS,0.497911,similar
ALPHA WANN,KRISY,1.0,similar
ALPHA WANN,LIMSA D'AULNAY,0.422371,similar
ALPHA WANN,LUNATIC,0.492517,similar
ALPHA WANN,MADEINPARIS,0.443978,similar
ALPHA WANN,MISTER V,0.582019,similar
ALPHA WANN,OXMO PUCCINO,0.63804,similar
ALPHA WANN,PLK,0.524375,similar
ALPHA WANN,PNL,0.649937,similar
ALPHA WANN,PRIME,0.575085,similar
ALPHA WANN,SIBOY,0.595433,similar
ALPHA WANN,SO LA LUNE,0.400576,similar
ALPHA WANN,THEODORA,0.421442,similar
ALPHA WANN,VLADIMIR CAUCHEMAR,0.436083,similar
KAARIS,13 BLOCK,1.357023,similar
KAARIS,1PLIKE140,1.174934,similar
KAARIS,A2H,0.49475,similar
KAARIS,ALONZO,0.4977,similar
KAARIS,ATEYABA,1.001777,similar
KAARIS,BOSH,0.560068,similar
KAARIS,BRULUX,0.688906,similar
KAARIS,CHEU-B,0.454794,similar
KAARIS,DA UZI,1.034874,similar
KAARIS,DADI,0.639976,similar
KAARIS,DAMSO,1.0763500000000001,similar
KAARIS,DINOS,1.058386,similar
KAARIS,DJANGO,0.675682,similar
KAARIS,FREEZE CORLEONE,1.517975,similar
KAARIS,GIANNI,0.468464,similar
KAARIS,GLK,0.629875,similar
KAARIS,GRADUR,1.579514,similar
KAARIS,GUIZMO,0.890949,similar
KAARIS,HAYCE LEMSI,0.808803,similar
KAARIS,HEUSS L'ENFOIRE,1.251191,similar
KAARIS,IKAZ BOI,0.477019,similar
KAARIS,JOK'AIR,0.492699,similar
KAARIS,JUL,0.8365480000000001,similar
KAARIS,NISKA,1.5247739999999999,similar
KAARIS,LACRIM,1.3634249999999999,similar
KAARIS,KEKRA,1.2333690000000002,similar
KAARIS,LA FOUINE,1.276656,similar
KAARIS,VALD,1.249417,similar
KAARIS,MAES,1.0279850000000001,similar
KAARIS,RIM'K,1.21837,similar
KAARIS,LAYLOW,0.462417,similar
KAARIS,GREEN MONTANA,0.459845,similar
KAARIS,NIRO,1.003171,similar
KAARIS,ALKPOTE,0.430412,similar
KAARIS,KAZA,0.507856,similar
KAARIS,KOFS,0.462419,similar
KAARIS,KPOINT,0.444386,similar
KAARIS,LUNATIC,0.521625,similar
KAARIS,MADEINPARIS,0.413335,similar
KAARIS,MISTER V,0.53131,similar
KAARIS,MISTER YOU,0.446671,similar
KAARIS,MOHA LA SQUALE,0.473227,similar
KAARIS,NAHIR,0.694007,similar
KAARIS,OBOY,0.537244,similar
KAARIS,PLK,0.557033,similar
KAARIS,PRIME,0.553912,similar
KAARIS,ROHFF,0.558599,similar
KAARIS,SADEK,0.712233,similar
KAARIS,SIBOY,0.817504,similar
KAARIS,SO LA LUNE,0.447531,similar
KAARIS,SOSO MANESS,0.415019,similar
KAARIS,STILL FRESH,0.429827,similar
KAARIS,ZOLA,0.67266,similar
KEBLACK,FRANGLISH,4.0,collab+similar
KEBLACK,NAZA,3.0,collab+similar
KEBLACK,4KEUS,0.828237,similar
KEBLACK,BOLEMVN,1.127097,similar
KEBLACK,BOUSS,0.545765,similar
KEBLACK,BRAMSITO,1.36923,similar
KEBLACK,CHILY,0.507336,similar
KEBLACK,CORNEILLE,0.563488,similar
KEBLACK,DENDEN,0.827284,similar
KEBLACK,DJ KAWEST,1.5140280000000002,similar
KEBLACK,DJ LESKA,0.880246,similar
KEBLACK,FAVE,0.479709,similar
KEBLACK,GENEZIO,1.101093,similar
KEBLACK,GIMS,1.7354180000000001,similar
KEBLACK,GP EXPLORER,0.660127,similar
KEBLACK,GUY2BEZBAR,1.119678,similar
KEBLACK,H.E.M,0.583573,similar
KEBLACK,HATIK,0.83311,similar
KEBLACK,HEUSS L'ENFOIRE,1.151383,similar
KEBLACK,JUL,0.896495,similar
KEBLACK,JUNGELI,1.863558,similar
KEBLACK,JYEUHAIR,0.431985,similar
KEBLACK,TIAKOLA,1.450296,similar
KEBLACK,TRIANGLE DES BERMUDES,1.513654,similar
KEBLACK,RIDSA,1.234257,similar
KEBLACK,LARTISTE,1.358642,similar
KEBLACK,RSKO,0.905636,similar
KEBLACK,SEXION D'ASSAUT,0.401028,similar
KEBLACK,KENDJI GIRAC,0.434427,similar
KEBLACK,KOFS,0.425268,similar
KEBLACK,KULTURR,0.465434,similar
KEBLACK,LOGOBI GT,0.624071,similar
KEBLACK,LYNA MAHYEM,0.513121,similar
KEBLACK,MATT,0.748922,similar
KEBLACK,MAITRE GIMS,0.762326,similar
KEBLACK,MC MENOR JP,0.757359,similar
KEBLACK,MISTER V,0.519019,similar
KEBLACK,THEODORT,0.8452,similar
KEBLACK,TKS 2G,0.504766,similar
KEBLACK,VEGEDREAM,1.0,similar
KEBLACK,VITAA,0.426568,similar
KEBLACK,YORSSY,0.428151,similar
KEBLACK,ZAHO,0.53141,similar
NEMIR,NEKFEU,2.6212619999999998,collab+similar
NEMIR,DEEN BURBIGO,1.3526340000000001,similar
NEMIR,GROS MO,2.0,similar
NEMIR,JAZZY BAZZ,1.341507,similar
NEMIR,LUIDJI,1.031832,similar
NEMIR,DOUMS,0.802371,similar
NEMIR,JOSMAN,0.639435,similar
NEMIR,S-CREW,0.609156,similar
NEMIR,NEPAL,0.590553,similar
NEMIR,PRINCE WALY,0.55252,similar
NEMIR,INFINIT',0.486623,similar
NEMIR,CABALLERO,0.459791,similar
NEMIR,GEORGIO,0.423999,similar
NEMIR,JEWEL USAIN,0.418832,similar
GREEN MONTANA,13 BLOCK,1.2711869999999998,similar
GREEN MONTANA,1PLIKE140,1.400881,similar
GREEN MONTANA,AMK,0.561938,similar
GREEN MONTANA,ATEYABA,1.4328889999999999,similar
GREEN MONTANA,CHEU-B,0.510277,similar
GREEN MONTANA,DA UZI,0.659646,similar
GREEN MONTANA,DAMSO,1.05922,similar
GREEN MONTANA,DAU,0.486202,similar
GREEN MONTANA,DINOS,1.675881,similar
GREEN MONTANA,DOUMS,0.450064,similar
GREEN MONTANA,FAVE,0.491044,similar
GREEN MONTANA,FREEZE CORLEONE,1.096927,similar
GREEN MONTANA,GIANNI,0.804675,similar
GREEN MONTANA,GRADUR,0.438659,similar
GREEN MONTANA,HAMZA,1.9432770000000001,similar
GREEN MONTANA,LA FEVE,1.669892,similar
GREEN MONTANA,KEKRA,1.842879,similar
GREEN MONTANA,J9UEVE,1.740388,similar
GREEN MONTANA,JOLAGREEN23,0.78314,similar
GREEN MONTANA,OBOY,1.762996,similar
GREEN MONTANA,LAYLOW,1.42075,similar
GREEN MONTANA,JOSMAN,1.397614,similar
GREEN MONTANA,SO LA LUNE,1.704192,similar
GREEN MONTANA,ROUNHAA,0.654285,similar
GREEN MONTANA,BU$HI,0.651955,similar
GREEN MONTANA,LESRAM,0.601408,similar
GREEN MONTANA,PNL,1.399745,similar
GREEN MONTANA,ISHA,1.008132,similar
GREEN MONTANA,TIAKOLA,1.034361,similar
GREEN MONTANA,DIDDI TRIX,0.544698,similar
GREEN MONTANA,LUV RESVAL,1.141875,similar
GREEN MONTANA,GUY2BEZBAR,0.949802,similar
GREEN MONTANA,JOK'AIR,0.496931,similar
GREEN MONTANA,LUIDJI,0.416025,similar
GREEN MONTANA,MADEINPARIS,0.651807,similar
GREEN MONTANA,MAES,0.464953,similar
GREEN MONTANA,NISKA,0.428114,similar
GREEN MONTANA,SIBOY,0.851151,similar
GREEN MONTANA,SQUIDJI,0.624881,similar
GREEN MONTANA,THEODORT,0.674664,similar
GREEN MONTANA,YG PABLO,0.752433,similar
GREEN MONTANA,YOURI,0.468587,similar
GREEN MONTANA,ZEG P,0.486447,similar
LA FOUINE,ALONZO,1.379551,similar
LA FOUINE,CHILLA,0.454912,similar
LA FOUINE,DA UZI,0.477974,similar
LA FOUINE,DIAM'S,0.755728,similar
LA FOUINE,GENEZIO,0.973581,similar
LA FOUINE,GIANNI,0.479389,similar
LA FOUINE,GLK,0.453197,similar
LA FOUINE,GRADUR,1.314914,similar
LA FOUINE,GUIZMO,0.743008,similar
LA FOUINE,HATIK,0.665421,similar
LA FOUINE,HAYCE LEMSI,0.575197,similar
LA FOUINE,HMZ,0.484108,similar
LA FOUINE,KAZA,0.408178,similar
LA FOUINE,KERY JAMES,1.254788,similar
LA FOUINE,KOFS,0.522875,similar
LA FOUINE,KULTURR,0.404947,similar
LA FOUINE,L'ALGERINO,1.066824,similar
LA FOUINE,ROHFF,1.868185,similar
LA FOUINE,LANDY,1.7777569999999998,similar
LA FOUINE,RIM'K,1.832754,similar
LA FOUINE,YOUSSOUPHA,1.653989,similar
LA FOUINE,SINIK,1.413662,similar
LA FOUINE,NISKA,1.116792,similar
LA FOUINE,LACRIM,1.228278,similar
LA FOUINE,NIRO,1.08795,similar
LA FOUINE,MAES,0.595039,similar
LA FOUINE,MAC TYER,0.592837,similar
LA FOUINE,SEXION D'ASSAUT,0.580349,similar
LA FOUINE,TIAKOLA,0.551496,similar
LA FOUINE,WERENOI,0.547781,similar
LA FOUINE,HEUSS L'ENFOIRE,0.532712,similar
LA FOUINE,MISTER YOU,1.0612210000000002,similar
LA FOUINE,JUL,0.522336,similar
LA FOUINE,NAHIR,1.198757,similar
LA FOUINE,LARTISTE,0.624883,similar
LA FOUINE,LE RAT LUCIANO,0.63554,similar
LA FOUINE,MAFIA K'1 FRY,0.423176,similar
LA FOUINE,MAITRE GIMS,0.466765,similar
LA FOUINE,MOHA LA SQUALE,0.407779,similar
LA FOUINE,NUSKY,0.732463,similar
LA FOUINE,PLK,0.423436,similar
LA FOUINE,PSY 4 DE LA RIME,0.512535,similar
LA FOUINE,SADEK,0.506362,similar
LA FOUINE,SOPRANO,0.442949,similar
LA FOUINE,STILL FRESH,0.659144,similar
LA FOUINE,ZAHO,0.780909,similar
TIMAL,MAES,2.805673,collab+similar
TIMAL,13 ORGANISE,0.564553,similar
TIMAL,BRULUX,0.70662,similar
TIMAL,HMZ,0.573794,similar
TIMAL,NIAKS,1.36704,similar
TIMAL,RK,1.300065,similar
TIMAL,SASSO,2.0,similar
TIMAL,GLK,0.871592,similar
TIMAL,NAHIR,0.854115,similar
TIMAL,DA UZI,0.788992,similar
TIMAL,BENAB,0.769574,similar
TIMAL,LACRIM,0.687156,similar
TIMAL,LANDY,0.669187,similar
TIMAL,WERENOI,0.629072,similar
TIMAL,ISK,0.622883,similar
TIMAL,ALONZO,0.616411,similar
TIMAL,BOUSS,0.573007,similar
TIMAL,NIRO,0.560672,similar
TIMAL,ZKR,1.503457,similar
TIMAL,FRESH LADOUILLE,0.533809,similar
TIMAL,JUL,0.533548,similar
TIMAL,BOLEMVN,0.521188,similar
TIMAL,STARE DOBRE MAŁZENSTWO,0.51944,similar
TIMAL,VEN1,1.181282,similar
TIMAL,DTF,0.494672,similar
TIMAL,TK,0.546239,similar
TIMAL,ZOKUSH,0.422627,similar
LANDY,4KEUS,1.2713700000000001,similar
LANDY,BEENDO Z,0.900525,similar
LANDY,BENAB,1.128053,similar
LANDY,BOLEMVN,1.717941,similar
LANDY,BOUSS,1.727779,similar
LANDY,BRAMSITO,1.5623369999999999,similar
LANDY,DA UZI,0.660968,similar
LANDY,DJ KAWEST,0.452652,similar
LANDY,FRESH LADOUILLE,1.016207,similar
LANDY,GENEZIO,1.299479,similar
LANDY,GIANNI,0.868079,similar
LANDY,GRADUR,1.420776,similar
LANDY,GUY2BEZBAR,1.037412,similar
LANDY,JOK'AIR,0.997304,similar
LANDY,JUL,1.100074,similar
LANDY,KOFS,0.437035,similar
LANDY,LACRIM,1.269801,similar
LANDY,RIM'K,1.743169,similar
LANDY,MAES,1.4126919999999998,similar
LANDY,TIAKOLA,1.306388,similar
LANDY,NISKA,1.274193,similar
LANDY,RSKO,1.2751510000000001,similar
LANDY,NAHIR,1.3169840000000002,similar
LANDY,HEUSS L'ENFOIRE,0.578749,similar
LANDY,YORSSY,1.0441099999999999,similar
LANDY,GAMBINO LA MG,0.564828,similar
LANDY,OBOY,0.548528,similar
LANDY,MISTER YOU,1.0116390000000002,similar
LANDY,4KEUS GANG,0.446756,similar
LANDY,LE CLASSICO ORGANISE,0.409051,similar
LANDY,LE RAT LUCIANO,0.593652,similar
LANDY,LYNA MAHYEM,0.43732,similar
LANDY,MOHA LA SQUALE,0.554508,similar
LANDY,NIAKS,0.510568,similar
LANDY,NIRO,0.512806,similar
LANDY,PLK,0.423563,similar
LANDY,RK,0.850843,similar
LANDY,STILL FRESH,0.669723,similar
LANDY,TIMAR,0.466821,similar
LANDY,TRIANGLE DES BERMUDES,0.404606,similar
LANDY,VEN1,0.555309,similar
LANDY,ZEG P,0.432742,similar
LANDY,ZKR,0.725391,similar
LANDY,ZOKUSH,0.433814,similar
DA UZI,13 ORGANISE,0.403627,similar
DA UZI,1PLIKE140,1.3079429999999999,similar
DA UZI,BOLEMVN,1.29909,similar
DA UZI,BOUSS,1.336736,similar
DA UZI,BRULUX,0.675166,similar
DA UZI,MAES,1.819613,similar
DA UZI,LACRIM,1.559429,similar
DA UZI,OBOY,1.4752239999999999,similar
DA UZI,NISKA,1.192243,similar
DA UZI,DJADJA & DINAZ,0.69603,similar
DA UZI,HEUSS L'ENFOIRE,1.3233739999999998,similar
DA UZI,DINOS,0.653303,similar
DA UZI,MMZ,1.6518920000000001,similar
DA UZI,KEKRA,1.168149,similar
DA UZI,GRADUR,0.572511,similar
DA UZI,TIAKOLA,0.561249,similar
DA UZI,KAZA,1.535898,similar
DA UZI,GAMBINO LA MG,0.517288,similar
DA UZI,SADEK,1.252458,similar
DA UZI,GUIZMO,0.477056,similar
DA UZI,FRESH LADOUILLE,1.063178,similar
DA UZI,4KEUS,0.471,similar
DA UZI,STAVO,0.453714,similar
DA UZI,GAULOIS,0.429889,similar
DA UZI,HMZ,0.408633,similar
DA UZI,KOFS,0.552401,similar
DA UZI,NIAKS,0.530633,similar
DA UZI,RK,0.671953,similar
DA UZI,SASSO,0.478659,similar
DA UZI,SO LA LUNE,0.435342,similar
DA UZI,TK,0.400531,similar
DA UZI,VEN1,0.601892,similar
DA UZI,YL,0.469668,similar
DA UZI,ZKR,0.829013,similar
DA UZI,ZOKUSH,0.445765,similar
NEKFEU,JAZZY BAZZ,4.156091,collab+similar
NEKFEU,A2H,0.805128,similar
NEKFEU,ASHH,0.913212,similar
NEKFEU,BEKAR,0.689087,similar
NEKFEU,CHILLA,0.489698,similar
NEKFEU,DADI,0.621146,similar
NEKFEU,DAMSO,1.530087,similar
NEKFEU,DEEN BURBIGO,1.057749,similar
NEKFEU,DINOS,1.454628,similar
NEKFEU,DISIZ,0.816525,similar
NEKFEU,DJANGO,0.675933,similar
NEKFEU,DOUMS,1.455381,similar
NEKFEU,GEORGIO,1.458696,similar
NEKFEU,GROS MO,0.495883,similar
NEKFEU,GUIZMO,0.735662,similar
NEKFEU,H.E.M,0.547852,similar
NEKFEU,HAMZA,0.433429,similar
NEKFEU,HATIK,0.74713,similar
NEKFEU,HAYCE LEMSI,0.561663,similar
NEKFEU,HUGO TSR,0.519277,similar
NEKFEU,JOK'AIR,1.26774,similar
NEKFEU,JOSMAN,1.257736,similar
NEKFEU,JYEUHAIR,0.55531,similar
NEKFEU,KAZA,0.460763,similar
NEKFEU,LAYLOW,1.2154090000000002,similar
NEKFEU,LIVAI,0.56676,similar
NEKFEU,LORD ESPERANZA,0.974867,similar
NEKFEU,LORENZO,0.741708,similar
NEKFEU,LUIDJI,1.284541,similar
NEKFEU,LUJIPEKA,0.799985,similar
NEKFEU,LUV RESVAL,1.310801,similar
NEKFEU,MADEINPARIS,0.580933,similar
NEKFEU,MANAU,0.489663,similar
NEKFEU,MISTER V,1.353449,similar
NEKFEU,S-CREW,2.0,similar
NEKFEU,NEPAL,2.34578,similar
NEKFEU,PLK,1.467489,similar
NEKFEU,VALD,1.308411,similar
NEKFEU,NISKA,0.42327,similar
NEKFEU,OBOY,0.644616,similar
NEKFEU,PNL,0.700318,similar
NEKFEU,RILES,1.0,similar
NEKFEU,SQUIDJI,0.479313,similar
NEKFEU,STILL FRESH,0.448165,similar
NEKFEU,THEODORT,0.61153,similar
NEKFEU,TSEW THE KID,0.907789,similar
NEKFEU,WIZTHEMC,0.538693,similar
NEKFEU,YOURI,0.584196,similar
NEKFEU,YOUSSOUPHA,0.537259,similar
NEKFEU,ZEG P,0.493021,similar
ALONZO,13 ORGANISE,0.609014,similar
ALONZO,JUL,1.741867,similar
ALONZO,LACRIM,1.681327,similar
ALONZO,RIM'K,1.624409,similar
ALONZO,NIRO,1.387567,similar
ALONZO,GRADUR,0.697559,similar
ALONZO,NAHIR,1.4709940000000001,similar
ALONZO,LARTISTE,1.4157549999999999,similar
ALONZO,MISTER YOU,1.121357,similar
ALONZO,GLK,1.2975560000000002,similar
ALONZO,GIMS,1.009066,similar
ALONZO,ZOLA,0.9510959999999999,similar
ALONZO,TIAKOLA,0.471707,similar
ALONZO,BENAB,1.01667,similar
ALONZO,L'ALGERINO,1.835769,similar
ALONZO,SEXION D'ASSAUT,0.431356,similar
ALONZO,DJ LESKA,0.45759,similar
ALONZO,HATIK,0.68491,similar
ALONZO,HMZ,0.549352,similar
ALONZO,KPOINT,0.555923,similar
ALONZO,NIAKS,0.559265,similar
ALONZO,RIDSA,0.402416,similar
ALONZO,RK,0.589554,similar
ALONZO,SASSO,0.439921,similar
ALONZO,SOPRANO,0.419853,similar
ALONZO,TK,0.666633,similar
FRANGLISH,4KEUS,0.851472,similar
FRANGLISH,AMK,0.541721,similar
FRANGLISH,AYA NAKAMURA,0.492781,similar
FRANGLISH,BOLEMVN,1.231704,similar
FRANGLISH,BOUSS,0.511893,similar
FRANGLISH,BRAMSITO,1.416399,similar
FRANGLISH,CHILY,0.440996,similar
FRANGLISH,DENDEN,0.645074,similar
FRANGLISH,DJ KAWEST,0.741547,similar
FRANGLISH,DJ LESKA,0.734048,similar
FRANGLISH,FAVE,0.402796,similar
FRANGLISH,TIAKOLA,1.3348740000000001,similar
FRANGLISH,TAYC,1.247406,similar
FRANGLISH,RSKO,1.05838,similar
FRANGLISH,GENEZIO,1.0679539999999998,similar
FRANGLISH,GIMS,1.030777,similar
FRANGLISH,JUNGELI,0.959451,similar
FRANGLISH,WERENOI,0.433931,similar
FRANGLISH,YORSSY,0.949087,similar
FRANGLISH,RONISIA,1.101112,similar
FRANGLISH,GUY2BEZBAR,0.991964,similar
FRANGLISH,HATIK,0.757214,similar
FRANGLISH,HMZ,0.567855,similar
FRANGLISH,JOE DWET FILE,0.942344,similar
FRANGLISH,JYEUHAIR,0.436233,similar
FRANGLISH,KULTURR,0.710193,similar
FRANGLISH,LARTISTE,0.627405,similar
FRANGLISH,LOGOBI GT,0.509692,similar
FRANGLISH,LYNA MAHYEM,0.705087,similar
FRANGLISH,MARWA LOUD,0.614474,similar
FRANGLISH,MATT,0.471307,similar
FRANGLISH,MAITRE GIMS,0.486508,similar
FRANGLISH,NASSI,0.597496,similar
FRANGLISH,NEJ,1.0,similar
FRANGLISH,RIDSA,0.402676,similar
FRANGLISH,TKS 2G,0.401407,similar
FRANGLISH,TRIANGLE DES BERMUDES,0.64686,similar
FRANGLISH,YA LEVIS,0.772308,similar
LACRIM,WERENOI,2.0,collab+similar
LACRIM,13 BLOCK,0.535784,similar
LACRIM,13 ORGANISE,0.549961,similar
LACRIM,BENAB,0.523583,similar
LACRIM,BOLEMVN,0.599928,similar
LACRIM,BOUSS,1.1329289999999999,similar
LACRIM,BRAMSITO,0.726907,similar
LACRIM,BRULUX,0.956464,similar
LACRIM,CHEU-B,0.466791,similar
LACRIM,DADI,0.897094,similar
LACRIM,DJ KAYZ,1.0,similar
LACRIM,DOSSEH,1.639343,similar
LACRIM,FRESH LADOUILLE,0.482424,similar
LACRIM,GRADUR,1.799555,similar
LACRIM,HAMZA,0.970444,similar
LACRIM,HAYCE LEMSI,0.968067,similar
LACRIM,HEUSS L'ENFOIRE,1.4269129999999999,similar
LACRIM,HMZ,0.441036,similar
LACRIM,JUL,1.426868,similar
LACRIM,KOFS,0.843647,similar
LACRIM,L'ALGERINO,1.173006,similar
LACRIM,NIRO,2.0,similar
LACRIM,MAES,1.831157,similar
LACRIM,MISTER YOU,1.8039969999999999,similar
LACRIM,RIM'K,1.7428569999999999,similar
LACRIM,NISKA,1.270442,similar
LACRIM,NAHIR,1.629996,similar
LACRIM,SOSO MANESS,1.276819,similar
LACRIM,LARTISTE,1.424766,similar
LACRIM,SADEK,1.4086919999999998,similar
LACRIM,MAC TYER,0.510741,similar
LACRIM,LE CLASSICO ORGANISE,0.422288,similar
LACRIM,LYNA MAHYEM,0.425962,similar
LACRIM,NIAKS,0.814354,similar
LACRIM,OBOY,0.573181,similar
LACRIM,ROHFF,0.531933,similar
LACRIM,SASSO,0.445862,similar
LACRIM,STILL FRESH,0.994247,similar
LACRIM,TK,0.469234,similar
LACRIM,TRIANGLE DES BERMUDES,0.437711,similar
LACRIM,VEN1,0.604357,similar
LACRIM,YL,0.611443,similar
LACRIM,ZEG P,0.47711,similar
LACRIM,ZKR,0.822138,similar
NAZA,CHILY,0.450844,similar
NAZA,KULTURR,0.621134,similar
NAZA,JYEUHAIR,1.0,similar
NAZA,AMIR,0.677019,similar
NAZA,RK,0.49029,similar
NAZA,TKS 2G,0.412171,similar
GENEZIO,TIAKOLA,3.845311,collab+similar
GENEZIO,4KEUS,1.194131,similar
GENEZIO,AMK,0.601232,similar
GENEZIO,BEENDO Z,0.931113,similar
GENEZIO,BOLEMVN,1.15314,similar
GENEZIO,BOUSS,0.501361,similar
GENEZIO,CHILY,0.610423,similar
GENEZIO,DENDEN,0.710275,similar
GENEZIO,DJ KAWEST,0.725483,similar
GENEZIO,FAVE,0.9634480000000001,similar
GENEZIO,RSKO,1.927842,similar
GENEZIO,YORSSY,1.686369,similar
GENEZIO,NISKA,0.97244,similar
GENEZIO,GAMBINO LA MG,0.497066,similar
GENEZIO,RNBOI,1.458115,similar
GENEZIO,DIDDI TRIX,0.428505,similar
GENEZIO,DINOS,0.407003,similar
GENEZIO,GRADUR,0.459189,similar
GENEZIO,GUY2BEZBAR,1.383464,similar
GENEZIO,JEY BROWNIE,0.405108,similar
GENEZIO,KAZA,0.504723,similar
GENEZIO,KULTURR,0.745868,similar
GENEZIO,LA MANO 1.9,0.797529,similar
GENEZIO,LA RVFLEUZE,0.513453,similar
GENEZIO,NONO LA GRINTA,0.704905,similar
GENEZIO,R2,0.474712,similar
GENEZIO,STILL FRESH,0.499063,similar
GENEZIO,TIMAR,0.672675,similar
GENEZIO,TRIANGLE DES BERMUDES,0.495599,similar
GENEZIO,ZOKUSH,0.594387,similar
HAMZA,TIAKOLA,4.265086,collab+similar
HAMZA,1PLIKE140,1.291427,similar
HAMZA,AMK,0.675022,similar
HAMZA,ASHH,0.542135,similar
HAMZA,DAMSO,1.69116,similar
HAMZA,DENDEN,0.485296,similar
HAMZA,DISIZ,0.609167,similar
HAMZA,FAVE,0.9416420000000001,similar
HAMZA,GUY2BEZBAR,1.202666,similar
HAMZA,JOSMAN,1.874363,similar
HAMZA,LAYLOW,1.710354,similar
HAMZA,ATEYABA,0.628817,similar
HAMZA,JOK'AIR,1.409653,similar
HAMZA,NISKA,1.095832,similar
HAMZA,LUV RESVAL,1.128609,similar
HAMZA,ROUNHAA,0.49648,similar
HAMZA,BU$HI,0.49568,similar
HAMZA,ISHA,0.899302,similar
HAMZA,VALD,0.472898,similar
HAMZA,JUL,0.456613,similar
HAMZA,YVNNIS,0.440851,similar
HAMZA,LESRAM,0.439967,similar
HAMZA,HEUSS L'ENFOIRE,1.005681,similar
HAMZA,GRADUR,0.424416,similar
HAMZA,B.B. JACQUES,0.411137,similar
HAMZA,DOUMS,0.407377,similar
HAMZA,KRISY,0.819152,similar
HAMZA,LA MANO 1.9,0.573974,similar
HAMZA,NONO LA GRINTA,0.532124,similar
HAMZA,PONKO,1.0,similar
HAMZA,THEODORT,0.640805,similar
HAMZA,VEN1,0.553617,similar
HAMZA,YG PABLO,0.889107,similar
BENAB,MAES,2.614545,collab+similar
BENAB,GLK,1.0,similar
BENAB,NAHIR,1.545954,similar
BENAB,BRAMSITO,1.5550760000000001,similar
BENAB,JUL,0.562368,similar
BENAB,BOLEMVN,1.157449,similar
BENAB,SOSO MANESS,1.0596990000000002,similar
BENAB,BOUSS,1.046611,similar
BENAB,DJADJA & DINAZ,0.533914,similar
BENAB,KOFS,1.289748,similar
BENAB,LYNA MAHYEM,1.263925,similar
BENAB,FRESH LADOUILLE,0.998515,similar
BENAB,DTF,1.465647,similar
BENAB,HEUSS L'ENFOIRE,0.429675,similar
BENAB,RIM'K,0.408882,similar
BENAB,LE CLASSICO ORGANISE,0.833464,similar
BENAB,MISTER YOU,0.401012,similar
BENAB,NIAKS,0.492212,similar
BENAB,SASSO,0.565617,similar
BENAB,VEGEDREAM,0.469453,similar
BENAB,YL,0.574061,similar
BENAB,ZKR,0.673894,similar
JUL,GHETTO PHENOMENE,2.0,collab+similar
JUL,13 ORGANISE,1.0,similar
JUL,BOLEMVN,0.557598,similar
JUL,BOUSS,1.043282,similar
JUL,BRULUX,0.920116,similar
JUL,DADI,0.937,similar
JUL,DJ KAWEST,0.401244,similar
JUL,DJ KAYZ,0.876655,similar
JUL,DOSSEH,0.5228,similar
JUL,GIANNI,0.467883,similar
JUL,GIMS,0.529308,similar
JUL,GLK,0.632546,similar
JUL,GP EXPLORER,0.628268,similar
JUL,GRADUR,1.263713,similar
JUL,HATIK,0.795333,similar
JUL,HEUSS L'ENFOIRE,1.39282,similar
JUL,MAES,1.369749,similar
JUL,LE CLASSICO ORGANISE,1.57706,similar
JUL,NISKA,1.036,similar
JUL,SOSO MANESS,1.245268,similar
JUL,MISTER YOU,1.243951,similar
JUL,NIRO,1.067842,similar
JUL,DJADJA & DINAZ,0.415129,similar
JUL,RIM'K,1.0746410000000002,similar
JUL,KOFS,0.87857,similar
JUL,KPOINT,0.470578,similar
JUL,L'ALGERINO,1.319552,similar
JUL,LARTISTE,0.716782,similar
JUL,LOGOBI GT,0.597318,similar
JUL,LYNA MAHYEM,0.477096,similar
JUL,MARWA LOUD,0.859609,similar
JUL,MAITRE GIMS,0.458814,similar
JUL,MOHA LA SQUALE,0.707679,similar
JUL,NIAKS,0.567301,similar
JUL,PLK,0.678285,similar
JUL,PNL,0.694762,similar
JUL,PONKO,0.467125,similar
JUL,RK,0.535396,similar
JUL,RNBOI,0.430082,similar
JUL,SADEK,0.551971,similar
JUL,SASSO,0.560513,similar
JUL,THEODORA,0.439283,similar
JUL,TK,0.968163,similar
JUL,TRIANGLE DES BERMUDES,0.488494,similar
JUL,WEJDENE,0.430778,similar
JUL,WERENOI,0.50536,similar
JUL,YL,0.441134,similar
JUL,ZEG P,0.63084,similar
JUL,ZOLA,0.563182,similar
MAES,WERENOI,2.0,collab+similar
MAES,PLK,2.0,collab+similar
MAES,13 BLOCK,1.060646,similar
MAES,13 ORGANISE,0.462678,similar
MAES,1PLIKE140,1.113474,similar
MAES,BOLEMVN,1.230028,similar
MAES,BOUSS,1.277025,similar
MAES,BRAMSITO,0.671177,similar
MAES,BRULUX,0.727159,similar
MAES,FAVE,0.414064,similar
MAES,FRESH LADOUILLE,1.658263,similar
MAES,GLK,1.381335,similar
MAES,GRADUR,1.247983,similar
MAES,GUY2BEZBAR,0.875038,similar
MAES,HAYCE LEMSI,0.548561,similar
MAES,HEUSS L'ENFOIRE,1.4624329999999999,similar
MAES,HMZ,0.401326,similar
MAES,JKSN,0.652965,similar
MAES,KAZA,0.987208,similar
MAES,KOFS,0.598771,similar
MAES,L'ALGERINO,1.054684,similar
MAES,LA RVFLEUZE,0.545656,similar
MAES,LARTISTE,0.62125,similar
MAES,NISKA,1.2757640000000001,similar
MAES,NIRO,1.3693170000000001,similar
MAES,DJADJA & DINAZ,0.5794,similar
MAES,RIM'K,1.316942,similar
MAES,MOHA LA SQUALE,1.490032,similar
MAES,TIAKOLA,0.900596,similar
MAES,FREEZE CORLEONE,0.467074,similar
MAES,NAHIR,1.252888,similar
MAES,MC MENOR JP,0.673259,similar
MAES,MISTER YOU,0.549244,similar
MAES,NIAKS,1.0,similar
MAES,PRIME,0.496575,similar
MAES,RK,0.688994,similar
MAES,SADEK,0.569041,similar
MAES,SASSO,0.497129,similar
MAES,SOSO MANESS,0.548223,similar
MAES,STILL FRESH,0.485204,similar
MAES,TIMAR,0.533033,similar
MAES,TK,0.596045,similar
MAES,VEN1,0.785643,similar
MAES,YL,0.53976,similar
MAES,ZEG P,0.567757,similar
MAES,ZKR,1.0,similar
MAES,ZOKUSH,0.450687,similar
JAZZY BAZZ,A2H,0.638123,similar
JAZZY BAZZ,ATEYABA,0.54187,similar
JAZZY BAZZ,CABALLERO,1.292306,similar
JAZZY BAZZ,DAMSO,1.1244049999999999,similar
JAZZY BAZZ,DAU,0.432629,similar
JAZZY BAZZ,DEEN BURBIGO,2.0,similar
JAZZY BAZZ,DINOS,1.3745180000000001,similar
JAZZY BAZZ,DISIZ,0.759394,similar
JAZZY BAZZ,DJANGO,0.805938,similar
JAZZY BAZZ,DOUMS,1.6326,similar
JAZZY BAZZ,DTF,0.514111,similar
JAZZY BAZZ,GEORGIO,0.661899,similar
JAZZY BAZZ,GROS MO,1.353536,similar
JAZZY BAZZ,GUIZMO,0.766395,similar
JAZZY BAZZ,HUGO TSR,0.465032,similar
JAZZY BAZZ,ISHA,1.202294,similar
JAZZY BAZZ,J9UEVE,0.497138,similar
JAZZY BAZZ,NEPAL,2.272017,similar
JAZZY BAZZ,JOSMAN,1.4182009999999998,similar
JAZZY BAZZ,INFINIT',0.729436,similar
JAZZY BAZZ,LAYLOW,1.311622,similar
JAZZY BAZZ,PRINCE WALY,0.681727,similar
JAZZY BAZZ,JUNGLE JACK,0.677334,similar
JAZZY BAZZ,VALD,1.548149,similar
JAZZY BAZZ,S-CREW,1.1082,similar
JAZZY BAZZ,LUIDJI,1.1846999999999999,similar
JAZZY BAZZ,MAIRO,0.566422,similar
JAZZY BAZZ,LESRAM,0.551529,similar
JAZZY BAZZ,LUV RESVAL,1.177432,similar
JAZZY BAZZ,JEWEL USAIN,0.510837,similar
JAZZY BAZZ,WALLACE CLEAVER,0.508866,similar
JAZZY BAZZ,LA FEVE,1.002332,similar
JAZZY BAZZ,YVNNIS,0.506552,similar
JAZZY BAZZ,KEKRA,1.113061,similar
JAZZY BAZZ,LIMSA D'AULNAY,0.502903,similar
JAZZY BAZZ,BU$HI,0.491995,similar
JAZZY BAZZ,JEANJASS,0.550062,similar
JAZZY BAZZ,JYEUHAIR,0.488344,similar
JAZZY BAZZ,LORD ESPERANZA,0.727145,similar
JAZZY BAZZ,MADEINPARIS,0.533032,similar
JAZZY BAZZ,OXMO PUCCINO,0.687012,similar
JAZZY BAZZ,PNL,0.473498,similar
JAZZY BAZZ,PRIME,0.640968,similar
JAZZY BAZZ,SQUIDJI,0.488165,similar
GHETTO PHENOMENE,ELAMS,0.966733,similar
GHETTO PHENOMENE,LA FAMAX,1.610162,similar
GHETTO PHENOMENE,L'ALLEMAND,0.70171,similar
GHETTO PHENOMENE,MRC,0.583974,similar
GHETTO PHENOMENE,DJ ERISE,0.55386,similar
TAYC,AYA NAKAMURA,0.941649,similar
TAYC,CHILLA,0.459324,similar
TAYC,CHILY,0.430351,similar
TAYC,IMEN ES,0.503727,similar
TAYC,MONSIEUR NOV,1.171386,similar
TAYC,NEJ,0.837688,similar
TAYC,RNBOI,0.583783,similar
TAYC,TIAKOLA,0.9563050000000001,similar
TAYC,ZAHO,0.518973,similar
GIMS,SOOLKING,2.0,collab+similar
GIMS,BLACK M,1.633008,similar
GIMS,CORNEILLE,0.527424,similar
GIMS,DIAM'S,0.716409,similar
GIMS,DJ KAWEST,0.536103,similar
GIMS,DJ LESKA,0.626387,similar
GIMS,SEXION D'ASSAUT,1.0,similar
GIMS,RIDSA,1.827199,similar
GIMS,SOPRANO,1.6083189999999998,similar
GIMS,VITAA,1.2796910000000001,similar
GIMS,KENDJI GIRAC,1.303217,similar
GIMS,LARTISTE,1.3774600000000001,similar
GIMS,KEEN'V,1.1422210000000002,similar
GIMS,HEUSS L'ENFOIRE,0.515972,similar
GIMS,MAITRE GIMS,1.494991,similar
GIMS,COLONEL REYEL,0.488485,similar
GIMS,PIERRE GARNIER,0.482669,similar
GIMS,NISKA,0.480531,similar
GIMS,VIANNEY,0.458384,similar
GIMS,TRIANGLE DES BERMUDES,1.164469,similar
GIMS,M. POKORA,0.9641279999999999,similar
GIMS,TIAKOLA,0.414927,similar
GIMS,L'ALGERINO,1.6809660000000002,similar
GIMS,GP EXPLORER,0.907559,similar
GIMS,HATIK,0.762683,similar
GIMS,IMEN ES,0.828468,similar
GIMS,JOE DWET FILE,0.537262,similar
GIMS,KOFS,0.452857,similar
GIMS,LE CLASSICO ORGANISE,0.405472,similar
GIMS,LOGOBI GT,0.524994,similar
GIMS,M POKORA,0.547105,similar
GIMS,MANAU,0.55652,similar
GIMS,MATT,0.604589,similar
GIMS,MC MENOR JP,0.691713,similar
GIMS,NASSI,0.810953,similar
GIMS,NEJ,0.42472,similar
GIMS,RILES,0.463612,similar
GIMS,RNBOI,0.482198,similar
GIMS,TAL,0.412091,similar
GIMS,WEJDENE,0.489762,similar
GIMS,WIZTHEMC,1.0,similar
GIMS,ZAHO,0.803349,similar
MAITRE GIMS,BLACK M,1.326448,similar
MAITRE GIMS,CORNEILLE,0.497643,similar
MAITRE GIMS,FABABY,1.394327,similar
MAITRE GIMS,KENDJI GIRAC,1.3574169999999999,similar
MAITRE GIMS,LARTISTE,1.4496319999999998,similar
MAITRE GIMS,SOPRANO,1.214989,similar
MAITRE GIMS,VITAA,0.787485,similar
MAITRE GIMS,RIDSA,1.2063570000000001,similar
MAITRE GIMS,JUNGELI,0.765568,similar
MAITRE GIMS,PIERRE GARNIER,0.749739,similar
MAITRE GIMS,SEXION D'ASSAUT,0.737243,similar
MAITRE GIMS,HEUSS L'ENFOIRE,0.627712,similar
MAITRE GIMS,VIANNEY,0.624723,similar
MAITRE GIMS,KEEN'V,0.595497,similar
MAITRE GIMS,M. POKORA,0.552019,similar
MAITRE GIMS,COLONEL REYEL,0.509413,similar
MAITRE GIMS,VEGEDREAM,1.0142769999999999,similar
MAITRE GIMS,TIAKOLA,0.50037,similar
MAITRE GIMS,HATIK,0.489567,similar
MAITRE GIMS,AMIR,0.477155,similar
PLK,AMK,0.93582,similar
PLK,ASHH,0.769049,similar
PLK,GP EXPLORER,0.702672,similar
PLK,H.E.M,0.625607,similar
PLK,LUIDJI,0.9869540000000001,similar
PLK,NEPAL,1.023915,similar
PLK,JOSMAN,0.953994,similar
PLK,MISTER V,0.683855,similar
PLK,TIAKOLA,1.1759490000000001,similar
PLK,LUV RESVAL,0.661862,similar
PLK,VALD,0.618273,similar
PLK,BU$HI,0.426018,similar
PLK,GEORGIO,0.415421,similar
PLK,WALLACE CLEAVER,0.414045,similar
PLK,YVNNIS,0.40973,similar
PLK,SEXION D'ASSAUT,0.401084,similar
PLK,PONKO,0.731513,similar
PLK,RK,0.545018,similar
PLK,VEN1,0.537531,similar
PLK,YG PABLO,0.829009,similar
PLK,ZKR,0.656698,similar
FALLY IPUPA,YA LEVIS,1.5438749999999999,similar
GUY2BEZBAR,AMK,0.720339,similar
GUY2BEZBAR,CHILY,1.897488,similar
GUY2BEZBAR,DENDEN,0.733666,similar
GUY2BEZBAR,TIAKOLA,1.65532,similar
GUY2BEZBAR,NONO LA GRINTA,2.383833,similar
GUY2BEZBAR,YORSSY,1.380002,similar
GUY2BEZBAR,RSKO,1.354362,similar
GUY2BEZBAR,R2,1.8565740000000002,similar
GUY2BEZBAR,LA MANO 1.9,2.052989,similar
GUY2BEZBAR,NISKA,1.183348,similar
GUY2BEZBAR,STARE DOBRE MAŁZENSTWO,1.17843,similar
GUY2BEZBAR,WERENOI,1.15032,similar
GUY2BEZBAR,ZOLA,1.106252,similar
GUY2BEZBAR,1PLIKE140,1.094972,similar
GUY2BEZBAR,JOLAGREEN23,0.902452,similar
GUY2BEZBAR,GAMBINO LA MG,0.879952,similar
GUY2BEZBAR,DINOS,0.878838,similar
GUY2BEZBAR,KULTURR,0.681373,similar
GUY2BEZBAR,LA RVFLEUZE,0.633271,similar
GUY2BEZBAR,PONKO,0.47078,similar
GUY2BEZBAR,TIMAR,0.65348,similar
GUY2BEZBAR,VEN1,0.524327,similar
GUY2BEZBAR,ZOKUSH,0.505765,similar
NISKA,1PLIKE140,1.141937,similar
NISKA,4KEUS,1.039298,similar
NISKA,4KEUS GANG,0.415775,similar
NISKA,AMK,0.652128,similar
NISKA,BEENDO Z,0.469809,similar
NISKA,BOLEMVN,1.399692,similar
NISKA,BOUSS,0.460952,similar
NISKA,BRAMSITO,0.875533,similar
NISKA,BRULUX,0.694833,similar
NISKA,CHILY,0.498957,similar
NISKA,DINOS,1.089846,similar
NISKA,DJ KAWEST,0.507629,similar
NISKA,FAVE,0.574487,similar
NISKA,GIANNI,0.752611,similar
NISKA,GRADUR,1.53783,similar
NISKA,HAYCE LEMSI,0.569474,similar
NISKA,HEUSS L'ENFOIRE,1.579619,similar
NISKA,JKSN,0.615264,similar
NISKA,JOK'AIR,0.645117,similar
NISKA,KALASH,0.512343,similar
NISKA,KAZA,0.889083,similar
NISKA,KERCHAK,0.481171,similar
NISKA,KOFS,0.623782,similar
NISKA,L'ALGERINO,0.821848,similar
NISKA,LA MANO 1.9,0.679964,similar
NISKA,LA RVFLEUZE,0.466164,similar
NISKA,LARTISTE,0.691308,similar
NISKA,LEFA,0.664141,similar
NISKA,LORENZO,0.449588,similar
NISKA,MADEINPARIS,0.520476,similar
NISKA,MC MENOR JP,0.458883,similar
NISKA,MISTER V,0.718287,similar
NISKA,MISTER YOU,0.446939,similar
NISKA,MMZ,0.434743,similar
NISKA,MOHA LA SQUALE,0.622844,similar
NISKA,NIRO,0.529081,similar
NISKA,TIAKOLA,1.349526,similar
NISKA,OBOY,1.546868,similar
NISKA,DAMSO,0.565778,similar
NISKA,JOSMAN,0.447165,similar
NISKA,RIM'K,1.1990239999999999,similar
NISKA,NONO LA GRINTA,0.56388,similar
NISKA,PONKO,0.5402,similar
NISKA,RK,0.616599,similar
NISKA,SADEK,0.593544,similar
NISKA,SOSO MANESS,0.580973,similar
NISKA,STILL FRESH,0.708146,similar
NISKA,TKS 2G,0.411834,similar
NISKA,TRIANGLE DES BERMUDES,0.710006,similar
NISKA,YORSSY,0.537812,similar
NISKA,ZEG P,0.680661,similar
NISKA,ZOKUSH,0.461445,similar
DOSSEH,AMK,0.545091,similar
DOSSEH,ASHH,0.491887,similar
DOSSEH,BRULUX,0.657578,similar
DOSSEH,DADI,0.636494,similar
DOSSEH,NIRO,1.648318,similar
DOSSEH,MAC TYER,0.851845,similar
DOSSEH,SADEK,1.6092170000000001,similar
DOSSEH,HAYCE LEMSI,1.549974,similar
DOSSEH,SOSO MANESS,1.005455,similar
DOSSEH,ZKR,0.768459,similar
WERENOI,AMK,0.713447,similar
WERENOI,BEENDO Z,0.542652,similar
WERENOI,BRULUX,0.734267,similar
WERENOI,DJ HAMIDA,0.407332,similar
WERENOI,HMZ,0.642042,similar
WERENOI,JKSN,0.848434,similar
WERENOI,KAZA,0.74384,similar
WERENOI,KOFS,0.430004,similar
WERENOI,KPOINT,0.526624,similar
WERENOI,LA MANO 1.9,0.735672,similar
WERENOI,LA RVFLEUZE,0.664634,similar
WERENOI,MOHA LA SQUALE,0.806927,similar
WERENOI,NAHIR,0.747513,similar
WERENOI,NIAKS,0.7911,similar
WERENOI,NONO LA GRINTA,0.671135,similar
WERENOI,RK,0.647643,similar
WERENOI,TIMAR,0.80007,similar
WERENOI,VEGEDREAM,0.437777,similar
WERENOI,VEN1,1.0,similar
WERENOI,GAULOIS,0.509485,similar
WERENOI,DJADJA & DINAZ,0.454619,similar
WERENOI,RIM'K,0.408993,similar
WERENOI,ZKR,0.959057,similar
WERENOI,ZOKUSH,0.546866,similar
TIAKOLA,1PLIKE140,1.112527,similar
TIAKOLA,4KEUS,1.400092,similar
TIAKOLA,AMK,0.77748,similar
TIAKOLA,BEENDO Z,0.527255,similar
TIAKOLA,BOLEMVN,1.211404,similar
TIAKOLA,BOUSS,1.05778,similar
TIAKOLA,BRAMSITO,0.622763,similar
TIAKOLA,CHILY,0.636887,similar
TIAKOLA,DAMSO,0.9749490000000001,similar
TIAKOLA,DENDEN,0.807972,similar
TIAKOLA,DJ KAWEST,0.657966,similar
TIAKOLA,DJ LESKA,0.463582,similar
TIAKOLA,DTF,0.792533,similar
TIAKOLA,FAVE,1.384252,similar
TIAKOLA,GHOST KILLER TRACK,0.467654,similar
TIAKOLA,GIANNI,0.622281,similar
TIAKOLA,GRADUR,1.05009,similar
TIAKOLA,HEUSS L'ENFOIRE,1.0686,similar
TIAKOLA,IKAZ BOI,0.537595,similar
TIAKOLA,J9UEVE,0.476011,similar
TIAKOLA,JOK'AIR,0.58987,similar
TIAKOLA,JYEUHAIR,0.585325,similar
TIAKOLA,KALASH,0.473696,similar
TIAKOLA,KERCHAK,0.9134850000000001,similar
TIAKOLA,KULTURR,0.639173,similar
TIAKOLA,LA MANO 1.9,0.791245,similar
TIAKOLA,LEFA,0.553027,similar
TIAKOLA,MADEINPARIS,0.508693,similar
TIAKOLA,MISTER V,0.518577,similar
TIAKOLA,NIRO,0.448295,similar
TIAKOLA,NONO LA GRINTA,0.729989,similar
TIAKOLA,OBOY,1.223304,similar
TIAKOLA,PNL,0.592531,similar
TIAKOLA,PONKO,0.627451,similar
TIAKOLA,R2,0.434883,similar
TIAKOLA,RIM'K,0.539158,similar
TIAKOLA,RNBOI,0.913283,similar
TIAKOLA,RSKO,1.641889,similar
TIAKOLA,SO LA LUNE,0.435463,similar
TIAKOLA,THEODORA,0.413249,similar
TIAKOLA,THEODORT,0.842272,similar
TIAKOLA,YORSSY,1.744952,similar
TIAKOLA,DINOS,0.541406,similar
TIAKOLA,JOSMAN,0.442806,similar
TIAKOLA,TRIANGLE DES BERMUDES,0.58335,similar
TIAKOLA,VEGEDREAM,0.615556,similar
TIAKOLA,ZEG P,0.66654,similar
TIAKOLA,ZOKUSH,0.465189,similar
GLK,BOLEMVN,0.715468,similar
GLK,BOSH,1.0,similar
GLK,BRAMSITO,1.359281,similar
GLK,GIANNI,0.439066,similar
GLK,NAHIR,1.9607139999999998,similar
GLK,LYNA MAHYEM,1.5398049999999999,similar
GLK,RIM'K,0.589716,similar
GLK,GRADUR,0.557968,similar
GLK,KPOINT,1.06183,similar
GLK,MISTER YOU,0.504899,similar
GLK,DINOS,0.455695,similar
GLK,NIRO,0.426078,similar
GLK,PRIME,0.586769,similar
GLK,RK,0.545309,similar
GLK,SASSO,0.492053,similar
GLK,ZKR,0.876791,similar
SOOLKING,13 ORGANISE,0.403281,similar
SOOLKING,MC MENOR JP,0.672084,similar
SOOLKING,RILES,0.665375,similar
SOOLKING,HAYCE LEMSI,0.514276,similar
SOOLKING,MEDINE,0.447769,similar
MAFIA K'1 FRY,KERY JAMES,1.538201,similar
MAFIA K'1 FRY,LE RAT LUCIANO,0.672861,similar
MAFIA K'1 FRY,LUNATIC,1.385065,similar
MAFIA K'1 FRY,ROHFF,1.5292210000000002,similar
MAFIA K'1 FRY,SINIK,1.03787,similar
MAFIA K'1 FRY,YOUSSOUPHA,1.139002,similar
MAFIA K'1 FRY,PSY 4 DE LA RIME,1.069013,similar
MAFIA K'1 FRY,MAC TYER,0.530381,similar
ROHFF,DIAM'S,0.608996,similar
ROHFF,HAYCE LEMSI,0.468964,similar
ROHFF,KERY JAMES,1.203812,similar
ROHFF,L'ALGERINO,1.060202,similar
ROHFF,LE CLASSICO ORGANISE,1.959551,similar
ROHFF,LE RAT LUCIANO,0.691191,similar
ROHFF,LUNATIC,1.193009,similar
ROHFF,MISTER YOU,0.429314,similar
ROHFF,PSY 4 DE LA RIME,1.319153,similar
ROHFF,RIM'K,1.307442,similar
ROHFF,SINIK,1.709984,similar
ROHFF,MAC TYER,0.672481,similar
ROHFF,SEXION D'ASSAUT,0.483514,similar
ROHFF,YOUSSOUPHA,1.026448,similar
KERY JAMES,DIAM'S,0.63409,similar
KERY JAMES,MEDINE,1.0,similar
KERY JAMES,SINIK,1.581639,similar
KERY JAMES,YOUSSOUPHA,1.748561,similar
KERY JAMES,PSY 4 DE LA RIME,1.397637,similar
KERY JAMES,OXMO PUCCINO,1.353679,similar
KERY JAMES,LUNATIC,0.9819249999999999,similar
KERY JAMES,DISIZ,0.528748,similar
KERY JAMES,KOFS,0.412564,similar
KERY JAMES,LE RAT LUCIANO,0.572914,similar
PSY 4 DE LA RIME,DIAM'S,1.119538,similar
PSY 4 DE LA RIME,LE RAT LUCIANO,1.322479,similar
PSY 4 DE LA RIME,SINIK,1.855025,similar
PSY 4 DE LA RIME,SOPRANO,1.2224979999999999,similar
LUNATIC,LE RAT LUCIANO,0.528929,similar
LUNATIC,OXMO PUCCINO,1.366143,similar
LUNATIC,ATEYABA,0.535304,similar
LUNATIC,GUIZMO,0.434282,similar
LUNATIC,INFINIT',0.427749,similar
LUNATIC,LA FEVE,0.426061,similar
LUNATIC,FREEZE CORLEONE,0.419594,similar
LUNATIC,KEKRA,0.415785,similar
LUNATIC,ISHA,0.41153,similar
LUNATIC,YOUSSOUPHA,0.443417,similar
YOUSSOUPHA,CHILLA,0.450191,similar
YOUSSOUPHA,DIAM'S,1.261064,similar
YOUSSOUPHA,LEFA,0.968508,similar
YOUSSOUPHA,OXMO PUCCINO,1.3619970000000001,similar
YOUSSOUPHA,SINIK,0.997393,similar
YOUSSOUPHA,MEDINE,1.0,similar
YOUSSOUPHA,DISIZ,0.539459,similar
YOUSSOUPHA,DINOS,0.522628,similar
YOUSSOUPHA,GEORGIO,0.511373,similar
YOUSSOUPHA,VALD,0.474233,similar
YOUSSOUPHA,ISHA,0.465301,similar
YOUSSOUPHA,SOPRANO,0.452397,similar
YOUSSOUPHA,SEXION D'ASSAUT,0.445246,similar
SINIK,DIAM'S,1.119561,similar
SINIK,GUIZMO,1.302232,similar
SINIK,HATIK,1.471166,similar
SINIK,LE RAT LUCIANO,0.695525,similar
SINIK,MANAU,0.432441,similar
SINIK,MEDINE,0.501238,similar
SINIK,MAC TYER,0.475616,similar
SINIK,SOPRANO,0.856927,similar
OXMO PUCCINO,DISIZ,1.262446,similar
OXMO PUCCINO,GEORGIO,1.262498,similar
OXMO PUCCINO,HUGO TSR,0.463585,similar
OXMO PUCCINO,ISHA,0.770176,similar
OXMO PUCCINO,JUNGLE JACK,0.67759,similar
OXMO PUCCINO,MEDINE,0.657296,similar
RIM'K,BOLEMVN,1.454712,similar
RIM'K,BOSH,0.412888,similar
RIM'K,BOUSS,0.491047,similar
RIM'K,GIANNI,0.578408,similar
RIM'K,GRADUR,1.357102,similar
RIM'K,HAYCE LEMSI,0.525411,similar
RIM'K,HEUSS L'ENFOIRE,1.514968,similar
RIM'K,KOFS,0.588617,similar
RIM'K,KPOINT,0.485148,similar
RIM'K,L'ALGERINO,1.063578,similar
RIM'K,LE RAT LUCIANO,0.608194,similar
RIM'K,MISTER YOU,1.0622500000000001,similar
RIM'K,MOHA LA SQUALE,0.518368,similar
RIM'K,NAHIR,1.441365,similar
RIM'K,NIRO,1.38748,similar
RIM'K,PRIME,0.446347,similar
RIM'K,DINOS,0.618984,similar
RIM'K,MAC TYER,0.60559,similar
RIM'K,FREEZE CORLEONE,0.558917,similar
RIM'K,KEKRA,0.557035,similar
RIM'K,VALD,0.543186,similar
RIM'K,SADEK,0.623361,similar
RIM'K,SIBOY,0.537355,similar
RIM'K,SOSO MANESS,0.495354,similar
RIM'K,ZKR,0.674026,similar
RIM'K,ZOLA,0.44738,similar
13 BLOCK,KEKRA,1.885729,similar
13 BLOCK,1PLIKE140,1.738395,similar
13 BLOCK,CHEU-B,1.8607200000000002,similar
13 BLOCK,IKAZ BOI,1.825326,similar
13 BLOCK,ATEYABA,1.468055,similar
13 BLOCK,STAVO,0.721752,similar
13 BLOCK,LA FEVE,1.192069,similar
13 BLOCK,FREEZE CORLEONE,1.079357,similar
13 BLOCK,SIBOY,1.5149650000000001,similar
13 BLOCK,JOSMAN,0.584857,similar
13 BLOCK,JOLAGREEN23,0.574765,similar
13 BLOCK,GRADUR,1.101235,similar
13 BLOCK,DINOS,0.569785,similar
13 BLOCK,LAYLOW,0.560479,similar
13 BLOCK,LESRAM,0.553726,similar
13 BLOCK,GAMBINO LA MG,0.509446,similar
13 BLOCK,BEENDO Z,0.444827,similar
13 BLOCK,LE CLUB,0.46885,similar
13 BLOCK,NIRO,0.408076,similar
13 BLOCK,SADEK,0.716945,similar
13 BLOCK,SO LA LUNE,0.436309,similar
KEKRA,1PLIKE140,1.188088,similar
KEKRA,ATEYABA,1.300881,similar
KEKRA,BRULUX,0.73608,similar
KEKRA,DEEN BURBIGO,1.097196,similar
KEKRA,DINOS,1.172708,similar
KEKRA,DJANGO,0.565371,similar
KEKRA,FREEZE CORLEONE,1.370097,similar
KEKRA,GIANNI,0.586493,similar
KEKRA,HEUSS L'ENFOIRE,0.534362,similar
KEKRA,J9UEVE,1.088647,similar
KEKRA,JOSMAN,1.1202809999999999,similar
KEKRA,LA FEVE,1.640794,similar
KEKRA,LAYLOW,1.288432,similar
KEKRA,SO LA LUNE,1.588398,similar
KEKRA,INFINIT',0.665351,similar
KEKRA,OBOY,1.345355,similar
KEKRA,JOLAGREEN23,0.632516,similar
KEKRA,LESRAM,0.607529,similar
KEKRA,ISHA,0.599289,similar
KEKRA,JUNGLE JACK,0.567367,similar
KEKRA,ROUNHAA,0.563853,similar
KEKRA,SIBOY,1.539512,similar
KEKRA,MAIRO,0.552453,similar
KEKRA,LUV RESVAL,0.4979,similar
KEKRA,MADEINPARIS,0.483378,similar
KEKRA,PNL,0.850666,similar
KEKRA,SADEK,0.810104,similar
KEKRA,SQUIDJI,0.421702,similar
KEKRA,VALD,0.631889,similar
1PLIKE140,BEENDO Z,1.9118279999999999,similar
1PLIKE140,GAMBINO LA MG,0.799084,similar
1PLIKE140,KERCHAK,1.4160249999999999,similar
1PLIKE140,LA FEVE,1.279487,similar
1PLIKE140,FREEZE CORLEONE,1.2676059999999998,similar
1PLIKE140,MENACE SANTANA,1.365538,similar
1PLIKE140,JOLAGREEN23,0.652153,similar
1PLIKE140,J9UEVE,0.629106,similar
1PLIKE140,JOSMAN,0.626403,similar
1PLIKE140,FRESH LADOUILLE,1.364494,similar
1PLIKE140,DIDDI TRIX,0.6004,similar
1PLIKE140,OBOY,1.1699700000000002,similar
1PLIKE140,BU$HI,0.586488,similar
1PLIKE140,FAVE,0.477138,similar
1PLIKE140,GHOST KILLER TRACK,0.460891,similar
1PLIKE140,GRADUR,0.468394,similar
1PLIKE140,IKAZ BOI,0.554852,similar
1PLIKE140,JKSN,0.733479,similar
1PLIKE140,KAZA,0.484738,similar
1PLIKE140,LA MANO 1.9,0.600411,similar
1PLIKE140,LA RVFLEUZE,0.600711,similar
1PLIKE140,MADEINPARIS,0.470566,similar
1PLIKE140,NAHIR,0.615766,similar
1PLIKE140,NIRO,0.430723,similar
1PLIKE140,NONO LA GRINTA,0.64172,similar
1PLIKE140,SADEK,0.569896,similar
1PLIKE140,SO LA LUNE,0.495656,similar
1PLIKE140,YORSSY,0.47572,similar
1PLIKE140,ZOKUSH,0.46748,similar
CHEU-B,GRADUR,0.500638,similar
CHEU-B,DIDDI TRIX,0.473269,similar
CHEU-B,SO LA LUNE,0.437254,similar
CHEU-B,CHILY,0.424826,similar
CHEU-B,NONO LA GRINTA,0.486771,similar
IKAZ BOI,DAU,0.536496,similar
IKAZ BOI,GHOST KILLER TRACK,1.132241,similar
IKAZ BOI,BU$HI,0.747925,similar
IKAZ BOI,LESRAM,0.709379,similar
IKAZ BOI,JUNGLE JACK,0.606851,similar
IKAZ BOI,B.B. JACQUES,0.602157,similar
IKAZ BOI,YVNNIS,0.570495,similar
IKAZ BOI,DEEN BURBIGO,0.526205,similar
IKAZ BOI,STAVO,0.515966,similar
IKAZ BOI,LUV RESVAL,0.495262,similar
IKAZ BOI,LUIDJI,0.475495,similar
IKAZ BOI,NEPAL,0.463431,similar
IKAZ BOI,JOK'AIR,0.427571,similar
IKAZ BOI,SQUIDJI,0.877844,similar
IKAZ BOI,WALLACE CLEAVER,0.405969,similar
ATEYABA,LA FEVE,1.660037,similar
ATEYABA,LAYLOW,1.1940309999999998,similar
ATEYABA,JOSMAN,1.162944,similar
ATEYABA,J9UEVE,1.308154,similar
ATEYABA,INFINIT',0.654473,similar
ATEYABA,BU$HI,0.623397,similar
ATEYABA,JOLAGREEN23,0.592018,similar
ATEYABA,FREEZE CORLEONE,1.094981,similar
ATEYABA,DINOS,0.978996,similar
ATEYABA,JUNGLE JACK,0.510312,similar
ATEYABA,PRINCE WALY,0.507244,similar
ATEYABA,ROUNHAA,0.507005,similar
ATEYABA,DTF,0.408273,similar
ATEYABA,GRADUR,0.480507,similar
ATEYABA,KRISY,0.726099,similar
ATEYABA,LUIDJI,0.429909,similar
ATEYABA,MADEINPARIS,0.449719,similar
ATEYABA,PNL,0.596753,similar
ATEYABA,SIBOY,0.515433,similar
ATEYABA,SO LA LUNE,0.427138,similar
ATEYABA,YOURI,0.476678,similar
STAVO,GRADUR,0.448161,similar
STAVO,SIBOY,0.740415,similar
LA FEVE,DAU,0.463065,similar
LA FEVE,DINOS,1.110211,similar
LA FEVE,DOUMS,0.403543,similar
LA FEVE,J9UEVE,1.889329,similar
LA FEVE,JOSMAN,1.399157,similar
LA FEVE,JOLAGREEN23,0.952095,similar
LA FEVE,BU$HI,0.813897,similar
LA FEVE,LAYLOW,1.483935,similar
LA FEVE,YVNNIS,0.700706,similar
LA FEVE,ROUNHAA,0.669139,similar
LA FEVE,MAIRO,0.624728,similar
LA FEVE,JUNGLE JACK,0.610508,similar
LA FEVE,FREEZE CORLEONE,0.572475,similar
LA FEVE,INFINIT',0.554504,similar
LA FEVE,SO LA LUNE,1.232129,similar
LA FEVE,PRINCE WALY,0.484615,similar
LA FEVE,LUIDJI,0.452169,similar
LA FEVE,MADEINPARIS,0.539612,similar
LA FEVE,NEPAL,0.510052,similar
LA FEVE,SIBOY,0.413,similar
FREEZE CORLEONE,BEENDO Z,0.487948,similar
FREEZE CORLEONE,DAMSO,1.138514,similar
FREEZE CORLEONE,DEEN BURBIGO,0.9230849999999999,similar
FREEZE CORLEONE,DJANGO,1.479832,similar
FREEZE CORLEONE,FAVE,0.43865,similar
FREEZE CORLEONE,LUV RESVAL,1.727533,similar
FREEZE CORLEONE,LAYLOW,1.2093280000000002,similar
FREEZE CORLEONE,PNL,1.482402,similar
FREEZE CORLEONE,BU$HI,0.59343,similar
FREEZE CORLEONE,JOSMAN,1.0631970000000002,similar
FREEZE CORLEONE,VALD,1.306346,similar
FREEZE CORLEONE,MENACE SANTANA,1.225684,similar
FREEZE CORLEONE,NEPAL,1.091925,similar
FREEZE CORLEONE,KERCHAK,1.030128,similar
FREEZE CORLEONE,LESRAM,0.494904,similar
FREEZE CORLEONE,HEUSS L'ENFOIRE,1.038034,similar
FREEZE CORLEONE,FRESH LADOUILLE,0.427213,similar
FREEZE CORLEONE,GRADUR,0.461494,similar
FREEZE CORLEONE,GUIZMO,0.816312,similar
FREEZE CORLEONE,NAHIR,0.772316,similar
FREEZE CORLEONE,PRIME,0.58457,similar
FREEZE CORLEONE,SIBOY,0.659654,similar
FREEZE CORLEONE,VLADIMIR CAUCHEMAR,0.43458,similar
SIBOY,GUIZMO,1.523635,similar
SIBOY,HAYCE LEMSI,0.9147000000000001,similar
SIBOY,GRADUR,0.673153,similar
SIBOY,DAMSO,0.649387,similar
SIBOY,INFINIT',0.580567,similar
SIBOY,DINOS,0.578197,similar
SIBOY,LESRAM,0.549269,similar
SIBOY,SO LA LUNE,0.543985,similar
SIBOY,LAYLOW,0.52234,similar
SIBOY,ISHA,0.516565,similar
SIBOY,MAC TYER,0.452598,similar
SIBOY,LIMSA D'AULNAY,0.42049,similar
JOSMAN,A2H,0.72278,similar
JOSMAN,AMK,0.703884,similar
JOSMAN,ASHH,0.712957,similar
JOSMAN,BEKAR,0.59428,similar
JOSMAN,DAMSO,1.872449,similar
JOSMAN,DAU,0.613064,similar
JOSMAN,DEEN BURBIGO,1.2231779999999999,similar
JOSMAN,DINOS,1.810983,similar
JOSMAN,DISIZ,0.908668,similar
JOSMAN,DJANGO,0.580191,similar
JOSMAN,DOUMS,1.203765,similar
JOSMAN,DTF,0.822057,similar
JOSMAN,FAVE,0.588544,similar
JOSMAN,GEORGIO,0.525116,similar
JOSMAN,GHOST KILLER TRACK,0.422396,similar
JOSMAN,GROS MO,0.583503,similar
JOSMAN,H.E.M,0.510065,similar
JOSMAN,J9UEVE,1.313459,similar
JOSMAN,JEANJASS,0.406915,similar
JOSMAN,JOK'AIR,1.6220379999999999,similar
JOSMAN,LAYLOW,2.0,similar
JOSMAN,LUIDJI,1.7945980000000001,similar
JOSMAN,OBOY,1.653891,similar
JOSMAN,LUV RESVAL,1.588449,similar
JOSMAN,NEPAL,2.174391,similar
JOSMAN,YVNNIS,0.585132,similar
JOSMAN,ROUNHAA,0.561335,similar
JOSMAN,BU$HI,0.557418,similar
JOSMAN,MADEINPARIS,1.509712,similar
JOSMAN,WALLACE CLEAVER,0.504041,similar
JOSMAN,LESRAM,0.470831,similar
JOSMAN,VALD,1.26891,similar
JOSMAN,JYEUHAIR,0.443775,similar
JOSMAN,KAZA,0.542764,similar
JOSMAN,KRISY,0.98953,similar
JOSMAN,LIVAI,0.475488,similar
JOSMAN,LUJIPEKA,0.492576,similar
JOSMAN,MENACE SANTANA,0.46425,similar
JOSMAN,MISTER V,0.643552,similar
JOSMAN,MOHA LA SQUALE,0.41607,similar
JOSMAN,PNL,0.748778,similar
JOSMAN,PONKO,0.584451,similar
JOSMAN,PRIME,0.769183,similar
JOSMAN,RILES,0.494777,similar
JOSMAN,SO LA LUNE,0.659407,similar
JOSMAN,SQUIDJI,0.788374,similar
JOSMAN,STILL FRESH,0.470318,similar
JOSMAN,THEODORA,0.49899,similar
JOSMAN,THEODORT,0.636636,similar
JOSMAN,TSEW THE KID,0.558621,similar
JOSMAN,WIZTHEMC,0.495561,similar
JOSMAN,YG PABLO,1.0,similar
JOSMAN,YOURI,0.628453,similar
JOSMAN,ZEG P,0.547358,similar
JOLAGREEN23,DAU,0.571859,similar
JOLAGREEN23,DINOS,0.550526,similar
JOLAGREEN23,J9UEVE,0.802489,similar
JOLAGREEN23,LA MANO 1.9,0.497291,similar
JOLAGREEN23,LA RVFLEUZE,0.559939,similar
JOLAGREEN23,LAYLOW,0.500762,similar
JOLAGREEN23,NONO LA GRINTA,0.533607,similar
JOLAGREEN23,TIMAR,0.469928,similar
GRADUR,BOLEMVN,1.189643,similar
GRADUR,BRAMSITO,0.620625,similar
GRADUR,BRULUX,0.960804,similar
GRADUR,GIANNI,0.550186,similar
GRADUR,HEUSS L'ENFOIRE,1.462193,similar
GRADUR,DINOS,0.518542,similar
GRADUR,DAMSO,0.508115,similar
GRADUR,MISTER YOU,1.048658,similar
GRADUR,HAYCE LEMSI,1.3116910000000002,similar
GRADUR,KOFS,0.563797,similar
GRADUR,KPOINT,0.647788,similar
GRADUR,LA RVFLEUZE,0.497476,similar
GRADUR,LARTISTE,0.674999,similar
GRADUR,LE RAT LUCIANO,0.50088,similar
GRADUR,MOHA LA SQUALE,0.59044,similar
GRADUR,OBOY,0.502595,similar
GRADUR,PNL,0.6942,similar
GRADUR,PRIME,0.496953,similar
GRADUR,SADEK,0.562704,similar
GRADUR,SOSO MANESS,0.451385,similar
GRADUR,STILL FRESH,0.827733,similar
GRADUR,TIMAR,0.486277,similar
GRADUR,TRIANGLE DES BERMUDES,0.42343,similar
GRADUR,YORSSY,0.418206,similar
GRADUR,ZEG P,0.529248,similar
DINOS,A2H,1.5129730000000001,similar
DINOS,AMK,0.709224,similar
DINOS,ASHH,0.896719,similar
DINOS,CHILLA,0.560721,similar
DINOS,DAMSO,1.903198,similar
DINOS,DAU,0.452207,similar
DINOS,LAYLOW,1.673949,similar
DINOS,S-CREW,1.1814310000000001,similar
DINOS,LUIDJI,1.310012,similar
DINOS,DOUMS,1.350827,similar
DINOS,JOK'AIR,1.4100160000000002,similar
DINOS,ROUNHAA,0.550783,similar
DINOS,ISHA,0.943964,similar
DINOS,VALD,1.2616040000000002,similar
DINOS,MADEINPARIS,1.304744,similar
DINOS,DISIZ,1.365223,similar
DINOS,J9UEVE,1.010419,similar
DINOS,DJANGO,0.816351,similar
DINOS,FAVE,0.454609,similar
DINOS,GEORGIO,0.705836,similar
DINOS,GIANNI,0.640128,similar
DINOS,GP EXPLORER,0.671092,similar
DINOS,GUIZMO,0.871168,similar
DINOS,HEUSS L'ENFOIRE,0.553178,similar
DINOS,JYEUHAIR,0.694258,similar
DINOS,KPOINT,0.433571,similar
DINOS,LORD ESPERANZA,0.528558,similar
DINOS,MOHA LA SQUALE,0.474746,similar
DINOS,NAHIR,0.715987,similar
DINOS,OBOY,0.951275,similar
DINOS,PONKO,0.512932,similar
DINOS,PRIME,0.8638,similar
DINOS,TSEW THE KID,0.63216,similar
DINOS,YG PABLO,0.960556,similar
DINOS,YOURI,0.511597,similar
DINOS,ZEG P,0.635616,similar
LAYLOW,A2H,0.652696,similar
LAYLOW,ASHH,0.655601,similar
LAYLOW,DAMSO,1.60622,similar
LAYLOW,DAU,0.459813,similar
LAYLOW,DEEN BURBIGO,0.487617,similar
LAYLOW,DISIZ,0.875849,similar
LAYLOW,DJANGO,0.601648,similar
LAYLOW,DOUMS,1.2504089999999999,similar
LAYLOW,DTF,0.974602,similar
LAYLOW,GEORGIO,0.525651,similar
LAYLOW,GHOST KILLER TRACK,0.471801,similar
LAYLOW,GIANNI,0.471025,similar
LAYLOW,GUIZMO,0.75107,similar
LAYLOW,J9UEVE,1.1771120000000002,similar
LAYLOW,JOK'AIR,1.452947,similar
LAYLOW,JYEUHAIR,0.446113,similar
LAYLOW,KAZA,0.487062,similar
LAYLOW,KRISY,0.788458,similar
LAYLOW,ROUNHAA,0.693048,similar
LAYLOW,LUV RESVAL,1.692394,similar
LAYLOW,NEPAL,2.042894,similar
LAYLOW,BU$HI,0.608872,similar
LAYLOW,PNL,1.566697,similar
LAYLOW,LUIDJI,1.294626,similar
LAYLOW,OBOY,1.446353,similar
LAYLOW,VALD,1.374697,similar
LAYLOW,YVNNIS,0.507366,similar
LAYLOW,B.B. JACQUES,0.501262,similar
LAYLOW,MADEINPARIS,1.400965,similar
LAYLOW,WALLACE CLEAVER,0.464181,similar
LAYLOW,LIVAI,0.485334,similar
LAYLOW,LUJIPEKA,0.461704,similar
LAYLOW,MENACE SANTANA,0.400377,similar
LAYLOW,MISTER V,0.573344,similar
LAYLOW,PONKO,0.558038,similar
LAYLOW,RILES,0.523818,similar
LAYLOW,SO LA LUNE,0.662885,similar
LAYLOW,SQUIDJI,0.60983,similar
LAYLOW,STILL FRESH,0.404118,similar
LAYLOW,THEODORT,0.630949,similar
LAYLOW,TSEW THE KID,0.575996,similar
LAYLOW,YG PABLO,0.840387,similar
LAYLOW,ZEG P,0.510759,similar
LESRAM,BEKAR,0.511428,similar
LESRAM,DEEN BURBIGO,0.610325,similar
LESRAM,DOUMS,0.433996,similar
LESRAM,DTF,0.647233,similar
LESRAM,GHOST KILLER TRACK,0.499053,similar
LESRAM,GIANNI,0.480716,similar
LESRAM,GUIZMO,0.919373,similar
LESRAM,HUGO TSR,0.408352,similar
LESRAM,ISHA,0.592263,similar
LESRAM,J9UEVE,0.421011,similar
LESRAM,JEANJASS,0.405368,similar
LESRAM,LE RAT LUCIANO,0.498796,similar
LESRAM,LIMSA D'AULNAY,0.452174,similar
LESRAM,LUV RESVAL,0.570483,similar
LESRAM,PNL,0.525638,similar
LESRAM,SO LA LUNE,0.651467,similar
LESRAM,YOURI,0.817386,similar
GAMBINO LA MG,BEENDO Z,1.0,similar
GAMBINO LA MG,BOLEMVN,0.580582,similar
GAMBINO LA MG,FRESH LADOUILLE,0.815908,similar
GAMBINO LA MG,JKSN,0.875461,similar
GAMBINO LA MG,NONO LA GRINTA,0.522876,similar
GAMBINO LA MG,RSKO,0.421373,similar
GAMBINO LA MG,YORSSY,0.466361,similar
GAMBINO LA MG,ZOKUSH,1.0,similar
13 ORGANISE,LE CLASSICO ORGANISE,0.831746,similar
13 ORGANISE,SASSO,0.537865,similar
13 ORGANISE,TK,0.499402,similar
13 ORGANISE,SOSO MANESS,0.474674,similar
13 ORGANISE,RK,0.467329,similar
13 ORGANISE,HEUSS L'ENFOIRE,1.422393,similar
LE CLASSICO ORGANISE,BRAMSITO,1.006961,similar
LE CLASSICO ORGANISE,L'ALGERINO,1.6369289999999999,similar
LE CLASSICO ORGANISE,HEUSS L'ENFOIRE,0.490051,similar
LE CLASSICO ORGANISE,BOLEMVN,0.450872,similar
SASSO,BRULUX,0.722489,similar
SASSO,RK,1.2418179999999999,similar
SASSO,SADEK,0.743947,similar
SASSO,ISK,0.481655,similar
SASSO,NAHIR,0.476111,similar
SASSO,HEUSS L'ENFOIRE,0.451697,similar
SASSO,SOSO MANESS,0.44485,similar
SASSO,TK,1.084296,similar
SASSO,BOLEMVN,0.418548,similar
SASSO,ZKR,0.625309,similar
TK,NIAKS,1.2094420000000001,similar
TK,MISTER YOU,0.451222,similar
SOSO MANESS,DADI,0.63431,similar
SOSO MANESS,DJ KAYZ,0.485686,similar
SOSO MANESS,DJ LESKA,0.615761,similar
SOSO MANESS,HEUSS L'ENFOIRE,1.474824,similar
SOSO MANESS,KOFS,1.647107,similar
SOSO MANESS,SADEK,0.524519,similar
SOSO MANESS,BOLEMVN,0.478316,similar
SOSO MANESS,NAHIR,0.476528,similar
SOSO MANESS,NIRO,0.472406,similar
SOSO MANESS,ZEG P,0.443801,similar
RK,GP EXPLORER,0.729231,similar
RK,HMZ,0.428532,similar
RK,NIAKS,0.495003,similar
RK,ISK,0.836495,similar
RK,GAULOIS,0.754136,similar
RK,BOUSS,0.621168,similar
RK,BOLEMVN,0.601334,similar
RK,STARE DOBRE MAŁZENSTWO,0.572908,similar
RK,KPOINT,0.561002,similar
RK,ZKR,1.267356,similar
RK,OBOY,0.495989,similar
RK,VEN1,0.538243,similar
HEUSS L'ENFOIRE,BOLEMVN,1.332458,similar
HEUSS L'ENFOIRE,BOUSS,0.476014,similar
HEUSS L'ENFOIRE,BRAMSITO,0.64985,similar
HEUSS L'ENFOIRE,BRULUX,0.839302,similar
HEUSS L'ENFOIRE,DJ LESKA,0.49781,similar
HEUSS L'ENFOIRE,FAVE,0.496753,similar
HEUSS L'ENFOIRE,GIANNI,0.650738,similar
HEUSS L'ENFOIRE,H.E.M,0.529141,similar
HEUSS L'ENFOIRE,HATIK,0.714036,similar
HEUSS L'ENFOIRE,HAYCE LEMSI,0.575214,similar
HEUSS L'ENFOIRE,VALD,1.70179,similar
HEUSS L'ENFOIRE,OBOY,1.327888,similar
HEUSS L'ENFOIRE,SADEK,1.4276749999999998,similar
HEUSS L'ENFOIRE,MISTER V,1.307143,similar
HEUSS L'ENFOIRE,LARTISTE,1.3752490000000002,similar
HEUSS L'ENFOIRE,DAMSO,0.536216,similar
HEUSS L'ENFOIRE,JOK'AIR,0.472181,similar
HEUSS L'ENFOIRE,KAZA,0.742857,similar
HEUSS L'ENFOIRE,KOFS,0.722987,similar
HEUSS L'ENFOIRE,L'ALGERINO,1.204352,similar
HEUSS L'ENFOIRE,LORENZO,0.553493,similar
HEUSS L'ENFOIRE,MC MENOR JP,0.625646,similar
HEUSS L'ENFOIRE,MISTER YOU,0.513198,similar
HEUSS L'ENFOIRE,MMZ,0.420002,similar
HEUSS L'ENFOIRE,MOHA LA SQUALE,0.536211,similar
HEUSS L'ENFOIRE,NAHIR,0.654518,similar
HEUSS L'ENFOIRE,STILL FRESH,0.583923,similar
HEUSS L'ENFOIRE,THEODORT,0.606832,similar
HEUSS L'ENFOIRE,TRIANGLE DES BERMUDES,0.488405,similar
HEUSS L'ENFOIRE,VEGEDREAM,0.661891,similar
HEUSS L'ENFOIRE,VLADIMIR CAUCHEMAR,0.53454,similar
HEUSS L'ENFOIRE,YL,0.466688,similar
HEUSS L'ENFOIRE,ZEG P,0.896965,similar
BEENDO Z,KERCHAK,1.3608509999999998,similar
BEENDO Z,MENACE SANTANA,1.174074,similar
BEENDO Z,FAVE,1.150696,similar
BEENDO Z,LUV RESVAL,0.496059,similar
BEENDO Z,FRESH LADOUILLE,0.981387,similar
BEENDO Z,NAHIR,1.036512,similar
BEENDO Z,JKSN,0.670261,similar
BEENDO Z,KAZA,0.47021,similar
BEENDO Z,LA MANO 1.9,0.492699,similar
BEENDO Z,LA RVFLEUZE,0.48538,similar
BEENDO Z,NONO LA GRINTA,0.519114,similar
BEENDO Z,ZOKUSH,0.556088,similar
KERCHAK,DTF,0.71137,similar
KERCHAK,FAVE,1.835671,similar
KERCHAK,JKSN,0.604093,similar
KERCHAK,MENACE SANTANA,1.808256,similar
KERCHAK,LA MANO 1.9,0.531761,similar
KERCHAK,SO LA LUNE,0.51117,similar
KERCHAK,ZOKUSH,0.519374,similar
MENACE SANTANA,FAVE,1.155511,similar
MENACE SANTANA,LUV RESVAL,1.213504,similar
MENACE SANTANA,BU$HI,0.462436,similar
MENACE SANTANA,WALLACE CLEAVER,0.40188,similar
J9UEVE,DAU,0.478954,similar
J9UEVE,FAVE,0.508092,similar
J9UEVE,ROUNHAA,0.885104,similar
J9UEVE,BU$HI,0.837584,similar
J9UEVE,SO LA LUNE,1.629477,similar
J9UEVE,YVNNIS,0.671905,similar
J9UEVE,LUIDJI,1.0195859999999999,similar
J9UEVE,MAIRO,0.489498,similar
J9UEVE,INFINIT',0.451518,similar
J9UEVE,JUNGLE JACK,0.426314,similar
J9UEVE,SQUIDJI,0.462551,similar
J9UEVE,YG PABLO,0.640906,similar
FRESH LADOUILLE,BRULUX,0.661927,similar
FRESH LADOUILLE,NAHIR,1.612109,similar
FRESH LADOUILLE,MOHA LA SQUALE,1.1789239999999999,similar
FRESH LADOUILLE,KOFS,1.139389,similar
FRESH LADOUILLE,BOUSS,0.446341,similar
FRESH LADOUILLE,MISTER YOU,0.42095,similar
FRESH LADOUILLE,JKSN,0.671677,similar
FRESH LADOUILLE,NIAKS,0.917835,similar
FRESH LADOUILLE,ZKR,0.623765,similar
DIDDI TRIX,DAU,0.521906,similar
OBOY,AMK,0.80959,similar
OBOY,ASHH,0.756794,similar
OBOY,BOLEMVN,1.1572550000000001,similar
OBOY,BOUSS,1.042068,similar
OBOY,DJANGO,0.542924,similar
OBOY,DOUMS,0.9526680000000001,similar
OBOY,FAVE,1.560195,similar
OBOY,GIANNI,0.78775,similar
OBOY,H.E.M,0.507366,similar
OBOY,JOK'AIR,1.529709,similar
OBOY,JOE DWET FILE,1.0,similar
OBOY,JYEUHAIR,0.420342,similar
OBOY,KAZA,1.520877,similar
OBOY,LIVAI,0.452319,similar
OBOY,LUIDJI,0.40604,similar
OBOY,MADEINPARIS,1.194506,similar
OBOY,MMZ,0.421342,similar
OBOY,S-CREW,0.549222,similar
OBOY,ROUNHAA,0.499596,similar
OBOY,PONKO,0.622571,similar
OBOY,SQUIDJI,0.707795,similar
OBOY,TSEW THE KID,0.614429,similar
OBOY,VEN1,0.67986,similar
OBOY,YG PABLO,0.901373,similar
OBOY,ZEG P,0.721938,similar
BU$HI,DTF,0.430313,similar
BU$HI,GHOST KILLER TRACK,0.716359,similar
BU$HI,KRISY,0.585063,similar
BU$HI,LUV RESVAL,0.953601,similar
BU$HI,MADEINPARIS,0.435027,similar
BU$HI,NEPAL,1.329765,similar
BU$HI,PNL,0.479276,similar
BU$HI,PRIME,0.514556,similar
BU$HI,SO LA LUNE,0.794426,similar
BU$HI,VALD,0.632889,similar
BU$HI,YOURI,0.711002,similar
THEODORA,AYA NAKAMURA,1.6112039999999999,similar
THEODORA,DENDEN,0.803187,similar
THEODORA,DJ KAWEST,0.434179,similar
THEODORA,GP EXPLORER,0.913588,similar
THEODORA,LOGOBI GT,0.423805,similar
THEODORA,DISIZ,0.705385,similar
THEODORA,TRIANGLE DES BERMUDES,1.089701,similar
THEODORA,VALD,0.486007,similar
THEODORA,YVNNIS,0.440141,similar
THEODORA,TKS 2G,0.40615,similar
VITAA,CHILLA,0.465637,similar
VITAA,CORNEILLE,1.0,similar
VITAA,HATIK,0.743175,similar
VITAA,IMEN ES,1.0,similar
VITAA,KEEN'V,1.092264,similar
VITAA,KENDJI GIRAC,1.827026,similar
VITAA,M POKORA,1.0,similar
VITAA,M. POKORA,1.7387329999999999,similar
VITAA,MATT,0.774888,similar
VITAA,MC MENOR JP,0.444317,similar
VITAA,NASSI,1.0,similar
VITAA,NEJ,0.507057,similar
VITAA,PIERRE GARNIER,1.32822,similar
VITAA,RIDSA,1.4478499999999999,similar
VITAA,TAL,0.62246,similar
VITAA,VIANNEY,1.35384,similar
VITAA,DIAM'S,0.495678,similar
VITAA,ZAHO,1.443952,similar
VITAA,BLACK M,0.430641,similar
VITAA,SEXION D'ASSAUT,0.423082,similar
LORENZO,H.E.M,0.803677,similar
LORENZO,HAYCE LEMSI,0.419715,similar
LORENZO,HUGO TSR,0.9152910000000001,similar
LORENZO,VALD,2.0,similar
LORENZO,MISTER V,1.8036020000000001,similar
LORENZO,DAMSO,0.558773,similar
LORENZO,LUV RESVAL,0.403658,similar
LORENZO,LUJIPEKA,0.789794,similar
LORENZO,NUSKY,0.445944,similar
LORENZO,RILES,0.526532,similar
LORENZO,YOURI,0.583813,similar
GEORGIO,A2H,1.3407019999999998,similar
GEORGIO,BEKAR,1.0,similar
GEORGIO,CHILLA,0.705054,similar
GEORGIO,DISIZ,1.887547,similar
GEORGIO,S-CREW,0.83095,similar
GEORGIO,LUJIPEKA,1.826326,similar
GEORGIO,VALD,1.414978,similar
GEORGIO,NEPAL,0.666676,similar
GEORGIO,ISHA,0.604432,similar
GEORGIO,TSEW THE KID,1.423119,similar
GEORGIO,LUV RESVAL,0.554791,similar
GEORGIO,WALLACE CLEAVER,0.550375,similar
GEORGIO,DAMSO,0.544895,similar
GEORGIO,DOUMS,0.540587,similar
GEORGIO,RILES,1.289183,similar
GEORGIO,GUIZMO,0.517946,similar
GEORGIO,HUGO TSR,0.417556,similar
GEORGIO,JYEUHAIR,0.522389,similar
GEORGIO,LIVAI,0.656591,similar
GEORGIO,LORD ESPERANZA,0.944333,similar
GEORGIO,NUSKY,0.544899,similar
GEORGIO,PRIME,0.516701,similar
GEORGIO,SQUIDJI,0.455527,similar
TSEW THE KID,ASHH,0.690263,similar
TSEW THE KID,BEKAR,1.195675,similar
TSEW THE KID,HATIK,1.300037,similar
TSEW THE KID,KAZA,1.161236,similar
TSEW THE KID,LEFA,0.9187489999999999,similar
TSEW THE KID,LIVAI,1.757647,similar
TSEW THE KID,LUJIPEKA,1.137922,similar
TSEW THE KID,NUSKY,0.455064,similar
TSEW THE KID,THEODORT,1.358686,similar
TSEW THE KID,A2H,0.959983,similar
TSEW THE KID,LUIDJI,0.720649,similar
TSEW THE KID,JOK'AIR,0.7076,similar
TSEW THE KID,S-CREW,0.632462,similar
TSEW THE KID,DAMSO,0.521802,similar
LUJIPEKA,BEKAR,1.545261,similar
LUJIPEKA,DISIZ,1.291319,similar
LUJIPEKA,LIVAI,0.612136,similar
LUJIPEKA,LORD ESPERANZA,1.644451,similar
LUJIPEKA,VALD,0.746224,similar
LUJIPEKA,WALLACE CLEAVER,0.582286,similar
LUJIPEKA,NEPAL,0.57282,similar
LUJIPEKA,MISTER V,0.56145,similar
LUJIPEKA,LUV RESVAL,0.516694,similar
LUJIPEKA,LUIDJI,0.454351,similar
LUJIPEKA,A2H,0.448063,similar
LUJIPEKA,NUSKY,0.805965,similar
HUGO TSR,GUIZMO,1.313932,similar
HUGO TSR,VALD,0.629466,similar
HUGO TSR,LUV RESVAL,0.549895,similar
HUGO TSR,NEPAL,0.532588,similar
HUGO TSR,MEDINE,0.457267,similar
HUGO TSR,WALLACE CLEAVER,0.42542,similar
HUGO TSR,YOURI,0.554265,similar
LUV RESVAL,ASHH,0.608859,similar
LUV RESVAL,BEKAR,1.461652,similar
LUV RESVAL,DAMSO,1.2856070000000002,similar
LUV RESVAL,DEEN BURBIGO,0.412508,similar
LUV RESVAL,DJANGO,0.808629,similar
LUV RESVAL,DOUMS,0.980799,similar
LUV RESVAL,FAVE,0.425841,similar
LUV RESVAL,GHOST KILLER TRACK,0.501046,similar
LUV RESVAL,GUIZMO,0.823306,similar
LUV RESVAL,H.E.M,0.449457,similar
LUV RESVAL,JOK'AIR,1.109001,similar
LUV RESVAL,KRISY,0.654829,similar
LUV RESVAL,LIVAI,0.522177,similar
LUV RESVAL,LUIDJI,0.9906539999999999,similar
LUV RESVAL,NEPAL,2.439996,similar
LUV RESVAL,WALLACE CLEAVER,0.906732,similar
LUV RESVAL,ROUNHAA,0.76501,similar
LUV RESVAL,YVNNIS,0.716353,similar
LUV RESVAL,VALD,1.3841860000000001,similar
LUV RESVAL,B.B. JACQUES,0.622052,similar
LUV RESVAL,CABALLERO,0.528237,similar
LUV RESVAL,MISTER V,0.633244,similar
LUV RESVAL,SQUIDJI,0.419528,similar
LUV RESVAL,THEODORT,0.722526,similar
VALD,BEKAR,1.21229,similar
VALD,CHILLA,0.555837,similar
VALD,DAMSO,1.587606,similar
VALD,DEEN BURBIGO,0.432024,similar
VALD,DISIZ,1.704985,similar
VALD,DJANGO,1.455574,similar
VALD,GP EXPLORER,0.627839,similar
VALD,GUIZMO,0.860933,similar
VALD,H.E.M,0.509951,similar
VALD,HAYCE LEMSI,0.535996,similar
VALD,MISTER V,1.609272,similar
VALD,NUSKY,0.848303,similar
VALD,NEPAL,1.368124,similar
VALD,PNL,0.553254,similar
VALD,PRIME,0.729746,similar
VALD,RILES,0.47584,similar
VALD,THEODORT,0.590313,similar
VALD,ISHA,0.714293,similar
VALD,S-CREW,0.651658,similar
4KEUS,4KEUS GANG,2.0,similar
4KEUS,RSKO,1.18342,similar
4KEUS,BOLEMVN,1.315898,similar
4KEUS,BRAMSITO,0.653763,similar
4KEUS,CHILY,0.543178,similar
4KEUS,DJ LESKA,0.622752,similar
4KEUS,KAZA,0.843238,similar
4KEUS,STILL FRESH,0.783689,similar
4KEUS,TRIANGLE DES BERMUDES,0.404315,similar
4KEUS,VEGEDREAM,0.4388,similar
4KEUS,YORSSY,0.471278,similar
4KEUS,ZOKUSH,0.423946,similar
4KEUS GANG,RSKO,0.911257,similar
4KEUS GANG,CHILY,0.597882,similar
4KEUS GANG,KULTURR,0.424445,similar
4KEUS GANG,STILL FRESH,0.429469,similar
4KEUS GANG,TIMAR,0.529147,similar
4KEUS GANG,TRIANGLE DES BERMUDES,0.42628,similar
RSKO,BOUSS,0.414696,similar
RSKO,CHILY,1.0,similar
RSKO,DENDEN,0.453161,similar
RSKO,DJ KAWEST,0.452202,similar
RSKO,FAVE,0.402054,similar
RSKO,JOE DWET FILE,0.474578,similar
RSKO,KULTURR,0.783764,similar
RSKO,LA RVFLEUZE,0.469159,similar
RSKO,MONSIEUR NOV,0.60114,similar
RSKO,NONO LA GRINTA,0.842994,similar
RSKO,R2,0.446248,similar
RSKO,YORSSY,1.6956609999999999,similar
RSKO,TIMAR,0.663437,similar
RSKO,ZOKUSH,0.540668,similar
BOLEMVN,AMK,0.558505,similar
BOLEMVN,BRAMSITO,1.762856,similar
BOLEMVN,NAHIR,1.515936,similar
BOLEMVN,GAULOIS,0.611138,similar
BOLEMVN,YORSSY,1.020875,similar
BOLEMVN,KAZA,1.449599,similar
BOLEMVN,BOUSS,1.072644,similar
BOLEMVN,DJ KAWEST,0.485323,similar
BOLEMVN,DJ LESKA,0.603957,similar
BOLEMVN,GIANNI,0.773917,similar
BOLEMVN,JYEUHAIR,0.427688,similar
BOLEMVN,KOFS,0.469319,similar
BOLEMVN,MOHA LA SQUALE,0.432359,similar
BOLEMVN,STILL FRESH,0.751273,similar
BOLEMVN,THEODORT,0.562736,similar
BOLEMVN,TRIANGLE DES BERMUDES,0.425837,similar
BOLEMVN,VEGEDREAM,0.596831,similar
BOLEMVN,YG PABLO,0.805706,similar
BOLEMVN,YL,0.475052,similar
BOLEMVN,ZEG P,0.524938,similar
BOLEMVN,ZOKUSH,0.482809,similar
A2H,SQUIDJI,1.881939,similar
A2H,JOK'AIR,1.451966,similar
A2H,DAMSO,0.760697,similar
A2H,ISHA,0.70272,similar
A2H,LUIDJI,0.700151,similar
A2H,S-CREW,0.695673,similar
A2H,DISIZ,0.629805,similar
A2H,DOUMS,0.614562,similar
A2H,DEEN BURBIGO,0.6022,similar
A2H,NEPAL,0.548208,similar
A2H,ASHH,0.7329,similar
A2H,JYEUHAIR,0.569767,similar
A2H,KAZA,0.484481,similar
A2H,LIVAI,0.587759,similar
A2H,LORD ESPERANZA,0.565707,similar
A2H,NUSKY,0.441127,similar
A2H,PRIME,0.881116,similar
A2H,RILES,0.451929,similar
A2H,STILL FRESH,0.515738,similar
SQUIDJI,ASHH,0.67109,similar
SQUIDJI,JOK'AIR,1.135705,similar
SQUIDJI,LIVAI,0.638702,similar
SQUIDJI,NUSKY,0.507534,similar
SQUIDJI,LUIDJI,0.685807,similar
SQUIDJI,DOUMS,0.611458,similar
SQUIDJI,DAMSO,0.57164,similar
SQUIDJI,DISIZ,0.51561,similar
SQUIDJI,B.B. JACQUES,0.511389,similar
SQUIDJI,WALLACE CLEAVER,0.479487,similar
SQUIDJI,BEKAR,0.476825,similar
SQUIDJI,NEPAL,0.453785,similar
SQUIDJI,YVNNIS,0.442317,similar
SQUIDJI,YG PABLO,0.630741,similar
JOK'AIR,AMK,0.600267,similar
JOK'AIR,ASHH,1.0,similar
JOK'AIR,DJ KAWEST,0.412096,similar
JOK'AIR,DOUMS,0.967674,similar
JOK'AIR,FAVE,0.968636,similar
JOK'AIR,H.E.M,0.493716,similar
JOK'AIR,HATIK,0.72401,similar
JOK'AIR,DAMSO,0.956044,similar
JOK'AIR,LUIDJI,1.361596,similar
JOK'AIR,MADEINPARIS,1.621095,similar
JOK'AIR,S-CREW,0.563096,similar
JOK'AIR,LIVAI,0.492229,similar
JOK'AIR,PONKO,0.670451,similar
JOK'AIR,THEODORT,0.601145,similar
JOK'AIR,YG PABLO,0.739464,similar
JOK'AIR,ZEG P,0.630105,similar
DAMSO,ASHH,0.655572,similar
DAMSO,CHILLA,0.613815,similar
DAMSO,LUIDJI,1.472697,similar
DAMSO,S-CREW,1.003849,similar
DAMSO,DOUMS,1.037291,similar
DAMSO,LEFA,1.420945,similar
DAMSO,DISIZ,1.313523,similar
DAMSO,MISTER V,1.26673,similar
DAMSO,WALLACE CLEAVER,0.407683,similar
DAMSO,ROUNHAA,0.404175,similar
DAMSO,DJANGO,0.578994,similar
DAMSO,FAVE,0.409707,similar
DAMSO,H.E.M,0.467388,similar
DAMSO,HAYCE LEMSI,0.451798,similar
DAMSO,KALASH,0.51672,similar
DAMSO,KRISY,0.855211,similar
DAMSO,NEPAL,0.660475,similar
DAMSO,PNL,0.863977,similar
DAMSO,PONKO,0.468493,similar
DAMSO,PRIME,0.862553,similar
DAMSO,RILES,0.607451,similar
DAMSO,THEODORT,0.649493,similar
DAMSO,WIZTHEMC,0.617968,similar
DAMSO,YG PABLO,0.719673,similar
DAMSO,YOURI,0.590855,similar
DAMSO,ZOLA,0.739192,similar
ISHA,CABALLERO,1.0998199999999998,similar
ISHA,DEEN BURBIGO,1.059751,similar
ISHA,DISIZ,0.931235,similar
ISHA,DOUMS,0.442735,similar
ISHA,GUIZMO,0.739909,similar
ISHA,LIMSA D'AULNAY,2.0,similar
ISHA,JEANJASS,1.505323,similar
ISHA,INFINIT',0.684866,similar
ISHA,MAIRO,0.660474,similar
ISHA,JUNGLE JACK,0.631841,similar
ISHA,PRINCE WALY,0.441972,similar
ISHA,JEWEL USAIN,0.423378,similar
ISHA,KRISY,0.635805,similar
ISHA,LE RAT LUCIANO,0.498097,similar
ISHA,NEPAL,1.095024,similar
LUIDJI,ASHH,0.717867,similar
LUIDJI,BEKAR,0.435926,similar
LUIDJI,DISIZ,1.4241510000000002,similar
LUIDJI,DOUMS,0.9042870000000001,similar
LUIDJI,GROS MO,0.479512,similar
LUIDJI,H.E.M,0.447693,similar
LUIDJI,JYEUHAIR,0.461689,similar
LUIDJI,LEFA,0.501027,similar
LUIDJI,LIVAI,0.429476,similar
LUIDJI,NEPAL,1.8558189999999999,similar
LUIDJI,MADEINPARIS,1.4397250000000001,similar
LUIDJI,PRINCE WALY,0.538228,similar
LUIDJI,WALLACE CLEAVER,0.522053,similar
LUIDJI,S-CREW,0.478409,similar
LUIDJI,ROUNHAA,0.450364,similar
LUIDJI,JEWEL USAIN,0.41972,similar
LUIDJI,YVNNIS,0.403254,similar
LUIDJI,THEODORT,0.550111,similar
LUIDJI,YG PABLO,0.617587,similar
S-CREW,ASHH,0.715252,similar
S-CREW,DEEN BURBIGO,1.062689,similar
S-CREW,DISIZ,0.614057,similar
S-CREW,DJANGO,0.692644,similar
S-CREW,DOUMS,1.648342,similar
S-CREW,LEFA,1.0,similar
S-CREW,MADEINPARIS,0.516252,similar
S-CREW,NEPAL,1.896427,similar
S-CREW,ZEG P,0.466606,similar
DISIZ,BEKAR,1.192262,similar
DISIZ,CHILLA,0.768606,similar
DISIZ,DIAM'S,0.497167,similar
DISIZ,NEPAL,1.379554,similar
DISIZ,ROUNHAA,0.644585,similar
DISIZ,WALLACE CLEAVER,0.639146,similar
DISIZ,YVNNIS,0.624123,similar
DISIZ,PRINCE WALY,0.622209,similar
DISIZ,JEWEL USAIN,0.592461,similar
DISIZ,GP EXPLORER,1.0,similar
DISIZ,LORD ESPERANZA,0.674014,similar
DISIZ,PNL,0.456286,similar
DISIZ,RILES,0.45744,similar
DISIZ,WIZTHEMC,0.534309,similar
DISIZ,YOURI,0.455269,similar
DOUMS,ASHH,0.582881,similar
DOUMS,DEEN BURBIGO,0.685025,similar
DOUMS,NEPAL,2.217379,similar
DOUMS,CABALLERO,0.575552,similar
DOUMS,MADEINPARIS,1.08542,similar
DOUMS,JEANJASS,0.441558,similar
DOUMS,KRISY,1.249885,similar
DOUMS,PRINCE WALY,0.434571,similar
DOUMS,DTF,0.67774,similar
DOUMS,GIANNI,0.432133,similar
DOUMS,JYEUHAIR,0.440927,similar
DOUMS,KAZA,0.469022,similar
DOUMS,LORD ESPERANZA,0.559587,similar
DOUMS,PNL,0.450995,similar
DOUMS,STILL FRESH,0.527782,similar
DOUMS,YG PABLO,0.633323,similar
DOUMS,YOURI,0.489463,similar
DEEN BURBIGO,BEKAR,0.443352,similar
DEEN BURBIGO,CABALLERO,0.741125,similar
DEEN BURBIGO,INFINIT',0.637116,similar
DEEN BURBIGO,NEPAL,1.292194,similar
DEEN BURBIGO,PRINCE WALY,0.573533,similar
DEEN BURBIGO,JUNGLE JACK,0.531393,similar
DEEN BURBIGO,LIMSA D'AULNAY,0.9425870000000001,similar
DEEN BURBIGO,GROS MO,1.22997,similar
DEEN BURBIGO,JEWEL USAIN,0.440716,similar
DEEN BURBIGO,WALLACE CLEAVER,0.427531,similar
DEEN BURBIGO,MAIRO,0.413018,similar
DEEN BURBIGO,B.B. JACQUES,0.412027,similar
DEEN BURBIGO,DJANGO,0.739437,similar
DEEN BURBIGO,GUIZMO,0.761757,similar
DEEN BURBIGO,LORD ESPERANZA,0.741004,similar
NEPAL,ASHH,0.613528,similar
NEPAL,BEKAR,1.0550760000000001,similar
NEPAL,DJANGO,0.570572,similar
NEPAL,LIVAI,0.484011,similar
NEPAL,WALLACE CLEAVER,1.5488659999999999,similar
NEPAL,B.B. JACQUES,1.071509,similar
NEPAL,ROUNHAA,0.579339,similar
NEPAL,YVNNIS,0.553402,similar
NEPAL,JUNGLE JACK,0.553275,similar
NEPAL,CABALLERO,0.467412,similar
NEPAL,MAIRO,0.46513,similar
NEPAL,THEODORT,0.586046,similar
DJ ERISE,ELAMS,1.324735,similar
ELAMS,L'ALLEMAND,0.882225,similar
ELAMS,FABABY,0.525381,similar
ELAMS,LA FAMAX,1.0,similar
VIANNEY,CORNEILLE,0.543129,similar
VIANNEY,JUNGELI,0.438024,similar
VIANNEY,KEEN'V,0.487749,similar
VIANNEY,KENDJI GIRAC,1.7222650000000002,similar
VIANNEY,M POKORA,0.634177,similar
VIANNEY,M. POKORA,1.138957,similar
VIANNEY,NASSI,0.466557,similar
VIANNEY,PIERRE GARNIER,1.524203,similar
VIANNEY,RIDSA,0.528835,similar
VIANNEY,SOPRANO,1.235208,similar
PIERRE GARNIER,AMIR,1.337926,similar
PIERRE GARNIER,CORNEILLE,0.681752,similar
PIERRE GARNIER,HATIK,0.692937,similar
PIERRE GARNIER,JUNGELI,0.467981,similar
PIERRE GARNIER,KEEN'V,0.535012,similar
PIERRE GARNIER,KENDJI GIRAC,1.298818,similar
PIERRE GARNIER,M POKORA,0.936744,similar
PIERRE GARNIER,M. POKORA,1.4965899999999999,similar
PIERRE GARNIER,MC MENOR JP,0.496409,similar
PIERRE GARNIER,NASSI,0.413388,similar
PIERRE GARNIER,RIDSA,1.1666210000000001,similar
PIERRE GARNIER,TAL,0.489068,similar
NIRO,BRAMSITO,0.656272,similar
NIRO,BRULUX,0.733005,similar
NIRO,DADI,0.706914,similar
NIRO,DJ KAYZ,0.729219,similar
NIRO,GUIZMO,0.751431,similar
NIRO,HAYCE LEMSI,0.75531,similar
NIRO,HMZ,0.410469,similar
NIRO,LARTISTE,0.675275,similar
NIRO,MISTER YOU,1.277552,similar
NIRO,NAHIR,1.456729,similar
NIRO,NIAKS,0.609031,similar
NIRO,MAC TYER,0.48821,similar
NIRO,SADEK,1.271895,similar
NIRO,STILL FRESH,1.321165,similar
NIRO,VEN1,0.54488,similar
NIRO,ZKR,0.906605,similar
NAHIR,BOUSS,0.460875,similar
NAHIR,DJ HAMIDA,0.862113,similar
NAHIR,DJ LESKA,0.451538,similar
NAHIR,DJANGO,1.304421,similar
NAHIR,GIANNI,0.556451,similar
NAHIR,HMZ,0.410496,similar
NAHIR,JKSN,0.678255,similar
NAHIR,KOFS,0.662536,similar
NAHIR,KPOINT,0.490218,similar
NAHIR,LYNA MAHYEM,0.415748,similar
NAHIR,MOHA LA SQUALE,0.422415,similar
NAHIR,MAC TYER,0.615854,similar
NAHIR,NIAKS,0.514498,similar
NAHIR,YL,0.553026,similar
NAHIR,ZKR,0.746977,similar
LARTISTE,BLACK M,1.451684,similar
LARTISTE,BRAMSITO,1.474558,similar
LARTISTE,DADI,0.480574,similar
LARTISTE,DIAM'S,0.613304,similar
LARTISTE,DJ LESKA,0.583373,similar
LARTISTE,HATIK,1.393435,similar
LARTISTE,KEEN'V,1.08803,similar
LARTISTE,KOFS,0.476872,similar
LARTISTE,L'ALGERINO,3.0,similar
LARTISTE,SEXION D'ASSAUT,0.770255,similar
LARTISTE,LYNA MAHYEM,1.669941,similar
LARTISTE,SOPRANO,1.267946,similar
LARTISTE,STILL FRESH,1.761854,similar
LARTISTE,MISTER YOU,1.201928,similar
LARTISTE,RIDSA,1.21876,similar
LARTISTE,LOGOBI GT,0.625782,similar
LARTISTE,MATT,0.789391,similar
LARTISTE,NASSI,0.785334,similar
LARTISTE,ZAHO,0.50894,similar
MISTER YOU,BRULUX,1.0,similar
MISTER YOU,HAYCE LEMSI,1.3304360000000002,similar
MISTER YOU,KPOINT,0.403647,similar
MISTER YOU,L'ALGERINO,0.84619,similar
MISTER YOU,LYNA MAHYEM,0.512037,similar
MISTER YOU,STILL FRESH,1.229375,similar
MISTER YOU,MAC TYER,0.414878,similar
MISTER YOU,NIAKS,0.495705,similar
MISTER YOU,PONKO,0.46263,similar
ZOLA,AMK,0.777575,similar
ZOLA,BRULUX,0.677779,similar
ZOLA,H.E.M,0.618423,similar
ZOLA,LA MANO 1.9,0.545742,similar
ZOLA,MC MENOR JP,0.464719,similar
ZOLA,PONKO,0.742673,similar
ZOLA,YG PABLO,0.65945,similar
L'ALGERINO,DJ HAMIDA,1.0,similar
L'ALGERINO,KOFS,1.2470729999999999,similar
L'ALGERINO,SEXION D'ASSAUT,0.97044,similar
L'ALGERINO,BRAMSITO,0.933678,similar
L'ALGERINO,LYNA MAHYEM,1.4374989999999999,similar
L'ALGERINO,MARWA LOUD,0.496545,similar
SEXION D'ASSAUT,BLACK M,0.96929,similar
SEXION D'ASSAUT,DIAM'S,0.955897,similar
SEXION D'ASSAUT,DJ LESKA,0.43823,similar
SEXION D'ASSAUT,DTF,0.72277,similar
SEXION D'ASSAUT,H.E.M,0.578505,similar
SEXION D'ASSAUT,HATIK,0.802723,similar
SEXION D'ASSAUT,KEEN'V,0.462505,similar
SEXION D'ASSAUT,KENDJI GIRAC,0.430222,similar
SEXION D'ASSAUT,LOGOBI GT,0.622145,similar
SEXION D'ASSAUT,MANAU,0.594158,similar
SEXION D'ASSAUT,RIDSA,0.532914,similar
SEXION D'ASSAUT,RILES,0.509696,similar
SEXION D'ASSAUT,SOPRANO,0.712516,similar
SEXION D'ASSAUT,TRIANGLE DES BERMUDES,0.430741,similar
SEXION D'ASSAUT,WIZTHEMC,0.552128,similar
SEXION D'ASSAUT,ZAHO,0.744614,similar
JUNGLE JACK,CABALLERO,0.531588,similar
JUNGLE JACK,GHOST KILLER TRACK,0.422965,similar
JUNGLE JACK,JEANJASS,0.673585,similar
JUNGLE JACK,KRISY,0.60878,similar
JUNGLE JACK,LIMSA D'AULNAY,0.514458,similar
JUNGLE JACK,SO LA LUNE,0.557658,similar
INFINIT',CABALLERO,0.403818,similar
INFINIT',JEANJASS,0.515701,similar
INFINIT',KRISY,0.553492,similar
INFINIT',LIMSA D'AULNAY,0.643349,similar
INFINIT',PNL,0.415765,similar
MAIRO,CABALLERO,0.428518,similar
MAIRO,GHOST KILLER TRACK,0.549407,similar
MAIRO,JEANJASS,0.537379,similar
MAIRO,KRISY,0.591588,similar
MAIRO,LIMSA D'AULNAY,0.407631,similar
MAIRO,PRIME,0.506263,similar
MAIRO,SO LA LUNE,0.479838,similar
JEANJASS,CABALLERO,2.0,similar
JEANJASS,LIMSA D'AULNAY,1.11017,similar
JEANJASS,PRINCE WALY,0.435406,similar
JEANJASS,KRISY,0.884391,similar
YVNNIS,BEKAR,0.538723,similar
YVNNIS,DAU,0.435732,similar
YVNNIS,GHOST KILLER TRACK,0.582136,similar
YVNNIS,MADEINPARIS,0.425307,similar
YVNNIS,SO LA LUNE,0.642946,similar
PRINCE WALY,GROS MO,0.455033,similar
PRINCE WALY,KRISY,0.837167,similar
PRINCE WALY,MADEINPARIS,0.466894,similar
PRINCE WALY,YOURI,0.65823,similar
ROUNHAA,BEKAR,0.577042,similar
ROUNHAA,GHOST KILLER TRACK,0.951802,similar
ROUNHAA,GIANNI,0.489145,similar
ROUNHAA,LIVAI,0.656292,similar
ROUNHAA,MADEINPARIS,0.598523,similar
ROUNHAA,SO LA LUNE,0.862932,similar
ROUNHAA,YOURI,0.999894,similar
KENDJI GIRAC,CORNEILLE,0.625322,similar
KENDJI GIRAC,HATIK,1.347386,similar
KENDJI GIRAC,KEEN'V,1.5866760000000002,similar
KENDJI GIRAC,M. POKORA,1.8388460000000002,similar
KENDJI GIRAC,RIDSA,1.719962,similar
KENDJI GIRAC,BLACK M,0.629711,similar
KENDJI GIRAC,COLONEL REYEL,0.471018,similar
KENDJI GIRAC,LOGOBI GT,0.493018,similar
KENDJI GIRAC,M POKORA,0.991114,similar
KENDJI GIRAC,NASSI,0.452798,similar
KENDJI GIRAC,TAL,0.617723,similar
KENDJI GIRAC,ZAHO,0.507829,similar
M. POKORA,BLACK M,0.955068,similar
M. POKORA,CHILLA,0.434572,similar
M. POKORA,CORNEILLE,0.590079,similar
M. POKORA,KEEN'V,1.695087,similar
M. POKORA,RIDSA,1.664714,similar
M. POKORA,SOPRANO,0.72892,similar
M. POKORA,TAL,1.134271,similar
M. POKORA,MATT,0.456395,similar
M. POKORA,ZAHO,0.612821,similar
ZAHO,CHILLA,0.474422,similar
ZAHO,CORNEILLE,1.4415580000000001,similar
ZAHO,DIAM'S,1.3944640000000001,similar
ZAHO,IMEN ES,1.773973,similar
ZAHO,LOGOBI GT,0.481421,similar
ZAHO,MARWA LOUD,0.413686,similar
ZAHO,MATT,0.614107,similar
ZAHO,NEJ,0.590665,similar
ZAHO,TAL,1.19855,similar
ZAHO,SOPRANO,0.723772,similar
ZAHO,KEEN'V,0.572568,similar
ZAHO,BLACK M,0.551805,similar
ZAHO,AYA NAKAMURA,0.524346,similar
ZAHO,RIDSA,0.520346,similar
ZAHO,COLONEL REYEL,0.502868,similar
ZAHO,HATIK,0.484208,similar
ZAHO,WEJDENE,0.480412,similar
AMK,DADI,1.0,similar
AMK,YORSSY,0.983829,similar
AMK,STARE DOBRE MAŁZENSTWO,0.90702,similar
AMK,FAVE,0.685679,similar
AMK,VEN1,0.635244,similar
AMK,LA MANO 1.9,0.607115,similar
AMK,R2,0.531252,similar
AMK,PONKO,0.62662,similar
DADI,MAC TYER,0.456158,similar
DADI,DAU,0.51796,similar
DADI,H.E.M,0.592346,similar
DADI,PONKO,0.661136,similar
DADI,YOURI,0.401141,similar
YORSSY,BOUSS,0.900857,similar
YORSSY,CHILY,0.646746,similar
YORSSY,DENDEN,0.534048,similar
YORSSY,DJ KAWEST,0.460994,similar
YORSSY,FAVE,1.138932,similar
YORSSY,H.E.M,0.447801,similar
YORSSY,JKSN,0.582569,similar
YORSSY,JYEUHAIR,0.748077,similar
YORSSY,KULTURR,0.459701,similar
YORSSY,LA MANO 1.9,0.541854,similar
YORSSY,NONO LA GRINTA,0.617754,similar
YORSSY,RNBOI,0.627955,similar
YORSSY,STILL FRESH,0.405656,similar
STARE DOBRE MAŁZENSTWO,H.E.M,0.589759,similar
STARE DOBRE MAŁZENSTWO,JKSN,0.661687,similar
STARE DOBRE MAŁZENSTWO,LA MANO 1.9,0.630059,similar
STARE DOBRE MAŁZENSTWO,PONKO,0.488325,similar
STARE DOBRE MAŁZENSTWO,VEN1,0.812686,similar
STARE DOBRE MAŁZENSTWO,ZKR,0.787905,similar
STARE DOBRE MAŁZENSTWO,ZOKUSH,0.566341,similar
FAVE,DJ KAWEST,0.429855,similar
FAVE,GP EXPLORER,0.611427,similar
FAVE,H.E.M,0.737395,similar
FAVE,LA MANO 1.9,0.627338,similar
FAVE,NONO LA GRINTA,0.558616,similar
FAVE,RNBOI,0.546675,similar
FAVE,THEODORT,0.619709,similar
FAVE,YG PABLO,0.609917,similar
FAVE,ZEG P,0.703663,similar
VEN1,BRULUX,0.942008,similar
VEN1,HMZ,0.436692,similar
VEN1,JKSN,1.745324,similar
VEN1,NIAKS,1.21398,similar
VEN1,BOUSS,0.88238,similar
VEN1,DJADJA & DINAZ,0.624358,similar
VEN1,ZKR,1.328402,similar
VEN1,ZOKUSH,0.450845,similar
LA MANO 1.9,DENDEN,0.637795,similar
LA MANO 1.9,GP EXPLORER,0.742562,similar
LA MANO 1.9,JKSN,1.590566,similar
LA MANO 1.9,KULTURR,0.413738,similar
LA MANO 1.9,NONO LA GRINTA,1.947063,similar
LA MANO 1.9,LA RVFLEUZE,1.76553,similar
LA MANO 1.9,R2,1.26547,similar
LA MANO 1.9,TIMAR,0.474173,similar
LA MANO 1.9,TKS 2G,0.437736,similar
LA MANO 1.9,ZOKUSH,0.414597,similar
R2,CHILY,0.673486,similar
R2,GP EXPLORER,0.740841,similar
R2,KULTURR,1.0,similar
R2,LA RVFLEUZE,1.269444,similar
R2,NONO LA GRINTA,1.6061480000000001,similar
R2,RNBOI,0.449413,similar
R2,TIMAR,0.852725,similar
R2,TKS 2G,0.542776,similar
R2,ZOKUSH,0.478582,similar
TKS 2G,GP EXPLORER,1.4348969999999999,similar
TKS 2G,PONKO,0.471638,similar
TKS 2G,DJ KAWEST,1.0,similar
TKS 2G,DJ LESKA,0.630186,similar
TKS 2G,TRIANGLE DES BERMUDES,0.561022,similar
TKS 2G,NONO LA GRINTA,0.469511,similar
DJ KAWEST,AYA NAKAMURA,1.046321,similar
DJ KAWEST,DENDEN,0.743304,similar
DJ KAWEST,DJ LESKA,1.843953,similar
DJ KAWEST,TRIANGLE DES BERMUDES,1.221007,similar
DJ KAWEST,LE CLUB,0.875974,similar
DJ KAWEST,GP EXPLORER,0.643328,similar
DJ KAWEST,KULTURR,0.434359,similar
GP EXPLORER,TRIANGLE DES BERMUDES,0.818836,similar
GP EXPLORER,NONO LA GRINTA,0.633161,similar
GP EXPLORER,BEKAR,0.608105,similar
VLADIMIR CAUCHEMAR,DJANGO,0.498911,similar
BEKAR,ASHH,0.590895,similar
BEKAR,WALLACE CLEAVER,0.652343,similar
BEKAR,THEODORT,1.175911,similar
BEKAR,B.B. JACQUES,0.439982,similar
BEKAR,JYEUHAIR,0.617897,similar
BEKAR,LIVAI,0.769587,similar
BEKAR,LORD ESPERANZA,0.716425,similar
BEKAR,NUSKY,0.508377,similar
BEKAR,YG PABLO,0.707319,similar
ASHH,MADEINPARIS,0.576979,similar
ASHH,YG PABLO,1.256398,similar
ASHH,PNL,0.488721,similar
MADEINPARIS,DAU,0.759835,similar
MADEINPARIS,PONKO,0.496823,similar
MADEINPARIS,YG PABLO,0.974057,similar
YG PABLO,THEODORT,0.636755,similar
PNL,MOHA LA SQUALE,0.455065,similar
PNL,PONKO,0.539248,similar
PNL,WIZTHEMC,0.437609,similar
AYA NAKAMURA,RONISIA,1.786337,similar
AYA NAKAMURA,WEJDENE,1.667361,similar
AYA NAKAMURA,CHILLA,0.534218,similar
AYA NAKAMURA,CORNEILLE,0.473578,similar
AYA NAKAMURA,DENDEN,0.796182,similar
AYA NAKAMURA,HATIK,0.665137,similar
AYA NAKAMURA,IMEN ES,0.63141,similar
AYA NAKAMURA,MARWA LOUD,1.0,similar
AYA NAKAMURA,NASSI,0.432242,similar
AYA NAKAMURA,NEJ,0.986126,similar
AYA NAKAMURA,RNBOI,0.515433,similar
RONISIA,DENDEN,0.646382,similar
RONISIA,MARWA LOUD,0.476286,similar
RONISIA,NEJ,0.569442,similar
RONISIA,WEJDENE,1.388846,similar
WEJDENE,CHILLA,0.463599,similar
WEJDENE,CORNEILLE,0.467433,similar
WEJDENE,DENDEN,0.516455,similar
WEJDENE,IMEN ES,1.359303,similar
WEJDENE,MARWA LOUD,1.271516,similar
WEJDENE,NEJ,1.4209399999999999,similar
WALLACE CLEAVER,DJANGO,1.0,similar
WALLACE CLEAVER,GHOST KILLER TRACK,0.491704,similar
WALLACE CLEAVER,JYEUHAIR,0.419548,similar
WALLACE CLEAVER,KRISY,0.725293,similar
WALLACE CLEAVER,LIVAI,0.677282,similar
WALLACE CLEAVER,LORD ESPERANZA,0.559454,similar
THEODORT,H.E.M,0.482006,similar
THEODORT,JYEUHAIR,1.759466,similar
THEODORT,LIVAI,1.527271,similar
THEODORT,MISTER V,1.186895,similar
THEODORT,B.B. JACQUES,0.615316,similar
B.B. JACQUES,DAU,0.428641,similar
B.B. JACQUES,DJANGO,0.597663,similar
B.B. JACQUES,GHOST KILLER TRACK,0.477187,similar
B.B. JACQUES,JYEUHAIR,0.42063,similar
BRAMSITO,LYNA MAHYEM,1.9131879999999999,similar
BRAMSITO,KAZA,1.6747420000000002,similar
BRAMSITO,VEGEDREAM,1.600273,similar
BRAMSITO,LE CLUB,1.1452,similar
BRAMSITO,DJ LESKA,1.2045750000000002,similar
BRAMSITO,DJ HAMIDA,0.58449,similar
BRAMSITO,GIANNI,0.510198,similar
BRAMSITO,HATIK,0.693774,similar
BRAMSITO,JOE DWET FILE,0.787637,similar
BRAMSITO,MARWA LOUD,0.55808,similar
BRAMSITO,NASSI,0.745639,similar
BRAMSITO,NEJ,0.436798,similar
BRAMSITO,TRIANGLE DES BERMUDES,0.401282,similar
BRAMSITO,ZEG P,0.447774,similar
BOUSS,DJADJA & DINAZ,1.0,similar
BOUSS,GAULOIS,0.575556,similar
BOUSS,KAZA,1.3125339999999999,similar
BOUSS,JEY BROWNIE,0.405831,similar
BOUSS,HMZ,0.423573,similar
BOUSS,JKSN,0.644515,similar
BOUSS,NIAKS,0.649085,similar
BOUSS,TIMAR,0.455975,similar
BOUSS,ZOKUSH,0.489739,similar
DJADJA & DINAZ,LOGOBI GT,0.441963,similar
DJADJA & DINAZ,NIAKS,0.57206,similar
DJADJA & DINAZ,ZKR,0.640988,similar
KOFS,JUNGELI,0.416221,similar
KOFS,YL,0.487381,similar
LYNA MAHYEM,DJ LESKA,0.803525,similar
LYNA MAHYEM,HATIK,1.24036,similar
DTF,SO LA LUNE,0.7969,similar
DTF,STILL FRESH,1.115067,similar
DTF,GUIZMO,0.520353,similar
DTF,MISTER V,0.517096,similar
DTF,VEGEDREAM,0.421007,similar
SOPRANO,BLACK M,2.0,similar
SOPRANO,DIAM'S,1.540994,similar
SOPRANO,DJ LESKA,0.438764,similar
SOPRANO,HATIK,0.871586,similar
SOPRANO,M POKORA,0.72892,similar
SOPRANO,MANAU,0.795711,similar
SOPRANO,COLONEL REYEL,0.515229,similar
RILES,CHILLA,0.44002,similar
RILES,LORD ESPERANZA,1.052963,similar
RILES,MISTER V,0.688195,similar
RILES,HATIK,0.414641,similar
RILES,WIZTHEMC,0.558992,similar
TAL,KEEN'V,1.429829,similar
TAL,M POKORA,0.495102,similar
TAL,COLONEL REYEL,0.818291,similar
TAL,BLACK M,0.802356,similar
L'ALLEMAND,LA FAMAX,0.864312,similar
LA FAMAX,MRC,0.606768,similar
MRC,MEDINE,0.488845,similar
BLACK M,COLONEL REYEL,0.49418,similar
BLACK M,DIAM'S,0.62639,similar
BLACK M,DJ HAMIDA,0.727277,similar
BLACK M,DJ LESKA,0.527595,similar
BLACK M,KEEN'V,0.693678,similar
BLACK M,LOGOBI GT,0.554914,similar
BLACK M,M POKORA,0.536074,similar
BLACK M,MANAU,0.537838,similar
BLACK M,MARWA LOUD,0.637596,similar
BLACK M,RIDSA,0.791941,similar
BLACK M,VEGEDREAM,0.522963,similar
COLONEL REYEL,CORNEILLE,0.550279,similar
COLONEL REYEL,DIAM'S,0.721111,similar
COLONEL REYEL,DJ LESKA,0.407277,similar
COLONEL REYEL,KEEN'V,0.613266,similar
COLONEL REYEL,LOGOBI GT,0.751693,similar
COLONEL REYEL,RIDSA,0.527753,similar
GAULOIS,HMZ,0.542544,similar
GAULOIS,ZEG P,0.431396,similar
KAZA,MMZ,1.059804,similar
KAZA,MOHA LA SQUALE,0.413825,similar
KAZA,PRIME,0.466867,similar
MAC TYER,GUIZMO,0.761738,similar
MAC TYER,HAYCE LEMSI,0.675818,similar
MAC TYER,KPOINT,0.581261,similar
MAC TYER,SADEK,0.585854,similar
MAC TYER,STILL FRESH,0.806628,similar
RIDSA,CORNEILLE,0.625978,similar
RIDSA,HATIK,1.424595,similar
RIDSA,KEEN'V,2.0,similar
RIDSA,LOGOBI GT,0.442854,similar
RIDSA,M POKORA,0.882908,similar
RIDSA,MANAU,0.486498,similar
RIDSA,MATT,0.403336,similar
RIDSA,MC MENOR JP,0.508381,similar
RIDSA,NASSI,0.734832,similar
VEGEDREAM,IMEN ES,1.166253,similar
VEGEDREAM,MARWA LOUD,1.362582,similar
VEGEDREAM,JUNGELI,0.616037,similar
VEGEDREAM,TRIANGLE DES BERMUDES,0.453341,similar
LE CLUB,SADEK,2.0,similar
DJ LESKA,TRIANGLE DES BERMUDES,1.2729599999999999,similar
DJ LESKA,JOE DWET FILE,1.0708350000000002,similar
BRULUX,SADEK,0.984526,similar
BRULUX,HAYCE LEMSI,0.784961,similar
BRULUX,NIAKS,0.727517,similar
BRULUX,ZKR,0.698322,similar
SADEK,GIANNI,0.778683,similar
SADEK,HAYCE LEMSI,1.23494,similar
SADEK,MMZ,1.8735979999999999,similar
SADEK,GUIZMO,0.61035,similar
HAYCE LEMSI,GUIZMO,1.641917,similar
HAYCE LEMSI,DJANGO,0.593916,similar
HAYCE LEMSI,ALKPOTE,0.57229,similar
HAYCE LEMSI,MOHA LA SQUALE,0.857944,similar
NIAKS,HMZ,1.991396,similar
NIAKS,LA RVFLEUZE,0.99738,similar
NIAKS,ZKR,1.555753,similar
NIAKS,ISK,0.639657,similar
NIAKS,TIMAR,0.48855,similar
ZKR,HMZ,1.587091,similar
ZKR,ISK,0.874447,similar
ZKR,MOHA LA SQUALE,0.836232,similar
CABALLERO,LIMSA D'AULNAY,0.901898,similar
CABALLERO,DJANGO,0.586506,similar
CABALLERO,GROS MO,0.434346,similar
CABALLERO,KRISY,0.887656,similar
CABALLERO,PRIME,0.697155,similar
LIMSA D'AULNAY,SO LA LUNE,0.42728,similar
JUNGELI,MC MENOR JP,0.871065,similar
JUNGELI,TRIANGLE DES BERMUDES,0.471769,similar
CHILLA,MISTER V,0.770532,similar
CHILLA,JEWEL USAIN,0.494653,similar
CHILLA,HATIK,0.434711,similar
CHILLA,PRIME,0.511316,similar
MISTER V,LORD ESPERANZA,0.628322,similar
JEWEL USAIN,DAU,0.444052,similar
JEWEL USAIN,JYEUHAIR,0.554757,similar
JEWEL USAIN,KRISY,0.556156,similar
HATIK,CORNEILLE,0.571614,similar
HATIK,DIAM'S,0.548141,similar
HATIK,MATT,0.42971,similar
CHILY,NONO LA GRINTA,1.096702,similar
CHILY,KULTURR,1.2736290000000001,similar
CHILY,RNBOI,0.476118,similar
CHILY,DENDEN,0.486357,similar
NONO LA GRINTA,DENDEN,0.56172,similar
NONO LA GRINTA,JKSN,0.635293,similar
NONO LA GRINTA,KULTURR,0.514315,similar
NONO LA GRINTA,LA RVFLEUZE,1.890244,similar
NONO LA GRINTA,RNBOI,0.696236,similar
NONO LA GRINTA,TIMAR,0.642054,similar
NONO LA GRINTA,ZOKUSH,0.538464,similar
KULTURR,RNBOI,0.621876,similar
RNBOI,DENDEN,0.568447,similar
RNBOI,LA RVFLEUZE,0.48947,similar
RNBOI,TRIANGLE DES BERMUDES,1.022861,similar
RNBOI,MONSIEUR NOV,0.41113,similar
KEEN'V,CORNEILLE,0.516201,similar
KEEN'V,LOGOBI GT,1.0,similar
KEEN'V,M POKORA,0.899017,similar
KEEN'V,NASSI,0.763067,similar
CORNEILLE,MATT,1.516432,similar
GUIZMO,DJANGO,1.701952,similar
GUIZMO,LE RAT LUCIANO,0.574385,similar
GUIZMO,MOHA LA SQUALE,0.496738,similar
DENDEN,TRIANGLE DES BERMUDES,0.577512,similar
DIAM'S,MANAU,0.599901,similar
MEDINE,LE RAT LUCIANO,0.543325,similar
DJ HAMIDA,MARWA LOUD,0.676463,similar
MARWA LOUD,IMEN ES,1.657808,similar
MARWA LOUD,NEJ,1.144609,similar
DJANGO,NUSKY,0.473428,similar
STILL FRESH,MOHA LA SQUALE,0.435643,similar
MOHA LA SQUALE,KPOINT,0.44365,similar
MOHA LA SQUALE,PRIME,0.449696,similar
GHOST KILLER TRACK,YOURI,0.709219,similar
H.E.M,JYEUHAIR,0.449357,similar
ALKPOTE,NUSKY,0.487678,similar
ISK,JKSN,0.664443,similar
JKSN,ZOKUSH,1.530615,similar
JKSN,LA RVFLEUZE,1.2252809999999998,similar
LA RVFLEUZE,TIMAR,1.50022,similar
NEJ,NASSI,0.73945,similar
MC MENOR JP,ZEG P,0.717475,similar
ZEG P,PONKO,0.625588,similar
NUSKY,YOURI,0.7103,similar
