artist_snep,lastfm_name,mbid,listeners,playcount,tags,lastfm_url
$-CREW,$-Crew,811ce22a-0974-448c-ab8d-42629857e1ad,3634.0,37795.0,,https://www.last.fm/music/$-Crew
-M-,-M-,,152005.0,2455050.0,french|rock|chanson francaise|pop|rock francais,https://www.last.fm/music/-M-
"-M-, TOUMANI DIABATÉ, SIDIKI DIABATÉ","-M-, Toumani Diabaté, Sidiki Diabaté",,55.0,176.0,,"https://www.last.fm/music/-M-,+Toumani+Diabat%C3%A9,+Sidiki+Diabat%C3%A9"
070 SHAKE,070 Shake,741dbc8e-1cd5-4a66-b2b8-43bbad87ae12,762408.0,21705133.0,rnb|hip hop|rap|Hip-Hop|synthpop,https://www.last.fm/music/070+Shake
100 BLAZE,100 Blaze,ce0bf40c-08a5-4990-9959-e859e1b89699,12152.0,160694.0,,https://www.last.fm/music/100+Blaze
113,113,32dc3f24-253c-47ef-9f7c-157f8442f4a6,74946.0,740403.0,Hip-Hop|rap|rap francais|french rap|french,https://www.last.fm/music/113
13 BLOCK,13 Block,ee281c14-5420-478c-899e-52beed04ae8a,42117.0,2751136.0,trap|french|rap|Hip-Hop|drill,https://www.last.fm/music/13+Block
13 ORGANISÉ,13 Organisé,8c31de6d-3b19-47ea-94e7-5253fc7c89e0,23960.0,253984.0,Hip-Hop,https://www.last.fm/music/13+Organis%C3%A9
1PLIKÉ140,1PLIKÉ140,012da0e5-f3cd-40bf-913d-25cc973d0408,39064.0,2335173.0,drill fr|french|rap|france|french rap,https://www.last.fm/music/1PLIK%C3%89140
2 BE 3,2 Be 3,1f1e114b-ccf4-4da9-886e-140cd93f4b1c,10045.0,67413.0,french|Gay Metal|2 Be 3|francais|90s,https://www.last.fm/music/2+Be+3
2 PAC,2Pac,382f1005-e9ab-4684-afd4-0bdae4ee37f2,4196825.0,148136693.0,rap|Hip-Hop|Gangsta Rap|West Coast Rap|hip hop,https://www.last.fm/music/2Pac
2 UNLIMITED,2 Unlimited,515b236c-cce1-4dc2-aedd-50de7b1736e2,593511.0,5444102.0,eurodance|dance|90s|techno|electronic,https://www.last.fm/music/2+Unlimited
20 FINGERS,20 Fingers,1592a0a6-c7aa-40d7-aa2d-2e3026bb85fa,115010.0,551190.0,dance|electronic|eurodance|90s|pop,https://www.last.fm/music/20+Fingers
21 SAVAGE,21 Savage,37b2cb82-ef79-4d46-a184-a549450aa231,2321407.0,221773053.0,trap|Hip-Hop|rap|hip hop|atlanta,https://www.last.fm/music/21+Savage
2TH,2TH,82c161c8-d923-486c-be26-574b2b15a2de,21396.0,434605.0,france|rap|Hip-Hop|electronic|French hip hop,https://www.last.fm/music/2TH
2ZER,2zer,dc616cec-4eaf-4684-ac03-ca43d1d6bf15,10385.0,131537.0,,https://www.last.fm/music/2zer
3,3,3c23d0bd-b361-4456-ad79-ccc5643f3b93,201200.0,3135344.0,Progressive rock|alternative rock|rock|industrial black metal|experimental,https://www.last.fm/music/3
3 T,3T,8275ed69-a0f8-4bad-b6e0-2c57d306e593,171474.0,854627.0,pop|rnb|90s|soul|american,https://www.last.fm/music/3T
3010,3010,7971e621-2181-4319-a55d-a979a71ce3ec,4273.0,77539.0,premium|rap|aero|rap francais|hyde or die,https://www.last.fm/music/3010
313,313,b8b674bf-3b19-450a-9295-d58d49518a8d,13693.0,182781.0,Power metal|heavy metal|2ch|speed metal|US MEtal,https://www.last.fm/music/313
3EME OEIL,Le 3ème œil,,857.0,7945.0,rap francais|Hip-Hop|french hip-hop,https://www.last.fm/music/Le+3%C3%A8me+%C5%93il
3EME ŒIL,3eme Œil,,2.0,4.0,,https://www.last.fm/music/3eme+%C5%92il
3ROBI,3Robi,,37627.0,981825.0,netherlands|dutch rap|dutch|rap|netherland,https://www.last.fm/music/3Robi
47TER,47ter,d3812f13-0962-42a8-bbcd-0e64c873b2eb,31489.0,990311.0,rap|french|Hip-Hop|france|francais,https://www.last.fm/music/47ter
4KEUS,4KEUS,,27548.0,595722.0,french|france|french rap|rap francais|afro trap,https://www.last.fm/music/4KEUS
4KEUS GANG,4KEUS GANG,,12683.0,151480.0,french|rap|french rap|france|la courneuve,https://www.last.fm/music/4KEUS+GANG
50 CENT,50 Cent,8e68819d-71be-4e7d-b41d-f1df81b01d3f,4954461.0,121653875.0,rap|Hip-Hop|Gangsta Rap|hip hop|50 Cent,https://www.last.fm/music/50+Cent
6IX9INE,6ix9ine,2282c539-05a2-477c-82b7-fe40798d37f3,1195755.0,33046371.0,Hip-Hop|rap|trap|hip hop|Reggaeton,https://www.last.fm/music/6ix9ine
740 BOYZ,740 Boyz,82cb0c73-7f85-4cae-a9ad-3fcf046b6ad7,15479.0,55984.0,eurodance|dance|90s|House|rap,https://www.last.fm/music/740+Boyz
7IA,7ia,d2db4721-4cb1-4840-8a02-a8c83b261710,73.0,369.0,soul|french|rnb|france|afro,https://www.last.fm/music/7ia
93 EMPIRE,93 Empire,5c888261-a760-447e-a3ee-339466e4a416,460.0,4146.0,,https://www.last.fm/music/93+Empire
A BOOGIE WIT DA HOODIE,A Boogie wit da Hoodie,,1472563.0,103314415.0,Hip-Hop|rap|hip hop|trap|Melodic Rap,https://www.last.fm/music/A+Boogie+wit+da+Hoodie
A LA RECHERCHE DE LA NOUVELLE STAR,A La Recherche De La Nouvelle Star,,316.0,2166.0,,https://www.last.fm/music/A+La+Recherche+De+La+Nouvelle+Star
A R I Z O N A,A R I Z O N A,46b9c1ea-a7d1-49fc-a3b9-3a95a33f3a19,387778.0,6551148.0,pop|electronic|synth|indietronica|american,https://www.last.fm/music/A+R+I+Z+O+N+A
A T C,ATC,408b2a33-d229-46a5-a361-0667bc616e34,252501.0,2395285.0,dance|pop|eurodance|electronic|techno,https://www.last.fm/music/ATC
A TOUCH OF GLASS,A Touch Of Glass,,362.0,1391.0,,https://www.last.fm/music/A+Touch+Of+Glass
A$AP FERG,A$AP Ferg,8ab5d936-49d1-415e-92c8-151e0e7dd912,1641318.0,42654555.0,Hip-Hop|trap|rap|hip hop|swag,https://www.last.fm/music/A$AP+Ferg
A$AP ROCKY,A$AP Rocky,25b7b584-d952-4662-a8b9-dd8cdfbfeb64,3480470.0,375632690.0,Hip-Hop|rap|underground hip-hop|swag|cloud rap,https://www.last.fm/music/A$AP+Rocky
A2H,A2H,4a0d7c69-81b2-4458-82a6-5856f6dede9a,39548.0,851582.0,Hip-Hop|french|french rap|rap|rap francais,https://www.last.fm/music/A2H
A7S,A7S,bcb31fac-a9ee-49ab-bbfe-36b4a4898128,75265.0,404177.0,EDM|pop|House|swedish|Sweden,https://www.last.fm/music/A7S
AALIYAH,Aaliyah,bc85da58-52d9-457d-ae8d-5d8d4ec870a9,2030505.0,42261252.0,rnb|soul|female vocalists|pop|Hip-Hop,https://www.last.fm/music/Aaliyah
AB6IX,AB6IX,1d2c24a6-9ae6-460b-a65e-63671c9fbdd9,154519.0,5878690.0,k-pop|pop|Korean|AB6IX|Kpop,https://www.last.fm/music/AB6IX
ABBA,ABBA,d87e52c5-bb8d-4da8-b941-9f4928627dc8,4429542.0,194452591.0,pop|Disco|70s|swedish|80s,https://www.last.fm/music/ABBA
ABD AL MALIK,Abd Al Malik,,36294.0,599746.0,slam|french|Hip-Hop|rap|french rap,https://www.last.fm/music/Abd+Al+Malik
ABOU DEBEING,Abou Debeing,05a77ee7-5c89-4c91-b448-9a81a3764917,14634.0,120750.0,french|rap|rnb|france|urban pop,https://www.last.fm/music/Abou+Debeing
AC,AC,24220db8-3014-4166-84fc-2b7bdb5b756f,168141.0,2558935.0,AC/DC|hard rock|ACDC|Ac-Dc|classic rock,https://www.last.fm/music/AC
AC/DC,AC/DC,66c662b6-6e2f-4930-8610-912e24c63ed1,4582415.0,214508590.0,hard rock|classic rock|rock|heavy metal|metal,https://www.last.fm/music/AC%2FDC
ACE OF BASE,Ace of Base,d4a1404d-e00c-4bac-b3ba-e3557f6468d6,1867450.0,25518996.0,pop|90s|dance|swedish|female vocalists,https://www.last.fm/music/Ace+of+Base
ACRAZE,ACRAZE,e21e0137-b42d-44a5-abd6-c6ac160d0d7d,502891.0,3988410.0,House|pop|dance|electronic|funk_add_to_lidarr,https://www.last.fm/music/ACRAZE
ADAM NAAS,Adam Naas,8ddfcc80-133d-4c94-be6a-7406829ed5ae,36678.0,271019.0,french|singer-songwriter|queer|indie pop,https://www.last.fm/music/Adam+Naas
ADAM PORT,Adam Port,870549f3-6266-496f-a019-5762aadb713c,483280.0,4371110.0,House|minimal|techno|electronic|dj,https://www.last.fm/music/Adam+Port
ADAMO,Salvatore Adamo,,95362.0,772257.0,french|chanson francaise|male vocalists|chanson|60s,https://www.last.fm/music/Salvatore+Adamo
ADELE,Adele,cc2c9c3c-b7bc-4b8b-84d8-4fbd8779e493,5646327.0,320332434.0,soul|female vocalists|british|singer-songwriter|indie,https://www.last.fm/music/Adele
ADEN FOYER,Aden Foyer,ea74a3ed-1d9f-46a3-a079-0c890f685d4a,76612.0,984699.0,pop,https://www.last.fm/music/Aden+Foyer
ADIEMUS,Adiemus,4dbeae7a-6906-4d85-95df-2b51b4a5d113,328664.0,3437769.0,new age|ambient|choral|world|Classical,https://www.last.fm/music/Adiemus
ADMIRAL T,Admiral T,a19287e1-b752-4470-9969-278d31fe4ea3,20425.0,216456.0,dancehall|reggae|ragga|france|guadeloupe,https://www.last.fm/music/Admiral+T
ADRIANO CELENTANO,Adriano Celentano,d2b50525-1111-4906-aab6-4553f035f679,428027.0,6095434.0,italian|pop|rock|italian pop|italiano,https://www.last.fm/music/Adriano+Celentano
ADRIEL FAVELA,Adriel Favela,f841317c-b0c2-4b2e-9daf-cd6fdc82f2b8,57479.0,1014608.0,REGIONAL MEXICANO|mexico|sinaloa|corridos|Corridos tumbados,https://www.last.fm/music/Adriel+Favela
ADÈLE CASTILLON,Adèle Castillon,d87c77e3-3512-41ed-b241-6387d4a6ae4e,113748.0,2087091.0,french|indie|indie pop|80s|synthpop,https://www.last.fm/music/Ad%C3%A8le+Castillon
ADÉ,Adé,b5b1dbe8-02e8-4b10-a2b1-295782e3d1ef,64538.0,688262.0,french|female vocalists|pop|rap|indie pop,https://www.last.fm/music/Ad%C3%A9
AEROSMITH,Aerosmith,3d2b98e5-556f-4451-a3ff-c50ea18d57cb,4744494.0,131861048.0,hard rock|classic rock|rock|80s|70s,https://www.last.fm/music/Aerosmith
AFRICAN CONNECTION,African Connection,0351e17b-258d-4004-b252-5a301bf9a4b2,1378.0,6919.0,pop|france|francais,https://www.last.fm/music/African+Connection
AFRO B,Afro B,75ddd2e6-8e48-4385-b5e2-625626c8e505,132272.0,1016119.0,afrobeats|UK|british|london|england,https://www.last.fm/music/Afro+B
AFROJACK,Afrojack,a3ee920f-4e7f-4993-8aca-4b8538cfaa4a,963945.0,10863772.0,House|electro house|Progressive House|electronic|electro,https://www.last.fm/music/Afrojack
AFROMAN,Afroman,8c332797-2784-45a7-9b5c-3b86f07a03de,1015526.0,9032697.0,rap|Hip-Hop|reggae|comedy|hip hop,https://www.last.fm/music/Afroman
AGE TENDRE ET TETE DE BOIS,,,,,,
AGNES JAOUI,Agnès Jaoui,b8e57c26-57e0-42ed-b223-86d56c430c03,5972.0,58237.0,latin|World Music|Boris Vian|spotify|Play More,https://www.last.fm/music/Agn%C3%A8s+Jaoui
AGNES OBEL,Agnes Obel,e3c4c4af-f83b-4168-84cb-898009dd0447,975868.0,27981559.0,folk|singer-songwriter|female vocalists|danish|indie,https://www.last.fm/music/Agnes+Obel
AHA,Aha,719066cd-07e2-473f-91db-7652b272f260,78847.0,587080.0,swedish|rock|80s|synth pop|svenskt,https://www.last.fm/music/Aha
AIME SIMONE,Aime Simone,7dfae155-08e0-4d6b-b092-4a6c5e95a725,64938.0,616162.0,france|french|frankreich|post pop,https://www.last.fm/music/Aime+Simone
AIR,Air,14b22b4b-06d5-4b82-8284-29d29b58945f,3242609.0,137983995.0,electronic|chillout|ambient|french|electronica,https://www.last.fm/music/Air
AJR,AJR,2eb55bd9-cfbf-44fd-a5da-92dd825284c7,1241806.0,55432480.0,indie pop|pop|indie|indie rock|american,https://www.last.fm/music/AJR
AKHENATON,Akhenaton,55808e24-5150-4abd-b86b-7c3d7a080da3,80524.0,1259445.0,Hip-Hop|rap|french rap|french|rap francais,https://www.last.fm/music/Akhenaton
AKIL,Akil,8b6d2740-f901-49ac-9fbb-c99edbdc4048,5144.0,19413.0,All|world|arabic|rai,https://www.last.fm/music/Akil
AKON,Akon,1138a764-2212-4d0a-b02d-0dc14df91e08,3764420.0,62563857.0,rnb|Hip-Hop|rap|pop|hip hop,https://www.last.fm/music/Akon
AL JARREAU,Al Jarreau,3e54ba8b-f4cc-4192-9813-890d570e2b7a,411239.0,4298096.0,jazz|soul|Smooth Jazz|vocal jazz|funk,https://www.last.fm/music/Al+Jarreau
ALABINA,Alabina,099997a3-0cb5-4f0e-9587-d270948b2bb9,60661.0,405346.0,arabic|Gypsy|world|latin|Middle Eastern,https://www.last.fm/music/Alabina
ALAIN BASHUNG,Alain Bashung,d31e78a3-4fd8-4b10-9c49-0ee8d4dfd61e,180653.0,3876579.0,french|chanson francaise|rock|chanson|rock francais,https://www.last.fm/music/Alain+Bashung
ALAIN CHAMFORT,Alain Chamfort,5d908002-b164-4dce-9930-f740b165b7fe,56967.0,545175.0,chanson francaise|french|80s|chanson|pop,https://www.last.fm/music/Alain+Chamfort
ALAIN SOUCHON,Alain Souchon,69737ebe-836c-40dc-a938-7e85688426ff,198327.0,2736422.0,chanson francaise|french|pop|chanson|france,https://www.last.fm/music/Alain+Souchon
ALAN PARSONS,Alan Parsons,9774cfd1-8862-42bd-919e-156c31f079b4,103911.0,1427963.0,Progressive rock|rock|electronic|art rock|classic rock,https://www.last.fm/music/Alan+Parsons
ALAN WALKER,Alan Walker,71d524e4-2ae2-4a3e-baa0-0c021925db7a,1810602.0,48746134.0,electronic|House|EDM|dance|norwegian,https://www.last.fm/music/Alan+Walker
ALANIS MORISSETTE,Alanis Morissette,4bdcee62-4902-4773-8cd1-e252e2e31225,2838049.0,81567723.0,female vocalists|rock|alternative|singer-songwriter|pop,https://www.last.fm/music/Alanis+Morissette
ALDEBERT,Aldebert,21f0c4f0-e8b6-4748-8df8-9789ea5e3acc,58589.0,1300670.0,french|chanson francaise|Need to Rate|nouvelle scene francaise|chanson,https://www.last.fm/music/Aldebert
ALEC BENJAMIN,Alec Benjamin,21a14ee3-cede-420a-9d6d-a33517d2f952,1385358.0,54407641.0,pop|indie pop|american|indie|male vocalists,https://www.last.fm/music/Alec+Benjamin
ALEKH KUMAR PARIDA,Alekh Kumar Parida,,64.0,167.0,,https://www.last.fm/music/Alekh+Kumar+Parida
ALESSIA CARA,Alessia Cara,97e69730-3791-423b-9770-287261588854,1770243.0,37669919.0,pop|soul|rnb|Canadian|female vocalists,https://www.last.fm/music/Alessia+Cara
ALEX AIONO,Alex Aiono,881cd10c-a0e1-4975-97d3-374d5195c31e,101310.0,728358.0,pop|gospel|male vocalists|Singer/Songwriter|United States,https://www.last.fm/music/Alex+Aiono
ALEX BEAUPAIN,Alex Beaupain,9362e158-a7a9-4db2-aef9-0010def4e0f9,41765.0,1084630.0,french|chanson|Soundtrack|chanson francaise|musical,https://www.last.fm/music/Alex+Beaupain
ALEX CLARE,Alex Clare,e8c8a3c3-29b6-421e-b977-fb6796231d41,777637.0,11010243.0,dubstep|electronic|soul|british|pop rock,https://www.last.fm/music/Alex+Clare
ALEX SENSATION,Alex Sensation,55393d51-d45a-444a-bbca-52e7265e1729,107187.0,713546.0,Colombia|cubaton|Latin Urban,https://www.last.fm/music/Alex+Sensation
ALEX WARREN,Alex Warren,609a2ea3-f446-4e31-8eef-9f7591afb55a,1002864.0,30725994.0,pop|folk|singer-songwriter|indie|indie folk,https://www.last.fm/music/Alex+Warren
ALEXIA,Alexia,78af8512-afb2-4aa2-b6a2-8cccf1fb2685,167236.0,1248009.0,eurodance|pop|dance|female vocalists|90s,https://www.last.fm/music/Alexia
ALI GATIE,Ali Gatie,c5d8019c-fe79-4968-9329-f7af6cdc26f3,588398.0,8321392.0,rnb|Canadian|soul|pop|iraqi,https://www.last.fm/music/Ali+Gatie
ALIANCE ETHNIK,Alliance Ethnik,8bc9464e-5967-477e-a9c3-ad5639d24517,51787.0,469966.0,Hip-Hop|funk|french|rap|90s,https://www.last.fm/music/Alliance+Ethnik
ALICE DEEJAY,Alice Deejay,,1153469.0,9600085.0,dance|trance|electronic|techno|dutch,https://www.last.fm/music/Alice+Deejay
ALICE MERTON,Alice Merton,7292ba91-0465-4679-a697-6891570ae06c,441958.0,5794920.0,pop|indie|indie pop|female vocalists|german,https://www.last.fm/music/Alice+Merton
ALICIA KEYS,Alicia Keys,8ef1df30-ae4f-4dbd-9351-1a32b208a01e,4233571.0,102968170.0,soul|rnb|female vocalists|pop|singer-songwriter,https://www.last.fm/music/Alicia+Keys
ALIDA,Alida,060dba2d-5633-4500-a451-c42867f43e9d,31480.0,152572.0,pop|soul|female vocalists|Norway|r&b,https://www.last.fm/music/Alida
ALIOCHA SCHNEIDER,Aliocha Schneider,,35541.0,405547.0,french|france|ma vie de roadie,https://www.last.fm/music/Aliocha+Schneider
ALIZEE,Alizée,a344d1d3-bc5e-4a59-95f1-814999d009ac,400943.0,8494667.0,french|pop|female vocalists|french pop|electronic,https://www.last.fm/music/Aliz%C3%A9e
ALL SAINTS,All Saints,a371601f-c184-4683-806d-2eb35e88f0d7,856546.0,9799281.0,pop|female vocalists|british|90s|britpop,https://www.last.fm/music/All+Saints
ALLAN THEO,Allan Theo,ee65d6ea-16d5-4eef-8e2c-f04a044d7ce7,1559.0,7805.0,male|french|boys band|youtube|mymajorcompany,https://www.last.fm/music/Allan+Theo
ALLIAGE,Alliage,eca35b52-588e-47b0-a439-87fba2f606a6,2207.0,16425.0,french|pop|Chanson Française|french pop,https://www.last.fm/music/Alliage
ALLIANCE ETHNIK,Alliance Ethnik,8bc9464e-5967-477e-a9c3-ad5639d24517,51787.0,469966.0,Hip-Hop|funk|french|rap|90s,https://www.last.fm/music/Alliance+Ethnik
ALMA,Alma,01bbc121-de56-4408-ab67-c45593147e4c,316469.0,3973730.0,pop|finnish|french|france|Eurovision,https://www.last.fm/music/Alma
ALOE BLACC,Aloe Blacc,4bf89e02-6c30-4603-9f6a-52619b1bea1a,1242045.0,14691552.0,soul|Hip-Hop|Neo-Soul|Stones throw|hip hop,https://www.last.fm/music/Aloe+Blacc
ALOK,Alok,2179a878-6762-4797-a18e-b4276a4c6d60,1280796.0,26116754.0,electronic|dance|EDM|brazilian|House,https://www.last.fm/music/Alok
ALONZO,Alonzo,9ff87295-bdfc-46fc-b605-456cc39d84ca,94091.0,1661266.0,Hip-Hop|french hip-hop|french|hip hop|rap,https://www.last.fm/music/Alonzo
ALPHA BLONDY,Alpha Blondy,88502cc3-20e7-4c5d-b583-ea84ed263db4,358812.0,3950893.0,reggae|roots reggae|african|world|africa,https://www.last.fm/music/Alpha+Blondy
ALPHA WANN,Alpha Wann,7bfb81ef-e6aa-4716-a9a5-fa5f1b419680,78931.0,6557078.0,french|rap|Hip-Hop|hip hop|underground rap,https://www.last.fm/music/Alpha+Wann
ALPHAVILLE,Alphaville,31aa6f87-8d00-4ae9-a5cc-6d7eeea109d2,1833960.0,23897696.0,synthpop|new wave|80s|pop|synth pop,https://www.last.fm/music/Alphaville
ALPHONSE BROWN,Alphonse Brown,2848f74c-0c61-4ce0-acf2-863c4dff6b71,4613.0,18441.0,humour|Soundtrack|folklore intellectuel,https://www.last.fm/music/Alphonse+Brown
ALVARO SOLER,Alvaro Soler,,381161.0,6519229.0,pop|latin|spain|spanish|latin pop,https://www.last.fm/music/Alvaro+Soler
AMAARAE,Amaarae,29fab96f-c3a2-4251-80f6-7ccda50da706,1022433.0,34208872.0,rnb|afrobeats|ghana|alternative rnb|pop,https://www.last.fm/music/Amaarae
AMANDA LEAR,Amanda Lear,2f2608ed-ff2b-400e-b614-8c648bfaae7b,148378.0,1589343.0,Disco|pop|female vocalists|70s|dance,https://www.last.fm/music/Amanda+Lear
AMARA ABONTA,Amara Abonta,bcdd8ade-2f5e-48fb-a74e-50f13286a556,4.0,5.0,,https://www.last.fm/music/Amara+Abonta
AMAURI VASSILI,Amaury Vassili,289f0af9-f4b9-4ece-a36a-632b4c1747b3,13179.0,205661.0,Classical|french|opera|classical crossover|tenor,https://www.last.fm/music/Amaury+Vassili
AMAURY VASSILI,Amaury Vassili,289f0af9-f4b9-4ece-a36a-632b4c1747b3,13179.0,205661.0,Classical|french|opera|classical crossover|tenor,https://www.last.fm/music/Amaury+Vassili
AMEL BENT,Amel Bent,b40f0299-fa59-41fb-80bb-cbc091c5452f,138293.0,1764085.0,french|pop|female vocalists|french pop|francais,https://www.last.fm/music/Amel+Bent
AMERICA,America,34cf95c7-4be9-4efd-a48a-c2ea4a0bb114,2202656.0,41973871.0,classic rock|rock|70s|soft rock|folk,https://www.last.fm/music/America
AMINE,Amine,f0d574e0-638c-463a-92dd-33aa9339cffb,30177.0,259447.0,rnb|french|Hip-Hop|arabic|maroc,https://www.last.fm/music/Amine
AMINÉ,Aminé,12398bf3-1b99-47b7-930c-f3956773f35a,1492261.0,63556874.0,rap|Hip-Hop|trap|hip hop|american,https://www.last.fm/music/Amin%C3%A9
AMIR,Amir,0ccd8f2f-3b6f-4313-808c-c5440eb479ec,114584.0,1613962.0,electronic|minimal|Eurovision|pop|tech house,https://www.last.fm/music/Amir
AMK,AMK,86c6bd74-f36a-4110-9e7d-86e84863c82c,28555.0,674680.0,noise|experimental|field recordings|ambient|flexi discs,https://www.last.fm/music/AMK
AMY,Amy,905925d2-5876-4617-8d52-3bd92884fc24,15728.0,88295.0,japanese|pop|j-pop|synthpop|electro,https://www.last.fm/music/Amy
AMY MACDONALD,Amy Macdonald,6aa40207-fec8-43a7-991d-b872a42def05,1304637.0,33515090.0,female vocalists|singer-songwriter|indie|acoustic|Scottish,https://www.last.fm/music/Amy+Macdonald
AMY WINEHOUSE,Amy Winehouse,dfe9a7c4-8cf2-47f4-9dcb-d233c2b86ec3,4651945.0,205572966.0,soul|jazz|female vocalists|british|singer-songwriter,https://www.last.fm/music/Amy+Winehouse
ANA MENA,Ana Mena,905d9c0c-0632-4fab-a7b5-7d33b9699907,126684.0,4188356.0,pop|spanish|latin|sexy|female vocalist,https://www.last.fm/music/Ana+Mena
ANAIS,Anaïs,dfd0087e-64e2-4677-9d31-23f25974c138,142315.0,1175880.0,french|chanson francaise|female vocalists|nouvelle scene francaise|france,https://www.last.fm/music/Ana%C3%AFs
ANASTACIA,Anastacia,d3b2bec4-b70e-460e-b433-a865ceac2de8,1087923.0,16657018.0,pop|female vocalists|soul|rock|female,https://www.last.fm/music/Anastacia
ANDRE RIEU,André Rieu,0eaa4a38-6bc3-46aa-91be-563f1fa86e16,313736.0,3334510.0,Classical|instrumental|andre rieu|folk|beautiful,https://www.last.fm/music/Andr%C3%A9+Rieu
ANDRE VERCHUREN,André Verchuren,8153997d-0a0a-4f4a-8aa1-278bb2d7d006,8364.0,43897.0,musette|Accordeon|accordion|french|All,https://www.last.fm/music/Andr%C3%A9+Verchuren
ANDREA BOCELLI,Andrea Bocelli,c5a0a216-c33c-42dc-92b8-4b60236f8dad,1072536.0,16019100.0,Classical|opera|italian|male vocalists|andrea bocelli,https://www.last.fm/music/Andrea+Bocelli
ANDRÉ RIEU,André Rieu,0eaa4a38-6bc3-46aa-91be-563f1fa86e16,313736.0,3334510.0,Classical|instrumental|andre rieu|folk|beautiful,https://www.last.fm/music/Andr%C3%A9+Rieu
ANGE,Ange,f8c6b672-2cc4-4839-a795-b0d41d6e3f4e,27952.0,418046.0,Progressive rock|french|70s|rock|Progressive,https://www.last.fm/music/Ange
ANGELCY	/,,,,,,
ANGGUN,Anggun,c2543756-c98c-452e-b536-60f2ca877046,130951.0,1919466.0,pop|female vocalists|indonesian|french|alternative,https://www.last.fm/music/Anggun
ANGUS,Angus,8118e17d-3cfa-451f-9cc6-8bfc78530bd6,109694.0,842813.0,heavy metal|Power metal|dutch|epic heavy metal|Dutch Heavy Metal,https://www.last.fm/music/Angus
ANGÈLE,Angèle,dcd4701d-64ec-443d-bfbf-73fc87c44bd6,449992.0,20951195.0,pop|Belgium|indie pop|belgian|french pop,https://www.last.fm/music/Ang%C3%A8le
ANIS,Anis,a9263af2-37bb-43cc-b236-d892e23e5a1e,55848.0,545481.0,french|reggae|chanson francaise|nouvelle scene francaise|french pop,https://www.last.fm/music/Anis
ANITTA,Anitta,d606b860-cc03-4959-a3fd-3a24bccf2560,1237984.0,167080317.0,pop|brazilian|funk|dance|female vocalists,https://www.last.fm/music/Anitta
ANN LEE,Ann Lee,6e3ed724-c5a3-4bcd-8ebc-89da0c33b6b8,194398.0,966825.0,dance|pop|electronic|eurodance|female vocalists,https://www.last.fm/music/Ann+Lee
ANNA,Anna,0ad00c9c-b6a1-452c-8cca-eb02acd6b9c6,277518.0,6088544.0,minimal|minimal techno|techno|electronic|italian,https://www.last.fm/music/Anna
ANNA CHEDID,Anna Chedid,1da58a47-26f3-47ac-b633-a2d65795dde1,8.0,122.0,,https://www.last.fm/music/Anna+Chedid
ANNA OF THE NORTH,Anna of the North,4d7db1c4-3c00-4140-8c83-c6d99cfdecf4,660799.0,8170285.0,pop|synthpop|norwegian|indie pop|Norway,https://www.last.fm/music/Anna+of+the+North
ANNE,Anne,1fc464b3-594d-49cf-97ac-01e576d63e0a,24736.0,295119.0,shoegaze|dream pop|post-punk|rock|american,https://www.last.fm/music/Anne
ANNE-MARIE,Anne-Marie,a2b73301-e401-40a9-a15a-2a0a1f2e7766,1204609.0,20897781.0,pop|rnb|british|electronic|female vocalists,https://www.last.fm/music/Anne-Marie
ANNIE LENNOX,Annie Lennox,3e30aebd-0557-4cfd-8fb9-3945afa5d72b,1340406.0,16686675.0,pop|female vocalists|80s|singer-songwriter|rock,https://www.last.fm/music/Annie+Lennox
ANTHONY KAVANAGH,Anthony Kavanagh,0c3ca3aa-21d3-4a15-895c-a7d6c3913166,15729.0,153527.0,Disney|Soundtrack|comicfr|humour,https://www.last.fm/music/Anthony+Kavanagh
ANUEL AA,Anuel AA,87a75fc3-59e7-4598-925c-8e230bce5db9,624113.0,35967598.0,Reggaeton|trap|rap|latin|Latin Trap,https://www.last.fm/music/Anuel+AA
ANYME023,Anyme023,,13525.0,140044.0,,https://www.last.fm/music/Anyme023
AN’OM,,,,,,
APHRODITE'S CHILD,Aphrodite's Child,,299531.0,4488303.0,Progressive rock|Psychedelic Rock|psychedelic|classic rock|rock,https://www.last.fm/music/Aphrodite%27s+Child
AQUA,Aqua,a1ed5e33-22ff-4e7d-a457-42f4309e135f,1616800.0,18506535.0,pop|dance|eurodance|90s|Europop,https://www.last.fm/music/Aqua
ARAM MAFIA,ARAM Mafia,692996bc-b3c1-469a-90d8-618a53de80b9,695.0,3728.0,,https://www.last.fm/music/ARAM+Mafia
ARASH,Arash,0e34ee8b-ac1f-4c95-aba7-856cca40ffb2,303844.0,3746682.0,pop|dance|arabic|Persian|Iranian,https://www.last.fm/music/Arash
ARCADIAN,Arcadian,1c18654f-96c1-40d2-a437-85f586e37917,25693.0,276940.0,french|pop|band|metalcore|francais,https://www.last.fm/music/Arcadian
ARCHIVE,Archive,bd513de0-e42f-425e-ae46-817d7bc5fb1c,826590.0,39189739.0,trip-hop|electronic|Progressive rock|alternative|rock,https://www.last.fm/music/Archive
ARCTIC MONKEYS,Arctic Monkeys,ada7a83c-e3e1-40f1-93f9-3e73dbc9298a,7133571.0,940934005.0,indie rock|indie|british|alternative|rock,https://www.last.fm/music/Arctic+Monkeys
ARETHA FRANKLIN,Aretha Franklin,2f9ecbed-27be-40e6-abca-6de49d50299e,2926542.0,52980860.0,soul|jazz|female vocalists|blues|rhythm and blues,https://www.last.fm/music/Aretha+Franklin
ARIANA GRANDE,Ariana Grande,f4fdbb4c-e4b7-47a0-b83b-d91bbfcfa387,4511842.0,1124434009.0,pop|rnb|female vocalists|Ariana Grande|american,https://www.last.fm/music/Ariana+Grande
ARIELLE DOMBASLE,Arielle Dombasle,9937c3e3-430d-4b1f-8a4a-5879ff618dce,29405.0,371521.0,french|female vocalists|chanson|new age|chanson francaise,https://www.last.fm/music/Arielle+Dombasle
ARIZONA ZERVAS,Arizona Zervas,aa4296e3-f61c-46b5-b4fa-abce5bb62ffb,919903.0,13201829.0,rap|Hip-Hop|rnb|USA|us,https://www.last.fm/music/Arizona+Zervas
ARMAND VAN HELDEN,Armand van Helden,b09b5127-c62e-4bb2-b790-1e4aa18749ed,955592.0,9669023.0,House|electronic|dance|club|trance,https://www.last.fm/music/Armand+van+Helden
ARMIN VAN BUUREN,Armin van Buuren,477b8c0c-c5fc-4ad2-b5b2-191f0bf2a9df,1756335.0,61447935.0,trance|progressive trance|electronic|vocal trance|dance,https://www.last.fm/music/Armin+van+Buuren
ARRESTED DEVELOPMENT,Arrested Development,d8b15d32-609e-44a6-bff1-65c4df53a9f1,492383.0,4865413.0,Hip-Hop|rap|hip hop|alternative rap|90s,https://www.last.fm/music/Arrested+Development
ARSENIK,Arsenik,82b1ed23-2693-49a8-9755-2aa9154f6904,25596.0,357914.0,hip hop|french|rap|punk|French hip hop,https://www.last.fm/music/Arsenik
ART DE RUE,Art De Rue,,83.0,218.0,,https://www.last.fm/music/Art+De+Rue
ARTHUR H,Arthur H,8d88f4a3-0cc7-4f5c-a46c-e669786c8e62,118861.0,1249482.0,french|chanson francaise|nouvelle scene francaise|chanson|france,https://www.last.fm/music/Arthur+H
ARTHUR H	AMOUR CHIEN FOU,,,,,,
ASAF AVIDAN,Asaf Avidan,5b9890b9-a2e8-4768-ad70-9f28bb81fc00,482376.0,6241768.0,folk|israeli|singer-songwriter|folk-rock|rock,https://www.last.fm/music/Asaf+Avidan
ASDEK,Asdek,8936dcce-3cab-4934-b1c8-307ae1b9ddd6,12993.0,78039.0,electro|france,https://www.last.fm/music/Asdek
ASH KIDD,Ash Kidd,,9655.0,117846.0,Hip-Hop,https://www.last.fm/music/Ash+Kidd
ASHE,Ashe,36086094-c2a4-49b9-8572-0fbf12fc3409,1180257.0,25876814.0,future garage|trip hop|microhouse|downtempo|ambient house,https://www.last.fm/music/Ashe
ASHH,Ashh,0c776171-70d1-48ff-96f9-6fcd09fb460d,32809.0,737936.0,,https://www.last.fm/music/Ashh
ASHVMA,Ashvma,,6785.0,70453.0,french|rap,https://www.last.fm/music/Ashvma
ASIAN DUB FOUNDATION,Asian Dub Foundation,db612997-f11e-424d-8b41-cf410a433656,465667.0,9421144.0,dub|electronic|Hip-Hop|alternative|trip-hop,https://www.last.fm/music/Asian+Dub+Foundation
ASSASSIN,Assassin,20cf9a2a-7418-42e1-9b36-312cd9c2088f,85243.0,1181927.0,thrash metal|speed metal|german thrash metal|german|Hip-Hop,https://www.last.fm/music/Assassin
ASSIA,Assia,b6b9e1d4-7074-47c0-9e67-6865d38bc275,12464.0,65885.0,french|rnb|pop|Hip-Hop|female vocalists,https://www.last.fm/music/Assia
ATEYABA,Ateyaba,d91b0b0d-76e7-42ce-86be-1d058f479280,34825.0,3590669.0,rap|Hip-Hop|french rap|trap|alternative rap,https://www.last.fm/music/Ateyaba
ATILI,Atili,3db371bd-a9d0-4627-9577-ad4c077af628,15187.0,132282.0,,https://www.last.fm/music/Atili
ATLXS,ATLXS,,348767.0,4848606.0,phonk|brazil|brazilian,https://www.last.fm/music/ATLXS
ATOMIC KITTEN,Atomic Kitten,6fda00c2-449a-4bf4-838f-038d41a07c73,672834.0,6571300.0,pop|british|female vocalists|Girl Groups|britpop,https://www.last.fm/music/Atomic+Kitten
ATTACHING BOY,ATTACHING BOY,,1.0,6.0,,https://www.last.fm/music/ATTACHING+BOY
AVA MAX,Ava Max,add5f522-25df-41c4-815e-0ca9f60b83e4,1603061.0,67699200.0,pop|electropop|female vocalists|american|dance-pop,https://www.last.fm/music/Ava+Max
AVENTURA,Aventura,5f2cb99a-7e59-429f-a44d-3a880edccfb1,1040009.0,25392226.0,bachata|latin|spanish|pop|latino,https://www.last.fm/music/Aventura
AVICII,Avicii,c85cfd6b-b1e9-4a50-bd55-eb725f04f7d5,3381367.0,113533431.0,House|electronic|dance|Progressive House|electro house,https://www.last.fm/music/Avicii
AVRIL LAVIGNE,Avril Lavigne,0103c1cc-4a09-4a5d-a344-56ad99a77193,5169935.0,268924427.0,pop rock|pop|rock|female vocalists|Canadian,https://www.last.fm/music/Avril+Lavigne
AWA IMANI,Awa Imani,4c75bb95-2c92-4029-9522-5b31f5a8218f,2583.0,13528.0,rnb|soul|r&b|female vocalists|soulful,https://www.last.fm/music/Awa+Imani
AXEL BAUER,Axel Bauer,6c3ea02a-6ad2-4e94-9c55-bc8fae2db647,38848.0,262471.0,french|rock|pop|80s|90s,https://www.last.fm/music/Axel+Bauer
AXELLE RED,Axelle Red,2334787c-a3d6-4dd2-a9ef-9c02b35e7485,107971.0,1282692.0,french|belgian|pop|female vocalists|Belgium,https://www.last.fm/music/Axelle+Red
AXWELL,Axwell,4539050e-e355-4c39-bdfa-e74cb67ce365,647005.0,4747419.0,House|dance|electronic|club|swedish,https://www.last.fm/music/Axwell
AYA NAKAMURA,Aya Nakamura,cf580d82-3f3e-4b86-8874-7e0fbe794f01,510169.0,12531850.0,rnb|pop|mali|french|Hip-Hop,https://www.last.fm/music/Aya+Nakamura
AYESHA CHANEL,Ayesha Chanel,b629da42-c02d-4dc4-b3d5-07d4f35a0b39,256.0,1461.0,,https://www.last.fm/music/Ayesha+Chanel
AYO,Ayo,cb2972b9-29d1-4d47-b5a8-51e1035a6003,332092.0,5477242.0,soul|female vocalists|blues|folk|singer-songwriter,https://www.last.fm/music/Ayo
AYRA STARR,Ayra Starr,c4ac4b97-2eac-46f6-85ae-f916c93847e4,361079.0,7212273.0,rnb|benin|afrobeats|soul|nigeria,https://www.last.fm/music/Ayra+Starr
Ace of Base,Ace of Base,d4a1404d-e00c-4bac-b3ba-e3557f6468d6,1867450.0,25518996.0,pop|90s|dance|swedish|female vocalists,https://www.last.fm/music/Ace+of+Base
Alain Souchon,Alain Souchon,69737ebe-836c-40dc-a938-7e85688426ff,198327.0,2736422.0,chanson francaise|french|pop|chanson|france,https://www.last.fm/music/Alain+Souchon
Ariane Cadier,,,,,,
Artistes contre le sida,Artistes contre le SIDA,,1.0,1.0,,https://www.last.fm/music/Artistes+contre+le+SIDA
B. BOYS,B. Boys,,107.0,431.0,,https://www.last.fm/music/B.+Boys
B. STREISAND/C. DION,,,,,,
B.B. KING,B.B. King,dcb03ce3-67a5-4eb3-b2d1-2a12d93a38f3,1337633.0,20733570.0,blues|blues rock|jazz|guitar|classic rock,https://www.last.fm/music/B.B.+King
B.O.F,B.O.F,,1233.0,69713.0,,https://www.last.fm/music/B.O.F
B.O.F.,B.O.F.,,1870.0,20604.0,french rap|french|Hip-Hop,https://www.last.fm/music/B.O.F.
B.O.F. Version fran,,,,,,
B.S.,B.S.,bc290a1b-b429-469a-aef6-ac3e9885d74e,344.0,2037.0,,https://www.last.fm/music/B.S.
B2K,B2K,e50519c1-6940-40fe-b920-f73f522005e2,447572.0,2722453.0,rnb|Hip-Hop|pop|rap|hip hop,https://www.last.fm/music/B2K
BABYLON ZOO,Babylon Zoo,22459cde-5212-4d97-aa8f-30f0b83eaff0,191989.0,1274576.0,rock|electronic|space rock|alternative|alternative rock,https://www.last.fm/music/Babylon+Zoo
BABYLONE,Babylone,,19716.0,240561.0,algeria|algerian|folk|rock|country,https://www.last.fm/music/Babylone
BACKSTREET BOYS,Backstreet Boys,2f569e60-0a1b-4fb9-95a4-3dc1525d1aad,3076615.0,69471009.0,pop|boybands|90s|dance|backstreet boys,https://www.last.fm/music/Backstreet+Boys
BAD BUNNY,Bad Bunny,89aa5ecb-59ad-46f5-b3eb-2d424e941f19,2607892.0,413016010.0,Reggaeton|trap|latin|puerto rico|trap latino,https://www.last.fm/music/Bad+Bunny
BAD WOLVES,Bad Wolves,2002b451-41ec-4e57-b806-a109931743b1,376924.0,6966983.0,groove metal|alternative metal|metalcore|DJENT|metal,https://www.last.fm/music/Bad+Wolves
BAKERMAT,Bakermat,df60a241-e8df-4917-82db-1f1a8ecd7cc3,679070.0,7711833.0,House|deep house|dutch|electronic|chillout,https://www.last.fm/music/Bakermat
BAMBY,Bamby,7fc86b36-3d65-4432-bbcb-112ad45af6a7,15761.0,131444.0,dancehall|trance|House|Berlin|annette humpe,https://www.last.fm/music/Bamby
BANANARAMA,Bananarama,84d06499-0643-46b8-9e1f-45f743a53f5e,1048005.0,9766092.0,80s|pop|female vocalists|new wave|dance,https://www.last.fm/music/Bananarama
BANDE ORIGINALE DE FILM,Bande Originale de Film,,852.0,10247.0,,https://www.last.fm/music/Bande+Originale+de+Film
BANGLES,The Bangles,f31ec2ac-9071-4306-acd1-d2c8321033b5,1516692.0,14441975.0,pop|80s|female vocalists|new wave|rock,https://www.last.fm/music/The+Bangles
BARACK ADAMA,Barack Adama,b9f3c807-703f-4ca8-8428-cb19189001da,7764.0,58086.0,french|rap|Hip-Hop|france,https://www.last.fm/music/Barack+Adama
BARBARA,Barbara,cf8ffbfe-02ba-4b91-a608-9783d91f709a,225222.0,2580304.0,chanson francaise|french|female vocalists|chanson|francais,https://www.last.fm/music/Barbara
BARBARA HENDRICKS,Barbara Hendricks,21b3c493-68fd-4d56-bd93-bed911d21de5,17750.0,115157.0,soprano|opera|female vocalists|Classical|Barbara Hendricks,https://www.last.fm/music/Barbara+Hendricks
BARBARA PRAVI,Barbara Pravi,65e62f84-e581-4375-a650-8f2d394b05b3,218550.0,3384932.0,french|chanson|france|pop|Eurovision,https://www.last.fm/music/Barbara+Pravi
BARBRA STREISAND,Barbra Streisand,56cd15a1-0d74-438b-8244-c96ffe1cae03,974174.0,15523737.0,female vocalists|pop|80s|diva|70s,https://www.last.fm/music/Barbra+Streisand
BARCLAY JAMES HARVEST,Barclay James Harvest,3ab1e5df-cd3b-479e-a756-3f326cea5572,222050.0,2942372.0,Progressive rock|classic rock|70s|rock|british,https://www.last.fm/music/Barclay+James+Harvest
BARRY WHITE,Barry White,b904d624-9e05-4398-8f4f-88fbcf022f79,1318806.0,16272798.0,soul|funk|Disco|rnb|pop,https://www.last.fm/music/Barry+White
BASHUNG,Alain Bashung,d31e78a3-4fd8-4b10-9c49-0ee8d4dfd61e,180653.0,3876579.0,french|chanson francaise|rock|chanson|rock francais,https://www.last.fm/music/Alain+Bashung
BASIA,Basia,34de4678-044a-486a-a741-4c740025374a,119360.0,1449656.0,jazz|Smooth Jazz|female vocalists|polish|pop,https://www.last.fm/music/Basia
BASTILLE,Bastille,7808accb-6395-4b25-858c-678bbb73896b,2419167.0,91965577.0,indie|electronic|alternative|british|House,https://www.last.fm/music/Bastille
BAZZI,Bazzi,edf81f9b-d3f0-4d57-9636-d08e851b1640,1462182.0,37764714.0,rnb|pop|american|singer-songwriter|Hip-Hop,https://www.last.fm/music/Bazzi
BB BRUNES,BB Brunes,2847fad5-1352-4abc-86fa-72ac0d79cb1f,155373.0,3395307.0,french|indie rock|rock|French rock|Garage Rock,https://www.last.fm/music/BB+Brunes
BB MODEL,BB Model,63877f65-4a4a-4d4a-87f0-60632ab5629a,403.0,1444.0,,https://www.last.fm/music/BB+Model
BBE,BBE,5a680dc4-993a-4acd-9d93-c2b3ad1ff0b2,137094.0,606048.0,trance|electronic|progressive trance|dance|techno,https://www.last.fm/music/BBE
BBYCLOSE,bbyclose,f288b695-79bd-45d2-83b8-6c71df05f8ea,10611.0,49805.0,euro house|tech house,https://www.last.fm/music/bbyclose
BEABADOOBEE,beabadoobee,88d17133-abbc-42db-9526-4e2c1db60336,2661865.0,329743746.0,indie pop|indie rock|indie|bedroom pop|dream pop,https://www.last.fm/music/beabadoobee
BEACH BOYS,The Beach Boys,ebfc1398-8d96-47e3-82c3-f782abcdb13d,4139059.0,165923842.0,classic rock|60s|pop|Surf|rock,https://www.last.fm/music/The+Beach+Boys
BEACH WEATHER,Beach Weather,ddb0a21a-af9f-4333-aa31-214bdaafad37,1423630.0,25700659.0,indie|indie rock|rock|alternative|USA,https://www.last.fm/music/Beach+Weather
BEAT SYSTEM,Beat System,fbe6f51e-bb09-4890-bff6-fe6f947ebb0c,5409.0,36014.0,eurodance|90s|90's|pop|Home collection,https://www.last.fm/music/Beat+System
BEBE CHARLI,BEBE CHARLI,,47.0,132.0,,https://www.last.fm/music/BEBE+CHARLI
BEBE REXHA,Bebe Rexha,db8fad3a-e131-47a1-8782-c2ee93708cdd,1493120.0,39385184.0,pop|female vocalists|electronic|singer-songwriter|alternative,https://www.last.fm/music/Bebe+Rexha
BEBEL GILBERTO,Bebel Gilberto,8777a849-fb4e-4430-9918-170f619c5286,631198.0,8723164.0,Bossa Nova|brazilian|female vocalists|jazz|chillout,https://www.last.fm/music/Bebel+Gilberto
BECKY G,Becky G,eb90c8b8-d733-4c14-a293-105c3d1ba9b3,1479127.0,26135531.0,pop|female vocalists|rap|Hip-Hop|latin,https://www.last.fm/music/Becky+G
BECKY HILL,Becky Hill,27bc6f5b-4585-49ab-8d7d-c62b59f5f010,609743.0,9322932.0,pop|british|UK|female vocalists|the voice,https://www.last.fm/music/Becky+Hill
BEE GEES,Bee Gees,bf0f7e29-dfe1-416c-b5c6-f9ebc19ea810,3476485.0,70515886.0,Disco|pop|70s|classic rock|oldies,https://www.last.fm/music/Bee+Gees
BEENDO Z,Beendo Z,30c52f93-4dd0-4e43-adee-7c985d2534e4,31821.0,1315878.0,french|france|trap,https://www.last.fm/music/Beendo+Z
BEES,The Bees,276cfa71-caa8-4bf4-b522-39a8086e7c6b,337259.0,3536633.0,indie|indie rock|alternative|rock|indie pop,https://www.last.fm/music/The+Bees
BEKAR,Bekar,f5868fbb-f2a6-43ce-be63-fd0232385a31,50434.0,4163618.0,french|france|Rap FR,https://www.last.fm/music/Bekar
BELLINI,Bellini,9e4b3bc8-1153-4f8f-87ce-f46035bae7ea,365200.0,2427269.0,dance|math rock|indie|noise rock|samba,https://www.last.fm/music/Bellini
BELLO&DALLAS,bello&dallas,,10728.0,288744.0,,https://www.last.fm/music/bello&dallas
BEN HARPER,Ben Harper,1582a5b8-538e-45e7-9ae4-4099439a0e79,1558869.0,30937491.0,singer-songwriter|rock|acoustic|folk|alternative,https://www.last.fm/music/Ben+Harper
BEN HARPER AND THE BLIND BOYS OF ALABAMA,Ben Harper And The Blind Boys Of Alabama,,96170.0,617847.0,blues|gospel|folk|singer-songwriter|rock,https://www.last.fm/music/Ben+Harper+And+The+Blind+Boys+Of+Alabama
BEN L'ONCLE SOUL,Ben l'Oncle Soul,,253917.0,3106369.0,soul|french|french soul|retro soul|motown,https://www.last.fm/music/Ben+l%27Oncle+Soul
BEN MAZUE,Ben Mazué,6bc23bdf-751e-4873-8468-d3ba41087c07,90446.0,1636814.0,acoustic|french|rap francais|indie|pop,https://www.last.fm/music/Ben+Mazu%C3%A9
BEN MAZUÉ,Ben Mazué,6bc23bdf-751e-4873-8468-d3ba41087c07,90446.0,1636814.0,acoustic|french|rap francais|indie|pop,https://www.last.fm/music/Ben+Mazu%C3%A9
BEN-J,Ben-J,6f3c4ff0-d7c4-43cd-bb02-89936b334125,1080.0,3852.0,,https://www.last.fm/music/Ben-J
BENAB,Benab,be6e2736-4a22-465a-86ce-ca4a8619c324,23418.0,641980.0,french|rap|hip hop|france,https://www.last.fm/music/Benab
BENABAR,Bénabar,93942b87-215a-4626-b5ec-bf129d9fa2f6,159287.0,2200738.0,french|chanson francaise|nouvelle scene francaise|singer-songwriter|francais,https://www.last.fm/music/B%C3%A9nabar
BENASH,Benash,f4fdde1f-d1c7-46fd-8b01-451af64ad964,12839.0,154640.0,rap|Hip-Hop,https://www.last.fm/music/Benash
BENASSI BROS,Benassi Bros.,52fb411d-5884-497e-9cc1-1e0eb3cfcb01,310506.0,2999853.0,House|electronic|dance|techno|trance,https://www.last.fm/music/Benassi+Bros.
BENEE,BENEE,b8cc2c1b-f62e-4a60-a9a6-5ebae2ec040b,1032026.0,21789106.0,pop|indie pop|indie|New Zealand|female vocalists,https://www.last.fm/music/BENEE
BENJAMIN BIOLAY,Benjamin Biolay,f0c58dc1-8262-410e-a38b-e4f92e14759a,235892.0,4387638.0,french|singer-songwriter|chanson francaise|chanson|francais,https://www.last.fm/music/Benjamin+Biolay
BENJAMIN CLEMENTINE,Benjamin Clementine,578e5d1c-be21-4158-b147-30aad67f207d,192075.0,3504923.0,singer-songwriter|soul|piano|chamber pop|male vocalists,https://www.last.fm/music/Benjamin+Clementine
BENNETT,Bennett,51e60d6d-a964-4978-80c3-5da17e6ea6b7,370613.0,4292334.0,rap|swedish|techno|Hip-Hop|Need to Rate,https://www.last.fm/music/Bennett
BENNY B,Benny B,64c02b1d-8510-4f1a-9d75-3041be3cbcce,9667.0,50810.0,rap|hip hop|Hip-Hop|trance|france,https://www.last.fm/music/Benny+B
BENNY BENASSI,Benny Benassi,674bf89f-8e70-4472-929d-6b4ed6f98c88,1779679.0,19779583.0,electronic|House|techno|dance|trance,https://www.last.fm/music/Benny+Benassi
BENNY BLANCO,benny blanco,05aab861-e2fc-492c-8549-c6a1b6cfefa0,1481135.0,41639246.0,pop|hip hop|electronic|Hip-Hop|Selena Gomez,https://www.last.fm/music/benny+blanco
BENOIT,Benoit,28a50087-b9da-4848-88a2-01fafbdf993d,8145.0,49113.0,hardcore|dance|hardcore punk|grindcore|chaotic hardcore,https://www.last.fm/music/Benoit
BENSON BOONE,Benson Boone,62b914a7-d775-4bb4-bb5e-d46e7df115b5,1502770.0,46530917.0,pop|pop rock|rock|my top songs|USA,https://www.last.fm/music/Benson+Boone
BENZZ,Benzz,8c69812d-dfac-43b0-9cb6-de9db2693b7d,169616.0,1994000.0,UK|UK Drill|rap|english|drill,https://www.last.fm/music/Benzz
BERGER/GALL,Berger/Gall,,14.0,385.0,,https://www.last.fm/music/Berger%2FGall
BERNARD LAVILLIERS,Bernard Lavilliers,8bef9bae-a250-4c4e-8e5e-b2f81607db2a,77371.0,1080629.0,chanson francaise|french|rock|rock francais|france,https://www.last.fm/music/Bernard+Lavilliers
BERTHE SYLVA,Berthe Sylva,d4fdbae2-1f99-4d02-badb-d00311e5a4ac,19066.0,76950.0,chanson francaise|french|All|chanson realiste|chanson populaire francaise,https://www.last.fm/music/Berthe+Sylva
BETTE MIDLER,Bette Midler,ed333e8b-d18a-49fc-b361-4ec9731dfdba,595404.0,5384872.0,female vocalists|pop|80s|rock|singer-songwriter,https://www.last.fm/music/Bette+Midler
BEVERLEY CRAVEN,Beverley Craven,996417f3-5457-4b9f-9bd7-2cfb3d338d49,97135.0,777725.0,pop|female vocalists|singer-songwriter|80s|90s,https://www.last.fm/music/Beverley+Craven
BEYONCE,Beyoncé,859d0860-d480-4efd-970c-c05d5f1776b8,6411624.0,704415072.0,rnb|pop|female vocalists|soul|Hip-Hop,https://www.last.fm/music/Beyonc%C3%A9
BEYONCÉ,Beyoncé,859d0860-d480-4efd-970c-c05d5f1776b8,6411624.0,704415072.0,rnb|pop|female vocalists|soul|Hip-Hop,https://www.last.fm/music/Beyonc%C3%A9
BHASKAR,Bhaskar,69d3c7c9-ca47-4e0c-ba2f-623d1ae2dcf9,117718.0,1255816.0,House|psy|techno|dance|brazil,https://www.last.fm/music/Bhaskar
BIG BOI,Big Boi,9724aa19-fdf9-49d0-9f9d-944e462e2a5c,710297.0,12184315.0,Hip-Hop|rap|Dirty South|hip hop|atlanta,https://www.last.fm/music/Big+Boi
BIG SEAN,Big Sean,942a9807-9c1a-4a0e-a285-1fde2c5be9d1,2797924.0,57715783.0,Hip-Hop|rap|hip hop|good music|big sean,https://www.last.fm/music/Big+Sean
BIG SHAQ,Big Shaq,a5430dfe-fb73-4fed-bfb6-8368b007e0d3,244399.0,1347501.0,Hip-Hop|Grime|comedy|rap|no ketchup just sauce,https://www.last.fm/music/Big+Shaq
BIG SOUL,Big Soul,29dd149f-44c8-48b6-b590-f2bc0ce6ae12,22119.0,201585.0,rock|funk|indie|alternative rock|hardcore,https://www.last.fm/music/Big+Soul
BIGA RANX,Biga Ranx,1515c76e-333d-43c1-bade-deebcc2028ef,36278.0,499436.0,reggae|french|rap|dub|hip hop,https://www.last.fm/music/Biga+Ranx
BIGA*RANX,Biga Ranx,1515c76e-333d-43c1-bade-deebcc2028ef,36278.0,499436.0,reggae|french|rap|dub|hip hop,https://www.last.fm/music/Biga+Ranx
BIGFLO,BIGFLO,9d5cc286-b280-4eb6-8f12-0bd79e485147,13292.0,235367.0,k-pop|Korean|BIGFLO|male vocalists|Kpop,https://www.last.fm/music/BIGFLO
BILAL HASSANI,Bilal Hassani,cbc97f60-f539-406f-859e-3599188d20c8,48927.0,2894365.0,pop|Eurovision|french|Eurovision 2019|eurovision song contest 2019,https://www.last.fm/music/Bilal+Hassani
BILLIE EILISH,Billie Eilish,f4abc0b5-3f7a-4eff-8f78-ac078dbce533,4258866.0,844175318.0,pop|indie pop|electropop|art pop|alternative,https://www.last.fm/music/Billie+Eilish
BILLY CRAWFORD,Billy Crawford,d4720ba6-5571-42c6-b542-94a77e696a90,34649.0,266815.0,pop|dance|male vocalists|soul|r&b,https://www.last.fm/music/Billy+Crawford
BILLY JOEL,Billy Joel,64b94289-9474-4d43-8c93-918ccc1920d1,4080054.0,130853077.0,classic rock|singer-songwriter|rock|pop|piano,https://www.last.fm/music/Billy+Joel
BILLY PAUL,Billy Paul,7e8a2d88-ebed-433c-9971-643a66834835,463655.0,2942951.0,soul|70s|jazz|rhythm and blues|philly soul,https://www.last.fm/music/Billy+Paul
BILLY PAUL AND BILL WITHERS,Bill Withers,fd1a2d9d-9bb6-44de-83a3-41560658aba9,2732925.0,41304059.0,soul|funk|70s|rhythm and blues|rnb,https://www.last.fm/music/Bill+Withers
BILLY ZE KICK,Billy Ze Kick,b9b27e28-287f-4b68-a419-05326b31bdbf,10702.0,89728.0,chanson francaise|rock|french|france|francais,https://www.last.fm/music/Billy+Ze+Kick
BILLY ZE KICK ET LES GAMINS EN FOLIE,Billy Ze Kick et Les Gamins En Folie,,13678.0,116377.0,rock|chanson francaise|french|chanson|lesser known yet streamable artists,https://www.last.fm/music/Billy+Ze+Kick+et+Les+Gamins+En+Folie
BIPOLAR SUNSHINE,Bipolar Sunshine,ba9cfe3a-1aef-4a2a-9d97-03a624ca899c,177270.0,1081995.0,indie|electronic|psychedelic|All|british,https://www.last.fm/music/Bipolar+Sunshine
BIRDY,Birdy,1b8bdee5-783a-4eca-88e5-3e9460739546,1805404.0,50123434.0,folk|indie|female vocalists|british|singer-songwriter,https://www.last.fm/music/Birdy
BISSO NA BISSO,Bisso na Bisso,,8161.0,69879.0,Hip-Hop|french|Congolese|france|francais,https://www.last.fm/music/Bisso+na+Bisso
BISWAJIT MAHAPATRA,Biswajit Mahapatra,,12.0,38.0,,https://www.last.fm/music/Biswajit+Mahapatra
BIWAÏ,Biwaï,,4012.0,37813.0,,https://www.last.fm/music/Biwa%C3%AF
BJ The Chicago Kid,BJ The Chicago Kid,,392236.0,3863069.0,rnb|soul|Neo-Soul|Hip-Hop|chicago,https://www.last.fm/music/BJ+The+Chicago+Kid
BJORK,Björk,87c5dedd-371d-4a53-9f7f-80522fb7f3cb,3477653.0,261250976.0,electronic|experimental|alternative|female vocalists|icelandic,https://www.last.fm/music/Bj%C3%B6rk
BL3SS,Bl3ss,,379016.0,3917773.0,House|UK|deep house|electronic|Organ house,https://www.last.fm/music/Bl3ss
BLACK,Black,738457fb-624c-40db-b68c-66c7a238a955,432165.0,3501302.0,80s|pop|soft rock|singer-songwriter|rock,https://www.last.fm/music/Black
BLACK ATTAK,Black Attack,783491db-c4ca-4d85-b3ad-66abc35edf2a,28667.0,197961.0,rap|Hip-Hop|90s|oldschool|hip hop,https://www.last.fm/music/Black+Attack
BLACK EYED PEAS,Black Eyed Peas,d5be5333-4171-427e-8e12-732087c6b78e,5767734.0,155310859.0,Hip-Hop|pop|rnb|rap|hip hop,https://www.last.fm/music/Black+Eyed+Peas
BLACK KEYS (THE),The Black Keys,d15721d8-56b4-453d-b506-fc915b14cba2,3316527.0,196989722.0,blues rock|blues|rock|indie rock|indie,https://www.last.fm/music/The+Black+Keys
BLACK M,Black M,c05e50ac-63f1-4f65-a9d6-154ce3e82654,123777.0,1518374.0,Hip-Hop|french|hip hop|france|rap,https://www.last.fm/music/Black+M
BLACK PUMAS,Black Pumas,dd569857-d15e-4dbe-baad-b46a5ffe34a0,499316.0,8227223.0,soul|rnb|Psychedelic Soul|rock|blues,https://www.last.fm/music/Black+Pumas
BLACK-T,Black-T,e6003901-0ab2-40cb-b149-bad7320d731c,1352.0,11827.0,,https://www.last.fm/music/Black-T
BLACKBEAR,blackbear,e07d9474-00ea-4460-ac27-88b46b3d976e,1798113.0,70862005.0,electronic|pop|hip hop|Hip-Hop|rnb,https://www.last.fm/music/blackbear
BLACKPINK,BLACKPINK,48646387-1664-4c9a-9139-9bfd091b823c,2021000.0,316525298.0,k-pop|Kpop|pop|Korean|blackpink,https://www.last.fm/music/BLACKPINK
BLACKSTREET,Blackstreet,d72d000b-b860-44f4-9ac1-5d82e3fff9a9,1295358.0,8843598.0,rnb|Hip-Hop|90s|soul|rap,https://www.last.fm/music/Blackstreet
BLANDINE,Blandine,7e03542c-ba2f-4850-8abc-d170faa16d2c,790.0,5787.0,female vocalist|french|pop,https://www.last.fm/music/Blandine
BLOC PARTY,Bloc Party,8c538f11-c141-4588-8ecb-931083524186,3362059.0,155016700.0,indie|indie rock|british|alternative|rock,https://www.last.fm/music/Bloc+Party
BLOCBOY JB,BlocBoy JB,a62e2b14-812a-41a1-884d-5a138705ad2d,562534.0,6124778.0,memphis|rap|Hip-Hop|Southern Hip Hop|trap,https://www.last.fm/music/BlocBoy+JB
BLOOD ORANGE,Blood Orange,c74877e0-58e0-41dd-a022-29361095d753,2010977.0,108643621.0,chillwave|indie|rnb|alternative rnb|indie pop,https://www.last.fm/music/Blood+Orange
BLUE,Blue,9c79224c-70cd-4367-8d90-35ca99401b75,695939.0,8958605.0,pop|british|boybands|rnb|dance,https://www.last.fm/music/Blue
BLUES BROTHERS,The Blues Brothers,2e2c4ad8-02f3-454c-b642-53f037e8c37b,645991.0,9166095.0,blues|rhythm and blues|soul|rock|Soundtrack,https://www.last.fm/music/The+Blues+Brothers
BLUR,Blur,ba853904-ae25-4ebb-89d6-c44cfbd71bd2,4803807.0,196852953.0,britpop|rock|indie|british|alternative,https://www.last.fm/music/Blur
BMYE,BMYE,be3de614-0584-4989-996c-377c60655ec1,4909.0,29003.0,artistes|french|urban pop|france,https://www.last.fm/music/BMYE
BOB,Bob,43990e26-f248-4b9f-966c-edcb8505c7a9,90881.0,893862.0,rapcore|crossover|Nu Metal|alternative|new wave,https://www.last.fm/music/Bob
BOB DYLAN,Bob Dylan,72c536dc-7137-4477-a521-567eeb840fa8,4322452.0,295552361.0,folk|singer-songwriter|classic rock|folk rock|rock,https://www.last.fm/music/Bob+Dylan
BOB MARLEY,Bob Marley,c33627c6-ef0d-49de-9ef0-c4804190040f,2269667.0,80820874.0,reggae|roots reggae|ska|Bob Marley|rock,https://www.last.fm/music/Bob+Marley
BOB MARLEY AND THE WAILERS,Bob Marley & The Wailers,c296e10c-110a-4103-9e77-47bfebb7fb2e,3511777.0,127553178.0,reggae|roots reggae|ska|roots|classic rock,https://www.last.fm/music/Bob+Marley+&+The+Wailers
BOB SINCLAR,Bob Sinclar,f9ab44f1-7b19-4ecb-830c-403abcf36cd1,1684866.0,18038110.0,House|dance|electronic|french|club,https://www.last.fm/music/Bob+Sinclar
BOF,BOF,cb9e6ce1-7f6d-474c-b18a-12f349341aa8,1305.0,18731.0,post-hardcore|electronic,https://www.last.fm/music/BOF
BOF ALADDIN,,,,,,
BOF GODZILLA,,,,,,
BOF JAMES HORNER,BOF James Horner,,2.0,7.0,,https://www.last.fm/music/BOF+James+Horner
BOF LE ROI LION,,,,,,
BOF MOULIN ROUGE,BoF Moulin Rouge,,15.0,129.0,,https://www.last.fm/music/BoF+Moulin+Rouge
BOF PHIL COLLINS,,,,,,
BOLÉMVN,Bolémvn,3632432d-17a0-4fc7-b7b7-5f598a7d29b7,24704.0,486661.0,french|rap|french rap|france,https://www.last.fm/music/Bol%C3%A9mvn
BOMBA ESTÉREO,Bomba Estéreo,aea8576d-7ad5-4430-bf2e-63725d80f05c,370312.0,5896445.0,Colombia|latin|cumbia|electronic|reggae,https://www.last.fm/music/Bomba+Est%C3%A9reo
BOMBTRACK,Bombtrack,43d84477-9b91-4a78-ba16-c66432e78ed5,282.0,952.0,german|rock|Italy|metalcore|Rage Against The Machine Coverband,https://www.last.fm/music/Bombtrack
BOMFUNK MC?S,Bomfunk MC?s,,7.0,17.0,,https://www.last.fm/music/Bomfunk+MC%3Fs
BON ENTENDEUR,Bon Entendeur,c6217a1f-da06-4760-aeef-3dc7aea999dc,182722.0,2378808.0,electronic|france|indietronica|french|french touch,https://www.last.fm/music/Bon+Entendeur
BON JOVI,Bon Jovi,5dcdb5eb-cb72-4e6e-9e63-b7bace604965,4280669.0,125949707.0,rock|hard rock|classic rock|80s|hair metal,https://www.last.fm/music/Bon+Jovi
BOND,Bond,44974a6b-fd75-4756-9592-accf3922bf34,244919.0,4727244.0,instrumental|Classical|contemporary classical|electronic|pop,https://www.last.fm/music/Bond
BONEY M,Boney M.,5403bf6e-bc1d-4e62-b31f-926a2bf66a14,2006069.0,24853886.0,Disco|pop|dance|80s|70s,https://www.last.fm/music/Boney+M.
BONNE NUIT LES PETITS,Bonne nuit les petits,,1582.0,10800.0,under 2000 listeners|france,https://www.last.fm/music/Bonne+nuit+les+petits
BONNIE TYLER,Bonnie Tyler,0aa8294b-6332-4b65-b677-e3a1f8591d3b,2089466.0,21715140.0,pop|80s|female vocalists|rock|classic rock,https://www.last.fm/music/Bonnie+Tyler
BOOBA,Booba,785c0e9c-89f6-4bf4-8296-443a46632d62,195053.0,15698507.0,french rap|Hip-Hop|rap|rap francais|french,https://www.last.fm/music/Booba
BOOKA,Booka,b96f4b29-df72-45ef-87f9-cab5d7318101,1299.0,5510.0,african|good|happy|ethnic|Congolese,https://www.last.fm/music/Booka
BOOSTEE,Boostee,4e3606f2-cea7-4967-b85c-10386216ddc6,24536.0,233242.0,french|france|artistes|french pop,https://www.last.fm/music/Boostee
BORIS,Boris,57652bf8-cfe8-42e7-b9a7-5572a7080d8d,619981.0,26411827.0,drone|Stoner Rock|experimental|Sludge|doom metal,https://www.last.fm/music/Boris
BORIS WAY,Boris Way,a369e7a8-4c2f-4b43-9a22-7b64bef82d30,76596.0,427597.0,UK,https://www.last.fm/music/Boris+Way
BORMIN',Bormin',a4ea2234-5b23-4a6b-900e-70ae52f51c07,2691.0,11902.0,under 2000 listeners,https://www.last.fm/music/Bormin%27
BOSH,Bosh,10ef2b65-663f-46a5-9802-01bd0a8cd5f2,45943.0,723409.0,christian rock|Hip-Hop|pop rock,https://www.last.fm/music/Bosh
BOSS,Boss,47429cf9-ad53-4512-9eef-8a32d5e74e99,47549.0,263026.0,rap|Hip-Hop|heavy metal|detroit|underground hip-hop,https://www.last.fm/music/Boss
BOULEVARD DES AIRS,Boulevard des Airs,1ce29420-14e2-4eb5-9740-f9efe3334c3f,45951.0,716225.0,ska|reggae|jazz|france|chanson,https://www.last.fm/music/Boulevard+des+Airs
BOURVIL,Bourvil,ee827cc0-08b6-4b4b-bd8f-d15616347bf4,43965.0,280296.0,chanson francaise|french|chanson|All|humour,https://www.last.fm/music/Bourvil
BOUSS,bouss,,29124.0,1351039.0,french|france|french rap|Melodic Rap,https://www.last.fm/music/bouss
BOY GEORGE,Boy George,2787bddf-6439-4c73-8162-5f4a1e5fa030,202368.0,1899832.0,pop|80s|new wave|british|singer-songwriter,https://www.last.fm/music/Boy+George
BOYWITHUKE,BoyWithUke,a148ffde-581c-4c39-a8f1-bc49dec7fe68,704449.0,40869911.0,indie pop|pop|Lo-Fi|singer-songwriter|ukulele,https://www.last.fm/music/BoyWithUke
BOYZ II MEN,Boyz II Men,b42eca0f-9381-43db-badb-1cba080a7dc2,1274460.0,14559404.0,rnb|soul|90s|pop|r and b,https://www.last.fm/music/Boyz+II+Men
BRADLEY COOPER,Bradley Cooper,cbe7746f-d4b4-4f0d-a435-1aa181d97b1b,167316.0,2254251.0,actor|rock|country|folk|Soundtrack,https://www.last.fm/music/Bradley+Cooper
BRAMSITO,Bramsito,6de232bb-7125-4fe2-8c2f-40ed96820aff,25810.0,412497.0,french|france|french rap|soul|pop,https://www.last.fm/music/Bramsito
BRANDO,Brando,bf7b4580-ab1e-4f47-9892-6936bd47a797,127086.0,984325.0,Italo Disco|rap|hip hop|80s|italo-disco,https://www.last.fm/music/Brando
BRANDY,Brandy,01e60eba-52df-4694-8f09-39f43abe54e9,1769628.0,30221885.0,rnb|soul|pop|female vocalists|Hip-Hop,https://www.last.fm/music/Brandy
BRASIL TROPICAL SOUND,Brasil Tropical Sound,fb774777-11aa-4f8f-b93d-b99629ce147d,28.0,183.0,,https://www.last.fm/music/Brasil+Tropical+Sound
BRATISLA BOYS,Bratisla Boys,4e271f28-9edc-4091-a24f-755a46ea578a,7849.0,40046.0,french|pop,https://www.last.fm/music/Bratisla+Boys
BREAKBOT,Breakbot,64c9974f-20a9-491d-bd94-2168cd738e2a,816363.0,11416780.0,electronic|french|Disco|indie|electro,https://www.last.fm/music/Breakbot
BREEDERS,The Breeders,667e856e-f3a7-42e9-8244-95422ef31321,1142636.0,24428143.0,alternative|indie|indie rock|female vocalists|alternative rock,https://www.last.fm/music/The+Breeders
BRICE CONRAD,Brice Conrad,448c77dc-cc61-4ce7-8b6f-dd4ff69f8fb2,9014.0,70786.0,french|pop|artistes|le meilleur,https://www.last.fm/music/Brice+Conrad
BRIGITTE,Brigitte,47f1d0f3-9633-4e04-8b82-1fc7de31f6ab,121038.0,1444950.0,french|female vocalists|Chanson Française|france|pop,https://www.last.fm/music/Brigitte
BRIGITTE BARDOT,Brigitte Bardot,efbdded5-ab91-4bb7-ba57-f36d7413eb70,590213.0,6321941.0,french|60s|female vocalists|ye-ye|french pop,https://www.last.fm/music/Brigitte+Bardot
BRIGITTE FONTAINE,Brigitte Fontaine,3e356f2a-3501-4e68-8eff-f77d582c066a,138624.0,1704856.0,Avant-Garde|french|experimental|chanson francaise|female vocalists,https://www.last.fm/music/Brigitte+Fontaine
BRITENEY SPEARS,Britney Spears,45a663b5-b1cb-4a91-bff6-2bef7bbfdd76,6484265.0,499174796.0,pop|dance|female vocalists|Britney Spears|legend,https://www.last.fm/music/Britney+Spears
BRITNEY SPEARS,Britney Spears,45a663b5-b1cb-4a91-bff6-2bef7bbfdd76,6484265.0,499174796.0,pop|dance|female vocalists|Britney Spears|legend,https://www.last.fm/music/Britney+Spears
BROKEN BACK,Broken Back,40b8d9ed-072f-4f32-8fa6-137a298d883a,176450.0,1647274.0,indie|pop|france|dance|electro,https://www.last.fm/music/Broken+Back
BRONSKI BEAT,Bronski Beat,27acebf2-5440-42a7-9db6-19ad2c9dea38,1150537.0,11810049.0,new wave|80s|synthpop|synth pop|pop,https://www.last.fm/music/Bronski+Beat
BROOKS,Brooks,b12afa23-d27c-4df7-87f9-84ad9b835f42,130875.0,1366873.0,House|electronic|techno|dance|dutch,https://www.last.fm/music/Brooks
BROS,Bros,e9a9d23f-febe-4499-a6ec-d040b046a35b,167933.0,866508.0,pop|80s|british|teen pop|england,https://www.last.fm/music/Bros
BRUCE SPRINGSTEEN,Bruce Springsteen,70248960-cb53-4ea4-943a-edb18f7d336f,3591958.0,151780019.0,rock|classic rock|singer-songwriter|folk|80s,https://www.last.fm/music/Bruce+Springsteen
BRULUX,Brulux,b74c82c5-9967-46dd-b758-8e89a942b8c6,18531.0,325192.0,,https://www.last.fm/music/Brulux
BRUNO COULAIS,Bruno Coulais,c5a0743b-de76-4311-9a11-c49c8733aed1,419154.0,7780066.0,Soundtrack|french|instrumental|Classical|composer,https://www.last.fm/music/Bruno+Coulais
BRUNO MARS,Bruno Mars,afb680f2-b6eb-4cd7-a70b-a63b25c763d5,5284623.0,307911660.0,pop|rnb|male vocalists|r&b|slow jams,https://www.last.fm/music/Bruno+Mars
BRUNO MARTINI,Bruno Martini,6cf199b9-02eb-4c69-895c-a7e25b324e58,188278.0,1796124.0,brazilian|electronic|brazil|College 11,https://www.last.fm/music/Bruno+Martini
BRUNO PELLETIER,Bruno Pelletier,e97981e8-2950-430c-bf70-a8d3f9d46213,48105.0,762325.0,french|musical|quebecois|worlds best voices|francophone,https://www.last.fm/music/Bruno+Pelletier
BRVMSOO,Brvmsoo,0f0cf2cd-e257-41b6-aed7-248c53982825,6030.0,78188.0,,https://www.last.fm/music/Brvmsoo
BRYAN ADAMS,Bryan Adams,4dbf5678-7a31-406a-abbe-232f8ac2cd63,3050115.0,54589114.0,rock|classic rock|80s|pop|Canadian,https://www.last.fm/music/Bryan+Adams
BRYAN FERRY,Bryan Ferry,4ef7a9e2-2cf5-483a-8616-ef7791a98026,822598.0,11470167.0,glam rock|new wave|80s|rock|pop,https://www.last.fm/music/Bryan+Ferry
BRYCE VINE,Bryce Vine,a9630d3d-2a3b-4b51-903d-3b092abbc443,467227.0,8542881.0,Hip-Hop|rnb|pop|soul|male vocalists,https://www.last.fm/music/Bryce+Vine
BRYSON TILLER,Bryson Tiller,d8fd8d9b-473b-4f06-83c8-869b1bb9de89,1719368.0,107316013.0,rnb|Hip-Hop|trap|rap|soul,https://www.last.fm/music/Bryson+Tiller
BTS,BTS,0d79fe8e-ba27-4859-bb8c-2f255f346853,2474517.0,3975238678.0,k-pop|bts|Kpop|Korean|pop,https://www.last.fm/music/BTS
BUCKETHEADS,The Bucketheads,24db1a43-a59f-4015-ae37-d52f1907c8f7,278455.0,1391610.0,House|dance|hard techno|Hard Dance|free download,https://www.last.fm/music/The+Bucketheads
BUFFY,Buffy,b29cc007-2a7f-4843-bb83-464253aca7e4,13590.0,165986.0,Soundtrack|freestyle|USA|american|i think this tag is mostly filler,https://www.last.fm/music/Buffy
BUGSEY,Bugsey,,14.0,73.0,,https://www.last.fm/music/Bugsey
BURAK YETER,Burak Yeter,639aa0d6-1782-4c13-aae1-2b55fb623723,332405.0,2914169.0,House|turkish|electronic|turkey|electro,https://www.last.fm/music/Burak+Yeter
BURNA BOY,Burna Boy,78a19169-ac75-4868-b504-7e2e073118e0,825205.0,24232032.0,rap|Hip-Hop|nigeria|afrobeats|nigerian,https://www.last.fm/music/Burna+Boy
BUSTA FLEX,Busta Flex,ef376f0e-d8b8-44b3-bdc9-9102b6486ec5,22239.0,213996.0,french rap|Hip-Hop|french hip-hop|rap|hip-hop francais,https://www.last.fm/music/Busta+Flex
Billy Joel,Billy Joel,64b94289-9474-4d43-8c93-918ccc1920d1,4080054.0,130853077.0,classic rock|singer-songwriter|rock|pop|piano,https://www.last.fm/music/Billy+Joel
Bob Marley,Bob Marley,c33627c6-ef0d-49de-9ef0-c4804190040f,2269667.0,80820874.0,reggae|roots reggae|ska|Bob Marley|rock,https://www.last.fm/music/Bob+Marley
Bruce Springsteen,Bruce Springsteen,70248960-cb53-4ea4-943a-edb18f7d336f,3591958.0,151780019.0,rock|classic rock|singer-songwriter|folk|80s,https://www.last.fm/music/Bruce+Springsteen
BÉNABAR,Bénabar,93942b87-215a-4626-b5ec-bf129d9fa2f6,159287.0,2200738.0,french|chanson francaise|nouvelle scene francaise|singer-songwriter|francais,https://www.last.fm/music/B%C3%A9nabar
C,C,ad1a2860-de41-46b7-88d6-f2435cb1532a,48883.0,326582.0,post-rock|Czech|math rock|instrumental|silver rocket,https://www.last.fm/music/C
C. CARA,,,,,,
C. Fredericks,,,,,,
C. HOGWOOD,C. Hogwood,,6.0,71.0,,https://www.last.fm/music/C.+Hogwood
C. JEROME,C. Jérôme,5525a89a-1530-4f72-b5b3-4de076ebdb21,15656.0,98153.0,chanson francaise|french|pop|france|c jerome,https://www.last.fm/music/C.+J%C3%A9r%C3%B4me
CABALLERO,Caballero,88fe3c4c-8224-4487-bb27-e6f260770922,33510.0,1138656.0,Hip-Hop|rap|techno|Progressive|underground hip-hop,https://www.last.fm/music/Caballero
CALEMA,Calema,903df603-76f8-4e39-9c3d-c1d15377ae91,42888.0,753982.0,Sao Tome and Principe|pop|brazil|portuguese|Festival da Canção 2019,https://www.last.fm/music/Calema
CALI,CALI,335b93cc-0048-4a5f-9b41-bf7a138062b5,141465.0,1489713.0,french|chanson francaise|alternative|rock|nouvelle scene francaise,https://www.last.fm/music/CALI
CALOGERO,Calogero,7e26f094-2ab2-4810-be12-f8fd8953d99d,189610.0,3529458.0,french|chanson francaise|pop|rock|francophone,https://www.last.fm/music/Calogero
CALUM SCOTT,Calum Scott,68fdc9cc-1094-48bb-942f-66492343e41c,792522.0,12266250.0,pop|british|acoustic|hairy chest|cover,https://www.last.fm/music/Calum+Scott
CALVIN HARRIS,Calvin Harris,8dd98bdc-80ec-4e93-8509-2f46bafc09a7,5052033.0,211499235.0,electronic|dance|electro|Disco|electronica,https://www.last.fm/music/Calvin+Harris
CALYPSO ROSE,Calypso Rose,ed4a6b66-f07f-41cb-9e5d-ea47d40beba6,101911.0,734703.0,calypso|soca|latin|trinidad and tobago|tobago,https://www.last.fm/music/Calypso+Rose
CAMELPHAT,CamelPhat,61314ff2-7b52-4296-a0b8-af61dc08bdd1,608232.0,7719694.0,House|british|electronic|deep house|minimal techno,https://www.last.fm/music/CamelPhat
CAMILA CABELLO,Camila Cabello,01b8b5bf-06cb-45da-85fb-61ada72fcd69,2436821.0,130548539.0,pop|female vocalists|cuba|dance|cuban,https://www.last.fm/music/Camila+Cabello
CAMILLE,Camille,a5511b19-c0af-4886-ab1a-042980644dd2,775162.0,11656385.0,french|female vocalists|singer-songwriter|chanson francaise|indie,https://www.last.fm/music/Camille
CAMILLE BERTHOLLET,Camille Berthollet,e82c7c53-5d82-41e7-9364-6cb8055a84a0,9213.0,50261.0,Classical|Virtuoso|violon|violin|violinist,https://www.last.fm/music/Camille+Berthollet
CAMILLE LELLOUCHE,Camille Lellouche,ad666de5-a6c4-4493-8185-2a086fd85f3f,15029.0,141280.0,france|singer-songwriter|female vocalists|pop|paris,https://www.last.fm/music/Camille+Lellouche
CAMILLE TIMMERMAN,Camille Timmerman,30696508-7d1d-47b9-91d3-7db0a5413c3d,6091.0,60195.0,Disney|french|musical,https://www.last.fm/music/Camille+Timmerman
CAMRINWATSIN,CamrinWatsin,ac8331d3-1b8f-4034-83a1-90ed252bfbd2,20606.0,144152.0,electronic|irish|deep house|ireland|EDM,https://www.last.fm/music/CamrinWatsin
CAMÉLIA JORDANA,Camélia Jordana,1a971d5d-0f39-4f7f-8992-c95a7154b28b,186076.0,1622189.0,french|female vocalists|soul|pop|nouvelle star,https://www.last.fm/music/Cam%C3%A9lia+Jordana
CARAPICHO,Carapicho,,568.0,2334.0,,https://www.last.fm/music/Carapicho
CARDI B,Cardi B,2f3c4d70-0462-40da-bba3-0aec5772c556,2455169.0,80212218.0,Hip-Hop|rap|trap|hip hop|trap rap,https://www.last.fm/music/Cardi+B
CARL ORFF,Carl Orff,0b3ee6cd-a2df-4144-adf9-7807ee7ecc4f,632059.0,5795492.0,Classical|opera|german|contemporary classical|composers,https://www.last.fm/music/Carl+Orff
CARLA BRUNI,Carla Bruni,f90575d1-abcb-42b3-ae32-1849312c26e6,985268.0,19657102.0,french|female vocalists|singer-songwriter|chanson|chanson francaise,https://www.last.fm/music/Carla+Bruni
CARLA MORRISON,Carla Morrison,50ee3204-13fb-4ae3-b152-82e3fc845110,396913.0,8754925.0,indie pop|female vocalists|mexico|dream pop|pop,https://www.last.fm/music/Carla+Morrison
CARLOS VIVES,Carlos Vives,ac367c2e-7783-41e5-a184-131da6b0c166,643842.0,8587715.0,latin|Colombia|vallenato|spanish|colombian,https://www.last.fm/music/Carlos+Vives
CAROLIINA,Caroliina,a43ef925-675d-4a0d-bef3-235acd24cb01,313.0,1676.0,,https://www.last.fm/music/Caroliina
CAROLINA,Carolina,d83eb137-f8b2-448a-8733-b7214931b5ec,13771.0,89538.0,fado|female vocalists|arabic|portuguese|Carolina,https://www.last.fm/music/Carolina
CARRAPICHO,Carrapicho,cb2efa34-ced3-4e7b-99c6-4a03d2454c71,61005.0,330237.0,dance|folk|brazil|brasil|brazilian,https://www.last.fm/music/Carrapicho
CASCADA,Cascada,04af2581-6692-4f14-a7fe-151a36f20368,2331295.0,43584859.0,dance|pop|trance|female vocalists|techno,https://www.last.fm/music/Cascada
CASIMIR,Casimir,67dd4cbc-a09b-4bd6-95ac-21d5fbf91442,2708.0,9999.0,All|experimental,https://www.last.fm/music/Casimir
CASPER MAGICO,Casper Magico,,66438.0,803260.0,latin|urban|trap|puerto rico|Puerto Rican,https://www.last.fm/music/Casper+Magico
CASSEURS FLOWTERS,Casseurs Flowters,0e2fe8d5-08d6-4b6c-9e59-a0858cdcdf77,57572.0,2213841.0,french|rap|Hip-Hop|hip hop|french hip-hop,https://www.last.fm/music/Casseurs+Flowters
CASSÖ,cassö,d6a8a2b3-2d54-4763-ab92-a8fffa0bfe23,649977.0,7619577.0,House|electronic|deep house|C|UK,https://www.last.fm/music/cass%C3%B6
CAT STEVENS,Cat Stevens,da8a7465-cf8a-42fd-b7d9-d2ab8f5dbf0d,1464621.0,31267477.0,folk|singer-songwriter|classic rock|acoustic|rock,https://www.last.fm/music/Cat+Stevens
CATHERINE LARA,Catherine Lara,3e92115e-6d0b-474c-98fd-64d321603242,20076.0,128600.0,new age|french|chanson|electronic|Chanson Française,https://www.last.fm/music/Catherine+Lara
CATS ON TREES,Cats on Trees,5fcda981-7389-4207-8c8b-ae5cf13a7332,88697.0,967160.0,french|indie|indie pop|female vocalists|ambient,https://www.last.fm/music/Cats+on+Trees
CAUET,Cauet,f2e0cf37-de4a-426e-afe0-368ce038ea45,6321.0,37853.0,Radio|french|humour|fun|francais,https://www.last.fm/music/Cauet
CECILIA BARTOLI,Cecilia Bartoli,043a40c7-fb90-42f7-89a8-077a8ff61db6,77674.0,942707.0,opera|Classical|mezzo-soprano|female vocalists|baroque,https://www.last.fm/music/Cecilia+Bartoli
CECILIA KRULL,Cecilia Krull,af8c1c00-c95c-4b98-b980-b7ce19e7e4fa,121551.0,978155.0,Soundtrack|pop|female vocalists|españa|español,https://www.last.fm/music/Cecilia+Krull
CEDRIC,Cedric,f55d919b-c4fd-415b-b7fa-d3f0899bb96c,3572.0,17775.0,,https://www.last.fm/music/Cedric
CEDRIC GERVAIS,Cedric Gervais,c9073012-4547-4a72-8963-738d9f8503cc,202660.0,1041900.0,House|electronic|dance|Progressive House|progressive trance,https://www.last.fm/music/Cedric+Gervais
CELESTE,Celeste,9b315250-d1b7-4166-bfc2-610dc9814d57,891781.0,13469683.0,Sludge|screamo|post-hardcore|black metal|french,https://www.last.fm/music/Celeste
CELINE DION,Céline Dion,847e8a0c-cc20-4213-9e16-975515c2a926,2201186.0,44560403.0,pop|female vocalists|Canadian|90s|french,https://www.last.fm/music/C%C3%A9line+Dion
CENTRAL CEE,Central Cee,b0337af1-8d93-4671-b6c9-ba306bf942bf,1335977.0,60286667.0,rap|drill|Hip-Hop|hip hop|UK Drill,https://www.last.fm/music/Central+Cee
CERENA,Cerena,,852.0,5917.0,french|pop|female vocalists|france,https://www.last.fm/music/Cerena
CERES,Ceres,091f2e18-435c-4b06-b73c-f3e6d0f533ad,33750.0,664772.0,emo|indie|heavy metal|punk rock|trance,https://www.last.fm/music/Ceres
CERISE CALIXTE,Cerise Calixte,e05abc44-8be2-4e7c-b86b-fac24b47e5c5,16608.0,198592.0,french pop|disney pop|french female vocalists,https://www.last.fm/music/Cerise+Calixte
CERRONE,Cerrone,9ec90f51-2c4a-495b-b478-2dfc9c07f8bc,350629.0,3179772.0,Disco|House|dance|70s|electronic,https://www.last.fm/music/Cerrone
CESARIA EVORA,Cesária Évora,ceafdf2f-bc18-4b99-8c71-d1834b0065c3,212534.0,2302347.0,female vocalists|latin|cape verde|world|World Music,https://www.last.fm/music/Ces%C3%A1ria+%C3%89vora
CEUZANY,CEUZANY,,1674.0,12315.0,cabo verde|morna|Funana|Coladeira|crioulo cabo-verdiano,https://www.last.fm/music/CEUZANY
CHANCE THE RAPPER,Chance the Rapper,373a4c98-a46b-48e4-86ec-f6ca65b4f438,1406419.0,61076085.0,Hip-Hop|rap|hip hop|chicago|jazz rap,https://www.last.fm/music/Chance+the+Rapper
CHANTAL GOYA,Chantal Goya,e41aeab7-0371-4115-b83a-6500641221ba,79271.0,916127.0,ye-ye|french|french pop|female vocalists|chanson francaise,https://www.last.fm/music/Chantal+Goya
CHAPPELL ROAN,Chappell Roan,56a55378-f155-48de-80a5-d80104221267,2588807.0,339918377.0,pop|indie pop|synthpop|queer|electropop,https://www.last.fm/music/Chappell+Roan
CHARLELIE COUTURE,Charlelie Couture,,27877.0,221739.0,chanson francaise|french|rock francais|rock|france,https://www.last.fm/music/Charlelie+Couture
CHARLES,Charles,dd0cc820-c231-4c06-9097-633cb2d21f48,119991.0,1132471.0,pop|synthpop|dream pop|indie pop|pop punk,https://www.last.fm/music/Charles
CHARLES AZNAVOUR,Charles Aznavour,5f264b87-d5f6-487d-aa3e-ae4c5f0c6fc9,659691.0,10554353.0,french|chanson francaise|chanson|jazz|francais,https://www.last.fm/music/Charles+Aznavour
CHARLI XCX,Charli xcx,260b6184-8828-48eb-945c-bc4cb6fc34ca,3800318.0,729367415.0,pop|synthpop|electronic|female vocalists|Electroclash,https://www.last.fm/music/Charli+xcx
CHARLIE PUTH,Charlie Puth,525f1f1c-03f0-4bc8-8dfd-e7521f87631b,2519302.0,136790931.0,pop|rnb|soul|american|USA,https://www.last.fm/music/Charlie+Puth
CHARLOTTE CARDIN,Charlotte Cardin,62a6ba5d-6e8a-406d-a768-44a433ff1f7f,243557.0,4974797.0,singer-songwriter|pop|Canadian|jazz|canada,https://www.last.fm/music/Charlotte+Cardin
CHARLOTTE GAINSBOURG,Charlotte Gainsbourg,6efa29c6-9995-48e0-9eaf-3809464a39a7,765001.0,15962319.0,french|female vocalists|indie|singer-songwriter|pop,https://www.last.fm/music/Charlotte+Gainsbourg
CHARLY,Charly,b9e86e62-700c-4360-9dc8-68026ea2a13b,7441.0,54837.0,dutch|pop|eurobeat|time|lodz,https://www.last.fm/music/Charly
CHARLY BLACK,Charly Black,10c0c61f-b089-452e-8163-246f6fb71293,265373.0,2181132.0,dancehall|reggae|jamaica|spotify|Dancehall-,https://www.last.fm/music/Charly+Black
CHASE ATLANTIC,Chase Atlantic,ecab255c-3af3-4154-87ec-2685041ce297,1898018.0,207696456.0,rnb|australian|indie|rock|alternative,https://www.last.fm/music/Chase+Atlantic
CHAYANNE,Chayanne,327e24c0-95b4-4754-b509-108dc7f8abfa,519633.0,7450202.0,latin|latin pop|chayanne|spanish|pop,https://www.last.fm/music/Chayanne
CHEAT CODES,Cheat Codes,8b579b9a-84ef-4975-884f-19e988cfc181,943504.0,14236743.0,pop|electronic|tropical house|EDM|House,https://www.last.fm/music/Cheat+Codes
CHEB MAMI,Cheb Mami,634ef2ec-ffe2-4846-ba68-156f852bf5cb,81391.0,745315.0,arabic|rai|algerian|world|World Music,https://www.last.fm/music/Cheb+Mami
CHEMICAL BROTHERS,The Chemical Brothers,1946a82a-f927-40c2-8235-38d64f50d043,2882516.0,85036411.0,electronic|big beat|dance|techno|electronica,https://www.last.fm/music/The+Chemical+Brothers
CHENCHO CORLEONE,Chencho Corleone,60e7a87a-2a15-42cb-831a-fd699a8d9863,96408.0,1194685.0,puerto rico|latin|Reggaeton,https://www.last.fm/music/Chencho+Corleone
CHER,Cher,bfcc6d75-a6a5-4bc6-8282-47aec8531818,2218702.0,38479471.0,pop|female vocalists|80s|dance|rock,https://www.last.fm/music/Cher
CHEU-B,Cheu-B,ed955e7f-eff6-4ca4-88f4-99fe4b338097,23468.0,557731.0,sexy|rap|trap|rap francais|je te kiffe grave vient a ceyrat,https://www.last.fm/music/Cheu-B
CHEVALLIER,Chevallier,eba51619-5c04-4bb3-ae60-21b90eb997ef,606.0,2199.0,,https://www.last.fm/music/Chevallier
CHEZILE,Chezile,6cdf7825-577b-4689-92f9-4df5c8bafe4b,1034305.0,13281146.0,chillout|indie|pop|alternative|chill,https://www.last.fm/music/Chezile
CHICA VAMPIRO,Chica Vampiro,18fe93f2-c790-4335-a218-a0892b230137,90.0,444.0,,https://www.last.fm/music/Chica+Vampiro
CHICO,Chico,7e6920c7-f860-4a70-86c3-74633a52aac2,65696.0,539351.0,polish|Nu Metal|dancehall|reggae|pop,https://www.last.fm/music/Chico
CHICO ROSE,Chico Rose,97cc00ee-25a3-4e3b-a4b6-22bd752116cd,187679.0,1543488.0,dutch|EDM|House|electronic|netherlands,https://www.last.fm/music/Chico+Rose
CHILDISH GAMBINO,Childish Gambino,7fb57fba-a6ef-44c2-abab-2fa3bdee607e,3846667.0,331603133.0,Hip-Hop|rap|hip hop|indie|underground hip-hop,https://www.last.fm/music/Childish+Gambino
CHILLA,Chilla,0f578ead-8f78-41d3-97e5-67513f88bb20,30417.0,557832.0,Hip-Hop|rap|rnb|french|soul,https://www.last.fm/music/Chilla
CHILY,Chily,93b299a2-130d-44ee-b76e-4979fe9277e9,26752.0,382729.0,Ivory Coast,https://www.last.fm/music/Chily
CHIMBALA,Chimbala,12233494-e5d7-427f-8cea-0fc6893fc1d1,97564.0,895320.0,Reggaeton|Dominican|dominican republic,https://www.last.fm/music/Chimbala
CHIMENE BADI,Chimène Badi,42fdc569-3d95-4a2d-9e8c-55d3d7275a68,42720.0,455643.0,french|female vocalists|pop|french pop|Chimene Badi - FR,https://www.last.fm/music/Chim%C3%A8ne+Badi
CHIVV,Chivv,e6802ebd-79da-4632-bbb1-d5e09932e63a,27548.0,695242.0,,https://www.last.fm/music/Chivv
CHORD OVERSTREET,Chord Overstreet,e1d30dc5-9096-4706-95dc-486b2ab52a89,421521.0,4497122.0,glee|Soundtrack|Glee Cast|male vocalists|pop,https://www.last.fm/music/Chord+Overstreet
CHRIS BROWN,Chris Brown,c234fa42-e6a6-443e-937e-2f4b073538a3,4800520.0,162474785.0,rnb|Hip-Hop|Chris Brown|rap|hip hop,https://www.last.fm/music/Chris+Brown
CHRIS ISAAK,Chris Isaak,479497d4-e7c2-4e78-972e-56e78fac3995,2087319.0,33361454.0,rock|blues|singer-songwriter|80s|pop,https://www.last.fm/music/Chris+Isaak
CHRIS KUNNINGHAM,,,,,,
CHRIS REA,Chris Rea,c707b37e-cb5c-4694-be4d-46beefcb2475,1321030.0,16653186.0,blues|rock|classic rock|soft rock|singer-songwriter,https://www.last.fm/music/Chris+Rea
CHRIS WILLIS,Chris Willis,9871f931-c64a-4c09-b090-d1ce25b2c073,75553.0,368571.0,House|trance|dance|electronic|electro house,https://www.last.fm/music/Chris+Willis
CHRISTINA AGUILERA,Christina Aguilera,b202beb7-99bd-47e7-8b72-195c8d72ebdd,4504383.0,208315946.0,pop|female vocalists|soul|rnb|dance,https://www.last.fm/music/Christina+Aguilera
CHRISTINA MILIAN,Christina Milian,78e98e0e-f873-4e5e-b4b7-88b7293fd713,778650.0,5748917.0,rnb|pop|female vocalists|Hip-Hop|dance,https://www.last.fm/music/Christina+Milian
CHRISTINE AND THE QUEENS,Christine and the Queens,,587384.0,15885717.0,french|pop|electronic|female vocalists|indie,https://www.last.fm/music/Christine+and+the+Queens
CHRISTOPHE,Christophe,5cef1748-13f1-4155-b9f6-71cd4212b960,181669.0,1762841.0,french|chanson francaise|singer-songwriter|chanson|french pop,https://www.last.fm/music/Christophe
CHRISTOPHE MAE,Christophe Maé,48292311-c32c-41b6-af08-b7f61efd2f68,103617.0,2009430.0,french|pop|acoustic|singer-songwriter|Need to Rate,https://www.last.fm/music/Christophe+Ma%C3%A9
CHRISTOPHE MAÉ,Christophe Maé,48292311-c32c-41b6-af08-b7f61efd2f68,103617.0,2009430.0,french|pop|acoustic|singer-songwriter|Need to Rate,https://www.last.fm/music/Christophe+Ma%C3%A9
CHRISTOPHE WILLEM,Christophe Willem,3cb275d9-6e5b-4da4-8805-98fe758eba3f,94524.0,1461594.0,french|pop|chanson francaise|funk|nouvelle star,https://www.last.fm/music/Christophe+Willem
CHRISTOPHER CROSS,Christopher Cross,883e4ba4-8ccc-47ed-81df-df51e41792a9,796744.0,8376311.0,soft rock|80s|pop|singer-songwriter|yacht rock,https://www.last.fm/music/Christopher+Cross
CHRYSTAL,The Crystals,c68ea4b4-85ae-481e-8345-959f6cfc1fdc,677780.0,4579805.0,60s|pop|soul|oldies|female vocalists,https://www.last.fm/music/The+Crystals
CIARA,Ciara,03172286-f7ed-4864-a4db-459cd5ca9790,2801384.0,46267624.0,rnb|pop|Hip-Hop|female vocalists|dance,https://www.last.fm/music/Ciara
CIGARETTES AFTER SEX,Cigarettes After Sex,34557d8f-ee4a-44ab-ae6e-49bb8ac604d0,2914870.0,317835786.0,dream pop|shoegaze|slowcore|Lo-Fi|indie,https://www.last.fm/music/Cigarettes+After+Sex
CINDY CRAWFORD,Cindy Crawford,4ce7f11e-4aea-4643-be82-0008c88b098e,164.0,736.0,,https://www.last.fm/music/Cindy+Crawford
CINDY/CENDRILLON 2002,,,,,,
CJ,CJ,204826ff-938f-47c6-835a-a46020ba7559,389091.0,3403255.0,rap|Hip-Hop|rnb|hip hop|trap,https://www.last.fm/music/CJ
CLARA LUCIANI,Clara Luciani,a6386935-e6ee-4aaa-aaa8-70f56b79bc29,155123.0,3258849.0,french|pop|synthpop|Disco|female vocalists,https://www.last.fm/music/Clara+Luciani
CLAUDE BARZOTTI,Claude Barzotti,f557f007-99a4-45c4-b7a8-1b7b2b2a5b0b,28931.0,218836.0,chanson francaise|french|chanson|Belgium|claude barzotti,https://www.last.fm/music/Claude+Barzotti
CLAUDE BRASSEUR,Claude Brasseur,887f7075-44c0-4797-ab18-5d86d21ff4a1,36.0,161.0,,https://www.last.fm/music/Claude+Brasseur
CLAUDE CHALLE,Claude Challe,d14ee6ff-ccc9-41c7-a60e-2b529936dcb8,61379.0,575399.0,lounge|chillout|ambient|downtempo|acid jazz,https://www.last.fm/music/Claude+Challe
CLAUDE FRANCOIS,Claude François,1cfbf85c-dc74-42d6-915e-77033afd0204,160638.0,1646561.0,french|chanson francaise|Disco|pop|chanson,https://www.last.fm/music/Claude+Fran%C3%A7ois
CLAUDE NOUGARO,Claude Nougaro,729d5d04-a4d7-4540-905e-0afec8e9f004,112215.0,1121237.0,chanson francaise|french|jazz|singer-songwriter|chanson,https://www.last.fm/music/Claude+Nougaro
CLAUDIO CAPEO,Claudio Capeo,,1218.0,8524.0,french|accordion,https://www.last.fm/music/Claudio+Capeo
CLAUDIO CAPÉO,Claudio Capéo,6da9d04a-1163-4826-a843-a2ccc6d52c3e,42545.0,598182.0,french|pop|chanson|france|francais,https://www.last.fm/music/Claudio+Cap%C3%A9o
CLEAN BANDIT,Clean Bandit,dacc2d64-7e59-42a8-87a9-10c53919aff2,2607707.0,51850121.0,electronic|indie|british|experimental|electronica,https://www.last.fm/music/Clean+Bandit
CLEMENTINE DOUGLAS,Clementine Douglas,75ee1764-490f-49bd-b6d6-054623354931,8191.0,30204.0,funk_add_to_lidarr_batch_6,https://www.last.fm/music/Clementine+Douglas
CNCO,CNCO,c2258df3-cfce-4dec-a721-33ca87c1be8f,508884.0,9614131.0,pop|latin|Reggaeton|latin pop|boybands,https://www.last.fm/music/CNCO
COCK ROBIN,Cock Robin,a58d4ccf-341d-4f2d-a7c8-52828ce89ad2,188605.0,1492568.0,80s|pop|soft rock|rock|american,https://www.last.fm/music/Cock+Robin
COEUR DE PIRATE,Cœur de Pirate,,329177.0,7938586.0,french|indie|female vocalists|Canadian|pop,https://www.last.fm/music/C%C5%93ur+de+Pirate
COLD PLAY,Coldplay,cc197bad-dc9c-440d-a5b5-d52ba2e14234,9139176.0,783950342.0,rock|alternative|britpop|alternative rock|indie,https://www.last.fm/music/Coldplay
COLDPLAY,Coldplay,cc197bad-dc9c-440d-a5b5-d52ba2e14234,9139176.0,783950342.0,rock|alternative|britpop|alternative rock|indie,https://www.last.fm/music/Coldplay
COLLECTIF METISSE,Collectif Metisse,,3808.0,15607.0,pop|french|francais,https://www.last.fm/music/Collectif+Metisse
COLLECTIF MÉTISSÉ,Collectif Métissé,a94b4d06-a7d9-42df-ac4b-a8b545a43de7,22235.0,136739.0,french|dance|pop|artistes,https://www.last.fm/music/Collectif+M%C3%A9tiss%C3%A9
COLLEGE,College,d41396da-ed4b-4d0a-a902-d4bcd39cef62,632103.0,7646164.0,synthpop|electronic|french|electro|VALERIE,https://www.last.fm/music/College
COLUCHE,Coluche,87255b6e-812b-457c-a7b2-a9b4d85c3dff,9906.0,251969.0,humour|french|humor|comedy|Comique,https://www.last.fm/music/Coluche
COLUMBINE,Columbine,1d9ecb7b-61ef-4e48-af99-a732367398aa,47479.0,3150802.0,industrial|experimental|powernoise|electro-industrial|industrial metal,https://www.last.fm/music/Columbine
COMPAY SEGUNDO,Compay Segundo,8b8ab7a4-add8-4353-a586-e1086e521af8,317729.0,3115550.0,cuban|latin|buena vista social club|jazz|world,https://www.last.fm/music/Compay+Segundo
COMPILATION,Various Artists,4e46dd54-81a6-4a75-a666-d0e447861e3f,394823.0,3784611.0,,https://www.last.fm/music/Various+Artists
COMPILATION POP,Compilation Pop,,10.0,41.0,,https://www.last.fm/music/Compilation+Pop
CONNIE CONSTANCE,Connie Constance,278161b3-eb37-45cc-b62e-8d124055c374,83759.0,459525.0,soul|pop|UK|singer-songwriter|england,https://www.last.fm/music/Connie+Constance
CONRAD,Conrad,5917881a-af95-4568-8bdf-9c73b9575d03,24129.0,146968.0,black metal|barbados|darkpsy|atmospheric black metal|psytrance,https://www.last.fm/music/Conrad
COOKIN' ON 3 BURNERS,Cookin' On 3 Burners,,129719.0,794917.0,funk|jazz|deep funk|soul|11,https://www.last.fm/music/Cookin%27+On+3+Burners
COOLIO,Coolio,cc30e630-8c75-4d78-b205-8e2edc6bdaa7,2145556.0,17838152.0,rap|Hip-Hop|90s|hip hop|West Coast Rap,https://www.last.fm/music/Coolio
CORINNE BAILEY RAE,Corinne Bailey Rae,bc85c6f6-6b06-44c1-8754-ef32c1e6b824,2164360.0,29965308.0,soul|female vocalists|jazz|singer-songwriter|pop,https://www.last.fm/music/Corinne+Bailey+Rae
CORNEILLE,Corneille,eb1ebbe0-8f26-4a05-b535-8eb12ea711f7,82874.0,936171.0,french|rnb|chanson francaise|soul|quebecois,https://www.last.fm/music/Corneille
CORONA,Corona,098acbe6-c428-4ae2-9cd0-3ba80162befb,878589.0,6039174.0,eurodance|dance|90s|pop|90s dance,https://www.last.fm/music/Corona
CORSU - MEZU MEZU,Corsu - Mezu Mezu,dd8953ad-afa0-4284-a578-76cd7723df4b,2397.0,10667.0,,https://www.last.fm/music/Corsu+-+Mezu+Mezu
CRAIG DAVID,Craig David,89e39f67-65cc-4f90-b145-b1b56c209f8a,1274285.0,18040948.0,rnb|pop|soul|british|male vocalists,https://www.last.fm/music/Craig+David
CRAZY FROG,Crazy Frog,3df914b9-e0bc-493c-875a-c412f84ecdad,662154.0,5603292.0,electronic|dance|pop|techno|electronica,https://www.last.fm/music/Crazy+Frog
CREAM,Cream,04cd0cfd-bfd1-4c36-bc38-95c35e2c045f,2779492.0,46661228.0,classic rock|blues rock|rock|psychedelic|blues,https://www.last.fm/music/Cream
CREEPY NUTS,Creepy Nuts,e5e045da-59a3-4b65-8bb4-3c7f3ac9a529,618956.0,21617462.0,japanese|j-pop|Hip-Hop|japan|jersey club,https://www.last.fm/music/Creepy+Nuts
CRISTINA MAROCCO,Cristina Marocco,6d4607a1-5032-4628-b69d-1911da459e29,1047.0,9238.0,,https://www.last.fm/music/Cristina+Marocco
CROSBY STILLS NASH,"Crosby, Stills & Nash",cfafad90-b736-4c74-8ded-f3f4d7b2c792,1076046.0,14429302.0,folk rock|classic rock|folk|rock|60s,"https://www.last.fm/music/Crosby,+Stills+&+Nash"
CULTURE BEAT,Culture Beat,97c30dea-ca61-4efe-be4c-3d56de7900db,675229.0,4679143.0,eurodance|90s|dance|techno|electronic,https://www.last.fm/music/Culture+Beat
CUNNIE WILLIAMS,Cunnie Williams,1f4c7694-50d2-43c7-b5ec-679781ced069,32758.0,207836.0,soul|rnb|acid jazz|funk|male vocalists,https://www.last.fm/music/Cunnie+Williams
CUT KILLER,Cut Killer,e6207340-e26f-49dc-869f-3750804e8096,42743.0,361463.0,Hip-Hop|turntablism|french rap|french|rap francais,https://www.last.fm/music/Cut+Killer
CYLIA,Cylia,74586ba1-1df4-44c2-b00a-18dd4714888a,472.0,2996.0,french|pop|female vocalists,https://www.last.fm/music/Cylia
CYNDI LAUPER,Cyndi Lauper,7bd9e20e-74b9-446a-a2ed-a223f82a36e7,3032625.0,38726299.0,pop|80s|female vocalists|new wave|rock,https://www.last.fm/music/Cyndi+Lauper
CYPRESS HILL,Cypress Hill,51508c1f-8d07-4a00-9cf1-26c570fe7b78,2292022.0,54514509.0,Hip-Hop|rap|rapcore|hip hop|alternative,https://www.last.fm/music/Cypress+Hill
CYRIL,Cyril,087ff116-5c39-4088-964d-d391d8e5f230,315928.0,2495612.0,Progressive rock|deep house|House|art rock|EDM,https://www.last.fm/music/Cyril
Carreras Domingo Pavarotti Levine,,,,,,
Cauet,Cauet,f2e0cf37-de4a-426e-afe0-368ce038ea45,6321.0,37853.0,Radio|french|humour|fun|francais,https://www.last.fm/music/Cauet
Charli XCX,Charli xcx,260b6184-8828-48eb-945c-bc4cb6fc34ca,3800318.0,729367415.0,pop|synthpop|electronic|female vocalists|Electroclash,https://www.last.fm/music/Charli+xcx
Charlie,Charlie,f7773785-2f37-4a81-b704-1399fe508101,214414.0,1847914.0,Italo Disco|rock|Disco|electro|space disco,https://www.last.fm/music/Charlie
Christine and the Queens,Christine and the Queens,,587384.0,15885717.0,french|pop|electronic|female vocalists|indie,https://www.last.fm/music/Christine+and+the+Queens
CÉLINE DION,Céline Dion,847e8a0c-cc20-4213-9e16-975515c2a926,2201186.0,44560403.0,pop|female vocalists|Canadian|90s|french,https://www.last.fm/music/C%C3%A9line+Dion
CŒUR DE PIRATE,Cœur de Pirate,,329177.0,7938586.0,french|indie|female vocalists|Canadian|pop,https://www.last.fm/music/C%C5%93ur+de+Pirate
D J VISAGE,D J Visage,,2.0,2.0,,https://www.last.fm/music/D+J+Visage
D-BLOCK EUROPE,D-Block Europe,,364723.0,18210045.0,Hip-Hop|rap|british|hip hop|UK,https://www.last.fm/music/D-Block+Europe
D. LEVY,D. Levy,,1.0,1.0,,https://www.last.fm/music/D.+Levy
D. SARGUE,D. Sargue,,1.0,1.0,,https://www.last.fm/music/D.+Sargue
D.R.A.M.,D.R.A.M.,,145507.0,1243803.0,rnb|Hip-Hop|soul|rap|trap,https://www.last.fm/music/D.R.A.M.
D4VD,d4vd,d8e07579-ff5a-41f2-b7a7-c71880b8287a,2328079.0,117091142.0,pop|rnb|dream pop|rock|bedroom pop,https://www.last.fm/music/d4vd
DA HOLL,Da Hool,08e6bef1-633e-41d8-8201-a65e1ac8ec64,245344.0,1352247.0,techno|trance|electronic|House|german,https://www.last.fm/music/Da+Hool
DA HOOL,Da Hool,08e6bef1-633e-41d8-8201-a65e1ac8ec64,245344.0,1352247.0,techno|trance|electronic|House|german,https://www.last.fm/music/Da+Hool
DA MUTTZ,Da Muttz,14d66d4f-f649-42e4-8b9e-9e6f8b833a27,9208.0,40918.0,electronic|wassup|comedy|Hip-Hop,https://www.last.fm/music/Da+Muttz
DA UZI,DA Uzi,29c7887e-8d12-48a9-8cbb-19ae64f9857b,39852.0,1895959.0,french rap|france|trap|french trap,https://www.last.fm/music/DA+Uzi
DABABY,DaBaby,87ae83df-6173-40cc-a0f2-bad543faa6aa,1533221.0,56205551.0,rap|Hip-Hop|trap|hip hop|american,https://www.last.fm/music/DaBaby
DABS,Dabs,ef0e6216-19bc-4a81-b3e8-524c476cd7f2,21938.0,188384.0,Drum and bass|neurofunk|techstep|electronic|italian,https://www.last.fm/music/Dabs
DADDY DJ,Daddy DJ,8a44a6c6-a5ef-4e36-8ce0-3fd1d762e563,113347.0,716868.0,dance|electronic|french|pop|techno,https://www.last.fm/music/Daddy+DJ
DADDY YANKEE,Daddy Yankee,2f522f5c-111c-4ce8-8bd0-d82e97c227ad,2272724.0,52753160.0,Reggaeton|latin|Hip-Hop|spanish|rap,https://www.last.fm/music/Daddy+Yankee
DADI,Dadi,035d24dc-a4e4-4963-9efa-5c394355a25b,18588.0,288486.0,rap|All|underground,https://www.last.fm/music/Dadi
DADJU,Dadju,ecca82a9-0b5f-4b01-86aa-6b9fe62b09fe,168105.0,4805455.0,french|Hip-Hop|rnb|france|congo,https://www.last.fm/music/Dadju
DAECOLM,Daecolm,8efcdb3c-24a6-4d62-bee1-dfd3ed3511c7,13366.0,58132.0,zimbabwe|electronic,https://www.last.fm/music/Daecolm
DAFT PUNK,Daft Punk,056e4f3e-d505-4dad-8ec1-d04f521cbb56,6342361.0,410451978.0,electronic|House|dance|techno|electronica,https://www.last.fm/music/Daft+Punk
DALIDA,Dalida,1598ccda-b164-4bff-9821-f9ff5a8587a8,471170.0,6648439.0,french|female vocalists|pop|chanson francaise|arabic,https://www.last.fm/music/Dalida
DALÍ,Dalí,635135db-cc18-4995-a5f6-001affac91c1,25177.0,1423582.0,french,https://www.last.fm/music/Dal%C3%AD
DAMIANO DAVID,Damiano David,852c198a-75ee-4e2b-9aba-4453c52260b2,407884.0,8773673.0,pop|singer-songwriter|italian|Italy|pop rock,https://www.last.fm/music/Damiano+David
DAMIEN SAEZ,Damien Saez,,13998.0,675103.0,french|singer-songwriter|chanson francaise|rock|france,https://www.last.fm/music/Damien+Saez
DAMSO,Damso,71ff695e-896a-4043-aea4-93eadde08d09,168250.0,22357482.0,rap|Hip-Hop|Belgium|Rap FR|congo,https://www.last.fm/music/Damso
DAMSO	QUOTIDIEN DE BAISÉ,,,,,,
DAN AR BRAZ,Dan Ar Braz,e8cf2e66-2952-4006-a1ce-538a28062c70,40051.0,311616.0,celtic|folk|breton|french|bretagne,https://www.last.fm/music/Dan+Ar+Braz
DAN AR BRAZ (et l?h,,,,,,
DAN BLACK,Dan Black,4658babc-774d-4d15-840b-fc7d496d93ba,267175.0,3352179.0,electronic|electropop|indie|pop|alternative,https://www.last.fm/music/Dan+Black
DAN CAPLEN,Dan Caplen,d0ec57ec-69d9-4579-bdf5-d5d1d44a254a,51752.0,257165.0,rnb,https://www.last.fm/music/Dan+Caplen
DANAKIL,Danakil,9d66f2f6-380b-450c-8ab8-931e75bf1976,47233.0,854884.0,reggae|roots reggae|french reggae|roots|french,https://www.last.fm/music/Danakil
DANELLE SANDOVAL,Danelle Sandoval,6cb5da5b-68f4-4f6a-b5cb-27de3194363b,5890.0,22827.0,pop|USA|american,https://www.last.fm/music/Danelle+Sandoval
DANIEL BALAVOINE,Daniel Balavoine,2caf1462-9be7-4603-8090-3c511e846fa5,144743.0,2521074.0,chanson francaise|french|pop|80s|france,https://www.last.fm/music/Daniel+Balavoine
DANIEL GUICHARD,Daniel Guichard,89464436-3a17-4039-8279-d1d21e979e73,34360.0,211924.0,chanson francaise|male vocalists|Chanson Française|french|yol,https://www.last.fm/music/Daniel+Guichard
DANIEL LEVI,Daniel Levi,63b32e43-1991-4d9e-9f04-5283c7d056cd,17982.0,131599.0,pop|french|estonia|french pop|chanson,https://www.last.fm/music/Daniel+Levi
DANIEL POWTER,Daniel Powter,32cfbaf8-87aa-466b-9c1a-331ad9075ea2,1277332.0,11493303.0,pop|singer-songwriter|alternative|Canadian|rock,https://www.last.fm/music/Daniel+Powter
DANIELA MERCURY,Daniela Mercury,2cf241c0-0d6e-472c-be49-d7691a7aec61,196559.0,3668497.0,Axe|mpb|female vocalists|brazilian|brasil,https://www.last.fm/music/Daniela+Mercury
DANTE THOMAS,Dante Thomas,7d48da7e-5eee-45df-8e89-dfaee2af82c4,77320.0,426639.0,pop|rnb|dance|singer-songwriter|american,https://www.last.fm/music/Dante+Thomas
DANY BRILLANT,Dany Brillant,f54452c0-5af9-47a2-ac07-ac46ce45cbe2,41645.0,381318.0,french|jazz|chanson francaise|france|francais,https://www.last.fm/music/Dany+Brillant
DANZEL,Danzel,bd6578d1-ee4f-48ba-84d3-70f4f94db11a,264637.0,1506819.0,dance|electronic|House|trance|techno,https://www.last.fm/music/Danzel
DARELL,Darell,28e6d28f-e134-476f-bcad-26051c27c9ba,213125.0,2301956.0,latin|male vocalists|puerto rico,https://www.last.fm/music/Darell
DASHA,Dasha,4068caf6-2491-48b7-bdae-6dad7c3a85b7,565068.0,5777370.0,country|pop|rnb|indie rock|idm,https://www.last.fm/music/Dasha
DAU,DAU,,16466.0,342861.0,ambient|instrumental|UK,https://www.last.fm/music/DAU
DAVE,Dave,c7740223-c657-4b0a-a0a4-b8349169e760,1355558.0,79243117.0,french|rap|Grime|Hip-Hop|british,https://www.last.fm/music/Dave
DAVE BRUBECK,Dave Brubeck,de0222a6-e1c4-403d-8b01-3f66d505061b,889794.0,10746329.0,jazz|piano|cool jazz|jazz piano|instrumental,https://www.last.fm/music/Dave+Brubeck
DAVID BOWIE,David Bowie,5441c29d-3602-4898-b1a1-b77fa23b8e50,5621755.0,407159447.0,glam rock|rock|classic rock|80s|alternative,https://www.last.fm/music/David+Bowie
DAVID CHARVET,David Charvet,ece99e76-c2cc-4fe0-a6e9-c56360ccc39f,16629.0,144753.0,pop|french|Canadian|singer-songwriter|90s,https://www.last.fm/music/David+Charvet
DAVID CRAIG,David Craig,e5ecdbd2-3dc3-4680-b72f-78145da3966e,1549.0,8386.0,Acid|trance|Uplifting|electronic|90s,https://www.last.fm/music/David+Craig
DAVID GILMOUR,David Gilmour,1dce970e-34bc-48b2-ab51-48d87544a4c2,788832.0,19337884.0,Progressive rock|classic rock|rock|Pink Floyd|singer-songwriter,https://www.last.fm/music/David+Gilmour
DAVID GLIMOUR,David Gilmour,1dce970e-34bc-48b2-ab51-48d87544a4c2,788832.0,19337884.0,Progressive rock|classic rock|rock|Pink Floyd|singer-songwriter,https://www.last.fm/music/David+Gilmour
DAVID GRAY,David Gray,3e8bd859-7d82-49e0-b267-84fc46e2bf68,1462883.0,26220436.0,singer-songwriter|acoustic|indie|alternative|rock,https://www.last.fm/music/David+Gray
DAVID GUETTA,David Guetta,302bd7b9-d012-4360-897a-93b00c855680,5266693.0,190659306.0,House|dance|electronic|club|techno,https://www.last.fm/music/David+Guetta
DAVID HALLYDAY,David Hallyday,f55ae83a-3412-4aa6-8ced-8633ab40665c,21275.0,185753.0,french|rock|chanson francaise|rock francais|melodic rock,https://www.last.fm/music/David+Hallyday
DAVID KUSHNER,David Kushner,39b67b8b-d237-4df9-b1a6-7cf4cf749b36,999905.0,23635661.0,indie|folk|pop|singer-songwriter|alternative,https://www.last.fm/music/David+Kushner
DAVIDO,Davido,a9ae7d4b-10f0-4da8-8b8c-21722a074a54,295107.0,6118464.0,afrobeats|afrobeat|nigeria|africa|afropop,https://www.last.fm/music/Davido
DAVINA,Davina,5505e526-e549-46d3-8a2c-1ba8e05b4007,27845.0,164180.0,rnb|soul|r and b|Hip-Hop|r&b,https://www.last.fm/music/Davina
DAYA,Daya,06240dc0-6718-44b8-9d60-85fc64fef845,863695.0,10078081.0,pop|indie|female vocalists|indie pop|my top songs,https://www.last.fm/music/Daya
DC,Dc,,157821.0,1560604.0,AC/DC|ACDC|rap|Grime|UK,https://www.last.fm/music/Dc
DE LA GHETTO,De La Ghetto,7fb4a3df-377c-41c0-91ee-f286ecca1e0f,305150.0,3546490.0,Reggaeton|latin|hip hop|Reggaeton  top-50|De La Ghetto,https://www.last.fm/music/De+La+Ghetto
DE PALMAS,Gérald de Palmas,,29808.0,386226.0,french|rock|pop|chanson francaise|singer-songwriter,https://www.last.fm/music/G%C3%A9rald+de+Palmas
DEAN LEWIS,Dean Lewis,21e9df94-3c2c-4c15-b069-fefa58bcd650,965548.0,26025148.0,indie|pop|australian|singer-songwriter|indie pop,https://www.last.fm/music/Dean+Lewis
DEEN BURBIGO,Deen Burbigo,9a9f6faf-22cf-432a-9453-6dc5b72d982a,33903.0,1546129.0,french|Hip-Hop|french hip-hop|1995|french rap,https://www.last.fm/music/Deen+Burbigo
DEEP FOREST,Deep Forest,67468e38-0c90-4318-b2d2-0c18b7b1e144,493316.0,8735290.0,new age|ambient|electronic|world|chillout,https://www.last.fm/music/Deep+Forest
DEEP PURPLE,Deep Purple,79491354-3d83-40e3-9d8e-7592d58d790a,3043920.0,82365099.0,hard rock|classic rock|rock|Progressive rock|heavy metal,https://www.last.fm/music/Deep+Purple
DELUXE,Deluxe,05844b7c-f966-447f-be26-984e2e842399,258397.0,4295468.0,indie|spanish indie pop|indie pop|spanish|pop,https://www.last.fm/music/Deluxe
DEMI LOVATO,Demi Lovato,faf4cefb-036c-4c88-b93a-5b03dd0a0e6b,3442730.0,204007922.0,pop|pop rock|female vocalists|Disney|guilty pleasure,https://www.last.fm/music/Demi+Lovato
DEMON,Demon,6fe68e16-dcce-498e-99ea-c35a496b3ac9,146619.0,1553169.0,heavy metal|NWOBHM|hard rock|metal|british,https://www.last.fm/music/Demon
DENDEN,Denden,,17370.0,239332.0,france,https://www.last.fm/music/Denden
DENI HINES,Deni Hines,b5172e86-f189-4146-a2e6-42843515dcd8,14648.0,108164.0,soul|Neo-Soul|r&b|electronic|rnb,https://www.last.fm/music/Deni+Hines
DENNIS LLOYD,Dennis Lloyd,026c1c22-8d1c-473c-a33f-a27fd02d6975,601002.0,7710928.0,indie pop|indie|reggae|pop|israeli,https://www.last.fm/music/Dennis+Lloyd
DEORRO,Deorro,724ffc08-6987-40b0-b107-03bb95a82b80,944226.0,10354538.0,House|dance|Progressive House|electronic|club,https://www.last.fm/music/Deorro
DEPECHE MODE,Depeche Mode,8538e728-ca0b-4321-b7e5-cff6565dd4c0,4473284.0,297867890.0,electronic|new wave|synthpop|synth pop|80s,https://www.last.fm/music/Depeche+Mode
DERMOT KENNEDY,Dermot Kennedy,aa9ea04c-6d55-4244-9139-22c75bd19f97,629085.0,15795959.0,singer-songwriter|pop|folk|irish|folk-pop,https://www.last.fm/music/Dermot+Kennedy
DERTAY,Dertay,63138905-04f3-4fbb-9438-f2a2f6f7e2ec,10204.0,96610.0,,https://www.last.fm/music/Dertay
DES?REE,Des?Ree,,3.0,3.0,,https://www.last.fm/music/Des%3FRee
DESIIGNER,Desiigner,05b75ee5-98cd-430e-b1ec-ec0f61fdabda,892915.0,9377158.0,Hip-Hop|rap|trap|hip hop|american,https://www.last.fm/music/Desiigner
DESTINY'S CHILD,Destiny's Child,,3412583.0,59689741.0,rnb|pop|female vocalists|soul|Hip-Hop,https://www.last.fm/music/Destiny%27s+Child
DESTINY?S CHILD,Destiny's Child,,3412583.0,59689741.0,rnb|pop|female vocalists|soul|Hip-Hop,https://www.last.fm/music/Destiny%27s+Child
DEZIL,Dezil',1b8d2443-7d85-4131-8b52-6a016516972c,5016.0,30094.0,seychelles|french|reggae|pop|francais,https://www.last.fm/music/Dezil%27
DIADEMS,Diadems,13dd5619-a015-423c-88b7-f20ce3605e72,743.0,4484.0,french|rock|indie|alternative|francais,https://www.last.fm/music/Diadems
DIAM'S,Diam's,,113031.0,1495712.0,rap|Hip-Hop|french|worst of 2010|omg its a wig,https://www.last.fm/music/Diam%27s
DIANA KING,Diana King,72447757-809b-4de5-8e25-f4a9adc24cf3,210379.0,1169189.0,reggae|rnb|female vocalists|soul|jamaican,https://www.last.fm/music/Diana+King
DIANA KRALL,Diana Krall,67d2cb7a-9ddb-4a7f-82bf-5a2d1a038e98,1349960.0,27315382.0,jazz|female vocalists|vocal jazz|piano|blues,https://www.last.fm/music/Diana+Krall
DIANE TELL,Diane Tell,412035e4-a609-4c23-9d88-464eef9757f3,35165.0,207513.0,quebecois|female vocalists|pop|singer-songwriter|chanson francophone,https://www.last.fm/music/Diane+Tell
DICK RIVERS,Dick Rivers,a539873a-bacd-4eea-a131-59a49679469c,10396.0,67509.0,rock|french 60s|rockabilly|country|pop,https://www.last.fm/music/Dick+Rivers
DIDIER BARBELIVIEN,Didier Barbelivien,a69a0536-5df7-4815-905c-5457e889e9b2,12450.0,99051.0,chanson francaise|french|pop|chanson|francais,https://www.last.fm/music/Didier+Barbelivien
DIDIER BARVELIVIEN,Didier Barvelivien,,1.0,3.0,,https://www.last.fm/music/Didier+Barvelivien
DIDO,Dido,d1353a0c-26fb-4318-a116-defde9c7c9ad,2933233.0,60610902.0,pop|female vocalists|chillout|singer-songwriter|alternative,https://www.last.fm/music/Dido
DIEGO MARADONA,Diego Maradona,,266.0,1529.0,spanish|argentina|Mano de Dios,https://www.last.fm/music/Diego+Maradona
DIEUDONNE,Dieudonné,37a82661-4315-421a-8ca4-61e3705670f2,1333.0,14034.0,humour|nouvelle scene francaise|antisionisme|un genie ce mec|nsbm,https://www.last.fm/music/Dieudonn%C3%A9
DIGITAL FARM ANIMALS,Digital Farm Animals,e60fd99e-e615-4fee-b6f7-08fee9a911f7,164988.0,1165071.0,dubstep|dub|electro|british|electronic,https://www.last.fm/music/Digital+Farm+Animals
DIMITRI VEGAS,Dimitri Vegas,087dbc4b-eebb-44d3-b22f-1328e44c0abd,276962.0,1940078.0,House|electronic|C|spotify|belgian,https://www.last.fm/music/Dimitri+Vegas
DINAZ,Dinaz,c57ccd6f-f278-42e1-8c22-6eeea1d7da9d,12.0,74.0,,https://www.last.fm/music/Dinaz
DINOR RDT,DINOR RDT,,10301.0,115588.0,,https://www.last.fm/music/DINOR+RDT
DINOS,Dinos,ee782f62-1bdb-4a0b-8fc4-3bf2a8c1f979,88283.0,8417312.0,rap|Hip-Hop|doo wop|french rap|trap,https://www.last.fm/music/Dinos
DINOS PUNCHLINOVIC,Dinos Punchlinovic,,3679.0,46994.0,rap|french|Hip-Hop|french hip-hop|french rap,https://www.last.fm/music/Dinos+Punchlinovic
DIONYSOS,Dionysos,7d248ccb-588a-414e-ab3e-be6dd8b71f81,139106.0,3046732.0,rock|french|rock francais|indie|French rock,https://www.last.fm/music/Dionysos
DIPLO,Diplo,a56bd8f9-8ef8-4d63-89a4-794ed1360dd2,2117130.0,36877114.0,electronic|Hip-Hop|trip-hop|ninja tune|electronica,https://www.last.fm/music/Diplo
DIRE STRAITS,Dire Straits,614e3804-7d34-41ba-857f-811bad7c2b7a,3550461.0,117080748.0,classic rock|rock|80s|blues|guitar,https://www.last.fm/music/Dire+Straits
DISCONNECTION,Disconnection,6d655071-6b09-4921-bfa5-99ad08f92b3a,3066.0,9816.0,Disco|under 2000 listeners,https://www.last.fm/music/Disconnection
DISIZ,Disiz,daba3096-88f2-4322-9b00-10938b0220b8,121811.0,5868545.0,french|rap|Hip-Hop|french rap|rap francais,https://www.last.fm/music/Disiz
DISIZ LA PESTE,Disiz la Peste,,51161.0,925289.0,rap|Hip-Hop|rap francais|french hip-hop|french rap,https://www.last.fm/music/Disiz+la+Peste
DISNEY,Disney,,484606.0,13037479.0,Soundtrack|Disney|musical|Soundtracks|pop,https://www.last.fm/music/Disney
DIVA FAUNE,Diva Faune,a1999d39-7ed7-408b-be06-7c736a813fdb,25259.0,197245.0,french|electronic|artistes,https://www.last.fm/music/Diva+Faune
DIVERS,Divers,046ce260-b13b-4979-87a3-f671430e5315,35032.0,553901.0,All|alternative|punk|alternative rock|psychedelic,https://www.last.fm/music/Divers
DIZZEE RASCAL,Dizzee Rascal,1a99cc88-aea3-4fe3-96b9-20791667f65f,1325307.0,26258199.0,Grime|Hip-Hop|rap|british|hip hop,https://www.last.fm/music/Dizzee+Rascal
DJ ABDEL,DJ Abdel,7b4ac3d6-19df-4663-8d22-18189394acff,25859.0,236670.0,french|hip hop|funk|Hip-Hop|funky house,https://www.last.fm/music/DJ+Abdel
DJ BABS,Dj BaBs,,18494.0,127594.0,french|rap|french rap|france,https://www.last.fm/music/Dj+BaBs
DJ BOBO,DJ Bobo,,386464.0,3961384.0,eurodance|dance|90s|pop|swiss,https://www.last.fm/music/DJ+Bobo
DJ COSMO,DJ Cosmo,f919dd36-8d77-4930-99a5-d69856aaf74b,5451.0,24237.0,electronic|vocal trance|House|electronica|melodic trance,https://www.last.fm/music/DJ+Cosmo
DJ ERISE,DJ Erise,,10017.0,68431.0,french|france,https://www.last.fm/music/DJ+Erise
DJ FRED AND ARNOLD T.,DJ Fred & Arnold T,bf3d936d-9c00-41e1-bbfa-27a6d1d40f9a,1562.0,7358.0,trance|dance|techno|france|under 2000 listeners,https://www.last.fm/music/DJ+Fred+&+Arnold+T
DJ HAMIDA,DJ Hamida,ac9193f6-c79e-4a78-af00-7416f522104b,35463.0,495866.0,Hip-Hop|france|paris|rai|moroccon,https://www.last.fm/music/DJ+Hamida
DJ KAWEST,Dj Kawest,,33676.0,371919.0,french|rap,https://www.last.fm/music/Dj+Kawest
DJ KAYZ,DJ Kayz,294561e1-8e78-4f9f-ad6a-9e451c9b7d8d,37635.0,418091.0,dj|All|france|french|kabyle,https://www.last.fm/music/DJ+Kayz
DJ KHALED,DJ Khaled,081a2d60-9791-4e05-a075-f1890355eeee,2898824.0,62305293.0,Hip-Hop|rap|hip hop|miami|djs,https://www.last.fm/music/DJ+Khaled
DJ LAST ONE,Dj Last One,,95.0,217.0,,https://www.last.fm/music/Dj+Last+One
DJ LESKA,DJ Leska,7d7e9a9e-6c79-4afe-bee3-a7c8f2076dda,26745.0,208917.0,french,https://www.last.fm/music/DJ+Leska
DJ MAM’S,Dj Mam’s,,31.0,106.0,,https://www.last.fm/music/Dj+Mam%E2%80%99s
DJ MIKE ONE,DJ Mike One,a8af6445-c9f8-4cf6-bcfd-f495c363479a,4671.0,29710.0,comedy|france|Rapper,https://www.last.fm/music/DJ+Mike+One
DJ SAD,Sad,8486f493-144d-4567-98c1-fbbf50334f1a,22734.0,269592.0,black metal|depressive black metal|raw black metal|Suicidal Black Metal|atmospheric black metal,https://www.last.fm/music/Sad
DJ SAMMY,DJ Sammy,c43e35b8-8234-408b-9a25-07f2fcbeb317,617690.0,4992579.0,dance|trance|electronic|techno|electronica,https://www.last.fm/music/DJ+Sammy
DJ SEBB,Dj Sebb,d0eb4758-8256-4f14-972f-a6f4663f0232,5644.0,35245.0,,https://www.last.fm/music/Dj+Sebb
DJ SNAKE,DJ Snake,aa114151-4a17-42b0-8e20-37b434627479,2652951.0,50079488.0,trap|electronic|dance|EDM|french,https://www.last.fm/music/DJ+Snake
DJ XAM FEATURING,,,,,,
DJADJA,Djadja,9aeae65c-c81b-4a9c-8a66-84e70ea567c8,768.0,5101.0,,https://www.last.fm/music/Djadja
DJAMATIK,Djamatik,142e1254-f37b-47de-8dda-2e578089a728,316.0,3657.0,,https://www.last.fm/music/Djamatik
DJANE HOUSEKAT,Djane HouseKat,,66014.0,394865.0,dance|chillout|german|electronic|techno,https://www.last.fm/music/Djane+HouseKat
DJANGO,Django,129c86f7-8511-4695-b36f-231d77d0e4f0,63274.0,1745033.0,french rap|Hip-Hop|hip hop|france|All,https://www.last.fm/music/Django
DJENA DELLA,Djena Della,9914544b-21b5-4d84-b0ee-fc4d87b92e82,2784.0,21409.0,french pop|french rnb,https://www.last.fm/music/Djena+Della
DJUNA FAMILY,Djuna Family,ff0a58e0-55ee-4440-8ece-8e7e62bd5d20,1.0,3.0,,https://www.last.fm/music/Djuna+Family
DMNDS,DMNDS,65ca1766-704d-4f20-a875-f30ec78d28e2,84436.0,800373.0,electronic|electronica|Italy|france,https://www.last.fm/music/DMNDS
DNCE,DNCE,b02dc689-7859-461d-b70e-9fe1f64fddce,1606668.0,20369138.0,pop|pop rock|dance|funk|american,https://www.last.fm/music/DNCE
DOC GYNECO,Doc Gynéco,c01fbe95-f464-44d0-ada2-6ee6108699bc,32144.0,463052.0,Hip-Hop|rap|french rap|rnb|G-funk,https://www.last.fm/music/Doc+Gyn%C3%A9co
DOJA CAT,Doja Cat,5df62a88-cac9-490a-b62c-c7c88f4020f4,3660405.0,473529780.0,pop|rnb|rap|Hip-Hop|hip hop,https://www.last.fm/music/Doja+Cat
DOKS,DoKs,,5323.0,37170.0,,https://www.last.fm/music/DoKs
DOLLY,Dolly,dbfb1d93-162b-4320-90f6-bab84b5e0e7a,55819.0,887249.0,rock|french|visual kei|female vocalists|japanese,https://www.last.fm/music/Dolly
DOMINGO RAIMONDI MEGUENES MAAZEL,,,,,,
DOMINO,Domino,8493752d-1f25-4f56-aa97-3927bc4b9c0f,128452.0,1317204.0,eurobeat|rap|Hip-Hop|hip hop|G-funk,https://www.last.fm/music/Domino
DON CHOA,Don Choa,bc383677-5e2b-49e0-bc7d-5d8e093a95c4,18429.0,189205.0,rap|Hip-Hop|rap francais|french|french hip-hop,https://www.last.fm/music/Don+Choa
DON TOLIVER,Don Toliver,a0723a3c-4135-438e-85c5-012712144ede,2567034.0,283233196.0,rap|trap|Hip-Hop|rnb|texas,https://www.last.fm/music/Don+Toliver
DONNA LEWIS,Donna Lewis,ba7c4a1c-aa4e-488a-92dc-be92cb6bca6b,397571.0,2995963.0,pop|female vocalists|90s|welsh|singer-songwriter,https://www.last.fm/music/Donna+Lewis
DONNA SUMMER,Donna Summer,b60527cc-54f3-4bbe-a01b-dcf34c95ae14,1639449.0,24717181.0,Disco|pop|70s|dance|female vocalists,https://www.last.fm/music/Donna+Summer
DOPEBWOY,Dopebwoy,769db4c7-1de8-4079-8a9f-1e7a069b4983,94755.0,2240771.0,,https://www.last.fm/music/Dopebwoy
DOSSEH,Dosseh,1d69ce47-7ec6-4fac-a82e-40e66dfd34f6,59141.0,1819682.0,All|ali|ma men dosseh|free palestine|french,https://www.last.fm/music/Dosseh
DOUM'S,Doum's,,59.0,221.0,,https://www.last.fm/music/Doum%27s
DOUMS,doums,,34628.0,974363.0,rap|hip hop|french rap|french|underground rap,https://www.last.fm/music/doums
DOVE CAMERON,Dove Cameron,831dcf03-b745-436b-922f-6a2baaf45e57,1298986.0,30803744.0,pop|Disney|female vocalists|american|my top songs,https://www.last.fm/music/Dove+Cameron
DR DRE,Dr. Dre,5f6ab597-f57a-40da-be9e-adad48708203,3986628.0,90724635.0,Hip-Hop|rap|Gangsta Rap|west coast|hip hop,https://www.last.fm/music/Dr.+Dre
DRAKE,Drake,9fff2f8a-21e6-47de-a2b8-7f449929d43f,6759065.0,1187426442.0,Hip-Hop|rap|rnb|hip hop|Canadian,https://www.last.fm/music/Drake
DREAM FILES,dream files,,5.0,114.0,,https://www.last.fm/music/dream+files
DRENCHILL,Drenchill,5587c901-2082-488f-9e60-9ad001d09c9a,139190.0,1323865.0,Portugal|portuguese|artistes,https://www.last.fm/music/Drenchill
DRIPREPORT,DripReport,dc7c92a6-ceb2-4b3c-823e-c3b554c22b22,228366.0,1470950.0,india|Indian|pakistani|pakistan|rap,https://www.last.fm/music/DripReport
DRY,Dry,8478a491-d9fc-478a-a443-ae3b153d4647,24167.0,281348.0,techno|brazilian funk|pop|latin|House,https://www.last.fm/music/Dry
DTF,DTF,3fa7f6fd-26e4-4f37-92ed-14fa522433e9,69785.0,3599103.0,hip hop|rap|tokusatsu|rap francais|groovecaffe,https://www.last.fm/music/DTF
DTG,dtg,,10961.0,109580.0,rock|indie rock|indie|swedish,https://www.last.fm/music/dtg
DUA LIPA,Dua Lipa,6f1a58bf-9b1b-49cf-a44a-6cefad7ae04f,3303823.0,322064347.0,pop|synthpop|electropop|british|female vocalists,https://www.last.fm/music/Dua+Lipa
DUANE HARDEN,Duane Harden,da9a1566-c7d2-48b0-8bad-3a9589bb6a6d,5142.0,14646.0,germany,https://www.last.fm/music/Duane+Harden
DUB INC,Dub Incorporation,,141740.0,2487939.0,reggae|dub|french|dancehall|french reggae,https://www.last.fm/music/Dub+Incorporation
DUBDOGZ,dubdogz,,233971.0,2272974.0,EDM|brazilian|Brazilian bass|House|brazil,https://www.last.fm/music/dubdogz
DUBDOGZ AND BHASKAR,Dubdogz and Bhaskar,,15.0,22.0,,https://www.last.fm/music/Dubdogz+and+Bhaskar
DUNCAN LAURENCE,Duncan Laurence,20faff08-d3b7-45ca-a8aa-a85f6bb9eb78,701676.0,10033711.0,pop|Eurovision|dutch|soul|netherlands,https://www.last.fm/music/Duncan+Laurence
DYNORO,Dynoro,b3968fd2-df5c-42b6-a5e2-d9963322d5c7,592737.0,5974074.0,lithuanian|electronic|EDM|dance|piotr krasko w swojej mazurskiej posiadlosci,https://www.last.fm/music/Dynoro
DYO,Dyo,6d93b2f6-c88f-4194-b7f7-dbe572e27386,3102.0,17563.0,nigerian|nigeria|afrobeats,https://www.last.fm/music/Dyo
DYSTINCT,Dystinct,758fecdb-bcdf-4d2b-9903-78fbf7365bd7,125656.0,2611098.0,belgian|Belgium|world|Fusion|arabic,https://www.last.fm/music/Dystinct
Dala,Dala,6994a851-dbff-497b-bd95-5902f9d10d2d,31425.0,400209.0,folk|Canadian|female vocalists|indie|acoustic,https://www.last.fm/music/Dala
Dr DRE,Dr. Dre,5f6ab597-f57a-40da-be9e-adad48708203,3986628.0,90724635.0,Hip-Hop|rap|Gangsta Rap|west coast|hip hop,https://www.last.fm/music/Dr.+Dre
DÂM-FUNK,Dam-Funk,,44585.0,697934.0,funk|soul|electro|electronic|Stones throw,https://www.last.fm/music/Dam-Funk
E. TYPE,E. Type,,19.0,157.0,,https://www.last.fm/music/E.+Type
EAGLE EYE CHERRY,Eagle-Eye Cherry,,1101205.0,8659168.0,rock|pop|alternative|singer-songwriter|swedish,https://www.last.fm/music/Eagle-Eye+Cherry
EAGLES,Eagles,f46bd570-5768-462e-b84c-c7c993bbf47e,3861867.0,80969429.0,classic rock|rock|70s|soft rock|country,https://www.last.fm/music/Eagles
EARTH WIND,"Earth, Wind & Fire",535afeda-2538-435d-9dd1-5e10be586774,2981806.0,50007282.0,funk|soul|Disco|70s|rnb,"https://www.last.fm/music/Earth,+Wind+&+Fire"
EARTH WIND AND FIRE,Earth Wind and Fire,,142125.0,1110418.0,funk|Disco|soul|pop|USA,https://www.last.fm/music/Earth+Wind+and+Fire
EAST 17,East 17,ee20d564-25ca-4ef5-aba7-93a39f78ed60,301627.0,2129834.0,pop|90s|british|dance|boyband,https://www.last.fm/music/East+17
ED SHEERAN,Ed Sheeran,b8a7c51f-362c-4dcb-a259-bc6e0095f0a6,4239700.0,257630357.0,acoustic|british|singer-songwriter|pop|easy-listening,https://www.last.fm/music/Ed+Sheeran
EDDIE,Eddie,e15cca98-1c95-4c4f-a1c2-2f18dc4ac412,119268.0,1690903.0,electro house|Progressive House|tech house|electropop|mangue beat,https://www.last.fm/music/Eddie
EDDY DE PRETTO,Eddy De Pretto,,72253.0,1857098.0,french|Hip-Hop|indie|electronic|slam,https://www.last.fm/music/Eddy+De+Pretto
EDDY MITCHELL,Eddy Mitchell,5cd668b6-0d20-4d1f-a84b-8bbb0fc51148,102298.0,1154551.0,french|chanson francaise|rock|country|Chanson Française,https://www.last.fm/music/Eddy+Mitchell
EDITH PIAF,Édith Piaf,4f8ef4a3-40fa-46b5-8773-97686a8424f4,1053747.0,13585164.0,french|chanson|female vocalists|jazz|chanson francaise,https://www.last.fm/music/%C3%89dith+Piaf
EDWIN COLLINS,Edwyn Collins,14c0c282-e0c1-46fe-acd1-9a015ba721c5,495292.0,3817031.0,rock|Scottish|indie|pop|alternative,https://www.last.fm/music/Edwyn+Collins
EELS,Eels,,2021625.0,66770967.0,indie|alternative|indie rock|singer-songwriter|rock,https://www.last.fm/music/Eels
EHIS D'GREATEST,,,,,,
EIFFEL 65,Eiffel 65,6ee7a715-e0c0-46d0-a215-2e17001699fc,1229478.0,10669575.0,dance|electronic|eurodance|pop|techno,https://www.last.fm/music/Eiffel+65
EL ALFA,El Alfa,0887484d-aed1-4aa6-9862-930a25815696,696198.0,16948707.0,dembow|Reggaeton|latin|dominican republic|world,https://www.last.fm/music/El+Alfa
EL CHERRY SCOM,El Cherry Scom,1ec19bec-094a-4487-93a3-050b84f174ab,21409.0,137314.0,dembow,https://www.last.fm/music/El+Cherry+Scom
EL MATADOR,El Matador,51aa96d6-b983-48cd-80ab-892dd2940409,21059.0,223023.0,rap francais|french|french rap|rap|Hip-Hop,https://www.last.fm/music/El+Matador
EL PROFESOR,El profesor,,118993.0,721455.0,hardcore techno|Gabber|Early Hardcore|Psycore,https://www.last.fm/music/El+profesor
ELAMS,Elams,4be27618-12d9-429a-8c47-744b240ba72f,9588.0,108537.0,french|hiphop|rap|france|french rap,https://www.last.fm/music/Elams
ELBOSCO,Elbosco,b33c25aa-898f-4f44-9913-7474b0f7edab,16128.0,90701.0,new age|gregorian|choir|Elbosco|ambient,https://www.last.fm/music/Elbosco
ELDERBROOK,Elderbrook,25835693-a126-478a-944e-1303ae7a2551,502858.0,7982433.0,House|electronic|deep house|chillout|british,https://www.last.fm/music/Elderbrook
ELECTRIC YOUTH,Electric Youth,a0b2868c-22c7-49eb-b227-3c4251a6c88f,359344.0,4183539.0,synthpop|electronic|dreamwave|retro electro|Disco,https://www.last.fm/music/Electric+Youth
ELENCO DE SOY LUNA,Elenco de Soy Luna,,86260.0,4207112.0,pop|electropop|Soundtrack|dance|Disney,https://www.last.fm/music/Elenco+de+Soy+Luna
ELGRANDETOTO,ElGrandeToto,49487c06-ec80-470d-9f97-e80649a05b90,51641.0,2236051.0,morocco|rap|arabic|moroccan|Moroccan Rap,https://www.last.fm/music/ElGrandeToto
ELIE,Elie,52c7d6ed-40a3-44af-9aa0-453185aaf9b9,2907.0,13367.0,ia pop|AI|primas grammys|ai pop|primas grammys ai pop,https://www.last.fm/music/Elie
ELIE KAKOU,Elie Kakou,,264.0,1187.0,Comique|humour,https://www.last.fm/music/Elie+Kakou
ELIE SEIMOUN,Elie Seimoun,,18.0,90.0,,https://www.last.fm/music/Elie+Seimoun
ELIZA ROSE,Eliza Rose,afd9baa6-4402-40c8-91ad-d792ae28e819,530494.0,4839664.0,House|soul|dance|electronic|rnb,https://www.last.fm/music/Eliza+Rose
ELLA HENDERSON,Ella Henderson,3a60a284-256b-4481-9c33-84d12ea481cd,676616.0,8100597.0,pop|british|soul|singer-songwriter|X factor,https://www.last.fm/music/Ella+Henderson
ELLEY DUHE,Elley Duhe,,9669.0,68588.0,,https://www.last.fm/music/Elley+Duhe
ELLEY DUHÉ,Elley Duhé,de7efde3-b5db-456a-903a-df145c8b3fbd,979058.0,14933819.0,pop|rnb|electronic|american|female vocalists,https://www.last.fm/music/Elley+Duh%C3%A9
ELLIE GOULDING,Ellie Goulding,33ca19f4-18c8-4411-98df-ac23890ce9f5,4004308.0,154295071.0,female vocalists|electronic|british|indie|indie pop,https://www.last.fm/music/Ellie+Goulding
ELODIE FREGE,Élodie Frégé,8cda32b5-1447-4ded-8a0e-f1cf8e6b3480,18965.0,218258.0,french|female vocalists|chanson francaise|pop|singer-songwriter,https://www.last.fm/music/%C3%89lodie+Fr%C3%A9g%C3%A9
ELSA,Elsa,747b136c-4cea-4916-b8d3-72b50c34341e,62227.0,446415.0,french|female vocalists|pop|chanson francaise|french pop,https://www.last.fm/music/Elsa
ELSA ESNOULT,Elsa Esnoult,348a9f30-3789-4dc5-b916-d5410690101a,3352.0,69356.0,female vocalist|france|bimbo,https://www.last.fm/music/Elsa+Esnoult
ELTON JOHN,Elton John,b83bc61f-8451-4a5d-8b8e-7e9ed295e822,5252983.0,164746451.0,pop|classic rock|singer-songwriter|rock|piano,https://www.last.fm/music/Elton+John
ELVIS CRESPO,Elvis Crespo,776b2c10-31fe-4c4b-9982-f408279b80a9,586830.0,4504630.0,merengue|latin|salsa|latin pop|Elvis Crespo,https://www.last.fm/music/Elvis+Crespo
ELVIS PRESLEY,Elvis Presley,01809552-4f87-45b0-afff-2c6f0730a3be,4522128.0,152692008.0,rock n roll|classic rock|rock|oldies|Rock and Roll,https://www.last.fm/music/Elvis+Presley
EMILE,Emile,8fadb5fa-b704-4ee1-802c-c4abc87eb4c0,7430.0,50538.0,japanese|experimental|new age|All|female vocalist,https://www.last.fm/music/Emile
EMILEE,Emilee,c9dd168f-bdd1-4701-a39b-de236742164b,74108.0,611945.0,Uplifting|soul|indie|pop|female vocalists,https://www.last.fm/music/Emilee
EMILIA,Emilia,1c4f6d71-ab3f-45ef-841f-d69022f6ef0d,504188.0,19111775.0,pop|female vocalists|swedish|90s|argentina,https://www.last.fm/music/Emilia
EMILIE SIMON,Émilie Simon,01252145-c9e8-4de5-a480-9b2bed05450a,48919.0,1268812.0,french|trip-hop|electronic|female vocalists|electronica,https://www.last.fm/music/%C3%89milie+Simon
EMILY LOIZEAU,Emily Loizeau,51a77a0b-69be-41c4-88f4-22f25a9a63e5,94503.0,1100998.0,french|female vocalists|chanson francaise|singer-songwriter|nouvelle scene francaise,https://www.last.fm/music/Emily+Loizeau
EMILY WARREN,Emily Warren,28f4bb72-3ff1-427d-8cff-236585327375,34351.0,197081.0,pop|female vocalists|indie|singer-songwriter|songwriter,https://www.last.fm/music/Emily+Warren
EMINEM,Eminem,b95ce3ff-3d05-4e87-9e01-c97b66af13d4,7821130.0,571654179.0,rap|Hip-Hop|hip hop|Eminem|pop,https://www.last.fm/music/Eminem
EMKAL,Emkal,530454be-581b-4df1-b345-ac0ff897107a,13673.0,157246.0,hip hop|france,https://www.last.fm/music/Emkal
EMMA DUMAS,Emma Daumas,81baedf0-74e2-4ef9-89ca-f9c334718dc5,21189.0,181780.0,french|pop|chanson francaise|female vocalists|french pop,https://www.last.fm/music/Emma+Daumas
EMMA PETERS,Emma Peters,89646d43-5981-4ba6-b212-f162cc02918a,134297.0,1565081.0,french|female vocalists|francophone|indie|pop,https://www.last.fm/music/Emma+Peters
EMMA SHAPPLIN,Emma Shapplin,3833f2ca-9a93-4bbc-9759-e402d3945dd5,143821.0,1861884.0,opera|female vocalists|Classical|new age|neoclassical,https://www.last.fm/music/Emma+Shapplin
EMMANUEL MOIRE,Emmanuel Moire,88c4a023-8b72-455f-b676-0166bfa9f13f,53519.0,989678.0,french|pop|frech pop|francais|Emmanuel Moire,https://www.last.fm/music/Emmanuel+Moire
EMMI,Emmi,a00e2f95-413b-4a9e-ad46-733e017d15b4,30247.0,213666.0,finnish|pop|female vocalists|rock|poprock,https://www.last.fm/music/Emmi
ENFOIRES,Les Enfoirés,03f6d51c-1682-4978-bfc5-4bf2d2de98ad,58079.0,872227.0,chanson francaise|french|Les enfoires|francais|france,https://www.last.fm/music/Les+Enfoir%C3%A9s
ENFOIRES EN CH?UR,,,,,,
ENIGMA,Enigma,f1d1df24-91af-4d27-83a4-9b4ad29b37eb,1445996.0,52540334.0,new age|ambient|electronic|chillout|electronica,https://www.last.fm/music/Enigma
ENNIO MORRICONE,Ennio Morricone,a16e47f5-aa54-47fe-87e4-bb8af91a9fdd,1830708.0,44639482.0,Soundtrack|instrumental|Classical|composer|italian,https://www.last.fm/music/Ennio+Morricone
ENRIQUE,Enrique,4a8d0cf2-2205-4289-a915-ef9547da70d3,11876.0,95346.0,Crust|crust punk|koluchka|d-beat|pop,https://www.last.fm/music/Enrique
ENRIQUE IGLESIAS,Enrique Iglesias,35f866dc-c061-48ba-8157-cf2e0eac4857,2727004.0,54535630.0,pop|latin|spanish|dance|latin pop,https://www.last.fm/music/Enrique+Iglesias
ENYA,Enya,4967c0a1-b9f3-465e-8440-4598fd9fc33c,2085920.0,87539919.0,new age|celtic|ambient|female vocalists|irish,https://www.last.fm/music/Enya
ENZO ENZO,Enzo Enzo,47223d65-4a6e-40ee-8586-b209d2097d6a,88589.0,448946.0,french|jazz|female vocalists|chanson francaise|chanson,https://www.last.fm/music/Enzo+Enzo
EPHEMERALS,Ephemerals,36bd144a-b500-4023-92ad-3aeeb074d69a,92513.0,544984.0,soul|blues|jazz|swing|good,https://www.last.fm/music/Ephemerals
ERA,Era,881c5eec-ab10-4523-98cc-0abf43900065,755252.0,14434415.0,new age|ambient|celtic|chillout|ethereal,https://www.last.fm/music/Era
ERA 3 (Eric Levi),Era 3 (Eric Levi),,2.0,6.0,,https://www.last.fm/music/Era+3+(Eric+Levi)
ERA ISTREFI,Era Istrefi,eded8205-f8ac-4825-af55-8693ddbd7784,191211.0,1747839.0,pop|Kosovo|electronic|albania|Albanian,https://www.last.fm/music/Era+Istrefi
ERIC CLAPTON,Eric Clapton,618b6900-0618-4f1e-b835-bccb17f84294,3426709.0,81912392.0,blues|classic rock|blues rock|rock|guitar,https://www.last.fm/music/Eric+Clapton
ERIC PRYDZ,Eric Prydz,35dac7d2-0b1f-470f-9a5a-c53c8821f6d6,1514111.0,15901734.0,House|dance|electronic|trance|techno,https://www.last.fm/music/Eric+Prydz
ERIC SERRA,Eric Serra,,220450.0,3777655.0,Soundtrack|instrumental|electronic|composer|french,https://www.last.fm/music/Eric+Serra
ERIK TRUFFAZ,Erik Truffaz,aecd2d93-082b-4d5a-b519-521f2e18f796,201298.0,2837735.0,jazz|trumpet|acid jazz|Fusion|contemporary jazz,https://www.last.fm/music/Erik+Truffaz
EROS RAMAZOTTI,Eros Ramazzotti,3ab7295a-54ac-40e8-b1b2-3d110a143550,611335.0,10841677.0,italian|pop|italian pop|male vocalists|singer-songwriter,https://www.last.fm/music/Eros+Ramazzotti
EROS RAMAZZOTTI,Eros Ramazzotti,3ab7295a-54ac-40e8-b1b2-3d110a143550,611335.0,10841677.0,italian|pop|italian pop|male vocalists|singer-songwriter,https://www.last.fm/music/Eros+Ramazzotti
ESKOBAR,Eskobar,ba830bb9-e42d-43cb-a58f-8093a3a1f4e0,182342.0,2582410.0,swedish|indie|alternative|pop|rock,https://www.last.fm/music/Eskobar
ETERNAL,Eternal,7343056e-041e-4b28-a85a-58e8fb975136,317672.0,2362153.0,rnb|doom metal|soul|90s|shoegaze,https://www.last.fm/music/Eternal
ETERNXLKZ,Eternxlkz,60d97a3d-fb80-4278-a729-c08f2b2cd7ac,338036.0,5939085.0,Kazakhstan|phonk|BR FUNK,https://www.last.fm/music/Eternxlkz
ETIENNE DAHO,Étienne Daho,1e0de31c-4957-4649-9aa3-7b0f1d9d2c84,100538.0,1540875.0,french|pop|chanson francaise|80s|france,https://www.last.fm/music/%C3%89tienne+Daho
ETIENNE DAHO ET DANI,Étienne Daho,1e0de31c-4957-4649-9aa3-7b0f1d9d2c84,100538.0,1540875.0,french|pop|chanson francaise|80s|france,https://www.last.fm/music/%C3%89tienne+Daho
EUROPE,Europe,ccfe7a3c-1a45-4984-a8d0-644549cefe61,1799557.0,21942194.0,hard rock|rock|classic rock|80s|hair metal,https://www.last.fm/music/Europe
EURYTHMICS,Eurythmics,b4d32cff-f19e-455f-86c4-f347d824ca61,2880674.0,33278115.0,new wave|80s|pop|female vocalists|synth pop,https://www.last.fm/music/Eurythmics
EVA,Eva,9c5b1d95-9627-4293-803e-6f25f188a837,72287.0,912611.0,cold wave|post-punk|zimna fala|female vocalists|coldwave,https://www.last.fm/music/Eva
EVA GUESS,Eva Guess,ed8ff68c-f7e2-46c9-b8f0-09c28c2a2061,274.0,1294.0,,https://www.last.fm/music/Eva+Guess
EVA SIMONS,Eva Simons,481cbdd9-02ac-46fd-825f-afed658bc505,431289.0,2440145.0,pop|dance|electronic|female vocalists|rnb,https://www.last.fm/music/Eva+Simons
EVANESCENCE,Evanescence,f4a31f0a-51dd-4fa7-986d-3095c40c5ed9,4546926.0,220368699.0,Gothic Rock|rock|female vocalists|alternative|Gothic,https://www.last.fm/music/Evanescence
EVE,Eve,1ac10f5e-2079-4435-b78f-dda6ecdeba15,1820000.0,52957866.0,Hip-Hop|rap|female vocalists|rnb|hip hop,https://www.last.fm/music/Eve
EVE ANGELI,Eve Angeli,,7949.0,75299.0,pop|french|female vocalists|french pop|female artists,https://www.last.fm/music/Eve+Angeli
EVERYTHING BUT THE GIRL,Everything But the Girl,,1454687.0,24425396.0,trip-hop|electronic|chillout|female vocalists|electronica,https://www.last.fm/music/Everything+But+the+Girl
EXCALIBUR,Excalibur,27ac229c-57f5-4ec9-a460-e5eafe43fc7f,8779.0,83212.0,heavy metal|NWOBHM|RAC|death metal|Czech,https://www.last.fm/music/Excalibur
EYELAR,Eyelar,5349e3a2-1b83-4d59-9ece-ca5291f18672,26937.0,157488.0,dutch,https://www.last.fm/music/Eyelar
Eddie,Eddie,e15cca98-1c95-4c4f-a1c2-2f18dc4ac412,119268.0,1690903.0,electro house|Progressive House|tech house|electropop|mangue beat,https://www.last.fm/music/Eddie
F F F,FFF,31243ca8-9da3-4153-9ed1-4e5cc93de9dc,52969.0,593205.0,breakcore|Raggacore|jungle|Ragga Jungle|electronic,https://www.last.fm/music/FFF
FABABY,Fababy,0e545c33-9757-42c7-be1b-3bf5d6cc483c,19351.0,145450.0,Hip-Hop|rap|french|All|french rap,https://www.last.fm/music/Fababy
FAF LARAGE,Faf LaRage,,16122.0,100193.0,rap francais|french|rap|french rap|Hip-Hop,https://www.last.fm/music/Faf+LaRage
FAFÁ DE BELÉM,Fafá de Belém,7df5de77-f197-4326-805e-2b2a128feb25,85607.0,1078784.0,mpb|female vocalists|brasil|brazilian|amazonia,https://www.last.fm/music/Faf%C3%A1+de+Bel%C3%A9m
FAITHLESS,Faithless,23d9d74d-c95e-46a6-be26-a6075c49747a,1742082.0,34928561.0,electronic|trip-hop|dance|House|electronica,https://www.last.fm/music/Faithless
FAKEAR,Fakear,7c707d22-1c9c-4e72-bc8d-640baa5e2ba5,216527.0,4243502.0,trip-hop|electronic|french|france|french touch,https://www.last.fm/music/Fakear
FALLEN ROSES,Fallen Roses,12a17b40-5884-4e75-be9c-56a51ec296d6,158654.0,844175.0,electronic|chillout|ambient|experimental|Lo-Fi,https://www.last.fm/music/Fallen+Roses
FALLY IPUPA,Fally Ipupa,455a23c4-ec18-4e87-893d-db79514eb50b,38087.0,689470.0,congo|soukous|DR Congo|africa|Congolese,https://www.last.fm/music/Fally+Ipupa
FANKIES GOES TO HOLLYWOOD,,,,,,
FANTOMEL,Fantomel,,54735.0,236391.0,dj|funk|dance|electronic,https://www.last.fm/music/Fantomel
FAOUZIA,Faouzia,6aed0a74-92a7-47e6-97d1-7b6a72afec4b,379484.0,10249106.0,pop|moroccan|Canadian|female vocalists|morocco,https://www.last.fm/music/Faouzia
FARRUKO,Farruko,d2b3524f-67e8-45ef-bfc1-693cac525135,826278.0,11337223.0,Reggaeton|latin|Puerto Rican|puerto rico|reggaeton-boriqua,https://www.last.fm/music/Farruko
FAST BOY,Fast Boy,,92252.0,790880.0,pop|electronic|german|dance|germany,https://www.last.fm/music/Fast+Boy
FASTBOY,FasTboy,,28.0,85.0,,https://www.last.fm/music/FasTboy
FAT BOY SLIM,Fatboy Slim,34c63966-445c-4613-afe1-4f0e1e53ae9a,2642874.0,49684413.0,electronic|big beat|dance|House|electronica,https://www.last.fm/music/Fatboy+Slim
FAT DOG,Fat Dog,bc863bfa-aa3b-4392-ab4b-2b151df9e3cd,92330.0,1385238.0,rap|hip hop|post-punk|Hip-Hop|new rave,https://www.last.fm/music/Fat+Dog
FAT JOE,Fat Joe,a6a4c910-2b22-4a6f-aebe-805b176c47b8,1445924.0,11873690.0,Hip-Hop|rap|east coast rap|hip hop|Gangsta Rap,https://www.last.fm/music/Fat+Joe
FATAL BAZOOKA,Fatal Bazooka,9b1caaca-7617-4b6c-beb9-5470457fa765,80514.0,979885.0,french|Hip-Hop|rap|humour|comedy,https://www.last.fm/music/Fatal+Bazooka
FATBOY SLIM,Fatboy Slim,34c63966-445c-4613-afe1-4f0e1e53ae9a,2642874.0,49684413.0,electronic|big beat|dance|House|electronica,https://www.last.fm/music/Fatboy+Slim
FATMAN SCOOP,Fatman Scoop,d3d20e96-5783-4126-9d64-075566611c5e,189647.0,1052096.0,Hip-Hop|rap|new york|hip hop|rnb,https://www.last.fm/music/Fatman+Scoop
FATOUMATA DIAWARA,Fatoumata Diawara,6f5064bb-7dbb-4a44-bac5-04c467394817,147976.0,1716346.0,mali|To|can|african|this,https://www.last.fm/music/Fatoumata+Diawara
FAUDEL,Faudel,5b330b43-ea98-486f-a15d-4aa09e990ac7,44282.0,299667.0,rai|french|arabic|world|World Music,https://www.last.fm/music/Faudel
FAUVE,FAUVE,,87285.0,3050290.0,french|spoken word|indie|singer-songwriter|swiss,https://www.last.fm/music/FAUVE
FAVÉ,Favé,98f3437b-c45d-4e74-9784-1603f3e9b8c3,62440.0,2563489.0,french|rap|Fave|france|drill,https://www.last.fm/music/Fav%C3%A9
FEDER,Feder,93165cd3-8ddd-4242-952d-839513003e25,340029.0,3209050.0,House|deep house|french|dance|electronic,https://www.last.fm/music/Feder
FEIST,Feist,a670e05a-cea8-4b37-bce9-d82daf1a0fa4,2759054.0,95530649.0,female vocalists|indie|singer-songwriter|Canadian|indie pop,https://www.last.fm/music/Feist
FELICIDAD,Felicidad,3bdb3ed9-3759-4dc9-8f5e-586b853acc94,1588.0,4653.0,,https://www.last.fm/music/Felicidad
FELIX JAEHN,Felix Jaehn,930448f9-a67a-402f-bc73-2bf6b279afaa,834108.0,10966542.0,House|electronic|german|dance|Melodic House,https://www.last.fm/music/Felix+Jaehn
FELSMANN,Felsmann,,11.0,73.0,,https://www.last.fm/music/Felsmann
FESTIVAL ROBLES,Festival Robles,,487.0,2754.0,,https://www.last.fm/music/Festival+Robles
FEU! CHATTERTON,Feu! Chatterton,b1eac47e-77b5-4f5c-ae33-442c07182278,126951.0,2488230.0,french|rock|france|pop|art rock,https://www.last.fm/music/Feu%21+Chatterton
FIFTH HARMONY,Fifth Harmony,e565610b-9a8f-451d-b594-ea658d76f725,1708566.0,50650246.0,pop|female vocalists|X factor|american|rnb,https://www.last.fm/music/Fifth+Harmony
FILES,files,,564.0,6839.0,Hip-Hop|polish|underground,https://www.last.fm/music/files
FIONA APPLE,Fiona Apple,a9ee533f-8871-4f62-a6bb-91eb264abc90,2742016.0,181348927.0,female vocalists|singer-songwriter|alternative|piano|indie,https://www.last.fm/music/Fiona+Apple
FIRE,Fire,6be90417-c87e-4ebe-ad7d-f50e3c62202c,30937.0,147198.0,Psychedelic Rock|psychedelic|hard rock|Garage Rock|mod,https://www.last.fm/music/Fire
FIREBOY DML,Fireboy DML,4d09a017-4e09-47a7-b274-a7e0767ac4e0,373231.0,5809113.0,afrobeats|nigeria|rap|nigerian|africa,https://www.last.fm/music/Fireboy+DML
FKG,FKG,,33.0,150.0,,https://www.last.fm/music/FKG
FLEETWOOD MAC,Fleetwood Mac,bd13909f-1c29-4c27-a874-d4aaf27c5b1a,4914115.0,303053113.0,classic rock|rock|70s|blues|pop,https://www.last.fm/music/Fleetwood+Mac
FLEM KGB,Flem KGB,,152.0,429.0,,https://www.last.fm/music/Flem+KGB
FLORA CASH,Flora Cash,061f522b-edab-4ad7-8397-f3b3918e048b,553626.0,6815570.0,folk|indie|Sweden|singer-songwriter|female vocalists,https://www.last.fm/music/Flora+Cash
FLORA FISHBACH,Flora Fishbach,,10385.0,116821.0,french|pop|electropop|indie pop|art pop,https://www.last.fm/music/Flora+Fishbach
FLORENT PAGNY,Florent Pagny,b5a9e7a0-04fe-42ae-965a-4c857ab22978,109872.0,1357219.0,chanson francaise|french|pop|rock|francais,https://www.last.fm/music/Florent+Pagny
FLUME,Flume,35fd8d42-b4a6-4414-9827-8766bd0daa3c,1940019.0,70816463.0,electronic|chillout|wonky|australian|instrumental hip-hop,https://www.last.fm/music/Flume
FODA C,Foda C,5d80b95d-6e3a-4912-afab-221895cbf505,336.0,3496.0,,https://www.last.fm/music/Foda+C
FOLL'S GARDEN,Fool's Garden,,455283.0,4520402.0,pop|rock|britpop|soft rock|german,https://www.last.fm/music/Fool%27s+Garden
FONKY FAMILY,Fonky Family,dfbc2d9e-d1c0-442b-970f-af28bb597537,72073.0,1156625.0,Hip-Hop|rap|french|french rap|french hip-hop,https://www.last.fm/music/Fonky+Family
FOOLS GARDEN,Fool's Garden,,455283.0,4520402.0,pop|rock|britpop|soft rock|german,https://www.last.fm/music/Fool%27s+Garden
FOREIGNER,Foreigner,160629ab-ec18-4931-8c95-02cb92d06186,2423122.0,33788090.0,classic rock|rock|hard rock|80s|pop,https://www.last.fm/music/Foreigner
FOREVER SWEET,Forever Sweet,5c5595a1-425d-4a18-990d-29482873df4a,2711.0,11155.0,minimal|All|cologne classic|spotify,https://www.last.fm/music/Forever+Sweet
FOREVER YOUNG,Forever young,,12505.0,94911.0,Straight Edge|hardcore|hardcore punk|Vegan|youth crew,https://www.last.fm/music/Forever+young
FOUR NON BLONDES,4 Non Blondes,efef848b-63e4-4323-8ef7-69a48fbdd51d,1407703.0,11269391.0,rock|alternative rock|90s|female vocalists|alternative,https://www.last.fm/music/4+Non+Blondes
FOUSHEÉ,Fousheé,a298565e-d43e-46c4-b35c-bfe131258815,426329.0,4667556.0,soul|rnb|pop punk|pop|noise pop,https://www.last.fm/music/Foushe%C3%A9
FRAMAL,FRAMAL,e163b358-b41a-4da0-96a2-1870a9365b41,391.0,3213.0,,https://www.last.fm/music/FRAMAL
FRANCE GALL,France Gall,385966f0-b912-4755-bad6-4780ebf3f4cd,466543.0,7587988.0,french|pop|female vocalists|ye-ye|french pop,https://www.last.fm/music/France+Gall
FRANCESCO YATES,Francesco Yates,a2c987d8-555e-4f29-9b83-a97100b08219,54495.0,240337.0,soul|male vocalists|rnb|pop|rhythm and blues,https://www.last.fm/music/Francesco+Yates
FRANCIS CABREL,Francis Cabrel,9476ee3c-ede2-46e8-ae24-ce2db54b5df3,227353.0,4334072.0,chanson francaise|french|singer-songwriter|pop|chanson,https://www.last.fm/music/Francis+Cabrel
FRANCIS MERCIER,Francis Mercier,422d1d89-b9d0-4331-95f3-6f3e8c6dcaaa,130407.0,1014258.0,House|latin|dance|electronic|USA,https://www.last.fm/music/Francis+Mercier
FRANCK MICHAEL,Frank Michael,80943d84-2dbb-48cc-bb98-07f07643bf64,4443.0,80268.0,beauf|Schlager|french|belgian|wallonia,https://www.last.fm/music/Frank+Michael
FRANCOIS FELDMAN,François Feldman,73d90324-e913-4aad-860b-870ada53336f,26844.0,210552.0,french|pop|chanson francaise|80s|chanson,https://www.last.fm/music/Fran%C3%A7ois+Feldman
FRANCOISE HARDY,Françoise Hardy,d2a79d20-1304-47fd-a998-b4fe1ec78373,894188.0,18691705.0,french|female vocalists|60s|chanson|french pop,https://www.last.fm/music/Fran%C3%A7oise+Hardy
FRANCÈ ZITO,Francè Zito,,3.0,46.0,,https://www.last.fm/music/Franc%C3%A8+Zito
FRANGLISH,Franglish,ad29aaaf-c93b-4841-8730-380a2c85986a,89458.0,1829676.0,french|pop|french pop|france|afrobeats,https://www.last.fm/music/Franglish
FRANK MICHAEL,Frank Michael,80943d84-2dbb-48cc-bb98-07f07643bf64,4443.0,80268.0,beauf|Schlager|french|belgian|wallonia,https://www.last.fm/music/Frank+Michael
FRANK OCEAN,Frank Ocean,e520459c-dff4-491d-a6e4-c97be35e0044,4288908.0,783096584.0,rnb|soul|Hip-Hop|r&b|ofwgkta,https://www.last.fm/music/Frank+Ocean
FRANK SHERBOURNE,Frank Sherbourne,b0df09c0-d66a-4c49-9447-4be2c7736662,106.0,609.0,,https://www.last.fm/music/Frank+Sherbourne
FRANKIE GOES TO HOLLYWOOD,Frankie Goes to Hollywood,c09c8263-40ef-4352-8031-e438b1ce68fc,1128164.0,10116784.0,new wave|80s|pop|british|dance,https://www.last.fm/music/Frankie+Goes+to+Hollywood
FRANKO,Franko,77cbc4c9-48a8-4e33-8fb6-920751fb0dfd,22302.0,267510.0,indie|rock|pop|indie pop|british,https://www.last.fm/music/Franko
FRED AGAIN..,Fred again..,bca46a0c-25c9-42ca-98c2-e64c8a5e337e,1325258.0,68948340.0,House|electronic|UK Garage|dance|deep house,https://www.last.fm/music/Fred+again..
FREDDIE MERCURY,Freddie Mercury,022589ac-7177-460d-a178-9976cf70e29f,792916.0,9516498.0,classic rock|rock|80s|Queen|pop,https://www.last.fm/music/Freddie+Mercury
FREDDY,Freddy,b9f61bdb-7154-411f-8507-059fe12279e9,14157.0,84815.0,soul|bolero|cuba|french|french soul,https://www.last.fm/music/Freddy
FREDERIC FRANCOIS,Frédéric François,ceb214fe-a6a5-49c3-a665-0a7f329b0c13,6626.0,59697.0,chanson francaise|spanish|French singer|Belgium|Frederic Francois,https://www.last.fm/music/Fr%C3%A9d%C3%A9ric+Fran%C3%A7ois
FREDERICKS GOLDMAN JONES,Fredericks Goldman Jones,e88933fa-c884-4fd9-87b1-df82155dae1f,2238.0,59503.0,french|chanson|pop|chanson francaise,https://www.last.fm/music/Fredericks+Goldman+Jones
FREEMAN,Freeman,93380e0a-e9dd-4c4b-b1ec-75091e2dccfb,82585.0,700225.0,Hip-Hop|french hip-hop|rap francais|finnish|french rap,https://www.last.fm/music/Freeman
FREEZE CORLEONE,Freeze Corleone,c715bbba-fe0f-4cb1-be89-40aa8d2117f9,91504.0,8243825.0,Hip-Hop|france|drill|rap|underground hip hop,https://www.last.fm/music/Freeze+Corleone
FRENCH 79,French 79,b4bf3785-04d5-4cd3-94d9-86f3b43e2904,462858.0,5493935.0,electronic|french|synthpop|House|france,https://www.last.fm/music/French+79
FRENCH AFFAIR,French Affair,23c28813-14ff-48fd-9c83-ffab31f26273,147564.0,906334.0,dance|pop|eurodance|french|electronic,https://www.last.fm/music/French+Affair
FRENCH MONTANA,French Montana,45dc5f07-6609-4760-a933-8c9e0f858d05,2005013.0,30258943.0,Hip-Hop|rap|hip hop|trap|trap rap,https://www.last.fm/music/French+Montana
FRENSHIP,Frenship,,366546.0,3778271.0,electronic|electropop|USA|pop|10s,https://www.last.fm/music/Frenship
FRERO DELAVEGA,FRERO DELAVEGA,,980.0,6711.0,,https://www.last.fm/music/FRERO+DELAVEGA
FRESH,DJ Fresh,77049387-0580-4a3a-a05f-d12b5d6b5042,929607.0,12225389.0,Drum and bass|electronic|jungle|dnb|Drum n Bass,https://www.last.fm/music/DJ+Fresh
FRESH LADOUILLE,Fresh laDouille,,12502.0,374617.0,french|rap|drill|france|french rap,https://www.last.fm/music/Fresh+laDouille
FRESH LAPEUFRA,Fresh LaPeufra,,22.0,89.0,,https://www.last.fm/music/Fresh+LaPeufra
FREYA RIDINGS,Freya Ridings,9f185fc4-1533-4239-9033-f9fe306df3a9,428729.0,5037003.0,indie pop|pop|piano|singer-songwriter|indie,https://www.last.fm/music/Freya+Ridings
FRIENDS,Friends,30bc543b-547e-4722-a63c-8f103a28b4b7,255495.0,2842512.0,indie|indie pop|female vocalists|pop|indiepop,https://www.last.fm/music/Friends
FROGGY MIX,Froggy Mix,ffc54d7f-0e78-4a41-b705-4fe027239e59,2923.0,33275.0,dance|J-rock|french|anime|j-dance,https://www.last.fm/music/Froggy+Mix
FRÉDÉRIC FRANÇOIS,Frédéric François,ceb214fe-a6a5-49c3-a665-0a7f329b0c13,6626.0,59697.0,chanson francaise|spanish|French singer|Belgium|Frederic Francois,https://www.last.fm/music/Fr%C3%A9d%C3%A9ric+Fran%C3%A7ois
FUTURE,Future,48262e82-db9f-4a92-b650-dfef979b73ec,3243846.0,466843053.0,Hip-Hop|rap|trap|hip hop|atlanta,https://www.last.fm/music/Future
France GALL,France Gall,385966f0-b912-4755-bad6-4780ebf3f4cd,466543.0,7587988.0,french|pop|female vocalists|ye-ye|french pop,https://www.last.fm/music/France+Gall
G SQUAD,G Squad,682b54a5-4e15-477c-aa32-61f57f805f0e,3853.0,16280.0,french|pop|Drum n Bass|france|francophone,https://www.last.fm/music/G+Squad
G-EAZY,G-Eazy,,2108164.0,56943009.0,Hip-Hop|rap|hip hop|american|The Cool Kids,https://www.last.fm/music/G-Eazy
G. SQUAD,G Squad,682b54a5-4e15-477c-aa32-61f57f805f0e,3853.0,16280.0,french|pop|Drum n Bass|france|francophone,https://www.last.fm/music/G+Squad
GABRIEL YARED,Gabriel Yared,a2dc0b52-1057-447f-89db-818acab15299,325553.0,2552890.0,Soundtrack|instrumental|Classical|composer|composers,https://www.last.fm/music/Gabriel+Yared
GABRIELA RICHARDSON,Gabriela Richardson,7f87c3a7-2fde-4ea9-a83b-3e237d446cc5,27350.0,133060.0,rnb|pop|Neo-Soul|female vocalists|alternative rnb,https://www.last.fm/music/Gabriela+Richardson
GABRY PONTE,Gabry Ponte,5a578188-781d-46a3-ac29-1974060702ad,468420.0,6333240.0,dance|Italodance|electronic|eurodance|italian,https://www.last.fm/music/Gabry+Ponte
GABRY PONTE/LUM!X/PREZIOSO,GABRY PONTE/LUM!X/PREZIOSO,,142.0,1436.0,,https://www.last.fm/music/GABRY+PONTE%2FLUM%21X%2FPREZIOSO
GALA,Gala,cd34e8ed-2f44-4031-849e-e56034b02cf9,699773.0,5470755.0,dance|pop|eurodance|90s|female vocalists,https://www.last.fm/music/Gala
GALANTIS,Galantis,a7229e38-bab7-48c1-9f35-9b4c49738b0f,1610230.0,29438677.0,House|electronic|pop|dance|swedish,https://www.last.fm/music/Galantis
GALLEON,Galleon,c0cbdd16-ab0d-4a25-a575-0d43fb7cbdf5,31108.0,278868.0,Progressive rock|dance|Progressive|Neo-prog|House,https://www.last.fm/music/Galleon
GAMBI,Gambi,036a58a1-62f5-4d00-89fd-84767bdfa6ce,94408.0,2409547.0,Jazz Hop|underground hip-hop|french|french hip-hop|Rap FR,https://www.last.fm/music/Gambi
GAME OVER,Game Over,bebe963a-e86d-4d7b-8df0-1a44261fb7a1,42577.0,394943.0,thrash metal|heavy metal|Video Game Metal|metal|video game music,https://www.last.fm/music/Game+Over
GARBAGE,Garbage,f9ef7a22-4262-4596-a2a8-1d19345b8e50,2305263.0,74120705.0,rock|alternative|alternative rock|female vocalists|indie,https://www.last.fm/music/Garbage
GARFUNKEL,Garfunkel,,2377.0,17901.0,,https://www.last.fm/music/Garfunkel
GARKUNKEL,,,,,,
GAROU,Garou,76f88542-fd2f-47a1-9be0-5d55df793aab,152673.0,2548932.0,french|pop|soft rock|male vocalists|Canadian,https://www.last.fm/music/Garou
GAROU ET CELION DION,,,,,,
GATO,Gato,0ff42b0a-b6c8-40b3-80bf-f89b0a79c243,15891.0,134882.0,free palestine|gato|REVOLUTION2014|Booba connexion|rap,https://www.last.fm/music/Gato
GAULLIN,Gaullin,5d235edc-97b2-466d-980b-e5efbfb45bb9,260182.0,3024138.0,House|EDM|lithuanian|electronic|lithuania,https://www.last.fm/music/Gaullin
GAUTIER CAPUCON,Gautier Capucon,,5146.0,28562.0,cello|Classical|classique|g capucon,https://www.last.fm/music/Gautier+Capucon
GAUVAIN SERS,Gauvain Sers,95f73773-2adc-47e5-ad7c-25870250cc6f,11211.0,122483.0,francais|french|male vocalist|singer-songeriter,https://www.last.fm/music/Gauvain+Sers
GAVIN JAMES,Gavin James,efd22686-4b72-43d5-9265-d5b073f550d1,434358.0,4540014.0,indie|singer-songwriter|irish|folk|ireland,https://www.last.fm/music/Gavin+James
GAVIN MOSS,Gavin Moss,3ccc0846-746f-44a7-a6f6-4cc8e6a585d4,17643.0,82276.0,,https://www.last.fm/music/Gavin+Moss
GAYLE,GAYLE,18fa2604-c608-4e1a-9b9d-05d7360c5817,794247.0,8979159.0,pop|USA|pop rock|female vocalists|pop punk,https://www.last.fm/music/GAYLE
GAZO,Gazo,dae7d996-38fe-4578-bf75-1e2510f522bb,132943.0,8132134.0,french|Hip-Hop|drill|france|RapFr,https://www.last.fm/music/Gazo
GAËL FAYE,Gaël Faye,8c75b0dc-7c8a-4ea4-a678-0f46c62edace,83882.0,1234085.0,soul|rap|burundi|french|rap francais,https://www.last.fm/music/Ga%C3%ABl+Faye
GAËTAN ROUSSEL,Gaëtan Roussel,3e2c4afa-36a0-4955-a5b2-7cf3949e038e,50484.0,568269.0,french|rock|indie pop|singer-songwriter|transmusicales,https://www.last.fm/music/Ga%C3%ABtan+Roussel
GENERAL ELEKTRIKS,General Elektriks,e9ec4424-2d6f-4332-b969-6c07caedf371,141964.0,1842885.0,electronic|french|Hip-Hop|experimental|downtempo,https://www.last.fm/music/General+Elektriks
GENERATION GOLDMAN,Generation Goldman,,58.0,747.0,,https://www.last.fm/music/Generation+Goldman
GENESIS,Genesis,8e3fcd7d-bda1-4ca0-b987-b8528d2ee74e,2069843.0,71093376.0,Progressive rock|classic rock|rock|80s|Progressive,https://www.last.fm/music/Genesis
GENEZIO,Genezio,609a9087-2c79-4a1f-bf5b-9927f5173911,33603.0,917610.0,french|rap|french rap|france|melo,https://www.last.fm/music/Genezio
GEORGE BENSON,George Benson,467f69b6-8d6d-4d2c-bfad-e89adf2806ff,1175971.0,13650941.0,jazz|Smooth Jazz|soul|funk|guitar,https://www.last.fm/music/George+Benson
GEORGE MICHAEL,George Michael,ccb8f30e-4d71-40c4-8b1d-846dafe73e2c,3266922.0,58350858.0,pop|80s|british|soul|dance,https://www.last.fm/music/George+Michael
GEORGES BRASSENS,Georges Brassens,b58165ba-ac55-49a1-8855-caf16c68f5f2,279112.0,5916116.0,chanson francaise|french|chanson|singer-songwriter|Chanson Française,https://www.last.fm/music/Georges+Brassens
GEORGES MOUSTAKI,Georges Moustaki,6e6dc19f-cfa9-45e8-aaad-ab1d92c60a80,107333.0,1031390.0,chanson francaise|french|singer-songwriter|chanson|folk,https://www.last.fm/music/Georges+Moustaki
GEORGIO,Georgio,bab162af-7fdc-45fb-adf4-96ddc78286be,65736.0,2909480.0,Hip-Hop|french|rap|hip hop|french rap,https://www.last.fm/music/Georgio
GERALD DE PALMAS,Gérald de Palmas,,29808.0,386226.0,french|rock|pop|chanson francaise|singer-songwriter,https://www.last.fm/music/G%C3%A9rald+de+Palmas
GERI HALLIWELL,Geri Halliwell,23207c32-6743-4982-9f46-e297b2e4eb14,475726.0,4282289.0,pop|female vocalists|british|dance|Spice Girls,https://www.last.fm/music/Geri+Halliwell
GESAFFELSTEIN,Gesaffelstein,cc3e537d-ff34-423f-8cd6-635a80f4dba7,1570441.0,28251585.0,techno|electronic|electro|tech house|new wave,https://www.last.fm/music/Gesaffelstein
GHALI,Ghali,93c3f039-7efd-4b47-9507-459914ffb10c,112536.0,5442098.0,trap|italian|rap|Hip-Hop|hiphop,https://www.last.fm/music/Ghali
GHETTO PHÉNOMÈNE,Ghetto Phénomène,fd1ad24d-b51a-442b-999e-bf5f7785823f,16571.0,172551.0,artistes,https://www.last.fm/music/Ghetto+Ph%C3%A9nom%C3%A8ne
GHOST,Ghost,2bcf2e02-5bc3-4c76-bf76-41126cb11444,1657011.0,160345925.0,heavy metal|Psychedelic Rock|doom metal|psychedelic|Progressive rock,https://www.last.fm/music/Ghost
GHOST KILLER TRACK,Ghost Killer Track,3f25df93-e629-48dc-807c-bc19e829f2db,69968.0,1245197.0,,https://www.last.fm/music/Ghost+Killer+Track
GIANNI,Gianni,20cf5475-361e-45e4-8e6c-8bc963d47a2d,40822.0,449034.0,german|rap|german hip-hop|Hip-Hop|french rap,https://www.last.fm/music/Gianni
GIGI D'AGOSTINO,Gigi D'Agostino,,1060423.0,15859419.0,dance|electronic|trance|eurodance|techno,https://www.last.fm/music/Gigi+D%27Agostino
GIGI D?AGOSTINO,gigi d?agostino,,17.0,45.0,,https://www.last.fm/music/gigi+d%3Fagostino
GIGI PEREZ,Gigi Perez,8ab64ebd-200e-47af-a3fc-92540e186214,1447956.0,51795209.0,bedroom pop|singer-songwriter|indie|folk|my top songs,https://www.last.fm/music/Gigi+Perez
GILBERT BECAUD,Gilbert Bécaud,e9a4b76a-cf82-46f5-a166-e93473624189,148356.0,1074780.0,french|chanson francaise|chanson|male vocalists|france,https://www.last.fm/music/Gilbert+B%C3%A9caud
GILBERT MONTAGNE,Gilbert Montagné,7ca575dd-30ec-4d1a-8742-93a2c47044ba,53344.0,395978.0,french|pop|chanson francaise|80s|chanson,https://www.last.fm/music/Gilbert+Montagn%C3%A9
GIMS,Gims,,425227.0,13018415.0,french|rap|rnb|Hip-Hop|congo,https://www.last.fm/music/Gims
GINIE LINE,Ginie Line,de51fc7f-c8fd-421e-864c-ef7322dd68cb,4201.0,23660.0,chanson francaise|pop|french|musical|Comedie Musicale,https://www.last.fm/music/Ginie+Line
GIPSY KINGS,Gipsy Kings,44a7f7d5-79df-4f44-8f5e-02dfc0626904,997871.0,14819991.0,Flamenco|latin|spanish|guitar|world,https://www.last.fm/music/Gipsy+Kings
GIVEON,Giveon,,1080385.0,45459695.0,rnb|Neo-Soul|soul|pop|contemporary rnb,https://www.last.fm/music/Giveon
GLENN GOULD,Glenn Gould,7002bf88-1269-4965-a772-4ba1e7a91eaa,357172.0,16765709.0,Classical|piano|baroque|Canadian|Bach,https://www.last.fm/music/Glenn+Gould
GLENN MILLER,Glenn Miller,7b353d3c-2bd9-40e3-a21d-b7da3f941339,974897.0,9993959.0,jazz|swing|Big Band|40s|oldies,https://www.last.fm/music/Glenn+Miller
GLK,GLK,b9857441-d2c3-41cc-a24f-5c8197d31b23,26531.0,452421.0,Hip-Hop|french|8-bit|rap|hip-hop/rap,https://www.last.fm/music/GLK
GLORIA ESTEFAN,Gloria Estefan,becd8cc6-a453-4183-af88-dedaaec859a6,770833.0,7846059.0,latin|pop|female vocalists|80s|latin pop,https://www.last.fm/music/Gloria+Estefan
GNARLS BARKLEY,Gnarls Barkley,a47c3aa2-7d87-475c-a2c7-1e2047dafb09,2722249.0,44744418.0,funk|soul|Hip-Hop|alternative|hip hop,https://www.last.fm/music/Gnarls+Barkley
GNASH,gnash,02f44a81-34f0-4f52-9ab7-c3cfcdb60333,773331.0,9215519.0,pop|rock|Grunge|american|Gnash,https://www.last.fm/music/gnash
GOJIRA,Gojira,1c5efd53-d6b6-4d63-9d22-a15025cf5f07,1029829.0,85947277.0,death metal|Progressive metal|progressive death metal|metal|thrash metal,https://www.last.fm/music/Gojira
GOLD,Gold,0cbc1139-a2c3-41bf-8664-2b03b346a80c,73671.0,746193.0,post-hardcore|pop|post-punk|hard rock|french,https://www.last.fm/music/Gold
GOLDEN GATE QUARTET,The Golden Gate Quartet,3ac646f6-2057-485c-bf7e-205887c81426,47012.0,298948.0,gospel|blues|spiritual|jazz|soul,https://www.last.fm/music/The+Golden+Gate+Quartet
GOOD CHARLOTTE,Good Charlotte,b267ca80-034e-4dc1-9ed4-ec45f1fed41d,2714017.0,79796279.0,punk rock|pop punk|rock|alternative|punk,https://www.last.fm/music/Good+Charlotte
GOODBOYS,GOODBOYS,,125147.0,661614.0,House|UK|deep house|british,https://www.last.fm/music/GOODBOYS
GORAN BREGOVIC,Goran Bregović,883ece23-2779-4091-b527-62eb07ee79d4,212775.0,2858798.0,balkan|folk|Gypsy|Soundtrack|ethnic,https://www.last.fm/music/Goran+Bregovi%C4%87
GORILLAZ,Gorillaz,e21857d5-3256-4547-afb3-4b6ded592596,6892178.0,522854381.0,electronic|alternative|Hip-Hop|rock|indie,https://www.last.fm/music/Gorillaz
GOTAN PROJECT,Gotan Project,66cc244d-6f96-4668-a6e9-0f9cd5acc940,808177.0,18360408.0,tango|electronic|chillout|lounge|downtempo,https://www.last.fm/music/Gotan+Project
GP EXPLORER,GP Explorer,,41100.0,908444.0,,https://www.last.fm/music/GP+Explorer
GRACIE ABRAMS,Gracie Abrams,f7441bc7-d7de-4813-a2fc-31a4033d396d,1828846.0,292472882.0,pop|indie pop|my top songs|singer-songwriter|indie,https://www.last.fm/music/Gracie+Abrams
GRADUR,Gradur,ee3f3f84-e95f-4381-83b7-8165c022d760,76785.0,1558697.0,rap|Hip-Hop|drill|french rap|trap,https://www.last.fm/music/Gradur
GRAEME ALLWRIGHT,Graeme Allwright,1d614b26-145a-4c57-a1c0-752dfe87e39d,11343.0,129280.0,french|chanson|Chanson Française|chanson francaise|pop,https://www.last.fm/music/Graeme+Allwright
GRAND CORPS MALADE,Grand Corps Malade,b97677ab-8c5d-40ea-a5e4-f501997597d7,99924.0,1976084.0,slam|french|Hip-Hop|chanson francaise|francais,https://www.last.fm/music/Grand+Corps+Malade
GRANDSON,grandson,cc699fe3-db51-4837-928f-8f712c61a01a,844175.0,25223275.0,alternative rock|indie rock|my top songs|alternative|rock,https://www.last.fm/music/grandson
GREEICY,Greeicy,b2aa6322-3617-4a0f-a2f0-778be6f78e95,127014.0,2087625.0,latin pop|spanish|Reggaeton|colombian|latin pop princess,https://www.last.fm/music/Greeicy
GREEN DAY,Green Day,084308bd-1654-436f-ba03-df6697104e19,6619943.0,449192780.0,punk rock|rock|punk|pop punk|alternative,https://www.last.fm/music/Green+Day
GREEN MONTANA,Green Montana,a1e28395-699b-4bb8-8e7a-e5eda8ac7c4c,56483.0,7712274.0,trap|rap|Hip-Hop|Belgium|cloud rap,https://www.last.fm/music/Green+Montana
GREGORIAN,Gregorian,18a0d72d-0be0-4196-a340-035163bfae1c,352975.0,8515948.0,new age|gregorian|ambient|choir|celtic,https://www.last.fm/music/Gregorian
GREGORY LEMARCHAL,Grégory Lemarchal,5a6e934b-a203-456c-812e-6c5c3efd673e,58815.0,931417.0,french|pop|male vocalists|french pop|francais,https://www.last.fm/music/Gr%C3%A9gory+Lemarchal
GREY,Grey,8dd51778-5fba-4f75-99d3-bc3b27513aab,141623.0,1259942.0,doom metal|Sludge|Doom|metal|pop,https://www.last.fm/music/Grey
GRIFF,Griff,bd359818-634d-48a1-ab92-c13a9e3e3d24,537531.0,14164528.0,pop|my top songs|british|indie pop|folk,https://www.last.fm/music/Griff
GRINGE,Gringe,008b4779-f6e1-4e17-9c1a-0806b4d0986b,28730.0,851859.0,french|rap|french rap|france,https://www.last.fm/music/Gringe
GROOVE COVERAGE,Groove Coverage,8eeecca3-3e44-4311-93e5-e67decfafc06,556743.0,8922006.0,dance|eurodance|trance|electronic|techno,https://www.last.fm/music/Groove+Coverage
GROS MO,Gros Mo,577ed4cd-a26a-4c84-b80e-4ac97a2c98c5,26393.0,479143.0,Hip-Hop|french hip-hop,https://www.last.fm/music/Gros+Mo
GRUNGERMAN,Grungerman,f788142e-878e-48b8-83f8-b1c5e63669e7,5789.0,42975.0,minimal techno|minimal|techno|Kompakt|german,https://www.last.fm/music/Grungerman
GUCCI MANE,Gucci Mane,36494952-f434-45d8-a958-8b4acdbcf8a8,2792405.0,68203826.0,Hip-Hop|rap|Dirty South|southern rap|trap,https://www.last.fm/music/Gucci+Mane
GUIZMO,Guizmo,4bec4332-76a2-4d8d-8a8a-b9325534e08f,48244.0,1708363.0,Hip-Hop|french|french rap|hip hop|rap,https://www.last.fm/music/Guizmo
GUNNA,Gunna,100b8734-f4f0-4536-9960-47f7c59d1b4c,1833390.0,184729985.0,rap|trap|Hip-Hop|hip hop|atlanta,https://www.last.fm/music/Gunna
GUNS N ' ROSES,Guns N' Roses,,5231981.0,205870918.0,hard rock|rock|classic rock|80s|metal,https://www.last.fm/music/Guns+N%27+Roses
GUNS N?ROSES,Guns N?Roses,,13.0,76.0,,https://www.last.fm/music/Guns+N%3FRoses
GUS DAPPERTON,Gus Dapperton,dd158dc3-33a8-45aa-af0c-d9bf13905d0a,603570.0,13420038.0,indie pop|indie|Lo-Fi|chillout|pop,https://www.last.fm/music/Gus+Dapperton
GUY BEART,Guy Béart,0a27cae4-8978-4efb-8f05-bfdbae69e544,13394.0,73741.0,All|french|oldies|chanson|Chanson Française,https://www.last.fm/music/Guy+B%C3%A9art
GUY2BEZBAR,Guy2Bezbar,368f3a86-e100-44e3-a65e-3f93b60a0cc1,56996.0,2341778.0,french,https://www.last.fm/music/Guy2Bezbar
GWEN STEFANI,Gwen Stefani,2e41ae9c-afd2-4f20-8f1e-17281ce9b472,4520862.0,91235828.0,pop|female vocalists|dance|rock|alternative,https://www.last.fm/music/Gwen+Stefani
GYGO,GYGO,,182.0,636.0,,https://www.last.fm/music/GYGO
Guy2Bezbar,Guy2Bezbar,368f3a86-e100-44e3-a65e-3f93b60a0cc1,56996.0,2341778.0,french,https://www.last.fm/music/Guy2Bezbar
H SEGARA/A BOCELLI,,,,,,
H.E.M,H.E.M,,9559.0,113282.0,,https://www.last.fm/music/H.E.M
HADDAWAY,Haddaway,6508cf1d-4da2-4d71-81ec-0e072338991f,1705070.0,12425975.0,dance|eurodance|90s|pop|electronic,https://www.last.fm/music/Haddaway
HAIDUCCI,Haiducii,f345a1b1-80dc-433d-a2e5-5422782e3147,42229.0,208922.0,eurodance|pop|dance|Romanian|techno,https://www.last.fm/music/Haiducii
HAILEE STEINFELD,Hailee Steinfeld,373f5bcf-f1ce-4515-83ed-0b8ed636bc14,1303874.0,27921081.0,pop|female vocalists|dance|teen pop|american,https://www.last.fm/music/Hailee+Steinfeld
HALSEY,Halsey,3377f3bb-60fc-4403-aea9-7e800612e060,2867737.0,225206207.0,pop|indie pop|indie|alternative|female vocalists,https://www.last.fm/music/Halsey
HAMZA,Hamza,051816e7-d4e8-4aa5-88e4-f404d3994096,147319.0,14682134.0,Belgium|belgian|french|rap|deep house,https://www.last.fm/music/Hamza
HANS ZIMMER,Hans Zimmer,e6de1f3b-6484-491c-88dd-6d619f142abc,2731506.0,145885017.0,Soundtrack|instrumental|Classical|composer|Soundtracks,https://www.last.fm/music/Hans+Zimmer
HANSON,Hanson,3c0a0074-4f26-4d3b-b723-a66bf6cc3753,997582.0,14967561.0,pop|pop rock|90s|rock|indie,https://www.last.fm/music/Hanson
HARLEY,Harley,eaa82f0d-efcb-4658-b275-3bb9a706ab32,59590.0,428889.0,electro|jazz|australia|saxophone|Smooth Jazz,https://www.last.fm/music/Harley
HARMONIA,Harmonia,1aa7dcb0-9c9b-4609-a7a5-bdeee26e39e8,152117.0,1615419.0,krautrock|electronic|ambient|experimental|psychedelic,https://www.last.fm/music/Harmonia
HARRY CONNICK Jr,"Harry Connick, Jr.",fd23e684-270f-4507-9cb0-a0e0d7854d16,738720.0,6811212.0,jazz|swing|Big Band|jazz vocal|New Orleans,"https://www.last.fm/music/Harry+Connick,+Jr."
HARRY STYLES,Harry Styles,7eb1ce54-a355-41f9-8d68-e018b096d427,3345003.0,449168058.0,pop|rock|pop rock|alternative|british,https://www.last.fm/music/Harry+Styles
HATIK,Hatik,,46596.0,935510.0,french|rap|french rap|Hip-Hop|Zumba,https://www.last.fm/music/Hatik
HAVANADELIRIO 1830,,,,,,
HAYCE LEMSI,Hayce Lemsi,48dee407-1d8c-41f3-8e65-a860f123ccc4,19006.0,460713.0,rap|All|french rap|Hip-Hop|nouvelle scene francaise,https://www.last.fm/music/Hayce+Lemsi
HEADIE ONE,Headie One,2e2c71a6-1ac8-4442-ba00-c4dea71abd64,510702.0,14120616.0,Grime|rap|hip hop|british|drill,https://www.last.fm/music/Headie+One
HEDIA,Hedia,85076611-4396-464d-995c-387a9d6b13ab,16580.0,80877.0,ambient|drone|field recordings|piano|minimal,https://www.last.fm/music/Hedia
HELENA,Helena,6041c81e-2638-4edc-ba46-4b040eba922a,76478.0,1097568.0,eurobeat|french|female vocalists|chillout|chanson,https://www.last.fm/music/Helena
HELENE SEGARA,Hélène Ségara,1ab8df10-1094-4dd2-8102-4eda62c672b8,76308.0,774816.0,french|chanson francaise|pop|female vocalists|french female,https://www.last.fm/music/H%C3%A9l%C3%A8ne+S%C3%A9gara
HELENE SEGARA/LAURA PAUSINI,Helene Segara/Laura Pausini,,12.0,46.0,,https://www.last.fm/music/Helene+Segara%2FLaura+Pausini
HELMUT LOTTI,Helmut Lotti,ed0d833d-8a7d-4475-afa5-58ed5b49c316,27572.0,352426.0,Helmut Lotti|Classical|belgian|male vocalist|Gentleman,https://www.last.fm/music/Helmut+Lotti
HELSLOOT,Helsloot,97899043-ddf1-41de-a92c-7ea3fd6b3c26,68743.0,496811.0,House|deep house|dutch|electronic|netherlands,https://www.last.fm/music/Helsloot
HENRI SALVADOR,Henri Salvador,05812a7d-deff-4cd1-9087-08de9ff77581,208045.0,1688881.0,french|jazz|Bossa Nova|chanson francaise|chanson,https://www.last.fm/music/Henri+Salvador
HERBERT LEONARD,Herbert Leonard,d28c1f9c-d13e-4184-a713-a61a058a3f5d,3947.0,19160.0,Retro|french,https://www.last.fm/music/Herbert+Leonard
HERMES HOUSE BAND,Hermes House Band,6d2f839e-b871-4b6c-bbf8-da73553d203e,179625.0,1279269.0,pop|dance|party|dutch|german,https://www.last.fm/music/Hermes+House+Band
HERVE VILARD,Herve Vilard,,2745.0,13031.0,french,https://www.last.fm/music/Herve+Vilard
HERVE VILLARD,Hervé Vilard,c790ba4b-31ef-4669-a367-ba8794697e12,33203.0,203021.0,french|pop|chanson francaise|60s|france,https://www.last.fm/music/Herv%C3%A9+Vilard
HERVÉ,Hervé,942075c2-c929-4e1e-922b-f8d7f2d436b5,73409.0,491623.0,House|electronic|fidget house|electro house|carbon parlour,https://www.last.fm/music/Herv%C3%A9
HEUS L'ENFOIRÉ,Heus l'enfoiré,,2.0,2.0,,https://www.last.fm/music/Heus+l%27enfoir%C3%A9
HEUSS,Heuss,,23.0,47.0,,https://www.last.fm/music/Heuss
HEUSS L'ENFOIRE,Heuss L'enfoire,,50.0,488.0,,https://www.last.fm/music/Heuss+L%27enfoire
HEUSS L'ENFOIRÉ,Heuss L'enfoiré,,147268.0,3635573.0,french|rap|french rap|france,https://www.last.fm/music/Heuss+L%27enfoir%C3%A9
HEUSS L’ENFOIRÉ,Heuss L’enfoiré,,50.0,1301.0,,https://www.last.fm/music/Heuss+L%E2%80%99enfoir%C3%A9
HEVIA,Hevia,b264fc6e-bebc-47c2-a519-1ce8cb53279c,125467.0,1315894.0,celtic|folk|instrumental|new age|bagpipe,https://www.last.fm/music/Hevia
HIRO,Hiro,fc8df64c-e669-4a79-813b-e77284e7d2e8,81325.0,859248.0,screamo|french screamo|french|japanese|female vocalists,https://www.last.fm/music/Hiro
HMZ,hmz,,10338.0,142892.0,,https://www.last.fm/music/hmz
HOLLY DOLLY,Holly Dolly,82236152-973f-423a-bd78-9090c51c5db2,77821.0,479507.0,pop|electronic|dance|yak tsup tsop|levas polka,https://www.last.fm/music/Holly+Dolly
HOLLYSIZ,HollySiz,0a665c85-3442-4daf-b743-eb9cd4ec3ab7,33285.0,309349.0,female vocalists|indie pop|indie rock|french|indie,https://www.last.fm/music/HollySiz
HOME FREE,Home Free,178131a1-bb63-44dd-8097-a5ac99933c30,102154.0,1765156.0,country|a cappella|Best Vocal Group EVER|Minnesota|funk_add_to_lidarr_batch_11,https://www.last.fm/music/Home+Free
HONEY,Honey,35e5031f-a5ed-4811-8254-65b7d585781d,51558.0,381408.0,pop|dance|polish|female vocalists|shoegaze,https://www.last.fm/music/Honey
HOOBASTANK,Hoobastank,2fa0d3ac-b64c-401a-b0a1-4915ba6cc157,2940152.0,49070367.0,alternative rock|rock|alternative|punk rock|punk,https://www.last.fm/music/Hoobastank
HOOSS,Hooss,43fd8456-e1db-47a0-b973-08ac74e1aa48,13383.0,250278.0,french rap|Rap FR,https://www.last.fm/music/Hooss
HORNET LA FRAPPE,Hornet La Frappe,b34fa996-6d1b-41db-b955-911e19c2b7e2,42284.0,1110842.0,rap|french|french rap|france|RapFr,https://www.last.fm/music/Hornet+La+Frappe
HOSHI,Hoshi,40f76571-daa6-48f6-bc14-2a257673cea1,266620.0,5087718.0,french|seventeen|k-pop|female vocalists|Kpop,https://www.last.fm/music/Hoshi
HOSHI /,,,,,,
HOTEL COSTES,Hotel Costes,,27939.0,417958.0,electronica|chillout|Chillout Bar|lounge|electronic,https://www.last.fm/music/Hotel+Costes
HOUARI,Houari,859780e3-22e5-4665-ac8b-f0739a47a3c6,10402.0,87356.0,rap|france|trap,https://www.last.fm/music/Houari
HOUDI,Houdi,08629d18-2a02-4f41-87fe-7129e7dff06e,30405.0,3997855.0,cloud rap|French hip hop,https://www.last.fm/music/Houdi
HOZIER,Hozier,b4691384-50c3-4afd-9988-51d3ec5db65d,3367173.0,286293054.0,blues|indie|soul|singer-songwriter|irish,https://www.last.fm/music/Hozier
HUBERT FELIX THIEFAINE,Hubert-Félix Thiéfaine,29e9c7d7-e79a-41d5-a255-c19ff04d5065,50479.0,898411.0,chanson francaise|french|rock|rock francais|French rock,https://www.last.fm/music/Hubert-F%C3%A9lix+Thi%C3%A9faine
HUBERT-FELIX THIEFAINE,Hubert-Félix Thiéfaine,29e9c7d7-e79a-41d5-a255-c19ff04d5065,50479.0,898411.0,chanson francaise|french|rock|rock francais|French rock,https://www.last.fm/music/Hubert-F%C3%A9lix+Thi%C3%A9faine
HUGEL,Huge L,600049b6-e3e0-4bad-9287-5b02df752b7b,28302.0,3484173.0,Hip-Hop|finnish|Suomirap|rap|Suomi Hip-hop,https://www.last.fm/music/Huge+L
HUGH JACKMAN,Hugh Jackman,7f378f19-4686-41aa-b83e-3df359ae1578,638908.0,11068003.0,musical|actors|actor|australia|musicals,https://www.last.fm/music/Hugh+Jackman
HUGO TSR,Hugo TSR,ae5e8cc8-931d-4756-b315-4075609a2ec2,39153.0,2274850.0,rap|rap francais|french|Hip-Hop|paris,https://www.last.fm/music/Hugo+TSR
HUGUES AUFRAY,Hugues Aufray,9ec13aa9-43e9-4a86-95be-d2b5c188dd20,70546.0,519550.0,chanson francaise|french|french pop|folk|All,https://www.last.fm/music/Hugues+Aufray
HYPHEN HYPHEN,Hyphen Hyphen,0ca5a598-a6d4-4fa7-8285-a1dc2fbfe2c2,67061.0,702369.0,electronic|france|female vocalists|french|indietronica,https://www.last.fm/music/Hyphen+Hyphen
HÖS,HÖS,,154.0,251.0,,https://www.last.fm/music/H%C3%96S
HÖS COPPERFIELD,Hös Copperfield,3c37fb86-b409-4af0-9f8a-404c0b819fcc,16937.0,263077.0,rap|french|french rap|france,https://www.last.fm/music/H%C3%B6s+Copperfield
I A M,IAM,7aa4a16e-9d5a-41d3-968e-fae1a2c84d05,206222.0,5030964.0,Hip-Hop|rap|french|french rap|hip hop,https://www.last.fm/music/IAM
I AM,I AM,cf22b8b7-b5a5-4a16-b201-4d5e8ef22ffc,38713.0,540290.0,deathcore|death metal|beatdown deathcore|hardcore|DIVISION 81 RECORDS,https://www.last.fm/music/I+AM
I MUVRINI,I Muvrini,42e8e932-4eb2-4ec0-8d6a-83bd19e7ec8f,20910.0,370464.0,corsica|world|folk|World Music|corsican,https://www.last.fm/music/I+Muvrini
IAM,IAM,7aa4a16e-9d5a-41d3-968e-fae1a2c84d05,206222.0,5030964.0,Hip-Hop|rap|french|french rap|hip hop,https://www.last.fm/music/IAM
IBEYI,Ibeyi,a4e3e7ca-87d7-4d5d-8a36-72e5f043e378,278722.0,3595021.0,trip-hop|experimental|electronic|dream pop|indie,https://www.last.fm/music/Ibeyi
IBRAHIM MAALOUF,Ibrahim Maalouf,af575726-1437-4b53-b6e6-343bc5f16817,245348.0,3845949.0,jazz|trumpet|Fusion|electronic|world fusion,https://www.last.fm/music/Ibrahim+Maalouf
ICE MC,Ice MC,fbd89fe5-c0d1-4539-9f12-f29e8f863782,281300.0,1958805.0,eurodance|dance|90s|electronic|pop,https://www.last.fm/music/Ice+MC
ICE SPICE,Ice Spice,6f2c949d-9540-4421-bf02-27ae27e00e33,1511312.0,50199484.0,rap|drill|Hip-Hop|trap|mother,https://www.last.fm/music/Ice+Spice
ICO,ICO,1ae5d8fd-583d-462a-a1ba-780597140ab0,113762.0,1576090.0,Soundtrack|video game music|All|ambient|Drum and bass,https://www.last.fm/music/ICO
IDIR,Idir,e6e4079d-ecf9-477f-8ac2-25b4ce17709b,44768.0,458521.0,world|kabyle|algerian|african|World Music,https://www.last.fm/music/Idir
IDRIS ELBA,Idris Elba,b3c7c6d6-5907-45a8-b589-1ec2572be4fd,117149.0,719378.0,rnb|soul|rap|hip hop|Hip-Hop,https://www.last.fm/music/Idris+Elba
IDS,IDS,8bc3389b-d56a-4023-a643-225727e175d9,7534.0,43726.0,,https://www.last.fm/music/IDS
IKAZ BOI,Ikaz boi,,38065.0,1282202.0,french,https://www.last.fm/music/Ikaz+boi
IL DIVO,Il Divo,e555f0c3-0a83-4c57-8a67-e657aac27ace,397045.0,5467197.0,Classical|pop opera|opera|Il Divo|pop,https://www.last.fm/music/Il+Divo
IL ETAIT UNE FOIS L'HOMME,Il Etait Une Fois L'Homme,,5.0,5.0,,https://www.last.fm/music/Il+Etait+Une+Fois+L%27Homme
ILIONA,Ilona,553c016b-9b02-4e0c-a77c-e3544adecf45,30786.0,200996.0,pop|Colombia|spanish|latin|latin pop,https://www.last.fm/music/Ilona
ILLENIUM,Illenium,,916190.0,37305213.0,electronic|dubstep|future bass|melodic dubstep|EDM,https://www.last.fm/music/Illenium
ILONA,Ilona,553c016b-9b02-4e0c-a77c-e3544adecf45,30786.0,200996.0,pop|Colombia|spanish|latin|latin pop,https://www.last.fm/music/Ilona
ILONA MITRECEY,Ilona Mitrecey,1c0186b4-6f73-4186-a5fb-ed997ee0b6df,20190.0,244639.0,french|pop|female vocalists|dance|techno pop,https://www.last.fm/music/Ilona+Mitrecey
IMAGES,Images,7ceb7a1f-22fe-4ec6-9cb5-285b104f9cb5,48851.0,287222.0,pop|punk|80s|hardcore|german,https://www.last.fm/music/Images
IMAGINATION,Imagination,f4038a4a-77af-4363-a2a8-5d847bb7f1ba,275565.0,1903495.0,Disco|funk|soul|80s|dance,https://www.last.fm/music/Imagination
IMAGINE DRAGONS,Imagine Dragons,012151a8-0f9a-44c9-997f-ebd68b5389f9,4091304.0,253714807.0,indie|indie rock|alternative|rock|indie pop,https://www.last.fm/music/Imagine+Dragons
IMANBEK,Imanbek,23c723b3-f54f-4634-83dc-b2989d05ae88,450497.0,4174067.0,House|C|Kazakhstan|kazakh|slap house,https://www.last.fm/music/Imanbek
IMANY,Imany,478fe3cd-c42a-4f0f-86a1-9168041fbf14,380416.0,4913189.0,soul|jazz|folk|french|singer-songwriter,https://www.last.fm/music/Imany
IMEN ES,Imen Es,dc51567e-a9fe-4fd1-9724-9d0cca4af0d0,20444.0,268293.0,rnb|urban|rap|hip hop|french rnb,https://www.last.fm/music/Imen+Es
IMEN ÈS,,,,,,
INA WROLDSEN,Ina Wroldsen,c214045a-98fd-4a2b-b42c-47efa4b4472b,156913.0,1534672.0,pop|norwegian|Norway|female vocalists|Norge,https://www.last.fm/music/Ina+Wroldsen
INDIAN SACRED SPIRIT,Sacred Spirit,9ace62fe-7329-450f-b4a9-0dd7edd9b7b8,196869.0,2258189.0,new age|native american|ambient|chillout|world,https://www.last.fm/music/Sacred+Spirit
INDIENS SACRED SPIRIT,Sacred Spirit,9ace62fe-7329-450f-b4a9-0dd7edd9b7b8,196869.0,2258189.0,new age|native american|ambient|chillout|world,https://www.last.fm/music/Sacred+Spirit
INDIIANA,Indiiana,a551b733-2c3d-45d7-8346-0389374040a9,98.0,447.0,,https://www.last.fm/music/Indiiana
INDILA,Indila,eee14992-d2ab-4c46-b1e2-51080504ba50,860134.0,15183842.0,french|pop|female vocalist|female vocalists|indie,https://www.last.fm/music/Indila
INDOCHINE,Indochine,076caf66-1bb1-4486-8f46-910c83441eab,303094.0,9775497.0,french|new wave|rock|80s|alternative,https://www.last.fm/music/Indochine
INDRA,Indra,db82936a-4287-4181-8c4c-6758c56be4c8,139198.0,1963461.0,psytrance|full-on|psychedelic trance|psychedelic|trance,https://www.last.fm/music/Indra
INES RIVERO,Ines Rivero,,279.0,1251.0,,https://www.last.fm/music/Ines+Rivero
INGROSSO,Ingrosso,f94a33a8-985e-4b24-88cb-e897b951ad9e,1520.0,8293.0,swedish|Sweden,https://www.last.fm/music/Ingrosso
INI KAMOZE,Ini Kamoze,ce29fa89-8aed-4f7b-8b3e-a34d0c9ed0c6,735612.0,4945963.0,reggae|dancehall|90s|jamaica|ragga,https://www.last.fm/music/Ini+Kamoze
INK,Ink,b0e185f4-fe1e-4fe7-9c64-4b65c472c1ba,38009.0,355908.0,Drum and bass|alternative rock|electronic|alternative metal|dnb,https://www.last.fm/music/Ink
INNA,Inna,99efca32-eea1-45fb-92cb-8798976a9769,1101864.0,23285049.0,dance|House|electronic|trance|Romanian,https://www.last.fm/music/Inna
INTERNET MONEY,Internet Money,72f8d4f4-a167-4b66-8b65-46fe0a07f63b,1130994.0,27371751.0,rap|Hip-Hop|trap|hip hop|emo rap,https://www.last.fm/music/Internet+Money
INXS,INXS,481bf5f9-2e7c-4c44-b08a-05b32bc7c00d,2055940.0,40352926.0,rock|new wave|80s|australian|pop,https://www.last.fm/music/INXS
IR-SAIS,Ir-Sais,,1200.0,10064.0,,https://www.last.fm/music/Ir-Sais
IRON MAIDEN,Iron Maiden,ca891d65-d9b0-4258-89f7-e6ba29d83767,3217491.0,268273818.0,heavy metal|metal|NWOBHM|hard rock|rock,https://www.last.fm/music/Iron+Maiden
ISAAC DELUSION,Isaac Delusion,d6cce8f3-abd5-4e39-89b9-ab10cf813540,226353.0,2488718.0,indie pop|indietronica|electronic|downtempo|electropop,https://www.last.fm/music/Isaac+Delusion
ISABELLE BOULAY,Isabelle Boulay,9b1d72ff-f4da-4773-8659-afba133cecb0,54112.0,656179.0,french|female vocalists|pop|quebec|french pop,https://www.last.fm/music/Isabelle+Boulay
ISABELLE BOULAY/JOHNNY HALLYDAY,Isabelle Boulay,9b1d72ff-f4da-4773-8659-afba133cecb0,54112.0,656179.0,french|female vocalists|pop|quebec|french pop,https://www.last.fm/music/Isabelle+Boulay
ISHA,Isha,29969197-d43b-4844-9969-08b09d757ae6,44061.0,2642455.0,Hip-Hop|belgian|rap|jazz|french rap,https://www.last.fm/music/Isha
ISK,ISK,da3b7253-dd37-4569-ae75-9eec584e774e,16993.0,443320.0,canada|rap|Hip-Hop,https://www.last.fm/music/ISK
IV MY PEOPLE,Iv My People,,7769.0,71834.0,rap francais|Hip-Hop|french|french hip-hop|french rap,https://www.last.fm/music/Iv+My+People
IVANN,Ivann,4d1a0145-a43d-4a81-afea-8185586ec8d2,12670.0,70843.0,lounge|Flamenco|Colombia|instrumental|worldmusic,https://www.last.fm/music/Ivann
IZAID,IZAID,,16214.0,400207.0,,https://www.last.fm/music/IZAID
IZZY BIZU,Izzy Bizu,9ed99a76-6c01-455e-9e3d-a233e48ece45,220721.0,1794321.0,soul|pop|rnb|british|female vocalists,https://www.last.fm/music/Izzy+Bizu
IZÏA,Izïa,,40030.0,474817.0,french|france|indie|rock|Female Vox,https://www.last.fm/music/Iz%C3%AFa
IÑIGO QUINTERO,iñigo quintero,,215196.0,2628710.0,pop|latin|spanish|singer-songwriter|spain,https://www.last.fm/music/i%C3%B1igo+quintero
J BALVIN,J Balvin,5bdeb32d-56a5-4b6d-a768-264101fa0a0a,1870495.0,65820340.0,Reggaeton|pop|colombian|latin|Colombia,https://www.last.fm/music/J+Balvin
J FIVE,J Five,,3330.0,31763.0,Hip-Hop|Home collection|pop,https://www.last.fm/music/J+Five
J-J GOLDMAN,Jean-Jacques Goldman,0b3819e6-3fa1-4a50-a84c-f2a62643185d,169396.0,3192382.0,french|chanson francaise|pop|singer-songwriter|rock,https://www.last.fm/music/Jean-Jacques+Goldman
J. BALVIN,J Balvin,5bdeb32d-56a5-4b6d-a768-264101fa0a0a,1870495.0,65820340.0,Reggaeton|pop|colombian|latin|Colombia,https://www.last.fm/music/J+Balvin
J. COLE,J. Cole,875203e1-8e58-4b86-8dcb-7190faf411c5,3879714.0,311971792.0,Hip-Hop|rap|hip hop|North Carolina|underground hip-hop,https://www.last.fm/music/J.+Cole
J. REY SOUL,J. Rey Soul,ce08fe7b-89f5-4330-9cd9-fe5f2d60e20f,6339.0,20268.0,pop|Hip-Hop|rnb|Filipino|philippine,https://www.last.fm/music/J.+Rey+Soul
J.J. GOLDMAN,Jean-Jacques Goldman,0b3819e6-3fa1-4a50-a84c-f2a62643185d,169396.0,3192382.0,french|chanson francaise|pop|singer-songwriter|rock,https://www.last.fm/music/Jean-Jacques+Goldman
J9UEVE,J9ueve,01900e53-b65b-4cfd-9be5-febf427be683,32629.0,2914294.0,rap|Hip-Hop|trap|Cloud|Plugg Music,https://www.last.fm/music/J9ueve
JABBERWOCKY,Jabberwocky,2b82eaa2-8df1-4caa-9c3a-20554728a31e,142444.0,1342531.0,french|electronic|chillout|indie|france,https://www.last.fm/music/Jabberwocky
JACK,Jack,c8fc9d07-a910-46ea-bbc8-3258395f8aaf,57000.0,1381584.0,grindcore|Crust|chamber pop|electro|hungarian,https://www.last.fm/music/Jack
JACK HARLOW,Jack Harlow,134cb0bc-06fa-42f7-8078-b0c858349975,1874967.0,80218652.0,rap|Hip-Hop|trap|hip hop|pop rap,https://www.last.fm/music/Jack+Harlow
JACK JOHNSON AND FRIENDS,Jack Johnson,ff6e677f-91dd-4986-a174-8db0474b1799,3698334.0,186654128.0,acoustic|singer-songwriter|chill|alternative|rock,https://www.last.fm/music/Jack+Johnson
JACKBOYS,JACKBOYS,55814ae1-f5aa-4481-9878-05d9faf98c5a,1048244.0,28621712.0,rap|Hip-Hop|trap|hip hop|JACKBOYS,https://www.last.fm/music/JACKBOYS
JACKY,Jacky,1e63ed17-a017-422a-8939-06cd01bae901,6490.0,33253.0,france,https://www.last.fm/music/Jacky
JACQUES BREL,Jacques Brel,91eda19b-1437-42cd-b7af-69df24b7f275,510475.0,11245797.0,chanson|french|chanson francaise|belgian|singer-songwriter,https://www.last.fm/music/Jacques+Brel
JACQUES DUTRONC,Jacques Dutronc,a65f4f19-9f4c-4a44-906f-87aa4ceee900,322021.0,3935225.0,french|chanson francaise|60s|french pop|ye-ye,https://www.last.fm/music/Jacques+Dutronc
JACQUES HIGELIN,Jacques Higelin,f75e42a2-e1f8-4873-ae07-f925dbc095ba,97323.0,838218.0,chanson francaise|french|chanson|rock|france,https://www.last.fm/music/Jacques+Higelin
JADEN BOSJEN,,,,,,
JAHYANAI,Jahyanai,3452e563-ccc5-4037-8046-03eef3da5be8,17663.0,114138.0,urban|hip hop|guyana|dancehall|guyanese,https://www.last.fm/music/Jahyanai
JAIN,Jain,0e6dffeb-bda0-4eb1-9567-2ac9306a516d,500293.0,6202134.0,pop|french|indie pop|female vocalists|france,https://www.last.fm/music/Jain
JAMALAK,Jamalak,7b06e4f3-6c79-4d0b-9812-e76443b2bb95,312.0,1507.0,,https://www.last.fm/music/Jamalak
JAMEL DEBBOUZE,Jamel DEBBOUZE,,3976.0,18029.0,,https://www.last.fm/music/Jamel+DEBBOUZE
JAMELIA,Jamelia,de07bdca-5e3d-4f27-a9db-e396141eac66,730874.0,5483505.0,rnb|pop|british|female vocalists|dance,https://www.last.fm/music/Jamelia
JAMES ARTHUR,James Arthur,ac452d5e-e3d9-4759-b045-f876b631a2ca,1810351.0,48784833.0,pop|british|indie|acoustic|X factor,https://www.last.fm/music/James+Arthur
JAMES BLUNT,James Blunt,ebee61b4-bbdd-4087-9bcb-d5aa099088ec,2834751.0,66361299.0,pop|singer-songwriter|acoustic|indie|rock,https://www.last.fm/music/James+Blunt
JAMES BOWMAN,James Bowman,93ee9c63-90d7-4dcb-bd0d-63956dc6175e,7847.0,41886.0,Classical|countertenor|baroque|opera|vocal,https://www.last.fm/music/James+Bowman
JAMES CARTER,James Carter,a8880ecc-10d8-4492-b17e-02715d160b56,228875.0,1773018.0,jazz|saxophone|contemporary jazz|Tenor Sax|free jazz,https://www.last.fm/music/James+Carter
JAMES HORNER,James Horner,679ec43c-bc04-4bb0-b619-2da702a214ba,934631.0,20613125.0,Soundtrack|instrumental|Classical|composers|score,https://www.last.fm/music/James+Horner
JAMIE N COMMONS,Jamie N Commons,84b453d8-84d0-4de1-9cd8-9daf2378923e,221802.0,1765814.0,blues|singer-songwriter|folk|acoustic|LastfmSC,https://www.last.fm/music/Jamie+N+Commons
JAMIE SCOTT,Jamie Scott,865db379-4fb7-480d-9956-3f45a23da8c0,91647.0,520263.0,rnb|soul|male vocalists|singer-songwriter|Soundtrack,https://www.last.fm/music/Jamie+Scott
JAMIROQUAI,Jamiroquai,f4857fb9-e255-4dc6-bd01-e4ca7cc68544,2927580.0,106796029.0,funk|acid jazz|electronic|dance|pop,https://www.last.fm/music/Jamiroquai
JANE BIRKIN,Jane Birkin,e4f92153-dd32-4c81-98bd-e0ad9a1b9672,345471.0,3737132.0,french|female vocalists|chanson|chanson francaise|french pop,https://www.last.fm/music/Jane+Birkin
JANE FOSTIN,Jane Fostin,4315d6c1-12b0-491b-94a0-57ec83d2d170,2353.0,11956.0,pop|france|guadeloupe|zouk|spotify,https://www.last.fm/music/Jane+Fostin
JANET JACKSON,Janet Jackson,6be2828f-6c0d-4059-99d4-fa18acf1a296,2301474.0,66826245.0,pop|rnb|female vocalists|dance|soul,https://www.last.fm/music/Janet+Jackson
JANIECK,Janieck,847b39ff-72c5-4b32-a07f-ce353125d4de,88162.0,531793.0,dutch|electronic|netherlands|NL,https://www.last.fm/music/Janieck
JASMINE THOMPSON,Jasmine Thompson,04e74624-554c-4689-a811-92e6145f40c0,524433.0,6094148.0,pop|female vocalists|british|Boneriffic|finis dake,https://www.last.fm/music/Jasmine+Thompson
JASON DERULO,Jason Derülo,,766011.0,6102607.0,rnb|pop|male vocalists|urban|Jason Derulo,https://www.last.fm/music/Jason+Der%C3%BClo
JASON MRAZ,Jason Mraz,82eb8936-7bf6-4577-8320-a2639465206d,3481521.0,96898769.0,acoustic|singer-songwriter|pop|alternative|rock,https://www.last.fm/music/Jason+Mraz
JAVA,Java,5737b322-bd62-486f-b382-c44f9f6df2f1,80480.0,763558.0,french|chanson francaise|rap musette|rap|12,https://www.last.fm/music/Java
JAWNY,Jawny,,1085838.0,16526752.0,Lo-Fi|indie pop|bedroom pop|indie|slacker rock,https://www.last.fm/music/Jawny
JAWSH 685,Jawsh 685,b49817f8-3343-4639-9461-386fb951fa4b,546352.0,6786573.0,Hip-Hop|electronic|pop|New Zealand|bts,https://www.last.fm/music/Jawsh+685
JAX JONES,Jax Jones,a2507d4d-3387-4d31-a6e8-f2c9794fb37e,1010113.0,16057570.0,House|electronic|dance|pop|british,https://www.last.fm/music/Jax+Jones
JAY Z,JAY-Z,,5538712.0,232135909.0,Hip-Hop|rap|hip hop|east coast rap|jay-z,https://www.last.fm/music/JAY-Z
JAY-Z : LINKIN PARK,Jay-Z : Linkin Park,,3.0,18.0,,https://www.last.fm/music/Jay-Z+:+Linkin+Park
JAYEL,Jayel,5e4e9aff-d569-48c8-a1ed-9a5a895ac5c1,7386.0,57926.0,,https://www.last.fm/music/Jayel
JAYMES YOUNG,Jaymes Young,1c494195-f8b9-456f-8516-42695bfae57b,1101904.0,17697596.0,indie|alternative|electronic|indie pop|electropop,https://www.last.fm/music/Jaymes+Young
JAZZY BAZZ,Jazzy Bazz,c6b786b4-0695-4fdc-954d-09612e74d9aa,61172.0,3548776.0,Hip-Hop|hip hop|french|rap|french rap,https://www.last.fm/music/Jazzy+Bazz
JEAN DUJARDIN,Jean Dujardin,25442103-eab4-4703-8d3b-0e29c6ff661b,11393.0,66842.0,ost|pop|Disco|funny|movie soundtrack,https://www.last.fm/music/Jean+Dujardin
JEAN FERRAT,Jean Ferrat,3d29f1d0-fcf2-4346-9e67-c4eedc05d203,100932.0,1124701.0,chanson francaise|french|Chanson Française|chanson|Jean Ferrat,https://www.last.fm/music/Jean+Ferrat
JEAN JACQUES GOLDMAN,Jean-Jacques Goldman,0b3819e6-3fa1-4a50-a84c-f2a62643185d,169396.0,3192382.0,french|chanson francaise|pop|singer-songwriter|rock,https://www.last.fm/music/Jean-Jacques+Goldman
JEAN LOUIS AUBERT,Jean-Louis Aubert,f8e2ddaf-f556-4e1f-8ab2-f111bc6410ee,79696.0,808415.0,french|rock|chanson francaise|rock francais|French rock,https://www.last.fm/music/Jean-Louis+Aubert
JEAN LOUIS MURAT,Jean-Louis Murat,,64625.0,1003974.0,french|chanson francaise|singer-songwriter|chanson|france,https://www.last.fm/music/Jean-Louis+Murat
JEAN MICHEL JARRE,Jean Michel Jarre,,203105.0,7443593.0,electronic|ambient|new age|instrumental|french,https://www.last.fm/music/Jean+Michel+Jarre
JEAN PASCAL,Jean-Pascal,,2308.0,9175.0,under 2000 listeners,https://www.last.fm/music/Jean-Pascal
JEAN RENO,Jean Reno,46c50e2d-8283-4e8e-9a92-f51f12f90599,43.0,423.0,,https://www.last.fm/music/Jean+Reno
JEAN ROCH,Jean-Roch,,30019.0,147798.0,dance|pop|french|House|electro,https://www.last.fm/music/Jean-Roch
JEAN YVES LAFESSE,Jean-Yves Lafesse,78831a69-309d-4626-9292-1bf20583c8a8,1418.0,15412.0,humour|canular,https://www.last.fm/music/Jean-Yves+Lafesse
JEAN-BAPTISTE GUEGAN,Jean-Baptiste Guegan,f3781225-f458-4378-8de9-97d266f4ce72,1827.0,13979.0,,https://www.last.fm/music/Jean-Baptiste+Guegan
JEAN-BAPTISTE MAUNIER ET CLEMENCE,Jean-Baptiste Maunier et Clemence,,22.0,327.0,,https://www.last.fm/music/Jean-Baptiste+Maunier+et+Clemence
JEAN-JACQUES GOLDMAN,Jean-Jacques Goldman,0b3819e6-3fa1-4a50-a84c-f2a62643185d,169396.0,3192382.0,french|chanson francaise|pop|singer-songwriter|rock,https://www.last.fm/music/Jean-Jacques+Goldman
JEAN-LOUIS AUBERT,Jean-Louis Aubert,f8e2ddaf-f556-4e1f-8ab2-f111bc6410ee,79696.0,808415.0,french|rock|chanson francaise|rock francais|French rock,https://www.last.fm/music/Jean-Louis+Aubert
JEAN-MARIE BIGARD,Jean-Marie Bigard,f7aa9cfb-a3d0-4f38-a2df-4dc30f6f1254,748.0,5070.0,funny|france|humour,https://www.last.fm/music/Jean-Marie+Bigard
JEAN-MICHEL JARRE,Jean Michel Jarre,,203105.0,7443593.0,electronic|ambient|new age|instrumental|french,https://www.last.fm/music/Jean+Michel+Jarre
JEAN-PIERRE DANEL,Jean-Pierre Danel,6ec936ef-2221-4113-aef9-ab1f016d66e7,3485.0,19315.0,instrumental|guitar|compilation|All|Guitare,https://www.last.fm/music/Jean-Pierre+Danel
JEANE MANSON,Jeane Manson,e97435b4-b923-47f9-a877-0f7b2eae1cf7,13695.0,83096.0,french|female vocalists|pop|USA|chanson,https://www.last.fm/music/Jeane+Manson
JEANJASS,JeanJass,5ab77d5d-f95f-4d95-b6bf-286ea3bd1a64,34038.0,1490425.0,belgian|rap|Hip-Hop|hip hop|underground rap,https://www.last.fm/music/JeanJass
JEANNE ADDED,Jeanne Added,3321a95e-d587-47c0-b6d3-fa5b60030d29,66983.0,685601.0,french|france|All|rock|female vocalists,https://www.last.fm/music/Jeanne+Added
JEANNE CHERHAL,Jeanne Cherhal,1c964d5b-ddf8-443f-a722-4e3d57b55d3c,86779.0,821300.0,french|chanson francaise|female vocalists|nouvelle scene francaise|chanson,https://www.last.fm/music/Jeanne+Cherhal
JEFF BUCKLEY,Jeff Buckley,e6e879c0-3d56-4f12-b3c5-3ce459661a8e,3415042.0,169177910.0,singer-songwriter|rock|alternative|folk|indie,https://www.last.fm/music/Jeff+Buckley
JEMY,Jemy,b4dc1d2d-6784-4e49-8bbc-b64d4154d878,989.0,20294.0,under 2000 listeners,https://www.last.fm/music/Jemy
JENIFER,Jenifer,853dbc3e-8e00-4a1c-a2c4-8153eaa96e85,106184.0,1789961.0,french|pop|female vocalists|chanson francaise|french pop,https://www.last.fm/music/Jenifer
JENNIE A.,Jennie A.,cdad3c92-2e00-4aa7-bde8-e4f56a9ca69a,148.0,651.0,,https://www.last.fm/music/Jennie+A.
JENNIFER LOPER,Jennifer Loper,,11.0,83.0,,https://www.last.fm/music/Jennifer+Loper
JENNIFER LOPEZ,Jennifer Lopez,f0602f55-1770-483d-89bd-4bae0d0ac086,3822228.0,73247005.0,pop|rnb|latin|female vocalists|dance,https://www.last.fm/music/Jennifer+Lopez
JENNIFER PAIGE,Jennifer Paige,cb710d10-1b85-498e-814c-59c8c5939730,451834.0,3011209.0,pop|female vocalists|90s|dance|alternative,https://www.last.fm/music/Jennifer+Paige
JEREMY FREROT,Jeremy Frerot,,3427.0,45249.0,,https://www.last.fm/music/Jeremy+Frerot
JESS GLYNNE,Jess Glynne,89ccd7c3-b4f8-45a6-a53f-e903eaaf96be,740125.0,11143575.0,pop|british|female vocalists|electropop|United Kingdom,https://www.last.fm/music/Jess+Glynne
JESSICA,Jessica,e43d95ec-5eb8-4316-ac25-aa82369ddb25,82521.0,1769476.0,pop|k-pop|Kpop|Korean|female vocalists,https://www.last.fm/music/Jessica
JESSICA MARQUEZ,Jessica Marquez,,2358.0,14992.0,french|female vocalists|pop|star academy|french pop,https://www.last.fm/music/Jessica+Marquez
JESSIE REYEZ,Jessie Reyez,18f56081-ccd7-4e07-981a-558c20951ccd,591634.0,11450113.0,pop|rnb|soul|Canadian|female vocalists,https://www.last.fm/music/Jessie+Reyez
JESSY MATADOR,Jessy Matador,47042e2b-351e-4256-89a4-ea9bfeec86d2,91854.0,772109.0,dance|french|pop|male vocalists|Eurovision,https://www.last.fm/music/Jessy+Matador
JEY BROWNIE,JEY BROWNIE,,26303.0,429965.0,french|rap|rnb|france|afro,https://www.last.fm/music/JEY+BROWNIE
JEY-JET,,,,,,
JIMMY CLIFF,Jimmy Cliff,2caa54a7-b08c-41da-b892-3a41abe778be,952695.0,8671474.0,reggae|ska|roots reggae|jamaica|roots,https://www.last.fm/music/Jimmy+Cliff
JIMMY HENDRIX,Jimi Hendrix,06fb1c8b-566e-4cb2-985b-b467c90781d4,4066944.0,140660151.0,classic rock|rock|blues|psychedelic|guitar,https://www.last.fm/music/Jimi+Hendrix
JKSN,JKSN,9171514b-f7b6-44d0-a003-51333b92f356,15748.0,335027.0,,https://www.last.fm/music/JKSN
JNR CHOI,Jnr Choi,419e6697-0f18-432f-af9c-380418742279,171882.0,1358575.0,gambia|gambian|UK Drill|rap|rnb,https://www.last.fm/music/Jnr+Choi
JOE,Joe,d6864f27-532d-4912-af81-d710d58b1f01,791580.0,7389363.0,rnb|soul|Hip-Hop|r&b|joe,https://www.last.fm/music/Joe
JOE COCKER,Joe Cocker,32f2d6bd-c22b-42cf-a7bc-0c4b48cd2bcb,1574234.0,19797830.0,classic rock|blues|rock|blues rock|soul,https://www.last.fm/music/Joe+Cocker
JOE DASSIN,Joe Dassin,475b7312-4fcb-49a4-8bcc-cf3a679b255a,553253.0,7790745.0,french|chanson|pop|chanson francaise|francais,https://www.last.fm/music/Joe+Dassin
JOE KILLINGTON,Joe Killington,c32f759e-490f-4b87-a637-ac71dd909980,8776.0,31452.0,UK,https://www.last.fm/music/Joe+Killington
JOE SATRIANI,Joe Satriani,29762c82-bb92-4acd-b1fb-09cc4da250d2,727687.0,30429528.0,guitar virtuoso|instrumental rock|instrumental|rock|guitar,https://www.last.fm/music/Joe+Satriani
JOEFFREY ORYEMA,Joeffrey Oryema,,1.0,2.0,,https://www.last.fm/music/Joeffrey+Oryema
JOEL CORRY,Joel Corry,7b545a9d-0be7-4a32-90ff-154489117216,874692.0,12114656.0,electronic|dance|House|C|EDM,https://www.last.fm/music/Joel+Corry
JOEL O'CANGHA,Joel O'Cangha,,97.0,441.0,,https://www.last.fm/music/Joel+O%27Cangha
JOEY STARR,Joey Starr,,9312.0,77516.0,french rap|rap|rap francais|french|Hip-Hop,https://www.last.fm/music/Joey+Starr
JOGGA,Jogga,04fa4e45-150f-42ea-bb3b-b4fb0148227b,14621.0,143942.0,french,https://www.last.fm/music/Jogga
JOHAN PAPACONSTANTINO,Johan Papaconstantino,96f1237d-177e-4c86-9217-2804f82384f1,49090.0,464696.0,france|french|Greek|electronic,https://www.last.fm/music/Johan+Papaconstantino
JOHANNE GARNEAU,Johanne Garneau,7265edcc-2c53-4a36-8441-d12e5b1586f0,4208.0,23255.0,,https://www.last.fm/music/Johanne+Garneau
JOHN LEE HOOKER,John Lee Hooker,b0122194-c49a-46a1-ade7-84d1d76bd8e9,1086150.0,15119119.0,blues|delta blues|Classic Blues|guitar|jazz,https://www.last.fm/music/John+Lee+Hooker
JOHN LEGEND,John Legend,75a72702-a5ef-4513-bca5-c5b944903546,3207218.0,56080257.0,soul|rnb|Neo-Soul|singer-songwriter|Hip-Hop,https://www.last.fm/music/John+Legend
JOHN LENNON,John Lennon,4d5447d7-c61c-4120-ba1b-d7f471d385b9,4097990.0,86728702.0,classic rock|rock|singer-songwriter|british|pop,https://www.last.fm/music/John+Lennon
JOHNNY HALLYDAY,Johnny Hallyday,323ed974-8bf6-4f54-9525-b774a659f805,182686.0,2727987.0,chanson francaise|french|rock|rock francais|johnny hallyday,https://www.last.fm/music/Johnny+Hallyday
JOK'AIR,Jok'Air,,71853.0,3797648.0,french|rap|rnb|electronic|french rap,https://www.last.fm/music/Jok%27Air
JOK’AIR,Jok’Air,7f7e87b2-7680-42f5-8ad0-d0af6555212e,66.0,472.0,,https://www.last.fm/music/Jok%E2%80%99Air
JON BRION,Jon Brion,a32e4aac-1db8-4dc6-be34-a813c4530627,760911.0,16704039.0,Soundtrack|instrumental|singer-songwriter|indie|indie pop,https://www.last.fm/music/Jon+Brion
JONAS BLUE,Jonas Blue,17678771-5799-4017-851a-319f25b6948d,1246058.0,20140614.0,electronic|House|british|tropical house|dance,https://www.last.fm/music/Jonas+Blue
JONAS BROTHERS,Jonas Brothers,6e019bc6-5c23-4935-94f0-4a896631d846,2180819.0,76228335.0,pop|pop rock|Disney|rock|pop punk,https://www.last.fm/music/Jonas+Brothers
JONATHAN,Jonathan,c3307e47-631c-456b-9e17-e56efbb52f41,17269.0,171441.0,Garage Rock|croatian|electronic|indie|House,https://www.last.fm/music/Jonathan
JONATHAN CERRADA,Jonatan Cerrada,f29a7d82-0101-4a07-bb65-542160ea3236,8181.0,187233.0,french|pop|Eurovision|Eurovision Song Contest|Belge,https://www.last.fm/music/Jonatan+Cerrada
JORDAN ADETUNJI,Jordan Adetunji,4587105d-7469-480a-9ed5-1513af9a91c9,543901.0,7764820.0,rap|Hip-Hop|trap|jersey club|rnb,https://www.last.fm/music/Jordan+Adetunji
JORJA SMITH,Jorja Smith,d62614aa-ef2c-44cd-8a7b-91292755a1d0,1352987.0,43928055.0,rnb|soul|Neo-Soul|pop|UK,https://www.last.fm/music/Jorja+Smith
JOSEF SALVAT,Josef Salvat,0ee82c4c-f201-4281-b1da-c43c40d168ba,273641.0,3375631.0,indie|pop|indie pop|experimental|alternative,https://www.last.fm/music/Josef+Salvat
JOSEPH KAMEL,Joseph Kamel,65ad35f7-604f-467e-b38a-f9bad15fbb34,15508.0,143946.0,french|france|egyptian|egypt,https://www.last.fm/music/Joseph+Kamel
JOSH GROBAN,Josh Groban,12be5b16-915f-44bc-978a-8ddfab235b79,813412.0,16080284.0,Classical|pop|opera|vocal|easy listening,https://www.last.fm/music/Josh+Groban
JOSMAN,Josman,d6f204c1-ea79-4ad0-bac3-862faad14130,92585.0,13987132.0,rap|french|Hip-Hop|hip hop|french rap,https://www.last.fm/music/Josman
JOSS STONE,Joss Stone,dbbc47a5-1338-4830-9298-a8d0b11c0a46,1261465.0,23524541.0,soul|female vocalists|jazz|rnb|pop,https://www.last.fm/music/Joss+Stone
JOYCA,Joyca,,29650.0,495908.0,electro|french|House|rap|bounce,https://www.last.fm/music/Joyca
JOYCE JONATHAN,Joyce Jonathan,90f40b06-41e1-45fd-96a8-599f847978d6,108076.0,1567892.0,french|indie|pop|female vocalists|folk,https://www.last.fm/music/Joyce+Jonathan
JOÉ DWET FILÉ,Joé Dwet Filé,,1306.0,25391.0,french|Konpa,https://www.last.fm/music/Jo%C3%A9+Dwet+Fil%C3%A9
JOÉ DWÈT FILÉ,Joé Dwèt Filé,,55302.0,1033778.0,kompa|france|r&b|alternative rap|french rap,https://www.last.fm/music/Jo%C3%A9+Dw%C3%A8t+Fil%C3%A9
JP COOPER,JP Cooper,be1f10dc-3b88-48e6-baa7-95aea6abf2f6,468329.0,5140922.0,soul|pop|folk|singer-songwriter|british,https://www.last.fm/music/JP+Cooper
JP SAXE,JP Saxe,5d27a55a-5731-4ef5-a3ad-d5b44251db0f,711093.0,9951658.0,indie|pop|singer-songwriter|Canadian|notverygoodcore,https://www.last.fm/music/JP+Saxe
JUAN MAGAN,Juan Magan,,120705.0,1270851.0,House|pop|electro house|All|spanish,https://www.last.fm/music/Juan+Magan
JUBËL,Jubël,02da8816-ceb8-445b-85a6-f619327d2c7f,290892.0,2625217.0,pop|swedish|electronic|dance|Sweden,https://www.last.fm/music/Jub%C3%ABl
JUGLIO IGLESIAS,Julio Iglesias,3be4099e-f180-4038-af84-ae18a09eab02,459016.0,8208249.0,latin|spanish|pop|julio iglesias|latin pop,https://www.last.fm/music/Julio+Iglesias
JUICE WRLD,Juice WRLD,4e4ebde4-0c56-4dec-844b-6c73adcdd92d,2522158.0,527136474.0,trap|rap|emo rap|Hip-Hop|pop,https://www.last.fm/music/Juice+WRLD
JUL,Jul,c1c53ef7-213c-4d4b-9953-68dc0f9f8e7a,204042.0,17669938.0,french|rap|Hip-Hop|All|Marseille,https://www.last.fm/music/Jul
JULIA MICHAELS,Julia Michaels,4757df70-6c3e-46b8-99c0-a68644595c9a,1197760.0,22540081.0,pop|singer-songwriter|female vocalists|my top songs|american,https://www.last.fm/music/Julia+Michaels
JULIA STONE,Julia Stone,b5cf517f-e89a-43df-a50e-afac186d3e48,208768.0,2347169.0,folk|indie|singer-songwriter|acoustic|female vocalist,https://www.last.fm/music/Julia+Stone
JULIAN PERRETTA,Julian Perretta,3b8022ff-19c5-46df-9de2-966d0a95b084,96664.0,813002.0,pop|british|indie|singer-songwriter|male vocalist,https://www.last.fm/music/Julian+Perretta
JULIE ZENATTI,Julie Zenatti,a69cd724-2f57-4ed0-bfed-ba20401eb84c,52460.0,701372.0,french|pop|chanson francaise|female vocalists|french pop,https://www.last.fm/music/Julie+Zenatti
JULIEN CLERC,Julien Clerc,8b74c6be-1f8d-4893-8526-1be4a3686f7a,147954.0,1580009.0,chanson francaise|french|pop|chanson|francophone,https://www.last.fm/music/Julien+Clerc
JULIEN DORE,Julien Doré,b4d31609-8343-46f8-ad6a-728c5860c53e,158763.0,2914175.0,french|jazz|rock|ukulele|nouvelle star,https://www.last.fm/music/Julien+Dor%C3%A9
JULIEN DORÉ,Julien Doré,b4d31609-8343-46f8-ad6a-728c5860c53e,158763.0,2914175.0,french|jazz|rock|ukulele|nouvelle star,https://www.last.fm/music/Julien+Dor%C3%A9
JULIEN LIEB,Julien Lieb,49a46894-dcd0-4500-8749-f0a9c6ebedd4,6290.0,80729.0,,https://www.last.fm/music/Julien+Lieb
JULIETTE,Juliette,36c0dd6e-2968-4f68-b092-1050fdf4d675,263045.0,11533427.0,screamo|hardcore|polish|pop|chanson francaise,https://www.last.fm/music/Juliette
JULIETTE ARMANET,Juliette Armanet,bfc041af-595d-4a0d-9026-8bce9aab3e53,117333.0,2233044.0,french|pop|female vocalists|singer-songwriter|french pop,https://www.last.fm/music/Juliette+Armanet
JULIO IGLESIAS,Julio Iglesias,3be4099e-f180-4038-af84-ae18a09eab02,459016.0,8208249.0,latin|spanish|pop|julio iglesias|latin pop,https://www.last.fm/music/Julio+Iglesias
JUNG KOOK,Jung Kook,23c8056b-ee13-4cfc-a772-2f5292e35bb5,1507216.0,817209278.0,k-pop|pop|Korean|bts|jungkook,https://www.last.fm/music/Jung+Kook
JUNGELI,Jungeli,25f82916-5b66-4c06-a606-d291dc7b23cb,57181.0,651169.0,france,https://www.last.fm/music/Jungeli
JUNGKOOK,Jungkook,,31081.0,1686572.0,Jung Kook|pop|k-pop|Korean|jungkook,https://www.last.fm/music/Jungkook
JUNGLE,Jungle,3dd6a140-4526-4792-94dd-ba271e6ed041,1651630.0,54948113.0,electronic|psychedelic|techno|jungle|funk,https://www.last.fm/music/Jungle
JUNIOR,Junior,b75f51c9-d597-4f11-9759-a5db4cb0d529,144206.0,1250077.0,pop|soul|lithuanian|funk|pop punk,https://www.last.fm/music/Junior
JUSTIN BIEBER,Justin Bieber,e0140a67-e4d1-4f13-8a01-364355bee46e,4877895.0,342182140.0,pop|black metal|rnb|justin bieber|Hip-Hop,https://www.last.fm/music/Justin+Bieber
JUSTIN BIEBER SKRILLEX,JUSTIN BIEBER SKRILLEX,,5.0,6.0,,https://www.last.fm/music/JUSTIN+BIEBER+SKRILLEX
JUSTIN JESSO,Justin Jesso,e3a4a773-93ea-4994-b742-d9698e86b4c7,71655.0,958488.0,ep|Finding The Opposite Of Loneliness|los angeles|pop|stargazing,https://www.last.fm/music/Justin+Jesso
JUSTIN QUILES,Justin Quiles,e5fdb46c-eb73-4820-94ba-5dd5b35948cf,274660.0,4471183.0,Reggaeton|latin|puerto rico|male vocalists|Puerto Rican,https://www.last.fm/music/Justin+Quiles
JUSTIN TIMBERLAKE,Justin Timberlake,596ffa74-3d08-44ef-b113-765d43d12738,5587403.0,167679474.0,pop|rnb|dance|male vocalists|Hip-Hop,https://www.last.fm/music/Justin+Timberlake
JUSTIN TIMBERLAKe,Justin Timberlake,596ffa74-3d08-44ef-b113-765d43d12738,5587403.0,167679474.0,pop|rnb|dance|male vocalists|Hip-Hop,https://www.last.fm/music/Justin+Timberlake
JUSTIN WELLINGTON,Justin Wellington,af0a5691-1af2-4e76-bb58-004a3756bdf7,105693.0,652998.0,Papua New Guinea|reggae|fiji|pop|PNG,https://www.last.fm/music/Justin+Wellington
JYEUHAIR,JYEUHAIR,7ec7d7bc-102e-40ba-ab1c-a55d24177b9f,12569.0,288658.0,french|pop|electro|rap|french rap,https://www.last.fm/music/JYEUHAIR
Jason NEVINS,Jason Nevins,c9df45d4-b84b-499f-ae58-3d5a4b94d5e8,16862.0,82300.0,trance|electronic|dance|electronica|00's,https://www.last.fm/music/Jason+Nevins
Jax Jones,Jax Jones,a2507d4d-3387-4d31-a6e8-f2c9794fb37e,1010113.0,16057570.0,House|electronic|dance|pop|british,https://www.last.fm/music/Jax+Jones
Jean Mattei,Jean Mattei,773518fb-d03e-49e7-a1ba-cceadc63a5d0,273.0,2519.0,,https://www.last.fm/music/Jean+Mattei
Joel Corry,Joel Corry,7b545a9d-0be7-4a32-90ff-154489117216,874692.0,12114656.0,electronic|dance|House|C|EDM,https://www.last.fm/music/Joel+Corry
Julia Michaels,Julia Michaels,4757df70-6c3e-46b8-99c0-a68644595c9a,1197760.0,22540081.0,pop|singer-songwriter|female vocalists|my top songs|american,https://www.last.fm/music/Julia+Michaels
JÉRÉMY FREROT,Jérémy Frerot,,31625.0,379585.0,french|french pop|Born in bruges|france,https://www.last.fm/music/J%C3%A9r%C3%A9my+Frerot
JÉRÉMY FRÉROT,Jérémy Frérot,53edb840-407b-4429-98f9-e480452df80d,148.0,2007.0,french|france|francais|artistes,https://www.last.fm/music/J%C3%A9r%C3%A9my+Fr%C3%A9rot
K - MARO,K-Maro,,87699.0,991481.0,Hip-Hop|rnb|french|pop|rap,https://www.last.fm/music/K-Maro
K D D,K D D,,44.0,75.0,,https://www.last.fm/music/K+D+D
K MARO,K-Maro,,87699.0,991481.0,Hip-Hop|rnb|french|pop|rap,https://www.last.fm/music/K-Maro
K O D,K O D,,40.0,209.0,,https://www.last.fm/music/K+O+D
K S CHOICE,K's Choice,,353501.0,6463815.0,rock|alternative rock|alternative|female vocalists|belgian,https://www.last.fm/music/K%27s+Choice
K'MARO,K-Maro,,87699.0,991481.0,Hip-Hop|rnb|french|pop|rap,https://www.last.fm/music/K-Maro
K-MARO,K-Maro,,87699.0,991481.0,Hip-Hop|rnb|french|pop|rap,https://www.last.fm/music/K-Maro
K. COSTA,,,,,,
K.FLAY,K.Flay,d1fc999f-6184-41a6-bcb1-7c59bf74a6e1,1085679.0,20474314.0,Hip-Hop|rap|indie|hip hop|alternative,https://www.last.fm/music/K.Flay
K2S,K2S,ab1da41e-f9cd-4c28-a4d6-9c43a0cb080d,12503.0,132969.0,west coast|Hip-Hop|west coast hip-hop|american,https://www.last.fm/music/K2S
KAARIS,Kaaris,81920682-bb79-4b62-afa8-fe8dece0227c,109447.0,5819379.0,Hip-Hop|rap|french rap|french|trap,https://www.last.fm/music/Kaaris
KAI,Kai,5ebb5ba5-0e12-4331-87c0-bc0d0917c50d,719203.0,44276885.0,exo|rnb|k-pop|Kpop|pop,https://www.last.fm/music/Kai
KAKOU,Kakou,058e9dbd-c0cd-40a5-b863-a93a51ed8a73,10638.0,39044.0,,https://www.last.fm/music/Kakou
KALASH,Kalash,14bd08f4-9b4b-4535-b7b3-9da685455d6d,112619.0,2548967.0,dancehall|Hip-Hop|french|rap|french rap,https://www.last.fm/music/Kalash
KALASH CRIMINEL,Kalash Criminel,f83c5385-84ae-413c-8057-18d2f4fcac67,58377.0,2023104.0,rap|Hip-Hop|french|france|africa,https://www.last.fm/music/Kalash+Criminel
KALEO,Kaleo,107512ee-b101-4de5-b433-0eba72a623b2,1225846.0,21364476.0,blues rock|icelandic|rock|alternative rock|folk,https://www.last.fm/music/Kaleo
KALI UCHIS,Kali Uchis,d0c7656d-8169-4f77-9dbe-b8f24e40105d,3096060.0,318902566.0,rnb|Neo-Soul|soul|alternative rnb|pop,https://www.last.fm/music/Kali+Uchis
KALIF HARDCORE,Kalif Hardcore,f9b3fef5-4d4d-4ecc-abba-287093f7b9f9,3192.0,34808.0,french rap|rap francais|RAP CEFRAN,https://www.last.fm/music/Kalif+Hardcore
KALIPSXAU,Kalipsxau,87c89c44-51e5-436c-ac46-490f51a16cab,4400.0,87469.0,french|france|reunion|zouk,https://www.last.fm/music/Kalipsxau
KAMIKAZ,Kamikaz,50d4ab30-99e7-4947-8307-9f051d5a3cce,7473.0,76380.0,All|hiphop|rap|france|french rap,https://www.last.fm/music/Kamikaz
KAMINI,Kamini,db793f3c-32bd-4076-b74c-86acf403eb23,21884.0,176265.0,french|rap|hip hop|french rap|rap agricole,https://www.last.fm/music/Kamini
KANA,Kana,0ad02055-6312-42fe-9d9a-1f1d72d16306,60227.0,878607.0,japanese|J-rock|female vocalists|visual kei|reggae,https://www.last.fm/music/Kana
KANYE WEST,Kanye West,,7981191.0,1555302899.0,Hip-Hop|rap|hip hop|rnb|Kanye West,https://www.last.fm/music/Kanye+West
KARAOKE,Karaoke,d1ce264f-81a0-466c-9aff-3646189a825f,50423.0,338600.0,Avant-Garde|indie rock|atlanta|Helloween|grl,https://www.last.fm/music/Karaoke
KAREN ANTONN,Karen Antonn,,1.0,2.0,,https://www.last.fm/music/Karen+Antonn
KARINE COSTA,Karine Costa,f1c23968-47ba-4c32-8adb-de1fadff3dbb,13424.0,69305.0,Disney|french|Soundtrack,https://www.last.fm/music/Karine+Costa
KARLAE,Karlae,6240a05c-147c-49cf-9344-d0034443af52,23793.0,109414.0,trap|Hip-Hop|Trap Queen|rap|female,https://www.last.fm/music/Karlae
KAROL G,KAROL G,de22adae-f8ac-414f-b653-b0162611bd60,1461432.0,77091082.0,Reggaeton|pop|latin pop|latin|Colombia,https://www.last.fm/music/KAROL+G
KASSAV,Kassav',,40385.0,433730.0,zouk|creole|french|Martinique|guadeloupe,https://www.last.fm/music/Kassav%27
KAT DELUNA,Kat DeLuna,ddd4c4bc-a4ae-4946-b59c-a86aea7fa4f0,595562.0,6176080.0,rnb|pop|female vocalists|dancehall|Hip-Hop,https://www.last.fm/music/Kat+DeLuna
KATE LINN,Kate Linn,13fc447c-7e05-42a4-9c33-49288b2e8373,25431.0,240288.0,pop|female vocalists|All|electronic|romania,https://www.last.fm/music/Kate+Linn
KATE RYAN,Kate Ryan,89d746b8-7d18-4baf-8cee-659b07771568,533253.0,6885962.0,dance|pop|female vocalists|eurodance|trance,https://www.last.fm/music/Kate+Ryan
KATSEYE,KATSEYE,abbf7d85-9a7f-4a6c-80bd-bf71f2c7d520,1604967.0,105246012.0,pop|k-pop|hyperpop|electropop|rnb,https://www.last.fm/music/KATSEYE
KATY PERRY,Katy Perry,122d63fc-8671-43e4-9752-34e846d62a9c,7188730.0,444060354.0,pop|female vocalists|pop rock|indie|rock,https://www.last.fm/music/Katy+Perry
KAVINSKY,Kavinsky,eb6de5f6-98f8-4b5a-bfdc-f87fa4936baa,1719586.0,32288966.0,electronic|electro|french|dance|synthwave,https://www.last.fm/music/Kavinsky
KAYNA SAMET,Kayna Samet,1f315c2f-bfdc-49b4-89dd-ac5668960e64,9315.0,71405.0,french|soul|rnb|france|r&b,https://www.last.fm/music/Kayna+Samet
KAZA,Kaza,65f4a461-2266-4bf6-8fb2-0fb9a714a5e1,37195.0,1116317.0,dubstep|Hip-Hop|french rap|france|auto-tune,https://www.last.fm/music/Kaza
KE$HA,Ke$ha,,2392296.0,106881533.0,pop|dance|electropop|female vocalists|electronic,https://www.last.fm/music/Ke$ha
KEANE,Keane,c7020c6d-cae9-4db3-92a7-e5c561cbad50,4057606.0,118062109.0,britpop|indie|british|alternative|rock,https://www.last.fm/music/Keane
KEBLACK,KeBlack,d03d13ab-c055-4028-80a1-c1329abf8550,84927.0,1655401.0,french|france|africa|pops|congo,https://www.last.fm/music/KeBlack
KEEN' V,Keen'V,,17257.0,219145.0,french|dance|pop|chanson francaise|french pop,https://www.last.fm/music/Keen%27V
KEEN'V,Keen'V,,17257.0,219145.0,french|dance|pop|chanson francaise|french pop,https://www.last.fm/music/Keen%27V
KEEN’V,Keen’V,1df4efd9-16aa-46f0-a7cc-55cf6459d2af,187.0,1648.0,,https://www.last.fm/music/Keen%E2%80%99V
KEINEMUSIK,Keinemusik,14e2fbdb-7b85-452a-a37c-b264a26e8db6,23126.0,97602.0,germany,https://www.last.fm/music/Keinemusik
KEKRA,KEKRA,,52161.0,8708050.0,rap|Hip-Hop|Grime|france|french rap,https://www.last.fm/music/KEKRA
KEMMLER,Kemmler,ae36b11c-cb29-426a-a9cb-a45fecc3d61f,12460.0,212796.0,soul healing music|hip hop,https://www.last.fm/music/Kemmler
KENDJI GIRAC,Kendji Girac,8326a5ca-96f0-41ec-8f38-9bec3708e4ce,121378.0,2202684.0,french|latin|pop|dance|male vocalists,https://www.last.fm/music/Kendji+Girac
KENDRICK LAMAR,Kendrick Lamar,381086ea-f511-4aba-bdf9-71c753dc5077,5125643.0,1038540297.0,Hip-Hop|rap|west coast|hip hop|compton,https://www.last.fm/music/Kendrick+Lamar
KENY ARKANA,Keny Arkana,f97c4058-cc2b-43da-97e5-96bef7e55f40,68362.0,2441007.0,Hip-Hop|rap|french rap|french|hip hop,https://www.last.fm/music/Keny+Arkana
KENZA FARAH,Kenza Farah,617884f3-e53c-4ec7-bd83-7231ad5d7788,25208.0,363777.0,french|rnb|pop|female vocalist|french rnb,https://www.last.fm/music/Kenza+Farah
KERCHAK,Kerchak,3c437ae0-48db-4558-aca5-e6be5652a182,55012.0,2664286.0,french|hip hop|drill|rap|Jersey Drill,https://www.last.fm/music/Kerchak
KEREN ANN,Keren Ann,8bb436cd-8fbf-48c6-9fc8-a172c27e24ba,511910.0,6367008.0,french|female vocalists|singer-songwriter|indie|chanson francaise,https://www.last.fm/music/Keren+Ann
KERRY JAMES	DERNIER,,,,,,
KERY JAMES,Kery James,cf33388f-96db-4f15-83eb-f5faacbf8f99,49899.0,975710.0,rap|Hip-Hop|french rap|rap francais|french,https://www.last.fm/music/Kery+James
KESHA,Ke$ha,,2392296.0,106881533.0,pop|dance|electropop|female vocalists|electronic,https://www.last.fm/music/Ke$ha
KEVIN LYTTLE,Kevin Lyttle,94cb9444-aa8e-43cf-9816-839d90023a44,384197.0,2224392.0,dancehall|reggae|soca|rnb|dance,https://www.last.fm/music/Kevin+Lyttle
KEZAH,Kezah,f110949d-e514-48bd-832f-681b7ceff0c6,13058.0,100864.0,french|rap|french rap|Hip-Hop,https://www.last.fm/music/Kezah
KEZIAH JONES,Keziah Jones,754932cb-a3df-43c5-99ab-c1a69190e4bc,121023.0,1638618.0,funk|soul|blufunk|blues|guitar,https://www.last.fm/music/Keziah+Jones
KHADJA NIN,Khadja Nin,1a472ec5-97b1-482d-b17a-9a3d6b3dbcaf,38599.0,318623.0,african|world|female vocalists|ethnic|burundi,https://www.last.fm/music/Khadja+Nin
KHALED,Khaled,0b1aea37-1b1a-4c1f-bd59-23443ba90741,375523.0,3828150.0,rai|arabic|algerian|world|World Music,https://www.last.fm/music/Khaled
KHALID,Khalid,0e8496ce-87a0-4529-aed7-8ebd7253bbf7,2332550.0,97500248.0,soul|pop|rnb|alternative rnb|alternative,https://www.last.fm/music/Khalid
KHALID [FEAT. DISCLOSURE],Khalid [feat. Disclosure],,129.0,530.0,,https://www.last.fm/music/Khalid+%5Bfeat.+Disclosure%5D
KHEOPS,Kheops,9a6273a3-0870-46bf-8664-fdfb10019947,19659.0,165837.0,World Music|ethnic|new age|downtempo|chillout,https://www.last.fm/music/Kheops
KID FRANCESCOLI,Kid Francescoli,4e7473b1-0e6e-4530-b374-b9c80ec7832b,297920.0,4296174.0,french|electronic|indie pop|pop|indie,https://www.last.fm/music/Kid+Francescoli
KIDAKI,KIDAKI,,4653.0,39695.0,,https://www.last.fm/music/KIDAKI
KIDDO,Kiddo,7402eb5f-5afe-48ed-9ddc-fad301d16b9d,56861.0,320476.0,indie|jazz|pop|hardcore|indie rock,https://www.last.fm/music/Kiddo
KIDS UNITED,Kids United,0bd80b49-e873-41a6-ba6a-f634c868a60d,33126.0,626063.0,pop|french|my top songs|idols,https://www.last.fm/music/Kids+United
KIDS UNITED NOUVELLE GENERATION,Kids United Nouvelle Generation,,4114.0,61156.0,,https://www.last.fm/music/Kids+United+Nouvelle+Generation
KIKIMOTELEBA,Kikimoteleba,4775dbe7-62d8-4f5b-842e-75a7ba4fc508,16793.0,140312.0,Ivory Coast|ivorian|afro|afrobeat|African music,https://www.last.fm/music/Kikimoteleba
KILLEMV,Killemv,56ade6ca-d3f1-4b6d-aa57-44629fbf300b,185.0,930.0,,https://www.last.fm/music/Killemv
KIM,Kim,4a20014c-3b1b-462e-b05b-ba452c794b95,240871.0,2347172.0,zouk|electronic|pop|dance|electro,https://www.last.fm/music/Kim
KIM KAY,Kim'Kay,,2103.0,14609.0,pop|female vocalists|Belgium|electronic|bubblegum,https://www.last.fm/music/Kim%27Kay
KIMBEROSE,Kimberose,f4912114-e067-47bc-866b-906e5af43232,40851.0,294310.0,rnb|soul|french|indie|funk,https://www.last.fm/music/Kimberose
KINA,Kina,7023dcd6-85a8-4835-a37d-993bb72650c1,714198.0,10239823.0,hardcore|italian hardcore|italian|punk|hardcore punk,https://www.last.fm/music/Kina
KING AFRICA,King Africa,,104030.0,434034.0,latin|dance|argentina|samba|90s,https://www.last.fm/music/King+Africa
KING SERENITY,King Serenity,,6413.0,29177.0,,https://www.last.fm/music/King+Serenity
KLEM SCHEN,Klem Schen,a2d5186e-b0e9-427d-aee6-71952cbe30c9,18495.0,1055545.0,sad rap fr|Rap FR|team x2z,https://www.last.fm/music/Klem+Schen
KLINGANDE,Klingande,1faebb11-9c72-4a6f-8886-351efcab991e,576890.0,5781001.0,House|electronic|french|alternative|deep house,https://www.last.fm/music/Klingande
KLN,KLN,c8be8e84-0e71-4c68-a7e9-17c01f6624e4,2128.0,19496.0,,https://www.last.fm/music/KLN
KOBA LAD,Koba LaD,52315221-8b06-4fb1-bfd3-16057aa4f9e1,74283.0,3717174.0,french|Hip-Hop|adorable|rap francais|super mignon,https://www.last.fm/music/Koba+LaD
KODAK BLACK,Kodak Black,5ec1ecc6-4535-4911-a27a-e26343f4a189,1847060.0,107984529.0,trap|rap|Hip-Hop|hip hop|florida,https://www.last.fm/music/Kodak+Black
KOFS,Kofs,745c1d3d-09d7-442a-aec5-a1f755fa82f8,55364.0,609049.0,france,https://www.last.fm/music/Kofs
KOLIVA,Koliva,272b48e6-6dff-4093-80cf-8a64fa2044eb,6733.0,65704.0,karadeniz|laz|turkisch,https://www.last.fm/music/Koliva
KOOL AND THE GANG,Kool & the Gang,2469950a-f0ca-425a-bfbc-baf55ea3afde,2086870.0,22143102.0,funk|soul|Disco|70s|80s,https://www.last.fm/music/Kool+&+the+Gang
KOOL SHEN,Kool Shen,386b69b4-e188-4f4f-8b2d-2a375fc6608d,25700.0,276952.0,rap|french rap|rap francais|Hip-Hop|french,https://www.last.fm/music/Kool+Shen
KORE,Kore,c3e6a476-117e-4ef5-93fb-8f559115ca1d,46299.0,762808.0,Progressive metal|Esperanto|Hip-Hop|rock|darkwave,https://www.last.fm/music/Kore
KORN,Korn,ac865b2e-bba8-4f5a-8756-dd40d5e39f46,3434134.0,253408154.0,Nu Metal|metal|alternative|rock|Nu-metal,https://www.last.fm/music/Korn
KOXIE,Koxie,96561343-9f62-4eea-a067-da5e793b3fba,22409.0,136347.0,pop|french|chanson francaise|french pop|artistes francais,https://www.last.fm/music/Koxie
KPOINT,kpoint,,20832.0,263118.0,Hip-Hop,https://www.last.fm/music/kpoint
KPOP DEMON HUNTERS,KPop Demon Hunters,,1636.0,9806.0,,https://www.last.fm/music/KPop+Demon+Hunters
KPOP DEMON HUNTERS CAST,KPop Demon Hunters Cast,,12996.0,217068.0,kpop demon hunters,https://www.last.fm/music/KPop+Demon+Hunters+Cast
KRANIUM,Kranium,a5e271ec-29f1-49bd-b624-d8ef3863f833,127965.0,1238697.0,doom metal|folk metal|death metal|dancehall|Peru,https://www.last.fm/music/Kranium
KRIS KRISTOFFERSON,Kris Kristofferson,cb1ca13a-4821-4e66-aff0-0fd6b3dc9a81,458116.0,5104116.0,country|singer-songwriter|folk|classic country|americana,https://www.last.fm/music/Kris+Kristofferson
KRIS KROSS AMSTERDAM,Kris Kross Amsterdam,e90b7b86-7930-4e67-a9c2-806171d11ac4,241838.0,3292605.0,House|pop|dutch|dance|netherlands,https://www.last.fm/music/Kris+Kross+Amsterdam
KRISTEN MARIE,Kristen Marie,65155ce0-329b-4530-8fdc-0cd50aeeb337,5859.0,42498.0,,https://www.last.fm/music/Kristen+Marie
KRISY,Krisy,5c1b9ce3-88f0-40cb-8cb2-fe46dd561981,56325.0,1362591.0,belgian|rap|Hip-Hop|hip hop|underground rap,https://www.last.fm/music/Krisy
KRN,Krn,,4574.0,52650.0,french|ambient|indie|pop|House,https://www.last.fm/music/Krn
KRONOMUZIK,KronoMuzik,c192e765-b575-4f5e-a3a1-909f472d783d,21213.0,530099.0,france|instrumental|in french|Belgium,https://www.last.fm/music/KronoMuzik
KT TUNSTALL,KT Tunstall,951d2103-9c7d-4849-ae60-88bf6aa4790b,2090753.0,36912994.0,female vocalists|singer-songwriter|pop|indie|alternative,https://www.last.fm/music/KT+Tunstall
KULTURR,Kulturr,,14691.0,191191.0,,https://www.last.fm/music/Kulturr
KUNGS,Kungs,a125cd83-a379-4935-a7ec-beaa778bad70,877511.0,10061830.0,House|french|dance|electronic|france,https://www.last.fm/music/Kungs
KYGO,Kygo,ba0e7638-0cd6-4ff4-8987-c3e224d22c23,2008478.0,59612503.0,electronic|House|tropical house|chillout|downtempo,https://www.last.fm/music/Kygo
KYLA,Kyla,e77c1703-a46d-4a82-8f33-6cbb81a5c766,78455.0,826310.0,depressive black metal|black metal|Suicidal Black Metal|DSBM|swedish,https://www.last.fm/music/Kyla
KYLIE MINOGUE,Kylie Minogue,2fddb92d-24b2-46a5-bf28-3aed46f4684c,3563666.0,176352065.0,pop|dance|female vocalists|australian|electronic,https://www.last.fm/music/Kylie+Minogue
KYO,Kyo,c5d581b7-3b8b-414b-92ae-8f8ed6198901,183160.0,4255149.0,french|rock|French rock|alternative rock|alternative,https://www.last.fm/music/Kyo
LALGÉRINO,L Algérino,,3.0,13.0,,https://www.last.fm/music/L+Alg%C3%A9rino
L 5,L 5,,409.0,2238.0,,https://www.last.fm/music/L+5
L'ALGERINO,L'Algérino,,51034.0,723032.0,french|Hip-Hop|french rap|france|Rap Marseillais,https://www.last.fm/music/L%27Alg%C3%A9rino
L'ALGÉRINO,L'Algérino,,51034.0,723032.0,french|Hip-Hop|french rap|france|Rap Marseillais,https://www.last.fm/music/L%27Alg%C3%A9rino
L'ENTOURLOOP,L'Entourloop,,76419.0,1188388.0,reggae|dub|Hip-Hop|french|men,https://www.last.fm/music/L%27Entourloop
L'IMPÉRATRICE,L'Impératrice,,693063.0,16895304.0,french|synthpop|funk|electronic|france,https://www.last.fm/music/L%27Imp%C3%A9ratrice
L'SKADRILLE,L'Skadrille,,8704.0,53850.0,french rap|rap|Hip-Hop|french hip-hop|rap francais,https://www.last.fm/music/L%27Skadrille
L.E.J,L.E.J,dba8b662-4d39-4881-9c87-d306183aac12,65941.0,1070872.0,french|pop|female vocalists|france|french pop,https://www.last.fm/music/L.E.J
L2B,L2B,71359a06-8384-4f14-80df-833763af18a6,39526.0,1658725.0,french|france|french rap|rap trio,https://www.last.fm/music/L2B
L5,L5,85fb3beb-7aba-4eb1-b67f-c872bfe48e8b,45309.0,954013.0,pop|french|female vocalists|french pop|atlanta,https://www.last.fm/music/L5
L5 (POPSTARS),L5 (Popstars),,4.0,116.0,,https://www.last.fm/music/L5+(Popstars)
LA BOUCHE,La Bouche,b79a3909-7611-4b89-ab5a-5609c4aaacae,962238.0,7373986.0,eurodance|dance|90s|pop|female vocalists,https://www.last.fm/music/La+Bouche
LA BRIGADE,La Brigade,195599c0-0ffa-4cbf-b5de-b3da903022a9,18018.0,208437.0,Hip-Hop|french hip-hop|rap francais|french rap|rap,https://www.last.fm/music/La+Brigade
LA CLINIQUE,La clinique,,13058.0,163905.0,Hip-Hop|french hip-hop|french rap|hiphop|underground rap,https://www.last.fm/music/La+clinique
LA COMPAGNIE CREOLE,La Compagnie Créole,3a1b3ea4-657d-4a8f-bc1b-ad28fdf66324,40553.0,329745.0,french|zouk|80s|creole|caribbean,https://www.last.fm/music/La+Compagnie+Cr%C3%A9ole
LA FAMAX,La Famax,520484f8-890f-4d02-9c4a-c640f27c6919,4676.0,41365.0,,https://www.last.fm/music/La+Famax
LA FEMME,La Femme,45ce3d4f-3cb5-474a-a3b0-614b0f517349,543749.0,16418993.0,new wave|french|cold wave|Surf|Lo-Fi,https://www.last.fm/music/La+Femme
LA FOUINE,La Fouine,998f1ece-a2b0-47d2-93df-17553430ab73,102969.0,2505873.0,Hip-Hop|french|rap|rap francais|french rap,https://www.last.fm/music/La+Fouine
LA FÈVE,La Fève,060d707e-c7ac-4955-866f-4d227ed2661b,63718.0,11559038.0,french rap|rap|French hip hop|Hip-Hop|trap,https://www.last.fm/music/La+F%C3%A8ve
LA GRANDE SOPHIE,La Grande Sophie,3c8b9791-3ec7-454d-9f81-73231c3a83d1,75959.0,843787.0,french|chanson francaise|female vocalists|nouvelle scene francaise|francais,https://www.last.fm/music/La+Grande+Sophie
LA HAINE,La Haine,65e92bda-5aa1-43f3-adde-96fba13485ce,5957.0,24347.0,Hip-Hop|screamo|french|hardcore|french rap,https://www.last.fm/music/La+Haine
LA LEGENDE DU ROI ARTHUR,La legende du roi Arthur,,152.0,3441.0,french|musical,https://www.last.fm/music/La+legende+du+roi+Arthur
LA MANO 1.9,La Mano 1.9,c0da285a-81ad-41a2-8d04-d4a7e6cfb90c,40125.0,1337199.0,,https://www.last.fm/music/La+Mano+1.9
LA PIG CHENILLISTE,La Pig chenilliste,,3642.0,14807.0,,https://www.last.fm/music/La+Pig+chenilliste
LA REINE DES CHANSONS POUR ENFANTS ET BÉBÉS,La Reine des chansons pour enfants et bébés,,25104.0,1303252.0,french,https://www.last.fm/music/La+Reine+des+chansons+pour+enfants+et+b%C3%A9b%C3%A9s
LA RUE KETANOU,La Rue Kétanou,fddf4c3e-fecc-4fe4-83d7-eb830dcfee2b,132187.0,1936558.0,french|chanson francaise|nouvelle scene francaise|ska|rock,https://www.last.fm/music/La+Rue+K%C3%A9tanou
LA RVFLEUZE,La Rvfleuze,,38313.0,1492790.0,,https://www.last.fm/music/La+Rvfleuze
LA SYNESIA,La Synesia,2bfd0f61-994a-41ea-9e7a-c76cec62a1c6,7722.0,58611.0,french|pop|rap|france|orleans,https://www.last.fm/music/La+Synesia
LA TORDUE,La Tordue,ffdf4cb7-5d2e-403e-a5ba-b19c18d0feb4,78339.0,630307.0,chanson francaise|french|nouvelle scene francaise|chanson|francais,https://www.last.fm/music/La+Tordue
LA TRAINE,La Traine,,4017.0,16080.0,,https://www.last.fm/music/La+Traine
LA VIE PRIVEE DES ANIMAUX,,,,,,
LA ZARRA,La Zarra,893d79f2-b0f7-496c-9712-a58b6cf98572,96997.0,1849785.0,pop|Canadian|french|chanson francaise|chanson,https://www.last.fm/music/La+Zarra
LA2S,La2s,,3.0,4.0,,https://www.last.fm/music/La2s
LAAM,Lââm,e41e38c3-61a6-40c4-9c95-74f38df57a99,22487.0,134446.0,french|pop|female vocalists|chanson francophone|female vocalist,https://www.last.fm/music/L%C3%A2%C3%A2m
LABRINTH,Labrinth,dc99e6fd-c710-4f79-b74b-127b4d0b7849,2581201.0,76131257.0,electronic|british|rnb|dance|r&b,https://www.last.fm/music/Labrinth
LABYLLE/DEVARIEUX/CHEELA/PASSI,,,,,,
LACRIM,Lacrim,10df38da-1292-4881-bd96-c6dfead3934b,106271.0,3745724.0,All|french|french rap|rap|rap francais,https://www.last.fm/music/Lacrim
LADY,Lady,f73c68ba-c09a-45ab-9c51-239f97575753,86938.0,666930.0,soul|rnb|female vocalists|rock|Korean,https://www.last.fm/music/Lady
LADY GAGA,Lady Gaga,650e7db6-b795-4eb5-a702-5ea2fc46c848,7755912.0,1041476416.0,pop|dance|electronic|female vocalists|female vocalist,https://www.last.fm/music/Lady+Gaga
LADY LAISTEE,Lady Laistee,989fa007-9f92-436a-884b-56ce8e2199dc,5190.0,30776.0,french rap|rap|french|france|female rapper,https://www.last.fm/music/Lady+Laistee
LAGAF,Lagaf',,951.0,2854.0,Effarant,https://www.last.fm/music/Lagaf%27
LAGIQUE,Lagique,61231ba8-ef93-4620-b58b-b0efa4edbdb6,63.0,178.0,,https://www.last.fm/music/Lagique
LAMATRIX,Lamatrix,2792860b-da02-4b86-8329-ea865cda95d9,9386.0,79470.0,,https://www.last.fm/music/Lamatrix
LAMBARENA,Lambarena,b1591a40-7233-43c6-81af-f33797ce58a4,1047.0,17497.0,multicultural|Classical,https://www.last.fm/music/Lambarena
LANA DEL REY,Lana Del Rey,b7539c32-53e7-4908-bda3-81449c367da6,5287567.0,1592727299.0,indie|female vocalists|indie pop|pop|alternative,https://www.last.fm/music/Lana+Del+Rey
LANDY,Landy,37d9780b-f2df-4e48-b1ef-1b4f7104fb03,45582.0,944082.0,rap|indie|french rap|rock|french,https://www.last.fm/music/Landy
LARA FABIAN,Lara Fabian,7a1daf7f-b972-4808-bc03-2e1e3a79dce0,357898.0,6426172.0,female vocalists|pop|french|Canadian|lara fabian,https://www.last.fm/music/Lara+Fabian
LARRY,Larry,05c3799e-e429-4cc2-a2b3-2d65ecddd197,40145.0,1004253.0,trip-hop|electronic|drum'n'bass|Belgium,https://www.last.fm/music/Larry
LARTISTE,Lartiste,507ccf29-0d49-4219-a1a2-1b98f8e91ad0,99016.0,1338542.0,french|rap|french rap|All|rap francais,https://www.last.fm/music/Lartiste
LARUSSO,Larusso,ce402926-ad80-4555-a24b-fca1dc84911a,25783.0,154398.0,french|female vocalists|pop punk|punk|l,https://www.last.fm/music/Larusso
LAS KETCHUP,Las Ketchup,5c6f6348-15b5-4eb5-a8ae-d8a3ee3354a1,519634.0,3025862.0,spanish|pop|latin|female vocalists|dance,https://www.last.fm/music/Las+Ketchup
LASPALES,Laspales,,1.0,1.0,,https://www.last.fm/music/Laspales
LATTO,Latto,355cc194-b8db-4af2-8678-c7ad54213f4b,937885.0,17656541.0,rap|Hip-Hop|trap|atlanta|Trap Queen,https://www.last.fm/music/Latto
LAUFEY,Laufey,21a89505-10a9-4ac0-8388-833bc07b9f86,2384268.0,269734305.0,jazz|Bossa Nova|jazz pop|pop|icelandic,https://www.last.fm/music/Laufey
LAURA PAUSINI,Laura Pausini,472b9953-1f10-4aed-b1ec-d0c23ffb2cf1,582934.0,22857693.0,pop|italian|female vocalists|italian pop|latin,https://www.last.fm/music/Laura+Pausini
LAUREN DAIGLE,Lauren Daigle,920c7a88-f8f3-482f-96ef-810c6442fc3e,399008.0,6084256.0,pop|soul|christian|singer-songwriter|female vocalists,https://www.last.fm/music/Lauren+Daigle
LAURENT BAFFIE,Laurent Baffie,0998cb4f-ab28-4162-9107-ac485e2a763d,283.0,2552.0,,https://www.last.fm/music/Laurent+Baffie
LAURENT VOULZY,Laurent Voulzy,e21f19cb-0e60-4f64-b14c-cdf0f03d4a9e,119773.0,1298330.0,chanson francaise|french|pop|francophone|france,https://www.last.fm/music/Laurent+Voulzy
LAURENT WOLF,Laurent Wolf,282269b2-b468-4cf9-aea5-20c632429b85,393235.0,2779820.0,House|dance|electronic|club|tribal house,https://www.last.fm/music/Laurent+Wolf
LAURYN HILL,Lauryn Hill,e8414012-4a1c-4ad4-be5e-fc55294e28cc,1110764.0,17890950.0,soul|Hip-Hop|rnb|female vocalists|hip hop,https://www.last.fm/music/Lauryn+Hill
LAUV,Lauv,c0ef2ba5-a7b7-40ea-bd27-30acccfcac11,1802239.0,78916010.0,pop|indie pop|indie|american|jazz,https://www.last.fm/music/Lauv
LAVOIE FIORI GAROU,Lavoie Fiori Garou,,7.0,7.0,,https://www.last.fm/music/Lavoie+Fiori+Garou
LAYLOW,Laylow,b04c952c-16c4-41ad-bd62-ace5047cdf6e,91158.0,15244751.0,rap|hip hop|french rap|trap|french,https://www.last.fm/music/Laylow
LE 6 9,Le 6 9,,22.0,95.0,,https://www.last.fm/music/Le+6+9
LE 6-9,Le 6-9,58f318b5-d085-487f-bc12-931238e21ded,1802.0,16424.0,,https://www.last.fm/music/Le+6-9
LE AYM,Le Aym,6c589658-a9df-4c6f-830e-c2f622e94a70,5104.0,27233.0,,https://www.last.fm/music/Le+Aym
LE CLASSICO ORGANISÉ,Le classico organisé,70a4c94b-c7ff-4f22-8a8f-5ca19248d70c,21997.0,363981.0,french|rap|french rap|france,https://www.last.fm/music/Le+classico+organis%C3%A9
LE CLUB,Le Club,11108d01-b58d-48e1-9376-0fb3d4e742e1,16067.0,179544.0,french|funk|eighties|indie|synthpop,https://www.last.fm/music/Le+Club
LE FESTIVAL ROBLES,Le Festival ROBLES,,592.0,13311.0,french|humour|Parodies,https://www.last.fm/music/Le+Festival+ROBLES
LE MOTEL,Le Motel,1c15351d-0491-4e8b-b4bb-e3cf70997120,14024.0,78890.0,uk bass|electronic|breaks|hard drum|electro,https://www.last.fm/music/Le+Motel
LE MOTIF,LE MOTIF,,10686.0,207010.0,pop|rap|francais|topliner,https://www.last.fm/music/LE+MOTIF
LE QUATUOR,Le quatuor,,37.0,260.0,,https://www.last.fm/music/Le+quatuor
LE RAT LUCIANO,Le Rat Luciano,efe85b46-488f-4fbf-adf8-a9ca1cf26d0b,15478.0,153074.0,Hip-Hop|french|rap|french hip-hop|french rap,https://www.last.fm/music/Le+Rat+Luciano
LE RAT LUCIANO ET JUL,,,,,,
LE TRIOMPHE DE BABAR,Le triomphe de Babar,,4.0,7.0,,https://www.last.fm/music/Le+triomphe+de+Babar
LEANN RIMES,LeAnn Rimes,9092d8e1-9b38-4372-a96d-000b8561a8bc,940976.0,10762741.0,country|pop|female vocalists|singer-songwriter|female,https://www.last.fm/music/LeAnn+Rimes
LEBO M.,Lebo M,a966b097-7981-40c5-82b4-79c6fe28932c,71706.0,408613.0,Soundtrack|african|Lion King|world|Disney,https://www.last.fm/music/Lebo+M
LED ZEPPELIN,Led Zeppelin,678d88b2-87b0-403b-b63d-5da7465aecc3,4957564.0,343032947.0,classic rock|hard rock|rock|70s|Progressive rock,https://www.last.fm/music/Led+Zeppelin
LEFA,Lefa,04dd304d-9d27-4d64-85c5-4f9707fb8cac,53064.0,2364234.0,Rap FR,https://www.last.fm/music/Lefa
LEFTY GUNPLAY,Lefty Gunplay,,22739.0,247273.0,rap|Hip-Hop|west coast|USA|Gangsta Rap,https://www.last.fm/music/Lefty+Gunplay
LEKTRA,Lektra,,98.0,865.0,eurodance|dance|lithuanian,https://www.last.fm/music/Lektra
LEMAITRE,Lemâitre,,22681.0,334678.0,electronic|electronica|glitch|norwegian|House,https://www.last.fm/music/Lem%C3%A2itre
LENA KA,Lena KA,,706.0,3746.0,Disney|Soundtrack,https://www.last.fm/music/Lena+KA
LENA KANN,Lena Kann,,207.0,907.0,,https://www.last.fm/music/Lena+Kann
LENE MARLIN,Lene Marlin,2a141b9a-d109-4f4d-8085-781e7b194bca,386136.0,5255840.0,pop|female vocalists|norwegian|singer-songwriter|rock,https://www.last.fm/music/Lene+Marlin
LENIE,Lenie,4c4aff53-0f07-4eaf-b253-5facf4b964d2,4977.0,119166.0,pop|france|teen pop|female vocalists|french pop,https://www.last.fm/music/Lenie
LENNOX,Lennox,f0d4e169-33bc-4ab7-8054-df73c65323e4,7364.0,32561.0,trance|uplifting trance|electronic|Uplifting|electronica,https://www.last.fm/music/Lennox
LENNY KRAVITZ,Lenny Kravitz,0ef3f425-9bd2-4216-9dd2-219d2fe90f1f,3039290.0,54827954.0,rock|funk|alternative|alternative rock|pop,https://www.last.fm/music/Lenny+Kravitz
LENNY-KIM,Lenny-Kim,,1.0,1.0,,https://www.last.fm/music/Lenny-Kim
LEONA LEWIS,Leona Lewis,8d552dfc-648f-401f-90de-e925013ca537,2519718.0,45504573.0,pop|female vocalists|rnb|soul|british,https://www.last.fm/music/Leona+Lewis
LEONARD COHEN,Leonard Cohen,65314b12-0e08-43fa-ba33-baaa7b874c15,2134208.0,86859263.0,folk|singer-songwriter|blues|Canadian|rock,https://www.last.fm/music/Leonard+Cohen
LES 3 TENORS,Les 3 tenors,,5.0,16.0,,https://www.last.fm/music/Les+3+tenors
LES CONARDS,Les Conards,db4d57f7-40e7-4dae-ac4b-0ed55cfa51f4,916.0,3634.0,,https://www.last.fm/music/Les+Conards
LES DINOSAURES,Les Dinosaures,,3.0,3.0,,https://www.last.fm/music/Les+Dinosaures
LES DIVAS,Les Divas,,1.0,1.0,,https://www.last.fm/music/Les+Divas
LES DIX COMMANDEMENTS,Les Dix Commandements,,9938.0,93645.0,musical|french|francais|great voices|comedie musicale francaise,https://www.last.fm/music/Les+Dix+Commandements
LES ENFOIRES,Les Enfoirés,03f6d51c-1682-4978-bfc5-4bf2d2de98ad,58079.0,872227.0,chanson francaise|french|Les enfoires|francais|france,https://www.last.fm/music/Les+Enfoir%C3%A9s
LES ENFOIRÉS,Les Enfoirés,03f6d51c-1682-4978-bfc5-4bf2d2de98ad,58079.0,872227.0,chanson francaise|french|Les enfoires|francais|france,https://www.last.fm/music/Les+Enfoir%C3%A9s
LES FEES,Les Fees,,2.0,21.0,,https://www.last.fm/music/Les+Fees
LES FINALISTES,Les Finalistes,40e9bc3e-1e2a-4db5-ad62-fa3982d891da,18.0,40.0,,https://www.last.fm/music/Les+Finalistes
LES FRANGINES,Les Frangines,6813cfd0-63b3-43e4-8104-f87b5fc7e963,18432.0,170003.0,folk|acoustic|pop|france|folk-pop,https://www.last.fm/music/Les+Frangines
LES GAMINS EN FOLIE,Les gamins en folie,,3.0,19.0,,https://www.last.fm/music/Les+gamins+en+folie
LES GO CULTURE,Les Go Culture,,73.0,608.0,,https://www.last.fm/music/Les+Go+Culture
LES GORDON,Les Gordon,02e5ab4c-7391-4614-ab0f-961b155c5887,98131.0,906676.0,french|indie|House|electronic|EDM,https://www.last.fm/music/Les+Gordon
LES INCONNUS,Les Inconnus,da03ca2d-3b8b-42a2-919e-87c8d5b96d8d,18145.0,163376.0,humour|Comique|les inconnus|french|humourfr,https://www.last.fm/music/Les+Inconnus
LES INNOCENTS,Les Innocents,99d2818c-5d31-41ef-95ca-945ee0bf73ed,56406.0,555141.0,french|chanson francaise|pop rock|rock francais|france,https://www.last.fm/music/Les+Innocents
LES INSUS,Les Insus,dddd76eb-de01-45d2-af2f-f57c55c8c483,1646.0,19608.0,rock,https://www.last.fm/music/Les+Insus
LES LOFTEURS,Les lofteurs,,199.0,532.0,,https://www.last.fm/music/Les+lofteurs
LES MINIKEUMS,Les Minikeums,df67fcef-6a69-48d0-99bf-0deffd9c509a,808.0,8756.0,french|parody,https://www.last.fm/music/Les+Minikeums
LES NEGRESSES VERTES,Les Négresses Vertes,d9968436-64d6-4a33-85e8-7f4fcfa78d63,130033.0,914359.0,french|world|alternative|chanson francaise|latin,https://www.last.fm/music/Les+N%C3%A9gresses+Vertes
LES OGRES DE BARBACK,Les Ogres de Barback,a9a7819b-8c6a-4b9a-a3e9-cad0471963df,115177.0,1877746.0,chanson francaise|french|chanson|nouvelle scene francaise|folk,https://www.last.fm/music/Les+Ogres+de+Barback
LES OGRES DE BARBACK ET LES HURLEMENTS D'LEO,Les Ogres de Barback et les Hurlements d'Leo,,25.0,448.0,,https://www.last.fm/music/Les+Ogres+de+Barback+et+les+Hurlements+d%27Leo
LES PRETRES,Les Prêtres,93a53f86-fa46-4a27-a44a-af77ee38a526,1609.0,20207.0,choir|choral|christian|new age|Calme,https://www.last.fm/music/Les+Pr%C3%AAtres
LES PRINCES,les princes,,4.0,7.0,,https://www.last.fm/music/les+princes
LES PRÊTRES ORTHODOXES,Les Prêtres Orthodoxes,,40.0,184.0,,https://www.last.fm/music/Les+Pr%C3%AAtres+Orthodoxes
LES RITA MITSOUKO,Les Rita Mitsouko,0bfe360b-4abf-4750-962c-981cc5bfc4cf,174583.0,1931255.0,french|rock|pop|80s|rock francais,https://www.last.fm/music/Les+Rita+Mitsouko
LES ROIS DE France,,,,,,
LES SCHTROUMPFS,Les Schtroumpfs,4b8a664e-aba0-496c-998e-f51948410345,1676.0,13625.0,french|Surf|cover|france|smurfs,https://www.last.fm/music/Les+Schtroumpfs
LES T,Les T,,7.0,9.0,,https://www.last.fm/music/Les+T
LES TROIS TENORS,Les Trois Tenors,,2.0,46.0,,https://www.last.fm/music/Les+Trois+Tenors
LES VAGABONDS,Les Vagabonds,2a90811d-abae-4147-81ba-52f7c82eeb1c,837.0,4967.0,,https://www.last.fm/music/Les+Vagabonds
LES WAMPAS,Les Wampas,46c6a335-6064-4118-8021-83fb37b1bc6a,54157.0,822677.0,punk|french|rock|psychobilly|french punk,https://www.last.fm/music/Les+Wampas
LESLIE,Leslie,d8b5e5ff-3bbc-4a1b-a52c-bf6af0c6a7da,37632.0,348703.0,french|rnb|pop|female vocalists|RnB Francais,https://www.last.fm/music/Leslie
LETO,Leto,17a683ff-b39d-441f-88df-c71520224ff0,73799.0,4561522.0,french|metal|frenchcore|electronic|french metal,https://www.last.fm/music/Leto
LEWIS CAPALDI,Lewis Capaldi,526aab94-697f-44a9-b630-41d1c0505953,1545312.0,52860700.0,pop|Scottish|pop rock|singer-songwriter|alternative,https://www.last.fm/music/Lewis+Capaldi
LF SYSTEM,LF System,,511838.0,4879365.0,electronic|funk|Scottish|dance|future funk,https://www.last.fm/music/LF+System
LHASA,Lhasa,4521ce35-3a4b-46e3-b066-16f3406dda83,163053.0,2300167.0,female vocalists|folk|latin|screamo|world,https://www.last.fm/music/Lhasa
LHASA DE SELA,Lhasa de Sela,,194395.0,3338976.0,female vocalists|world|folk|latin|singer-songwriter,https://www.last.fm/music/Lhasa+de+Sela
LHASHA DE SELA,lhasha de sela,,2.0,7.0,,https://www.last.fm/music/lhasha+de+sela
LIAM PAYNE,Liam Payne,93ae8651-24ee-406c-b927-eb7cd773ae38,884325.0,14621052.0,pop|rnb|british|male vocalists|one direction,https://www.last.fm/music/Liam+Payne
LIANE FOLY,Liane Foly,0664cde4-6801-498a-af43-28fc08a998d4,28631.0,179053.0,french|jazz|chanson francaise|pop|female vocalists,https://www.last.fm/music/Liane+Foly
LIBERTY X,Liberty X,02db9e84-a750-4d22-b5b1-c769e698dc6c,184208.0,1348401.0,pop|british|rnb|dance|group,https://www.last.fm/music/Liberty+X
LIDO,Lido,f2e33434-ec54-4983-a05b-5b15cb3a3a49,129657.0,1516794.0,future bass|jersey club|neon|wonky|electronic,https://www.last.fm/music/Lido
LIIM’S,Liim’s,,10604.0,164133.0,french|rap|french rap|france|saint denis,https://www.last.fm/music/Liim%E2%80%99s
LIKE MIKE,Like Mike,8cb65512-c86c-498b-b60b-84dd6f3729f1,42557.0,191021.0,pop|punk|House|electronic|All,https://www.last.fm/music/Like+Mike
LIL BABY,Lil Baby,d42a5768-ada1-4fb6-85fd-f61aba6264e0,1637128.0,172209326.0,rap|Hip-Hop|hip hop|trap|atlanta,https://www.last.fm/music/Lil+Baby
LIL BOW WOW,Lil Bow Wow,,38052.0,191569.0,Hip-Hop|rap|hip hop|american|rnb,https://www.last.fm/music/Lil+Bow+Wow
LIL MOSEY,Lil Mosey,330e00e4-7991-4b47-b2be-3881aa5afed6,987225.0,27753039.0,cloud rap|rap|Hip-Hop|lil mosey|trap,https://www.last.fm/music/Lil+Mosey
LIL NAS X,Lil Nas X,0b30341b-b59d-4979-8130-b66c0e475321,2686161.0,116779048.0,Hip-Hop|rap|country rap|pop|trap,https://www.last.fm/music/Lil+Nas+X
LIL PEEP,Lil Peep,92da4329-77a4-425c-8e92-4280110cace9,2225406.0,381255090.0,cloud rap|emo rap|rap|Hip-Hop|emo,https://www.last.fm/music/Lil+Peep
LIL PUMP,Lil Pump,65a01fd2-35fb-4817-90d5-ab5506b21161,748823.0,13543945.0,Hip-Hop|trap|rap|mumble rap|florida,https://www.last.fm/music/Lil+Pump
LIL TECCA,Lil Tecca,e6fdf3f9-8077-4126-b0cf-94da9a8b627e,1791652.0,163089830.0,rap|Hip-Hop|trap|hip hop|new york,https://www.last.fm/music/Lil+Tecca
LIL TJAY,Lil Tjay,d44b92db-dd49-4636-abe8-7c381f90b7aa,957152.0,64346702.0,rap|Hip-Hop|trap|drill|Melodic Rap,https://www.last.fm/music/Lil+Tjay
LIL UZI VERT,Lil Uzi Vert,8837b875-3689-4646-b3fd-d8b53815c7a8,2774009.0,438657984.0,trap|Hip-Hop|rap|emo rap|pop rap,https://www.last.fm/music/Lil+Uzi+Vert
LIL WAYNE,Lil' Wayne,,2319107.0,38037265.0,Hip-Hop|rap|Dirty South|hip hop|southern rap,https://www.last.fm/music/Lil%27+Wayne
LIL YACHTY,Lil Yachty,a668565b-41b8-44a8-9d5c-8e609dbf69fc,1824421.0,133645183.0,trap|rap|Hip-Hop|hip hop|Psychedelic Rock,https://www.last.fm/music/Lil+Yachty
LILIAN RENAUD,Lilian Renaud,f1159edf-8dd7-4c51-aeb5-b00b8b73212e,4458.0,64978.0,french|pop|france|french male vocalists,https://www.last.fm/music/Lilian+Renaud
LILICUB,Lilicub,ef601be0-93bf-4362-9885-3e109c3981e2,14145.0,77513.0,french|french pop|chanson francaise|pop|artistes,https://www.last.fm/music/Lilicub
LILY ALLEN,Lily Allen,6e0c7c0e-cba5-4c2c-a652-38f71ef5785d,3792034.0,132186574.0,pop|female vocalists|british|britpop|singer-songwriter,https://www.last.fm/music/Lily+Allen
LIMP BIZKIT,Limp Bizkit,8f9d6bb2-dba4-4cca-9967-cc02b9f4820c,4157886.0,181818001.0,Nu Metal|rapcore|alternative|rock|metal,https://www.last.fm/music/Limp+Bizkit
LIMSA D'AULNAY,Limsa D'Aulnay,,13038.0,588317.0,rap|hip hop|underground hip-hop|Hip-Hop|French hip hop,https://www.last.fm/music/Limsa+D%27Aulnay
LIN-MANUEL MIRANDA,Lin-Manuel Miranda,,754212.0,28720057.0,hamilton|musical|lmm|fucking genius|Maestro Miranda,https://www.last.fm/music/Lin-Manuel+Miranda
LINDA LEMAY,Lynda Lemay,eb4a0136-d577-4c62-acd3-33e933a91f8d,34751.0,475898.0,french|chanson francaise|Canadian|female vocalists|francophone,https://www.last.fm/music/Lynda+Lemay
LINE RENAUD,Line Renaud,8910064e-1810-42dc-90ba-bdab48cd9326,37140.0,150584.0,french|female vocalists|pop|chanson|ye-ye,https://www.last.fm/music/Line+Renaud
LINEMA,Linema,1b0ae3c8-1a26-490d-9fce-a12c4edd8afb,110.0,469.0,,https://www.last.fm/music/Linema
LINH,Linh,2488ff83-648e-4103-936d-f993caa8e2f0,14013.0,157636.0,french|france|french pop|female vocalists|female french,https://www.last.fm/music/Linh
LINKIN PARK,Linkin Park,f59c5520-5f46-4d2c-b2c4-822eabf53419,6964963.0,751412244.0,Nu Metal|rock|alternative rock|alternative|metal,https://www.last.fm/music/Linkin+Park
LINKUP,Linkup,1353fd32-8adb-44f5-8649-eed773f2ef23,2044.0,14728.0,pop,https://www.last.fm/music/Linkup
LIONEL RICHIE,Lionel Richie,3cb25fb2-5547-4b05-adec-1a5e37830d46,1740694.0,18913106.0,soul|pop|80s|rnb|motown,https://www.last.fm/music/Lionel+Richie
LISA EKDAHL,Lisa Ekdahl,560c4706-0868-4c89-be8b-b26fb7754aba,325902.0,5138549.0,jazz|female vocalists|swedish|singer-songwriter|pop,https://www.last.fm/music/Lisa+Ekdahl
LISANDRO CUXI,Lisandro Cuxi,c0f94d99-6bb1-4b8f-a769-f9345e931ed6,14755.0,159394.0,rnb|french|pop|the voice|Destination Eurovision,https://www.last.fm/music/Lisandro+Cuxi
LIVAÏ,LIVAÏ,,21626.0,688407.0,,https://www.last.fm/music/LIVA%C3%8F
LIZZO,Lizzo,8fb5370b-9568-4b61-9da5-2aa12c9928db,1759744.0,56456644.0,pop|Hip-Hop|rnb|hip hop|rap,https://www.last.fm/music/Lizzo
LOANA,Loana,3112d0b6-10c0-48a0-bb75-f8a348aa5588,1148.0,6082.0,dance|french|House|pop|french pop,https://www.last.fm/music/Loana
LOCKO,Locko,b348ef0f-daf9-4f3c-8bd1-11feef5248de,5764.0,39316.0,world|pop|south african|south africa|cameroon,https://www.last.fm/music/Locko
LOGIC,Logic,96a83a1f-f78f-4f1c-bf89-9b8dd3d91872,1744240.0,105387163.0,Hip-Hop|rap|hip hop|biracial|electronic,https://www.last.fm/music/Logic
LOGOBI GT,Logobi GT,b9958e75-41ba-4d62-9edc-2af171e562cf,20276.0,160082.0,dance|french|electronic|electro|african,https://www.last.fm/music/Logobi+GT
LOI,loi,,80560.0,623309.0,black metal|experimental|depressive black metal|funk|depressive,https://www.last.fm/music/loi
LOLA,Lola,80e6d5a1-0939-48bd-a130-e831ffb2bd54,118510.0,782779.0,pop|russian|rock|dance|alternative,https://www.last.fm/music/Lola
LOLA YOUNG,Lola Young,43b896c5-5652-4b04-bde1-2e4224bc99b3,1191750.0,27615406.0,pop|rnb|indie pop|soul|my top songs,https://www.last.fm/music/Lola+Young
LOMEPAL,Lomepal,5386511f-b7bd-4058-9b5e-2c5dc426e1c9,130130.0,9437814.0,Hip-Hop|french|rap|underground rap|rap francais,https://www.last.fm/music/Lomepal
LOMIIEL,Lomiiel,4318c500-cef6-4b98-ad4a-8e297011df4e,188832.0,2319601.0,dominican republic|dembow,https://www.last.fm/music/Lomiiel
LONDON GRAMMAR,London Grammar,4dbe08c1-b40a-43b3-ab89-210000bd8ab2,939462.0,34420261.0,indie pop|electronic|indie|female vocalists|british,https://www.last.fm/music/London+Grammar
LORD ESPERANZA,Lord Esperanza,d10c842d-0a33-49c7-9ea6-2b01143f8e0f,23670.0,478642.0,french|rap|francophone|Hip-Hop|trap,https://www.last.fm/music/Lord+Esperanza
LORD HURON,Lord Huron,51c76d97-0635-433c-b26d-66beb81657f8,2326592.0,74588410.0,folk|psychedelic|indie|indie pop|indie folk,https://www.last.fm/music/Lord+Huron
LORD KOSSITY,Lord Kossity,e7c166f4-5965-4109-9b12-67e4e37d1e72,24356.0,194689.0,french|dancehall|rap|Hip-Hop|ragga,https://www.last.fm/music/Lord+Kossity
LORDE,Lorde,8e494408-8620-4c6a-82c2-c2ca4a1e4f12,3745505.0,454181764.0,pop|indie pop|electronic|indie|New Zealand,https://www.last.fm/music/Lorde
LOREEN,Loreen,1e234774-8e37-4378-b01d-b7dd6ced769c,798789.0,20975282.0,pop|swedish|female vocalists|Eurovision|dance,https://www.last.fm/music/Loreen
LOREENA MC KENNIT,Loreena McKennitt,c1e5344e-1bff-4727-9417-a4f55e41b5ff,600140.0,20657898.0,celtic|folk|new age|female vocalists|ethereal,https://www.last.fm/music/Loreena+McKennitt
LOREENA MC KENNITT,Loreena McKennitt,c1e5344e-1bff-4727-9417-a4f55e41b5ff,600140.0,20657898.0,celtic|folk|new age|female vocalists|ethereal,https://www.last.fm/music/Loreena+McKennitt
LORENZO,Lorenzo,a0fc7a10-ddbe-4371-91cf-604bc448e123,92708.0,3083428.0,reggae|rap|Hip-Hop|french|Pop Urbaine,https://www.last.fm/music/Lorenzo
LORIE,Lorie,33bb237a-b6aa-40bf-8122-ce91625f0f01,55149.0,780295.0,french|pop|female vocalists|dance|french pop,https://www.last.fm/music/Lorie
LORNA,Lorna,1fa0a810-f41f-43f1-96e9-058a88334556,81428.0,444991.0,Reggaeton|latin|indie|spanish|dream pop,https://www.last.fm/music/Lorna
LOS DEL MAR,Los Del Mar,,33000.0,96779.0,spain|pop|party|dance|90s,https://www.last.fm/music/Los+Del+Mar
LOS DEL RIO,Los Del Rio,,672110.0,2922605.0,pop|dance|90s|latin|spanish,https://www.last.fm/music/Los+Del+Rio
LOSSA2SQUA,Lossa2Squa,c3d2519d-5a9f-43e6-bbba-f602fef1b538,4617.0,65483.0,,https://www.last.fm/music/Lossa2Squa
LOST FREQUENCIES,Lost Frequencies,ea7260de-e1b1-43f1-bb11-f78274a36308,1236497.0,24446631.0,deep house|electronic|dance|House|belgian,https://www.last.fm/music/Lost+Frequencies
LOU,Lou,23b97dd5-4844-469c-8ed5-c8f48e3c3255,87624.0,1394489.0,german|pop|female vocalists|Rock Rool Brasil|hard rock brasil,https://www.last.fm/music/Lou
LOU BEGA,Lou Bega,64f9c914-74a0-4f6b-8589-6261851b0ab9,1035326.0,6064038.0,pop|mambo|latin|dance|90s,https://www.last.fm/music/Lou+Bega
LOU DOILLON,Lou Doillon,d0195795-949b-4e8a-bfd5-5cac50345d59,121823.0,1335091.0,female vocalists|indie|french|indie rock|blues,https://www.last.fm/music/Lou+Doillon
LOUANE,Louane,93a128e6-80eb-49b3-ab77-485518a0c45e,244653.0,4461670.0,french|pop|female vocalists|france|Eurovision,https://www.last.fm/music/Louane
LOUD LUXURY,Loud Luxury,4c445344-9df2-407e-9bf3-8a5c0b86777e,687564.0,9015778.0,House|pop|electronic|Canadian|EDM,https://www.last.fm/music/Loud+Luxury
LOUIS ARMSTRONG,Louis Armstrong,eea8a864-fcda-4602-9569-38ab446decd6,3008928.0,44726260.0,jazz|blues|swing|trumpet|oldies,https://www.last.fm/music/Louis+Armstrong
LOUIS BERTIGNAC,Louis Bertignac,e1e12165-2f0b-4e2b-b2af-3a7014856a48,17239.0,171117.0,rock|french|chanson francaise|rock francais|blues,https://www.last.fm/music/Louis+Bertignac
LOUIS MATTHIEU JOSEPH,,,,,,
LOUIS TOMLINSON,Louis Tomlinson,6d390061-b3cd-4db3-b905-e56b7f5357fd,742925.0,75436018.0,pop|pop rock|british|indie|indie rock,https://www.last.fm/music/Louis+Tomlinson
LOUISE ATTAQUE,Louise Attaque,04d25080-32e2-49a2-b638-c9ca4f3e12bd,265841.0,5883307.0,french|rock|chanson francaise|rock francais|alternative,https://www.last.fm/music/Louise+Attaque
LOUISY JOSEPH,Louisy Joseph,9dbec8eb-1e8b-4192-ac57-25a8452f2669,7833.0,69700.0,french|pop|reggae|soul|female vocalists,https://www.last.fm/music/Louisy+Joseph
LOVE UNITED,Love United,ebe1606c-124b-4d41-8930-802e0e3bac17,1419.0,5638.0,pop,https://www.last.fm/music/Love+United
LOÏC NOTTET,Loïc Nottet,20607ae1-bc68-42b9-b727-ed58ae6f4318,136453.0,3119791.0,Eurovision|Belgium|pop|male vocalists|belgian,https://www.last.fm/music/Lo%C3%AFc+Nottet
LP,LP,6301cda3-f614-4501-a1c4-b19b27c2efac,786625.0,14839228.0,indie|rock|synthpop|female vocalists|pop,https://www.last.fm/music/LP
LSD,LSD,905b4669-c8c0-425e-9ab9-60020449100e,119058.0,1595754.0,techno|hip hop|Drum and bass|punk|japanese,https://www.last.fm/music/LSD
LUCENZO,Lucenzo,9d93fcb8-f66a-4576-9bdc-04dd4a1b27c6,319537.0,1841951.0,reggae|dance|rnb|hip hop|portuguese,https://www.last.fm/music/Lucenzo
LUCIANO PAVAROTTI,Luciano Pavarotti,705076ef-a0c5-472f-bebd-3e72174fcaf4,524463.0,5056464.0,opera|Classical|tenor|italian|Italian Opera,https://www.last.fm/music/Luciano+Pavarotti
LUCKY LUKE,Lucky Luke,3dda0632-aa79-4545-96d8-c18637983bcf,232186.0,2910808.0,House|future house|All|electronic|deep house,https://www.last.fm/music/Lucky+Luke
LUCY PEARL,Lucy Pearl,35e3200c-a82c-4357-910e-76b1a9cbaf05,396372.0,3087965.0,soul|rnb|Neo-Soul|funk|Neo Soul,https://www.last.fm/music/Lucy+Pearl
LUDOVICO EINAUDI,Ludovico Einaudi,fa34b363-79df-434f-a5b8-be4e6898543f,1820545.0,68238274.0,piano|Classical|contemporary classical|instrumental|ambient,https://www.last.fm/music/Ludovico+Einaudi
LUIDJI,Luidji,d30b235e-0967-44a2-8338-2530806fe525,97177.0,6169397.0,soul|french|rap|Hip-Hop|paris,https://www.last.fm/music/Luidji
LUIS FONSI,Luis Fonsi,d68fda90-ab8d-4799-be56-317ba4ae700f,1396778.0,15965867.0,latin|pop|latin pop|spanish|Romantica,https://www.last.fm/music/Luis+Fonsi
LUIS GUISAO,Luis Guisao,50235894-60b5-4019-9162-73310e396c90,289.0,1371.0,,https://www.last.fm/music/Luis+Guisao
LUIS MARIANO,Luis Mariano,0680f2d8-2c3d-43e6-92c6-5f2666362720,31419.0,160627.0,french|chanson francaise|chanson|All|chill906,https://www.last.fm/music/Luis+Mariano
LUJAVO,Lujavo,be15cafb-ea8e-4bee-a266-6e9c761d6f5b,15763.0,70653.0,mexico,https://www.last.fm/music/Lujavo
LUJIPEKA,Lujipeka,9389423b-8325-49d0-a273-952a561bf5ec,35256.0,1630183.0,artistes|french,https://www.last.fm/music/Lujipeka
LUKAS GRAHAM,Lukas Graham,69cfe463-3075-44d8-b118-02381e4a9ed9,1201940.0,16563556.0,pop|soul|danish|retro pop|denmark,https://www.last.fm/music/Lukas+Graham
LUKE,Luke,4512772f-b72b-4275-98cf-e1d242d75502,145015.0,1411428.0,french|rock|rock francais|French rock|chanson francaise,https://www.last.fm/music/Luke
LULU,Lulu,002e9f6e-13af-4347-83c5-f5ace70e0ec4,282218.0,1761152.0,60s|pop|female vocalists|british|british invasion,https://www.last.fm/music/Lulu
LUM!X,LUM!X,dd9e0762-adb1-41de-ad5d-5890832847d1,232096.0,3011108.0,austrian|dance|eurovision 2022|Eurovision|Austria,https://www.last.fm/music/LUM%21X
LUNATIC,Lunatic,c4dc0648-cf89-4e38-81de-28ab8a2a41b9,63416.0,1294658.0,french rap|Hip-Hop|rap francais|rap|french hip-hop,https://www.last.fm/music/Lunatic
LUNIS,Luniz,a8863d65-6f1e-43b0-b480-7dd85fd8339e,770743.0,4978814.0,Hip-Hop|rap|Gangsta Rap|hip hop|Bay Area,https://www.last.fm/music/Luniz
LUNIZ,Luniz,a8863d65-6f1e-43b0-b480-7dd85fd8339e,770743.0,4978814.0,Hip-Hop|rap|Gangsta Rap|hip hop|Bay Area,https://www.last.fm/music/Luniz
LUTHER,Luther,183df03c-0cd7-4c86-b586-9759ea37ad27,82616.0,6317331.0,punk rock|pop punk|orgcore|punk|melodic punk,https://www.last.fm/music/Luther
LUV RESVAL,Luv Resval,324bc359-f062-46d9-a31a-9530b0483fe7,48023.0,5278878.0,french|rap|Hip-Hop|hip hop|underground hip hop,https://www.last.fm/music/Luv+Resval
LUZ CASAL,Luz Casal,d9502075-0f5c-4514-b443-de0890340001,129283.0,1251922.0,female vocalists|spanish|pop|spanish pop|rock,https://www.last.fm/music/Luz+Casal
LYLAH,Lylah,ad878490-3dae-489a-9bdc-0e011d3c35f0,3957.0,28248.0,rnb|soul|zouk|france|french,https://www.last.fm/music/Lylah
LYNA MAHYEM,Lyna Mahyem,7b23be52-3ddb-47ee-a6bf-b2ad8542920b,18214.0,220169.0,french|rap,https://www.last.fm/music/Lyna+Mahyem
LYNDA,Lynda,0bf548ff-61b2-41de-90ca-93e5bc509d8b,50142.0,628280.0,pop|female vocalists|latin pop|mexican|spanish,https://www.last.fm/music/Lynda
LYNDA LEMAY,Lynda Lemay,eb4a0136-d577-4c62-acd3-33e933a91f8d,34751.0,475898.0,french|chanson francaise|Canadian|female vocalists|francophone,https://www.last.fm/music/Lynda+Lemay
LYNNSHA,Lynnsha,6be43b8b-b9e9-4063-9f2f-8762d7de0028,9138.0,65440.0,rnb|french|Hip-Hop|female vocalists|zouk,https://www.last.fm/music/Lynnsha
Lauryn Hill,Lauryn Hill,e8414012-4a1c-4ad4-be5e-fc55294e28cc,1110764.0,17890950.0,soul|Hip-Hop|rnb|female vocalists|hip hop,https://www.last.fm/music/Lauryn+Hill
Luciano Pavarotti Placido Domingo Jos,,,,,,
L’ALLEMAND,,,,,,
M,M,4a9ee375-8d75-41f5-b315-a94293a2a07d,416224.0,4673975.0,french|pop|rock|80s|new wave,https://www.last.fm/music/M
M N 8,M N 8,,2.0,5.0,,https://www.last.fm/music/M+N+8
M POKORA,M. Pokora,7cf0d208-4232-4a56-a83b-3f28b2dd88cd,125199.0,2650036.0,rnb|pop|french|male vocalists|Hip-Hop,https://www.last.fm/music/M.+Pokora
M. Carey,Mariah Carey,494e8d09-f85b-4543-892f-a5096aed1cd4,5090737.0,255507497.0,pop|rnb|female vocalists|soul|Mariah Carey,https://www.last.fm/music/Mariah+Carey
M. POKORA,M. Pokora,7cf0d208-4232-4a56-a83b-3f28b2dd88cd,125199.0,2650036.0,rnb|pop|french|male vocalists|Hip-Hop,https://www.last.fm/music/M.+Pokora
M.C. SOLAAR,MC Solaar,bbbd2644-b4cb-4bb5-a442-315310f68a0b,252281.0,5094893.0,Hip-Hop|french|rap|french hip-hop|hip hop,https://www.last.fm/music/MC+Solaar
M83,M83,6d7b7cd4-254b-4c25-83f6-dd20f98ceacd,3551018.0,140955084.0,electronic|shoegaze|post-rock|indie|electronica,https://www.last.fm/music/M83
MA,Ma,d32a6716-790a-4202-96e1-f19db27a7010,7359.0,43914.0,hiphop|german hiphop|rap|hip hop|german hip-hop,https://www.last.fm/music/Ma
MABEL,Mabel,f6a9828c-7b52-41a1-b38a-426c28603555,740120.0,14165814.0,pop|rnb|dance|british|female vocalists,https://www.last.fm/music/Mabel
MAC MILLER,Mac Miller,a0e8a1b1-5f8f-475a-a253-17415c17d0ff,3559695.0,437937768.0,Hip-Hop|rap|underground hip-hop|hip hop|pittsburgh,https://www.last.fm/music/Mac+Miller
MACKLEMORE,Macklemore,b6d7ec94-830c-44dd-b699-ce66556b7e55,1562523.0,21437651.0,Hip-Hop|rap|underground rap|hip hop|seattle,https://www.last.fm/music/Macklemore
MACY GRAY,Macy Gray,48772747-4cda-4ba8-b470-cfd5a32e05f7,1163014.0,12028641.0,soul|female vocalists|rnb|funk|pop,https://www.last.fm/music/Macy+Gray
MAD HOUSE,Mad House,aa23614a-58af-4b95-a536-313054cba1d5,10644.0,48008.0,House|dub|Gangsta Rap|dance,https://www.last.fm/music/Mad+House
MADAME MONSIEUR,Madame Monsieur,74c60035-4869-4a93-8eec-9ed3ba6d2b27,43318.0,684493.0,france|pop|eurovision 2018|french|Eurovision Song Contest,https://www.last.fm/music/Madame+Monsieur
MADCON,Madcon,2da9b8e3-e2de-4599-aa30-bf47e35e3fc0,1200409.0,12733144.0,Hip-Hop|rnb|rap|hip hop|norwegian,https://www.last.fm/music/Madcon
MADEINPARIS,Madeinparis,,38419.0,1362990.0,french rap|rap,https://www.last.fm/music/Madeinparis
MADELEINE PEYROUX,Madeleine Peyroux,7f260b9c-bea7-469b-9ba8-0daec7d2c85c,1003490.0,15777256.0,jazz|female vocalists|blues|vocal jazz|singer-songwriter,https://www.last.fm/music/Madeleine+Peyroux
MADEMOISELLE K,Mademoiselle K,3bc1d04c-7e12-4112-8a95-f302aca54648,42446.0,827590.0,french|rock|female vocalists|indie rock|French rock,https://www.last.fm/music/Mademoiselle+K
MADISON BEER,Madison Beer,749ef494-8518-4b49-b685-63d8e728d25c,1698168.0,112819850.0,pop|female vocalists|rnb|indie|my top songs,https://www.last.fm/music/Madison+Beer
MADONNA,Madonna,79239441-bfd5-4981-a70c-55c3f15c1287,5680691.0,369246076.0,pop|dance|female vocalists|80s|electronic,https://www.last.fm/music/Madonna
MAEJOR,Maejor,5e7ac01f-0a87-4df6-abf3-31a6acb33633,478470.0,4977356.0,rnb|american|detroit|United States|my top songs,https://www.last.fm/music/Maejor
MAES,Maes,74def643-c770-470d-a0b5-21c0fa60069e,111711.0,6809464.0,dubstep|french|rap|Hip-Hop|french rap,https://www.last.fm/music/Maes
MAFIA K'1 FRY,Mafia K'1 Fry,,26497.0,292508.0,Hip-Hop|rap francais|french rap|rap|french,https://www.last.fm/music/Mafia+K%271+Fry
MAFIA TRECE,Mafia Trece,b57b3790-e589-4308-ade4-bb85c9fb10c3,5489.0,37066.0,french rap|rap francais|Hip-Hop|rap|underground rap,https://www.last.fm/music/Mafia+Trece
MAGGIE LINDEMANN,Maggie Lindemann,8facd4ef-bd7e-4ad1-b0bd-42e59017ce0f,800356.0,29002356.0,pop|pop punk|pop rock|alternative rock|female vocalists,https://www.last.fm/music/Maggie+Lindemann
MAGIC SYSTEM,Magic System,1d919a5e-1515-4e5f-b327-415398083098,235232.0,2039776.0,african|french|Ivory Coast|soukous|africain-francais,https://www.last.fm/music/Magic+System
MAGIC SYSTEME,Magic System,1d919a5e-1515-4e5f-b327-415398083098,235232.0,2039776.0,african|french|Ivory Coast|soukous|africain-francais,https://www.last.fm/music/Magic+System
MAGIC!,MAGIC!,53fa616a-e2b4-4982-bef8-6362b44054f0,1571160.0,13951771.0,reggae|pop|Canadian|soul|rock,https://www.last.fm/music/MAGIC%21
MAHMOOD,Mahmood,ecd032cc-19c8-4a05-902c-e539d3bc75fd,250300.0,10567240.0,pop|italian|rnb|Eurovision|Italy,https://www.last.fm/music/Mahmood
MAITRE GIMS,Maitre Gims,,52541.0,691470.0,Hip-Hop|rap|french hip-hop|hip hop|rap francais,https://www.last.fm/music/Maitre+Gims
MAJOR LAZER,Major Lazer,75be165a-ad83-4d12-bd28-f589a15c479f,3021896.0,70329407.0,electronic|dancehall|reggae|dub|electro,https://www.last.fm/music/Major+Lazer
MALACHIII,Malachiii,8b3d2794-4ba4-4e96-9294-c863379b02ae,17939.0,89528.0,,https://www.last.fm/music/Malachiii
MALUMA,Maluma,e8979f75-9110-4df8-ac70-898898d080d1,1021546.0,32396016.0,Reggaeton|latin|Colombia|pop|sexy,https://www.last.fm/music/Maluma
MANAU,Manau,b4f41f07-4927-4787-b688-4f1b170e09e6,120883.0,1553714.0,french|celtic|Hip-Hop|rap|hip hop,https://www.last.fm/music/Manau
MANESKIN,Maneskin,,5944.0,98100.0,italian|Italy|sanremo|italia|Måneskin,https://www.last.fm/music/Maneskin
MANO NEGRA,Mano Negra,e024a3ca-c78e-459a-9a98-8029f49b5a5f,437962.0,7329207.0,ska|alternative|latin|rock|french,https://www.last.fm/music/Mano+Negra
MANO SOLO,Mano Solo,5febe272-7691-4ea8-a3cf-c6c7f98d9bf1,57297.0,1147821.0,french|chanson francaise|singer-songwriter|chanson|francais,https://www.last.fm/music/Mano+Solo
MANU CHAO,Manu Chao,7570a0dd-5a67-401b-b19a-261eee01a284,2035959.0,61932427.0,reggae|latin|ska|world|alternative,https://www.last.fm/music/Manu+Chao
MANUEL TURIZO,Manuel Turizo,30a57b7b-47c9-4234-86fd-9b8ff660e7cb,521627.0,9839755.0,Reggaeton|latin|pop|latin pop|bachata,https://www.last.fm/music/Manuel+Turizo
MARC ANTOINE,Marc Antoine,e974b781-bfb9-43df-b1b6-565baf9768b0,121584.0,1139634.0,Smooth Jazz|jazz|MJ-smooth jazz|guitar|jazz guitar,https://www.last.fm/music/Marc+Antoine
MARC LAVOINE,Marc Lavoine,6a8dba8c-b52f-405a-8737-eca91d4d82fa,136377.0,1376326.0,french|chanson francaise|pop|french pop|chanson,https://www.last.fm/music/Marc+Lavoine
MAREUX,Mareux,09095919-c549-4f33-9555-70df9dd941e1,1153723.0,24710346.0,darkwave|synthpop|coldwave|electronic|chillwave,https://www.last.fm/music/Mareux
MARIA CALAS,Maria Callas,9dee40b2-25ad-404c-9c9a-139feffd4b57,230087.0,2846565.0,opera|Classical|soprano|female vocalists|diva,https://www.last.fm/music/Maria+Callas
MARIA CALLAS,Maria Callas,9dee40b2-25ad-404c-9c9a-139feffd4b57,230087.0,2846565.0,opera|Classical|soprano|female vocalists|diva,https://www.last.fm/music/Maria+Callas
MARIAH ANGELIQ,Mariah Angeliq,9aab3aaf-d99c-4a4c-8dca-e4bf2e8c0404,90656.0,922156.0,pop|latin|female vocalist|USA|bimbo,https://www.last.fm/music/Mariah+Angeliq
MARIAH CAREY,Mariah Carey,494e8d09-f85b-4543-892f-a5096aed1cd4,5090737.0,255507497.0,pop|rnb|female vocalists|soul|Mariah Carey,https://www.last.fm/music/Mariah+Carey
MARIAN HILL,Marian Hill,2ef562e1-17af-495c-9e35-82a329fcf733,475331.0,5574449.0,electronic|pop|jazz|chillout|female vocalists,https://www.last.fm/music/Marian+Hill
MARIANA FROES,Mariana Froes,5247d6d2-5842-4462-91ca-02c26c058832,172913.0,1886370.0,brazilian|acoustic|brazil|mpb|cover,https://www.last.fm/music/Mariana+Froes
MARIE PAULE BELLE,Marie-Paule Belle,b03f5c96-5f53-4ea7-b6ef-903078e76b65,4902.0,36329.0,french|chanson|Chanson Française|female vocalist|artistes,https://www.last.fm/music/Marie-Paule+Belle
MARILOU,Marilou,584f97da-554d-46c4-bba6-d77cb15282ed,5758.0,63964.0,pop|Canadian|quebec|french|ailenrocfrancophone,https://www.last.fm/music/Marilou
MARILYN MANSON,Marilyn Manson,5dfdca28-9ddc-4853-933c-8bc97d87beec,3172266.0,197353664.0,industrial|industrial metal|metal|rock|alternative,https://www.last.fm/music/Marilyn+Manson
MARINA KAYE,Marina Kaye,18221211-c3bc-4271-b33e-8acccf861a17,51973.0,774096.0,pop|french|female vocalists|france|United Kingdom,https://www.last.fm/music/Marina+Kaye
MARINE,Marine,932a6561-38ec-4940-bec3-cb1d6daed544,18272.0,303196.0,post-punk|funk|new wave|Belgium|French variety,https://www.last.fm/music/Marine
MARIO,Mario,f236134b-7ebb-4ba8-b155-1791193d05ec,1813139.0,16988262.0,rnb|soul|Hip-Hop|pop|Mario,https://www.last.fm/music/Mario
MARK AMBOR,Mark Ambor,483e1216-3eb3-4996-a45d-55f6169689a0,600890.0,5931364.0,indie|folk|singer-songwriter|alternative|pop,https://www.last.fm/music/Mark+Ambor
MARK KNOPFLER,Mark Knopfler,e49f69da-17d5-4c5c-bac0-dadcb0e588f5,836671.0,24697137.0,rock|classic rock|singer-songwriter|blues|guitar,https://www.last.fm/music/Mark+Knopfler
MARK MORRISSON,Mark Morrisson,a0a59b62-d0c8-4c3e-a8bb-c4e587ed9f17,1790.0,9209.0,House,https://www.last.fm/music/Mark+Morrisson
MARK RONSON,Mark Ronson,c3c82bdc-d9e7-4836-9746-c24ead47ca19,3128617.0,51372625.0,funk|british|pop|Hip-Hop|dj,https://www.last.fm/music/Mark+Ronson
MARK SNOW,Mark Snow,a1d3685a-c61d-49aa-a294-bcfc25e516b5,92274.0,1540419.0,Soundtrack|ambient|instrumental|electronic|x-files,https://www.last.fm/music/Mark+Snow
MARLENE DUVAL,Marlene Duval,,97.0,255.0,,https://www.last.fm/music/Marlene+Duval
MARNIK,Marnik,c97f8f42-1923-4877-aba5-cd6383b0d053,255848.0,2222878.0,electronic|italian|EDM|House|zara larsson,https://www.last.fm/music/Marnik
MAROON 5,Maroon 5,0ab49580-c84f-44d4-875f-d83760ea2cfe,6679387.0,290853145.0,pop rock|rock|pop|alternative|alternative rock,https://www.last.fm/music/Maroon+5
MARSHMELLO,Marshmello,301b45a4-b8b9-410e-8344-4b4eaf96691a,2604223.0,69367736.0,dance|electronic|EDM|trap|pop,https://www.last.fm/music/Marshmello
MARTIN,Martin,55a52675-6aed-4e1f-9c50-03d7b632c21b,58832.0,620923.0,pop punk|swedish|punk rock|progressive trance|spraynard,https://www.last.fm/music/Martin
MARTIN GARRIX,Martin Garrix,3e1f2ee4-16be-4406-bf18-6173840cf2b1,2104468.0,52323657.0,House|electronic|dance|electropop|pop,https://www.last.fm/music/Martin+Garrix
MARTIN JENSEN,Martin Jensen,7ecd398b-3278-4a7c-8ed9-7c3e786d9a02,493221.0,5268484.0,House|dance|tropical house|danish|All,https://www.last.fm/music/Martin+Jensen
MARTIN SOLVEIG,Martin Solveig,06db73fd-57e2-4a6f-bcd3-699fb7bb7af4,1437255.0,15149422.0,House|electronic|dance|french|club,https://www.last.fm/music/Martin+Solveig
MARVIN GAYE,Marvin Gaye,afdb7919-059d-43c1-b668-ba1d265e7e42,3809566.0,93101927.0,soul|funk|motown|rhythm and blues|rnb,https://www.last.fm/music/Marvin+Gaye
MARWA LOUD,Marwa Loud,2d3241e8-ef2e-4fa4-840c-2d362dcd151c,145980.0,1558686.0,rnb|Hip-Hop|french pop|france|chicha,https://www.last.fm/music/Marwa+Loud
MARY J BLIGE,Mary J. Blige,db76c5ca-d555-4f09-b1db-baa1b713d875,2447263.0,35883055.0,rnb|soul|female vocalists|Hip-Hop|urban,https://www.last.fm/music/Mary+J.+Blige
MARYLIN MANSON,Marilyn Manson,5dfdca28-9ddc-4853-933c-8bc97d87beec,3172266.0,197353664.0,industrial|industrial metal|metal|rock|alternative,https://www.last.fm/music/Marilyn+Manson
MASEGO,Masego,bca63b5d-a28c-4937-a8f4-e3f2d95426e1,1085266.0,21397488.0,jazz|rnb|soul|electronic|jamaica,https://www.last.fm/music/Masego
MASS HYSTERIA,Mass Hysteria,38a35139-7ef9-44e1-a565-e1018b4a7635,47219.0,1099077.0,Nu Metal|metal|frenchcore|french|industrial metal,https://www.last.fm/music/Mass+Hysteria
MASSIVE ATTACK,Massive Attack,10adbe5e-a2c0-4bf3-8249-2b4cbf6e6ca8,3896501.0,189517914.0,trip-hop|electronic|chillout|downtempo|electronica,https://www.last.fm/music/Massive+Attack
MASTER KG,Master KG,b2a3cd7c-19dd-419e-b2e8-c1e2f8b3dff4,150075.0,1052671.0,House|dance|south africa|electronic|african,https://www.last.fm/music/Master+KG
MATMATAH,Matmatah,276a554b-5be6-43b3-b05d-d1e6c3dadb64,97672.0,1631531.0,rock|french|rock francais|chanson francaise|breton,https://www.last.fm/music/Matmatah
MATT,Matt,9e0c6b68-e9d6-4c49-b354-fc4ccae46453,33284.0,230424.0,french|prank|rnb|chiptunes|covers billy jean,https://www.last.fm/music/Matt
MATT BIANCO,Matt Bianco,781435a6-5c6c-4a21-871f-facdb9e60a44,141394.0,1423779.0,jazz|Smooth Jazz|latin jazz|80s|pop,https://www.last.fm/music/Matt+Bianco
MATT SIMONS,Matt Simons,e14eb176-68e9-434e-9a55-da2718c454d8,419574.0,3998810.0,pop|indie|singer-songwriter|rock|All,https://www.last.fm/music/Matt+Simons
MATT SIMONS /,,,,,,
MATTHIEU GONET,Matthieu Gonet,ece5d097-0881-473d-8473-c40f60035eb3,1309.0,5776.0,,https://www.last.fm/music/Matthieu+Gonet
MAURANE,Maurane,f08c24b5-3374-42b2-a255-f27345cbd002,36436.0,320053.0,chanson francaise|french|pop|female vocalists|belgian,https://www.last.fm/music/Maurane
MAUREEN,Maureen,662efefb-be7e-496e-afb7-3358368816c6,27911.0,282080.0,dancehall|female vocalists|shatta|Martinique|rnb,https://www.last.fm/music/Maureen
MAXIME LE FORESTIER,Maxime Le Forestier,2927facc-d327-4bd4-a7d6-4a4363ddd904,105068.0,1052023.0,chanson francaise|french|folk|singer-songwriter|70s,https://www.last.fm/music/Maxime+Le+Forestier
MAXIME LEFORESTIER,Maxime Le Forestier,2927facc-d327-4bd4-a7d6-4a4363ddd904,105068.0,1052023.0,chanson francaise|french|folk|singer-songwriter|70s,https://www.last.fm/music/Maxime+Le+Forestier
MAËLLE,Maëlle,53e4eef6-7959-4d5f-896e-8c005326a91e,36936.0,492009.0,french|pop|french pop|female vocalists|the voice,https://www.last.fm/music/Ma%C3%ABlle
MAÎTRE GIMS,Maître Gims,,141084.0,2834033.0,french|rap|france|soul|pop,https://www.last.fm/music/Ma%C3%AEtre+Gims
MC FIOTI,Mc Fioti,,455080.0,2875951.0,Funk Carioca|funk|brazil|pop|brazilian,https://www.last.fm/music/Mc+Fioti
MC MENOR JP,MC Menor JP,,58739.0,448570.0,brazil,https://www.last.fm/music/MC+Menor+JP
MC PEDRINHO,Mc Pedrinho,,280471.0,3165446.0,funk|brazil|mc|brazilian|acredita em deus,https://www.last.fm/music/Mc+Pedrinho
MC SOLAAR,MC Solaar,bbbd2644-b4cb-4bb5-a442-315310f68a0b,252281.0,5094893.0,Hip-Hop|french|rap|french hip-hop|hip hop,https://www.last.fm/music/MC+Solaar
MECANO,Mecano,3be5dee4-5fa6-45a5-97c2-98914580bafa,542400.0,11402525.0,pop|spanish|80s|female vocalists|spanish pop,https://www.last.fm/music/Mecano
MEDUZA,Meduza,64614ee1-9add-4f2f-b970-5205b09ae218,1001870.0,17701585.0,Power metal|House|electronic|swedish|neo-classical metal,https://www.last.fm/music/Meduza
MEEK MILL,Meek Mill,31bcadcc-e1da-4cad-bec8-2f4f1d41b095,1793784.0,48502740.0,Hip-Hop|rap|hip hop|Philly|trap,https://www.last.fm/music/Meek+Mill
MEENAKSHI MUKESH,Meenakshi Mukesh,,87.0,186.0,,https://www.last.fm/music/Meenakshi+Mukesh
MEGAN THEE STALLION,Megan Thee Stallion,ee27b2d8-648c-4a9d-a68c-e55066959975,2370289.0,187602764.0,rap|Hip-Hop|trap|hip hop|american,https://www.last.fm/music/Megan+Thee+Stallion
MEGHAN TRAINOR,Meghan Trainor,b2029169-2574-4305-820f-252a5fde3697,2150121.0,45197040.0,pop|female vocalists|soul|american|jazz,https://www.last.fm/music/Meghan+Trainor
MEJA,Meja,b1d43b78-a782-45ff-8e04-b68b68d85c4f,113510.0,886631.0,pop|swedish|female vocalists|90s|rock,https://www.last.fm/music/Meja
MEKRA,Mekra,0008442e-fb0c-4e06-88df-40b6339beea4,80.0,257.0,,https://www.last.fm/music/Mekra
MELGROOVE,Melgroove,7c6e4b21-38a1-47ae-8ea1-41c88130adda,1545.0,8334.0,soul|french|rnb|lounge|nu jazz,https://www.last.fm/music/Melgroove
MELIMELO,melimelo,,16.0,117.0,doujin ongaku,https://www.last.fm/music/melimelo
MELISSA M,Melissa M,,9394.0,57630.0,rnb|french|r&b|pop|female vocalists,https://www.last.fm/music/Melissa+M
MELODY GARDOT,Melody Gardot,c47267ed-7482-40bb-a4ea-e1399cc8ce04,807032.0,15581261.0,jazz|female vocalists|vocal jazz|blues|chillout,https://www.last.fm/music/Melody+Gardot
MENACE SANTANA,menace Santana,0a8d3e94-ff62-446e-86f5-19d2a5f5dfb1,55259.0,5172192.0,drill|french|rap|hip hop|Horrorcore,https://www.last.fm/music/menace+Santana
MENELIK,Menelik,,8278.0,41754.0,Hip-Hop|french|hip hop|french hip-hop|old school rap,https://www.last.fm/music/Menelik
MENTISSA,Mentissa,0b729d33-8a27-4914-b1f9-27b5f0f80d4f,39000.0,460574.0,belgian|pop|female vocalists|Belgium|preselection,https://www.last.fm/music/Mentissa
MERRYN JEANN,Merryn Jeann,4d23b447-a35a-4e7e-a0d8-04d3f875b07e,6186.0,22232.0,singer-songwriter|female vocalists|soul|folk|acoustic,https://www.last.fm/music/Merryn+Jeann
MERYL,Meryl,5073c6cf-1f12-4a4d-8c3d-4318da38df63,40050.0,762499.0,rap|dancehall|Martinique|france,https://www.last.fm/music/Meryl
METALLICA,Metallica,65f4f0c5-ef9e-490c-aee3-909e7ae6b2ab,5205644.0,538161744.0,metallica|heavy metal|metal|hard rock|rock,https://www.last.fm/music/Metallica
METRO BOOMIN,Metro Boomin,59db3d82-86ea-451f-881f-dffc8ec387c9,2508898.0,247813917.0,trap|rap|Hip-Hop|hip hop|Southern Hip Hop,https://www.last.fm/music/Metro+Boomin
MGMT,MGMT,c485632c-b784-4ee9-8ea1-c5fb365681fc,5295975.0,220969191.0,electronic|indie|psychedelic|alternative|indie pop,https://www.last.fm/music/MGMT
MHD,MHD,923b5d99-4020-40d8-9db5-1390986bb4cf,159702.0,3516953.0,french|afro trap|Hip-Hop|dancehall|trap,https://www.last.fm/music/MHD
MICHAEL BOLTON,Michael Bolton,e8bee5d1-a3a5-4c1a-ada4-f1ca22101e84,759996.0,7231623.0,pop|soft rock|soul|male vocalists|rock,https://www.last.fm/music/Michael+Bolton
MICHAEL BUBLE,Michael Bublé,611700cf-27f0-4dc9-ae80-c513a767853e,3563241.0,90203016.0,jazz|swing|pop|easy listening|Canadian,https://www.last.fm/music/Michael+Bubl%C3%A9
MICHAEL JACKSON,Michael Jackson,f27ec8db-af05-4f36-916e-3d57f91ecf5e,6938550.0,373375792.0,pop|80s|dance|soul|funk,https://www.last.fm/music/Michael+Jackson
MICHAEL NYMAN,Michael Nyman,c3161cf7-cab1-4409-9b1f-876561dd7716,780530.0,12579721.0,piano|Soundtrack|minimalism|contemporary classical|Classical,https://www.last.fm/music/Michael+Nyman
MICHEL BERGER,Michel Berger,3c3f2d7e-95aa-4e3f-b431-0d9c3fb572cb,85176.0,1285134.0,french|chanson francaise|Chanson Française|singer-songwriter|pop,https://www.last.fm/music/Michel+Berger
MICHEL DELPECH,Michel Delpech,4668e0cf-80c3-4e9e-a937-e3c5f1e9efb4,109177.0,911450.0,chanson francaise|french|pop|chanson|michel delpech,https://www.last.fm/music/Michel+Delpech
MICHEL FUGAIN,Michel Fugain,622a275f-659f-4dc6-9964-0d33c34a786e,94167.0,673811.0,chanson francaise|french|chanson|folk|singer-songwriter,https://www.last.fm/music/Michel+Fugain
MICHEL JONASZ,Michel Jonasz,7fafc950-653e-468f-9bce-9ddefe913ec6,49980.0,528204.0,chanson francaise|auteur-compositeur-interprete|michel jonasz|MJonasz|Chanson Française,https://www.last.fm/music/Michel+Jonasz
MICHEL LEEB,Michel Leeb,88eac232-a5d7-442f-b5ef-683d28ec44f2,363.0,1933.0,,https://www.last.fm/music/Michel+Leeb
MICHEL MULLER,Michel Muller,02ef2ed3-53de-4723-b994-e51fce4f5481,23.0,747.0,,https://www.last.fm/music/Michel+Muller
MICHEL PLASSON,Michel Plasson,b3168445-9c90-409b-9112-12a0fdd2e5df,26178.0,183198.0,Classical|conductor|clasicram|classic|country rock,https://www.last.fm/music/Michel+Plasson
MICHEL POLNAREFF,Michel Polnareff,90330a83-5547-491e-b83c-d10858e6073f,210147.0,2323965.0,french|chanson francaise|pop|singer-songwriter|60s,https://www.last.fm/music/Michel+Polnareff
MICHEL SARDOU,Michel Sardou,dee1a19a-1145-4a47-b009-4bef3c1f445d,147529.0,1886182.0,chanson francaise|french|pop|Chanson Française|michel sardou,https://www.last.fm/music/Michel+Sardou
MICHELE BERNIER,Michele Bernier,,2.0,2.0,,https://www.last.fm/music/Michele+Bernier
MICK EST TOUT SEUL,Mick Est Tout Seul,,10120.0,93370.0,french|rock|chanson francaise|rock francais|Français,https://www.last.fm/music/Mick+Est+Tout+Seul
MICKAEL MIRO,Mickael Miro,,21094.0,165655.0,french|pop|chanson francaise|male vocalists|Chanson Française,https://www.last.fm/music/Mickael+Miro
MICKAEL THE TURTLE,Mickael The Turtle,,1394.0,5544.0,,https://www.last.fm/music/Mickael+The+Turtle
MICKEY 3 D,Mickey 3D,bac316b8-e971-403d-a5e4-f81fa6a4efbb,133414.0,1925570.0,french|rock|rock francais|chanson francaise|indie,https://www.last.fm/music/Mickey+3D
MICKEY 3D,Mickey 3D,bac316b8-e971-403d-a5e4-f81fa6a4efbb,133414.0,1925570.0,french|rock|rock francais|chanson francaise|indie,https://www.last.fm/music/Mickey+3D
MICKY GREEN,Micky Green,8c437ee8-8ddb-4254-a916-a0f0355fdd80,74053.0,789898.0,pop|female vocalists|indie|australian|indie pop,https://www.last.fm/music/Micky+Green
MIDNIGHT OIL,Midnight Oil,05072650-4b05-4e8b-83d0-dba2576e306a,762186.0,10609583.0,rock|australian|80s|alternative|alternative rock,https://www.last.fm/music/Midnight+Oil
MIG,Mig,946ba2ca-22ad-457f-82e9-01106ff82e6a,110400.0,2089933.0,trip-hop|disco polo|french|electronic|trip hop,https://www.last.fm/music/Mig
MIGENES/MAAZEL,,,,,,
MIGOS,Migos,0221734a-35a8-40f7-b5c5-2f61a200bc7c,1897634.0,73234955.0,Hip-Hop|trap|rap|trap rap|hip hop,https://www.last.fm/music/Migos
MIGUEL,Miguel,285e1285-aecc-478f-a8da-0c8cf69e1217,2717084.0,81264188.0,rnb|soul|r&b|Hip-Hop|hip hop,https://www.last.fm/music/Miguel
MIGUEL ANGEL MUNOZ,Miguel Angel Munoz,,3323.0,21980.0,spanish|pop|español|miguel angel munoz|spain,https://www.last.fm/music/Miguel+Angel+Munoz
MIKA,Mika,e4914285-d20d-4fc2-ae32-42cba8aeeed0,2653506.0,71795035.0,pop|british|britpop|electronic|alternative,https://www.last.fm/music/Mika
MIKE BRANT,Mike Brant,cc02cf2c-4d1b-419f-ae12-92e559a62518,39110.0,305706.0,chanson francaise|french|pop|70s|French Love Song,https://www.last.fm/music/Mike+Brant
MIKE OLDFIELD,Mike Oldfield,a1684a49-feaa-4150-b758-d9412fc59f12,1189078.0,32215149.0,Progressive rock|new age|instrumental|ambient|electronic,https://www.last.fm/music/Mike+Oldfield
MIKE PERRY,Mike Perry,54f04111-4aa6-4095-9497-eb74fc47c0dd,490379.0,6114418.0,swedish|electronic|tropical house|dance|House,https://www.last.fm/music/Mike+Perry
MIKE POSNER,Mike Posner,5b64e344-b2fb-47bd-bd7b-4c793b17d472,2566468.0,34259944.0,Hip-Hop|rnb|pop|rap|electro hop,https://www.last.fm/music/Mike+Posner
MIKE TYSON,Mike Tyson,3625be6b-89b4-41bc-b70f-3340453e5201,12580.0,43407.0,rap|funk|rnb|Soundtrack|cover,https://www.last.fm/music/Mike+Tyson
MIKI,Miki,619deb6e-2bee-439a-8de2-348c8178ec42,64021.0,1239620.0,j-pop|japanese|pop|female vocalists|vocaloid,https://www.last.fm/music/Miki
MILES DAVIS,Miles Davis,561d854a-6a28-4aa7-8c99-323e6ce46c2a,2405324.0,85946927.0,jazz|trumpet|bebop|Fusion|blues,https://www.last.fm/music/Miles+Davis
MILEY CYRUS,Miley Cyrus,7e9bd05a-117f-4cce-87bc-e011527a8b18,4872938.0,302643059.0,pop|female vocalists|dance|Disney|guilty pleasure,https://www.last.fm/music/Miley+Cyrus
MILKY CHANCE,Milky Chance,6d230d98-fb8d-4421-a6e8-daca4e55d53e,1739172.0,39849425.0,indie|indie rock|german|reggae|singer-songwriter,https://www.last.fm/music/Milky+Chance
MIMIE MATHIE,,,,,,
MINELLI,Minelli,6d7a57ba-5701-4a14-9f46-e0fcbdd77794,121103.0,1568047.0,dance|pop|Romanian|romania|deezer,https://www.last.fm/music/Minelli
MIREILLE MATHIEU,Mireille Mathieu,0c321fba-7d1d-4d48-b99a-1e4811970d26,131302.0,1357572.0,french|chanson|female vocalists|pop|francais,https://www.last.fm/music/Mireille+Mathieu
MISSY ELLIOT,Missy Elliott,a0b8cb9e-7532-45fe-a74c-30e7c4009a39,1992198.0,25138365.0,Hip-Hop|rap|rnb|female vocalists|hip hop,https://www.last.fm/music/Missy+Elliott
MISSY ELLIOTT,Missy Elliott,a0b8cb9e-7532-45fe-a74c-30e7c4009a39,1992198.0,25138365.0,Hip-Hop|rap|rnb|female vocalists|hip hop,https://www.last.fm/music/Missy+Elliott
MISTER COSMIC,Mister Cosmic,ee1b4914-6360-49d8-aca5-bbe65ff289fb,1291.0,5633.0,funny|electronic|techno|dance|hands up,https://www.last.fm/music/Mister+Cosmic
MISTER V,Mister V,2e4ecfad-9834-46dd-8897-85314b0c79af,49177.0,1770843.0,french|rap|hip hop|Hip-Hop|bluesrock,https://www.last.fm/music/Mister+V
MISTER YOU,Mister You,c614004f-7450-4172-b6fd-37ea95af1214,42527.0,950350.0,french|rap|rap francais|Hip-Hop|woogataga,https://www.last.fm/music/Mister+You
MMZ,MMZ,f3b49d26-8e7d-4f66-b8fb-4b635cee7aec,20783.0,957731.0,auto-tune|french rap,https://www.last.fm/music/MMZ
MNEK,MNEK,27e7c2e8-badc-4a97-8b93-24b6c530b038,221422.0,2014828.0,rnb|pop|electronic|soul|british,https://www.last.fm/music/MNEK
MOBY,Moby,8970d868-0723-483b-a75b-51088913d3d4,3666045.0,139823958.0,electronic|ambient|chillout|alternative|electronica,https://www.last.fm/music/Moby
MODELS,Models,8bffa101-61ea-4692-9645-37837e613358,32105.0,276838.0,australian|alternative|new wave|80s|pop,https://www.last.fm/music/Models
MODERN TALKING,Modern Talking,98913495-8867-43b3-aa8d-db88ee4d4cdc,1374179.0,23384543.0,80s|Disco|pop|dance|german,https://www.last.fm/music/Modern+Talking
MOHA K,Moha k,,35868.0,496287.0,morocco|moroccan,https://www.last.fm/music/Moha+k
MOHA LA SQUALE,Moha La Squale,2efd739f-b833-44b7-9228-b2c200ac1afa,53824.0,1471705.0,Hip-Hop|rap|paris|france|french rap,https://www.last.fm/music/Moha+La+Squale
MOJI,Moji,72cac1e2-3915-4c51-9b01-aff258d0bfcf,13152.0,68072.0,techno|electronic|hard techno|australia,https://www.last.fm/music/Moji
MOLIY,Moliy,,388226.0,2954135.0,reggae|pop|ghana|african|afrobeats,https://www.last.fm/music/Moliy
MONDELLO’ G,,,,,,
MONICA,Monica,af84073d-3b6d-4390-9d3f-bf65a91c824f,917735.0,8730454.0,rnb|soul|female vocalists|pop|urban,https://www.last.fm/music/Monica
MONSIEUR NOV,Monsieur Nov,39b9f98b-0cde-4aee-9f9f-72098ae2e6e3,21683.0,498865.0,rnb|french|soul|french soul|indie soul,https://www.last.fm/music/Monsieur+Nov
MONTELL FISH,Montell Fish,20634ec0-4bdb-47dc-9bf4-07ed76f8154a,1372616.0,45655340.0,gospel|soul|Hip-Hop|electronic|alternative rnb,https://www.last.fm/music/Montell+Fish
MOOS,Moos,95661d34-6eac-4bd5-88eb-dd6ab1959bbf,14403.0,60950.0,trance|electronic|electro|netherlands|hip-rock,https://www.last.fm/music/Moos
MORAD,Morad,fab6c2bc-87f7-4088-9301-6bd6164e9c3c,209611.0,9462183.0,rap|Hip-Hop|hip hop|french|spain,https://www.last.fm/music/Morad
MORCHEEBA,Morcheeba,067102ea-9519-4622-9077-57ca4164cfbb,1695083.0,52844190.0,trip-hop|chillout|electronic|downtempo|female vocalists,https://www.last.fm/music/Morcheeba
MORIARTY,Moriarty,7f998ad7-4cb1-4f5d-a366-98b23ecf2ace,226519.0,3485856.0,folk|indie|female vocalists|french|country folk,https://www.last.fm/music/Moriarty
MORT SHUMAN,Mort Shuman,1226cb0d-03d3-4021-801a-a74408575abf,21993.0,119722.0,chanson francaise|chanson|french|mod|Home collection,https://www.last.fm/music/Mort+Shuman
MOTI,Moti,256986cb-2ca7-4e56-bc0d-d75895677841,242283.0,2589455.0,dance|electronic|rnb|dutch|EDM,https://www.last.fm/music/Moti
MOUSUMI HOSSAIN,Mousumi Hossain,,2.0,5.0,,https://www.last.fm/music/Mousumi+Hossain
MOZART,Wolfgang Amadeus Mozart,b972f589-fb0e-474e-b64a-803b0364fa75,2510520.0,68296303.0,Classical|instrumental|composers|classic|piano,https://www.last.fm/music/Wolfgang+Amadeus+Mozart
MOZART/NEVILLE MARINIER,,,,,,
MR. BELT,Mr. Belt,,1091.0,3337.0,,https://www.last.fm/music/Mr.+Belt
MRC,Mrc,,8988.0,96511.0,rap francais,https://www.last.fm/music/Mrc
MSTISLAV ROSTROPOVITCH,Mstislav Rostropovich,,95410.0,1371557.0,cello|Classical|russian|instrumental|classical cello,https://www.last.fm/music/Mstislav+Rostropovich
MULTI ARTISTES,Multi Artistes,,59.0,517.0,,https://www.last.fm/music/Multi+Artistes
MULTI INTERPRETES,Various Artists,4e46dd54-81a6-4a75-a666-d0e447861e3f,394823.0,3784611.0,,https://www.last.fm/music/Various+Artists
MULTI INTERPRÈTES,Various Artists,4e46dd54-81a6-4a75-a666-d0e447861e3f,394823.0,3784611.0,,https://www.last.fm/music/Various+Artists
MULTI-ARTISTES,Multi-Artistes,,125.0,988.0,,https://www.last.fm/music/Multi-Artistes
MULTI-INTERPRÈTES,Multi-Interprètes,,1026.0,11455.0,,https://www.last.fm/music/Multi-Interpr%C3%A8tes
MULTIINTEPRETES,,,,,,
MULTIINTERPRETES,,,,,,
MULTIINTERPRETRES,,,,,,
MURDA BEATZ,Murda Beatz,91376b53-c37d-4eed-ac24-63d167af6885,142765.0,1036295.0,trap|rap|Hip-Hop|Canadian|Murda Beatz,https://www.last.fm/music/Murda+Beatz
MURKAGE DAVE,Murkage Dave,9f02af13-3bc8-4aef-9d0a-d2996d67cba2,32268.0,211354.0,rnb|soul|pop|london|UK,https://www.last.fm/music/Murkage+Dave
MUSE,Muse,9c9f1380-2516-4fc9-a3e6-f9f61941d090,6425034.0,573749027.0,alternative rock|rock|Progressive rock|alternative|indie,https://www.last.fm/music/Muse
MUSES,Muses,423d9175-376a-4b70-8642-57d4e975c0a7,767.0,10842.0,jazz fusion|Fusion|japanese|pop,https://www.last.fm/music/Muses
MUSIQUE DE LA LEGION ETRANGERE,,,,,,
MUSTARD,Mustard,412c47c5-ea27-4ce9-b0f3-e036da967519,1181135.0,23098337.0,rap|hip hop|rnb|Hip-Hop|trap,https://www.last.fm/music/Mustard
MUTLI INTERPRETES,,,,,,
MYD,Myd,c61f03df-e3e4-4466-ba08-508383696b83,381438.0,3550386.0,french|House|electronic|french house|france,https://www.last.fm/music/Myd
MYKE TOWERS,Myke Towers,d2945137-b01d-4195-9f82-64d20f8ba657,666007.0,28878494.0,Reggaeton|puerto rico|trap|latin|rap,https://www.last.fm/music/Myke+Towers
MYLENE FARMER,Mylène Farmer,18b23026-ed29-445a-9bb4-4e86598ab5a9,371035.0,19452704.0,french|pop|female vocalists|french pop|chanson francaise,https://www.last.fm/music/Myl%C3%A8ne+Farmer
MYLENE FARMER ET SEAL,Mylène Farmer & Seal,,1138.0,7872.0,pop|collaboration,https://www.last.fm/music/Myl%C3%A8ne+Farmer+&+Seal
MYLES SMITH,Myles Smith,73d2a9d4-de5d-4bcd-9acb-ddf67dfd71ac,609246.0,9506990.0,folk|british|pop|americana|UK Pop,https://www.last.fm/music/Myles+Smith
MYLÈNE FARMER,Mylène Farmer,18b23026-ed29-445a-9bb4-4e86598ab5a9,371035.0,19452704.0,french|pop|female vocalists|french pop|chanson francaise,https://www.last.fm/music/Myl%C3%A8ne+Farmer
MYRIAM ABEL,Myriam Abel,815357a3-2dc9-4921-b52d-66fff2e9c946,4107.0,27032.0,french|pop|female vocalists|france|reality,https://www.last.fm/music/Myriam+Abel
MYTHOS?N,,,,,,
MYTHOS?N DJ COSMOS,,,,,,
MZ,MZ,38fc1d00-4580-4223-9712-1b271571a043,54371.0,1322201.0,MM|rap|LV Hip-Hop|Paris 13|muzu makslas,https://www.last.fm/music/MZ
Marianne James,Marianne James,42f72509-3d48-4086-b8e5-335f669d5503,953.0,7861.0,french|pop|pop rock|francais|chanson francophone,https://www.last.fm/music/Marianne+James
Michael Jackson,Michael Jackson,f27ec8db-af05-4f36-916e-3d57f91ecf5e,6938550.0,373375792.0,pop|80s|dance|soul|funk,https://www.last.fm/music/Michael+Jackson
MÅNESKIN,Måneskin,3862342a-43c4-4cdb-8250-bfdbfb5e1419,1898144.0,103145469.0,rock|glam rock|italian|alternative rock|Italy,https://www.last.fm/music/M%C3%A5neskin
MØ,MØ,3ab2ee23-1c2f-458c-9c8c-ca4844729120,985779.0,26692962.0,indie pop|danish|dream pop|pop|indie,https://www.last.fm/music/M%C3%98
MØME,Møme,01bf8b98-e9b3-4d89-b052-f5702eac8e3b,278472.0,2632398.0,electronic|chillwave|french|french touch|electronique,https://www.last.fm/music/M%C3%B8me
N T M,Suprême NTM,0135e5ec-4ffd-46e5-9c3c-566b3df46a8d,117250.0,2208742.0,Hip-Hop|french|rap|rap francais|french rap,https://www.last.fm/music/Supr%C3%AAme+NTM
N Z H,N Z H,,1.0,5.0,,https://www.last.fm/music/N+Z+H
N.T.M.,Suprême NTM,0135e5ec-4ffd-46e5-9c3c-566b3df46a8d,117250.0,2208742.0,Hip-Hop|french|rap|rap francais|french rap,https://www.last.fm/music/Supr%C3%AAme+NTM
N?TRANCE,N?Trance,,2.0,3.0,,https://www.last.fm/music/N%3FTrance
NADA SURF,Nada Surf,b9a2a9a6-7a40-48a6-bcb1-8eff5b89ad5b,1180912.0,28195669.0,indie rock|indie|alternative|alternative rock|rock,https://www.last.fm/music/Nada+Surf
NADIYA,Nâdiya,206be898-5d0d-4408-9a42-08c82cb6459d,58474.0,484640.0,french|rnb|pop|female vocalists|dance,https://www.last.fm/music/N%C3%A2diya
NAELECK,Naeleck,024056d4-cb6a-44ff-ae9e-3510fef2bfac,477273.0,3287731.0,electro|french|tokyo|electronic|roc trax,https://www.last.fm/music/Naeleck
NAESTRO,Naestro,b74f8684-164b-443e-b8f9-897acdb54a58,13595.0,79619.0,french|france|Destination Eurovision 2019|french male vocalists,https://www.last.fm/music/Naestro
NAHIR,Nahir,4f5d8685-258d-4193-9c42-982f14ec4e2c,36695.0,754089.0,french|rap|Hip-Hop|france,https://www.last.fm/music/Nahir
NAJOUA BELYZEL,Najoua Belyzel,18a523f6-65f5-45c1-a74f-17c425be7b06,54015.0,915142.0,french|pop|female vocalists|electronic|dance,https://www.last.fm/music/Najoua+Belyzel
NAKRY,Nakry,cdf02d33-42f9-46de-bcfd-12b154a93cae,6978.0,91489.0,,https://www.last.fm/music/Nakry
NANA MOUSKOURI,Nana Mouskouri,09b8609a-ca39-4f34-a2f6-5b81afc2c32d,195580.0,2076025.0,female vocalists|Greek|pop|jazz|Nana Mouskouri,https://www.last.fm/music/Nana+Mouskouri
NAPS,Naps,582f54b0-d94e-4966-b0a7-6d731531ad46,102565.0,4662120.0,All|ambient|electronic|french|psychobilly,https://www.last.fm/music/Naps
NARVENT,Narvent,50b85bd3-e7ca-40bf-b410-4ab85144f49a,84158.0,1120218.0,synthwave|electronic|Russia|russian|phonk,https://www.last.fm/music/Narvent
NAS,Nas,cfbc0924-0035-4d6c-8197-f024653af823,3391799.0,141580942.0,Hip-Hop|rap|east coast rap|hip hop|new york,https://www.last.fm/music/Nas
NASH,Nash,4140df66-7733-4916-b3aa-aa84013bec3a,50679.0,640281.0,pop|funk|Rock colombiano|80s|acid jazz,https://www.last.fm/music/Nash
NASSI,Nassi,db31b286-87a0-4447-ad14-7f32a7368410,15040.0,132606.0,Destination Eurovision,https://www.last.fm/music/Nassi
NATACHA ATLAS,Natacha Atlas,5b86eefc-f3b2-4b91-8161-c505869fb17f,170996.0,2147533.0,arabic|world|female vocalists|World Music|electronic,https://www.last.fm/music/Natacha+Atlas
NATALIE DESSAY,Natalie Dessay,5ea647a7-554d-47c1-af80-5577a02be4fb,34895.0,229106.0,opera|soprano|Classical|french|female vocalists,https://www.last.fm/music/Natalie+Dessay
NATALIE IMBRUGLIA,Natalie Imbruglia,60530915-9371-4b16-bc31-5c4456317ae0,1960691.0,23929053.0,pop|female vocalists|australian|singer-songwriter|rock,https://www.last.fm/music/Natalie+Imbruglia
NATALIE TAYLOR,Natalie Taylor,3f4e31ca-d45a-4050-804e-1ae7bafe391d,258094.0,1936913.0,pop|indie|indie pop|singer-songwriter|female vocalists,https://www.last.fm/music/Natalie+Taylor
NATASHA ST PIER,Natasha St-Pier,,100428.0,1312241.0,french|pop|female vocalists|chanson francaise|french pop,https://www.last.fm/music/Natasha+St-Pier
NATHALIE CARDONE,Nathalie Cardone,ab724e8d-ed2e-41d5-ab87-f13b26bca901,34359.0,277933.0,french|female vocalists|pop|latin|Che,https://www.last.fm/music/Nathalie+Cardone
NATHALIE DESSAY,Natalie Dessay,5ea647a7-554d-47c1-af80-5577a02be4fb,34895.0,229106.0,opera|soprano|Classical|french|female vocalists,https://www.last.fm/music/Natalie+Dessay
NATHALIE IMBRUGLIA,Natalie Imbruglia,60530915-9371-4b16-bc31-5c4456317ae0,1960691.0,23929053.0,pop|female vocalists|australian|singer-songwriter|rock,https://www.last.fm/music/Natalie+Imbruglia
NATHAN DAWE,Nathan Dawe,60a5ea44-537e-4f60-867c-d7789b6d4255,376181.0,4113392.0,electronic|House|dance|deep house|EDM,https://www.last.fm/music/Nathan+Dawe
NATHAN EVANS,Nathan Evans,a373c884-6314-4188-803b-529a32ab2f0a,388234.0,4269380.0,Scottish|folk|sea shanty|british|pop,https://www.last.fm/music/Nathan+Evans
NATHASHA ST PIER,Nathasha St Pier,,2.0,16.0,,https://www.last.fm/music/Nathasha+St+Pier
NATIVE,Native,020c0584-5a29-41be-9872-683ab2b62e8b,63196.0,971724.0,math rock|post-hardcore|indie|jazz|screamo,https://www.last.fm/music/Native
NATTI NATASHA,Natti Natasha,25be91ac-7d7c-441f-a7d2-98e35d642e4c,384235.0,5328636.0,Reggaeton|pop|bachata|Dominican|dominican republic,https://www.last.fm/music/Natti+Natasha
NAV,NAV,5aa55e7d-c077-4fbd-87a9-c572e513eb88,1132782.0,60257334.0,Hip-Hop|black metal|rap|trap|Canadian,https://www.last.fm/music/NAV
NAZA,Naza,465cc0d9-9429-471d-bc35-c3def57a9320,87644.0,1556675.0,electro|minimal|djset|tech house|congo,https://www.last.fm/music/Naza
NAÂMAN,Naâman,96f24cce-09ca-41af-9bfb-73290fb5300c,44517.0,722930.0,reggae|france|poland|funk_add_to_lidarr_batch_19,https://www.last.fm/music/Na%C3%A2man
NEA,Nea,7cc89bb1-8186-446e-aeea-625a1e3645ea,232817.0,2221412.0,pop|rnb|swedish|Sweden|downtempo,https://www.last.fm/music/Nea
NEEKA,Neeka,d7f369fe-e210-4432-ab3a-4b06e9f3b129,8516.0,57407.0,singer-songwriter|pop|indie pop|Belgium|belgian,https://www.last.fm/music/Neeka
NEG' MARRONS,Neg'Marrons,,14101.0,99606.0,ragga|reggae|french|rap|Hip-Hop,https://www.last.fm/music/Neg%27Marrons
NEG'MARRONS,Neg'Marrons,,14101.0,99606.0,ragga|reggae|french|rap|Hip-Hop,https://www.last.fm/music/Neg%27Marrons
NEIKED,NEIKED,45d2e2d4-a8eb-402b-9a49-2cc117232feb,788788.0,8152954.0,pop|rnb|swedish|indie|hairy chest,https://www.last.fm/music/NEIKED
NEIL YOUNG,Neil Young,75167b8b-44e4-407b-9d35-effe87b223cf,2748333.0,113080892.0,classic rock|singer-songwriter|folk|rock|folk rock,https://www.last.fm/music/Neil+Young
NEJ,Nej,0a74db2d-577f-41f8-83a5-87120c755974,134105.0,2250361.0,arabic|french|rnb|pop|post-punk,https://www.last.fm/music/Nej
NEJ',Nej',aabb498c-bee8-481c-abe0-ecc360eeb2ad,866.0,6166.0,,https://www.last.fm/music/Nej%27
NEK,Nek,af02dd1f-b0cc-4210-bcb1-f34f0c578b5e,268787.0,4542806.0,italian|pop|rock|male vocalists|italian pop,https://www.last.fm/music/Nek
NEKFEU,Nekfeu,d721866d-5640-44ee-87f7-23dd062abd8a,136056.0,14331426.0,french|rap|french rap|Hip-Hop|french hip-hop,https://www.last.fm/music/Nekfeu
NELLY,Nelly,811900b2-68fc-4d41-8bad-69b7a1f4d628,3481897.0,42712097.0,Hip-Hop|rap|rnb|hip hop|Nelly,https://www.last.fm/music/Nelly
NELLY FURTADO,Nelly Furtado,13655113-cd16-4b43-9dca-cadbbf26ee05,4887584.0,119040829.0,pop|female vocalists|folk|Canadian|singer-songwriter,https://www.last.fm/music/Nelly+Furtado
NEMIR,Nemir,d4dcd067-fa98-4af0-8a07-6a47ced6814d,39814.0,712997.0,french hip-hop|rap|Hip-Hop|hip hop|underground hip-hop,https://www.last.fm/music/Nemir
NENEH CHERRY,Neneh Cherry,527c65d1-9fdb-4482-8796-dde2980bd63a,404088.0,3545712.0,pop|soul|female vocalists|Hip-Hop|swedish,https://www.last.fm/music/Neneh+Cherry
NEPAL,Nepal,c9d56d3c-e2aa-4987-b11b-55364b2fd105,5596.0,64657.0,thrash metal|rock|hard rock|Stoner Rock|heavy metal,https://www.last.fm/music/Nepal
NES,NES,49644829-4e75-4ddf-9ad8-f211d407415f,82689.0,2704037.0,jazz|cello|french|latin|rap,https://www.last.fm/music/NES
NEW ORDER,New Order,f1106b17-dcbb-45f6-b938-199ccfab50cc,3189402.0,119379251.0,new wave|post-punk|electronic|80s|alternative,https://www.last.fm/music/New+Order
NEW WEST,New West,6e8c745f-fa34-4e60-a47d-c75aec15341e,892360.0,13105832.0,Canadian|indie rock|austriancountry|Dirty South|funk_add_to_lidarr_batch_19,https://www.last.fm/music/New+West
NF,NF,5660a8c7-d0d9-4181-89b4-8e125328e31e,1305788.0,97844830.0,Hip-Hop|rap|christian|hip hop|rnb,https://www.last.fm/music/NF
NIAGARA,Niagara,63265bdb-9c92-4517-94be-615773e76413,120368.0,1197593.0,french|80s|rock|rock francais|francophone,https://www.last.fm/music/Niagara
NIAKS,NIAKS,,20412.0,771152.0,,https://www.last.fm/music/NIAKS
NICK WATERHOUSE,Nick Waterhouse,b20e16f4-4af2-4234-93ca-6c79525269a1,179121.0,2265292.0,soul|rhythm and blues|funk|rnb|australian,https://www.last.fm/music/Nick+Waterhouse
NICKELBACK,Nickelback,bc710bcf-8815-42cf-bad2-3f1d12246aeb,4385922.0,153356232.0,rock|alternative rock|hard rock|alternative|Canadian,https://www.last.fm/music/Nickelback
NICKI MINAJ,Nicki Minaj,1036b808-f58c-4a3e-b461-a2c4492ecf1b,4769726.0,308974022.0,Hip-Hop|rap|rnb|pop|hip hop,https://www.last.fm/music/Nicki+Minaj
NICKY JAM,Nicky Jam,c458e9dc-e0d5-45ea-9e83-f9d0395f030d,1083132.0,16180808.0,Reggaeton|latin|pop|nicky jam|oldies,https://www.last.fm/music/Nicky+Jam
NIGEL KENNEDY,Nigel Kennedy,2171e02c-e6c5-4109-85b7-ce4f13576a36,141719.0,1281055.0,Classical|violin|jazz|contemporary classical|Virtuoso,https://www.last.fm/music/Nigel+Kennedy
NILE RODGERS,Nile Rodgers,c6d571dd-c0ae-4ac8-9500-780b1b9b25e5,129600.0,973085.0,funk|soul|Disco|rnb|rock,https://www.last.fm/music/Nile+Rodgers
NINA HAGEN,Nina Hagen,e4d32f51-bc57-42a4-8165-b80f7a86496d,212942.0,3516200.0,punk|post-punk|new wave|german|female vocalists,https://www.last.fm/music/Nina+Hagen
NINHO,Ninho,453b7024-ff07-4e34-8d3d-41ca6733e4f5,180845.0,12925026.0,Hip-Hop|french|rap|france|trap,https://www.last.fm/music/Ninho
NINO FERRER,Nino Ferrer,5b95ae1e-5129-46c5-a043-522e6c9f7871,181755.0,1549551.0,french|chanson francaise|pop|singer-songwriter|chanson,https://www.last.fm/music/Nino+Ferrer
NINOCESS,Ninocess,,986.0,4302.0,,https://www.last.fm/music/Ninocess
NIO GARCIA,Nio Garcia,,390721.0,5762058.0,Reggaeton|latin|trap|puerto rico|nio garcia,https://www.last.fm/music/Nio+Garcia
NIRO,Niro,d4730314-3e0e-4b51-b0fa-6d93c442afe7,63086.0,2273485.0,All|french|french hip-hop|rap|rap francais,https://www.last.fm/music/Niro
NIRVANA,Nirvana,5b11f4ce-a62d-471e-81fc-a69a8278c7da,7559133.0,585463960.0,Grunge|rock|alternative rock|alternative|90s,https://www.last.fm/music/Nirvana
NISKA,Niska,e369e789-6f07-4ce8-a70f-e136bc57bf3b,131914.0,6386210.0,french rap|rap|french|hiphop|Hip-Hop,https://www.last.fm/music/Niska
NIVEA,Nivea,c6aafab4-8298-4332-a601-c89a1a4661b4,249498.0,1508642.0,rnb|female vocalists|Hip-Hop|hip hop|r&b,https://www.last.fm/music/Nivea
NLE CHOPPA,NLE Choppa,2873b450-13c6-4ca1-8ca3-646c25af3202,1499421.0,58795515.0,trap|rap|Hip-Hop|hip hop|memphis,https://www.last.fm/music/NLE+Choppa
NO DOUBT,No Doubt,fbd2a255-1d57-4d31-ac11-65b671c19958,3625775.0,85429480.0,rock|ska|pop|alternative|female vocalists,https://www.last.fm/music/No+Doubt
NO LIMIT,No Limit,0462b003-475b-4407-8ba5-666af221d798,55268.0,706532.0,japanese|rock|j-pop|JPop|J-rock,https://www.last.fm/music/No+Limit
NOA,Noa,a1ebbaf5-8177-48fb-a97c-49097eee7e70,164559.0,2036486.0,female vocalists|israeli|world|Israel|hebrew,https://www.last.fm/music/Noa
NOAH CYRUS,Miley Cyrus,7e9bd05a-117f-4cce-87bc-e011527a8b18,4872938.0,302643059.0,pop|female vocalists|dance|Disney|guilty pleasure,https://www.last.fm/music/Miley+Cyrus
NOAH KAHAN,Noah Kahan,a2a3f910-b188-43e7-81d0-f1ac2a2f3e12,1619127.0,194003656.0,indie|folk|singer-songwriter|acoustic|indie folk,https://www.last.fm/music/Noah+Kahan
NOIR DESIR,Noir Désir,e6358374-5eea-4205-be22-382ed6df493c,420724.0,10744866.0,french|rock|alternative|rock francais|French rock,https://www.last.fm/music/Noir+D%C3%A9sir
NOLWENN LEROY,Nolwenn Leroy,3575a514-ef96-41a0-adc2-c5ed5827d8e7,100692.0,2030006.0,french|pop|female vocalists|chanson francaise|french pop,https://www.last.fm/music/Nolwenn+Leroy
NOMADS,Nomads,776cbff8-072f-406d-ae58-69e9dcde8201,16097.0,136906.0,post-rock|ambient|hardcore|instrumental|garage,https://www.last.fm/music/Nomads
NOMCEBO ZIKODE,Nomcebo Zikode,4e39c7cd-a631-4399-bbd8-13107be50938,5798.0,91859.0,female vocalist|south africa|Eswatini|south african,https://www.last.fm/music/Nomcebo+Zikode
NONO LA GRINTA,Nono La Grinta,,49176.0,1322365.0,,https://www.last.fm/music/Nono+La+Grinta
NOODELS,Noodels,,6101.0,35516.0,,https://www.last.fm/music/Noodels
NORAH JONES,Norah Jones,985c709c-7771-4de3-9024-7bda29ebe3f9,2993727.0,103531619.0,jazz|female vocalists|blues|singer-songwriter|pop,https://www.last.fm/music/Norah+Jones
NORAH JONES AND THE HANDSOME BAND,Norah Jones,985c709c-7771-4de3-9024-7bda29ebe3f9,2993727.0,103531619.0,jazz|female vocalists|blues|singer-songwriter|pop,https://www.last.fm/music/Norah+Jones
NORMA JEAN MARTINE,Norma Jean Martine,db6fb40e-63c8-4c6d-a2d9-31729778c36a,18990.0,90529.0,soul|pop|singer-songwriter|indie|female vocalists,https://www.last.fm/music/Norma+Jean+Martine
NORMA RAY,Norma Ray,830580bc-ce96-4303-bb91-662ce85ae0ce,2270.0,15045.0,90s|eurodance|EuroHouse|dance,https://www.last.fm/music/Norma+Ray
NORMANI,Normani,04d93730-f81c-450c-8441-d5f5fcf98485,788743.0,22528101.0,rnb|pop|soul|Fifth Harmony|normani,https://www.last.fm/music/Normani
NOTRE DAME DE PARIS,Notre Dame de Paris,,23065.0,694697.0,musical|french|Soundtrack|francais|musicals,https://www.last.fm/music/Notre+Dame+de+Paris
NOUR,Nour,d410bdd5-705e-4459-903b-9873a91b0c90,59471.0,499192.0,arabic|female vocalists|mestizo|egyptian|kurdish,https://www.last.fm/music/Nour
NOUVELLE ÉCOLE,Nouvelle École,,4957.0,35289.0,,https://www.last.fm/music/Nouvelle+%C3%89cole
NRJ SUMMER HITS ONLY,NRJ SUMMER HITS ONLY,,25.0,294.0,,https://www.last.fm/music/NRJ+SUMMER+HITS+ONLY
NTM,Suprême NTM,0135e5ec-4ffd-46e5-9c3c-566b3df46a8d,117250.0,2208742.0,Hip-Hop|french|rap|rap francais|french rap,https://www.last.fm/music/Supr%C3%AAme+NTM
NUIT INCOLORE,Nuit Incolore,a3d283c0-92ad-4fa0-ae79-eada9d807c04,30120.0,742533.0,french pop|switzerland|vietnamese|male vocalists,https://www.last.fm/music/Nuit+Incolore
NUITS CELTIQUES - EDITION 2002,,,,,,
NUKA /,,,,,,
NUSKY,Nusky,be4520fa-4b49-4e0f-b54e-d70f68f51263,11953.0,234430.0,rap,https://www.last.fm/music/Nusky
NUTTEA,Nuttea,cde7486e-68c3-4867-a3b6-fb88f8ef8b84,34345.0,250902.0,reggae|french|Hip-Hop|ragga|french rap,https://www.last.fm/music/Nuttea
NYDA,nyda,,3404.0,23606.0,under 2000 listeners,https://www.last.fm/music/nyda
Niagara,Niagara,63265bdb-9c92-4517-94be-615773e76413,120368.0,1197593.0,french|80s|rock|rock francais|francophone,https://www.last.fm/music/Niagara
NÉPAL,Népal,85a55a8c-c042-40d6-9dc5-fb85d0d926cf,79719.0,6377703.0,french|rap|Hip-Hop|hip hop|underground rap,https://www.last.fm/music/N%C3%A9pal
O-ZONE,O-Zone,5cb608ea-bd36-4a33-b9a5-822c7fc4194d,850631.0,6968275.0,dance|pop|eurodance|Romanian|Europop,https://www.last.fm/music/O-Zone
OASIS,Oasis,39ab1aed-75e0-4140-bd47-540276886b60,5909045.0,331110511.0,britpop|rock|british|alternative|indie,https://www.last.fm/music/Oasis
OBOY,Oboy,7fdb17ff-fcbf-4d17-95ba-ae361ee40c8e,107106.0,5313555.0,alternative rap|rap|auto-tune|french rap|madagascar,https://www.last.fm/music/Oboy
ODETTO,Odetto,28fc3cbc-024c-40f7-9f10-8ca33079f7a9,8220.0,57879.0,french|indie|pop|rap|france pop indie french hip hop,https://www.last.fm/music/Odetto
OFASIA,Ofasia,e58484b3-da47-4982-a124-4022fb90f6ca,225.0,1280.0,alt-right|easy listening|metal|80s|Doom,https://www.last.fm/music/Ofasia
OFENBACH,Ofenbach,1d81a1be-1b66-427d-9335-c777a259eadb,596042.0,8160942.0,dance|electronic|french|pop|House,https://www.last.fm/music/Ofenbach
OFFENBACH - MINKOWSKI,Offenbach - Minkowski,,1.0,38.0,,https://www.last.fm/music/Offenbach+-+Minkowski
OFFSET,Offset,c0c401e0-eb84-4266-9ccb-9160988e7a8e,1485876.0,46938504.0,trap|rap|Hip-Hop|travis scott|hip hop,https://www.last.fm/music/Offset
OFFSPRING,The Offspring,23a03e33-a603-404e-bcbf-2c00159d7067,4599068.0,215411399.0,punk rock|punk|rock|alternative rock|alternative,https://www.last.fm/music/The+Offspring
OLI,Oli,027dd5aa-607b-47db-af39-f406becefc1a,37413.0,242616.0,indie|Hip-Hop|indie pop|female vocalists|ambient,https://www.last.fm/music/Oli
OLIVER HELDENS,Oliver Heldens,df679f1d-2bab-442b-bc67-02a44f9b2adf,707483.0,9713474.0,House|electronic|deep house|techno|future house,https://www.last.fm/music/Oliver+Heldens
OLIVER TREE,Oliver Tree,1fa3bded-908f-47be-9784-3c9ef850682b,1478325.0,44773364.0,electronic|Hip-Hop|indie pop|electropop|pop,https://www.last.fm/music/Oliver+Tree
OLIVIA O'BRIEN,Olivia O'Brien,,693979.0,12537686.0,pop|electronic|american|USA|my top songs,https://www.last.fm/music/Olivia+O%27Brien
OLIVIA RODRIGO,Olivia Rodrigo,6925db17-f35e-42f3-a4eb-84ee6bf5d4b0,3143654.0,574443836.0,pop|pop rock|rock|indie pop|female vocalists,https://www.last.fm/music/Olivia+Rodrigo
OLIVIA RUIZ,Olivia Ruiz,5083e4bf-3246-4ab9-a6d3-23be8db8db2c,184261.0,2333752.0,french|chanson francaise|female vocalists|singer-songwriter|nouvelle scene francaise,https://www.last.fm/music/Olivia+Ruiz
OMAH LAY,Omah Lay,b63bd4fd-2050-4c92-a237-576f6f6c97cb,382760.0,7106446.0,afrobeats|rnb|africa|pop|afropop,https://www.last.fm/music/Omah+Lay
OMEGA,Omega,819e4775-b9a6-4a24-b4af-0acfa9669a00,333999.0,3772608.0,Progressive rock|classic rock|hard rock|rock|hungarian,https://www.last.fm/music/Omega
OMI,Omi,2c138adb-97ee-42b9-9ed6-6b643c04a7c8,1165249.0,9100435.0,reggae|electronic|hardcore|dance|jamaican,https://www.last.fm/music/Omi
ONE DIRECTION,One Direction,1a425bbd-cca4-4b2c-aeb7-71cb176c828a,3296404.0,321008852.0,pop|british|boyband|one direction|X factor,https://www.last.fm/music/One+Direction
ONE-T,One-T,,144077.0,1163227.0,electronic|Hip-Hop|pop|dance|House,https://www.last.fm/music/One-T
ONEREPUBLIC,OneRepublic,c33c2065-b1c3-4406-b066-d33a9e2ea71a,4352020.0,136692289.0,pop rock|rock|alternative|alternative rock|indie,https://www.last.fm/music/OneRepublic
OPERATION TOTAL,Operation Total,,1.0,1.0,,https://www.last.fm/music/Operation+Total
OPHELIE WINTER,Ophélie Winter,c4163ff6-1616-409e-ad70-614b6b8119b6,20195.0,156343.0,french|pop|female vocalists|chanson francaise|french pop,https://www.last.fm/music/Oph%C3%A9lie+Winter
ORA MATE,Ora Mate,6cf4e188-a7f8-4c8e-b3ad-14d3635bbb5a,1475.0,6994.0,maori,https://www.last.fm/music/Ora+Mate
ORELSAN,Orelsan,6cad3ce5-6380-4594-a8da-ae7d273b683d,217238.0,14073595.0,rap|french|Hip-Hop|hip hop|rap francais,https://www.last.fm/music/Orelsan
ORGANIZ?,,,,,,
ORSO,Orso,da83ba16-d86f-4c20-a481-3cd0898803a9,16435.0,72639.0,Post-Metal|metal|atmospheric sludge metal|instrumental|Sludge,https://www.last.fm/music/Orso
OTIS REDDING,Otis Redding,82b1f5fd-cd31-41a9-b5d4-7e33f0eb9751,2430122.0,46041272.0,soul|rhythm and blues|blues|60s|oldies,https://www.last.fm/music/Otis+Redding
OUSSAMA,oussama,,6701.0,98939.0,morocco|moroccan,https://www.last.fm/music/oussama
OUTHERE BROTHERS,The Outhere Brothers,48461bda-7e92-46f3-aab4-f5cfb787b376,125158.0,521347.0,eurodance|dance|90s|rap|pop,https://www.last.fm/music/The+Outhere+Brothers
OUTKAST,OutKast,73fdb566-a9b1-494c-9f32-51768ec9fd27,5007935.0,150504768.0,Hip-Hop|funk|rap|soul|hip hop,https://www.last.fm/music/OutKast
OXMO PUCCINO,Oxmo Puccino,faf5d956-ba11-4e01-9634-2f1c9ec92df5,117466.0,2410288.0,Hip-Hop|rap|french|rap francais|french hip-hop,https://www.last.fm/music/Oxmo+Puccino
OZUNA,Ozuna,f2651b63-a44d-4d1d-ba64-d981d971ecd1,951548.0,29011237.0,Reggaeton|latin|puerto rico|Puerto Rican|Urbano Latino,https://www.last.fm/music/Ozuna
Orchestre National de Barb,,,,,,
P!NK,P!nk,f4d5cc07-3bc9-4836-9b15-88a08359bc63,3795197.0,124384425.0,pop|pop rock|female vocalists|rock|female,https://www.last.fm/music/P%21nk
P.DIDDY,P. Diddy,,420060.0,2802411.0,Hip-Hop|rap|rnb|hip hop|East Coast,https://www.last.fm/music/P.+Diddy
P.L.L,P.L.L,a472f194-96a5-44ca-ae4b-d46870b06287,17477.0,205698.0,maurice|sega|Mauritius,https://www.last.fm/music/P.L.L
PABLLO VITTAR,Pabllo Vittar,d9550ac2-7bcf-4655-a3fe-24922e254a74,626423.0,100228341.0,pop|drag queen|brazilian|tecnobrega|drag,https://www.last.fm/music/Pabllo+Vittar
PAN,Pan,0dc0fb81-f091-4564-8f7b-31580a037b9d,33205.0,316009.0,Progressive rock|post-rock|denmark|experimental|psy-trance,https://www.last.fm/music/Pan
PANIC! AT THE DISCO,Panic! at the Disco,b9472588-93f3-4922-a1a2-74082cdf9ce8,4462186.0,325610376.0,alternative|rock|pop punk|indie|emo,https://www.last.fm/music/Panic%21+at+the+Disco
PAOLO CONTE,Paolo Conte,777bfd31-0c54-49b9-b057-c1fa742cdcf1,359668.0,5478745.0,jazz|italian|singer-songwriter|piano|chanson,https://www.last.fm/music/Paolo+Conte
PAPA AP,Papa AP,,1622.0,6533.0,Reggaeton|EL SALVADOR,https://www.last.fm/music/Papa+AP
PAPI SANCHEZ,Papi Sanchez,,39607.0,153129.0,dance|latin|merengue|spanish|dominican republic,https://www.last.fm/music/Papi+Sanchez
PARADIS,Paradis,352a1391-4d75-4aa9-8c86-1f5cc17e7235,263857.0,5147666.0,electronic|House|french|deep-house|deep house,https://www.last.fm/music/Paradis
PARCELS,The Parcels,6712f65c-15ec-43d8-84fd-e66cc0848a8b,3393.0,24321.0,funk|indie|indie pop|synthpop|australian,https://www.last.fm/music/The+Parcels
PARIS COMBO,Paris Combo,b3365cc7-49b5-4a7f-b878-80487aad59c1,249498.0,2927656.0,jazz|french|chanson francaise|world|female vocalists,https://www.last.fm/music/Paris+Combo
PARSON JAMES,Parson James,59a06270-3425-4930-a439-b8c02abf55cc,122004.0,641726.0,All|United States|british UK,https://www.last.fm/music/Parson+James
PARTYNEXTDOOR,PARTYNEXTDOOR,f23ef341-33bd-47c1-b83c-846a78581f05,1995853.0,176474380.0,rnb|r&b|Hip-Hop|soul|canada,https://www.last.fm/music/PARTYNEXTDOOR
PASCAL OBISP0,,,,,,
PASCAL OBISPO,Pascal Obispo,2db6e9c3-5aa1-4876-9ec6-8f18c75d5210,82782.0,934018.0,french|chanson francaise|pop|new age|french pop,https://www.last.fm/music/Pascal+Obispo
PASSENGERS,Passengers,e110c11f-1c94-4471-a350-c38f46b29389,226183.0,1604615.0,ambient|electronic|experimental|alternative|U2,https://www.last.fm/music/Passengers
PASSI,Passi,dea8ff70-08bb-4547-a54a-ca63b01c3537,37197.0,289577.0,french rap|rap|Hip-Hop|french|French hip hop,https://www.last.fm/music/Passi
PAT BENATAR,Pat Benatar,6bc658ea-005f-486b-8f94-33a2e40f7a72,1456595.0,16007306.0,rock|80s|female vocalists|classic rock|pop,https://www.last.fm/music/Pat+Benatar
PATRICIA KAAS,Patricia Kaas,217794c8-c7e8-4e9b-b5d0-6aeac98e0e08,214782.0,3176845.0,french|female vocalists|jazz|chanson francaise|chanson,https://www.last.fm/music/Patricia+Kaas
PATRICK BRUEL,Patrick Bruel,bbd476fe-2987-4e5a-a278-ce5d5f3a6b9c,139498.0,1530689.0,french|chanson francaise|pop|singer-songwriter|francophone,https://www.last.fm/music/Patrick+Bruel
PATRICK CAPDEVIELLE,Jean-Patrick Capdevielle,,8124.0,60457.0,french|Soundtrack|rock|contemporary classical|Random,https://www.last.fm/music/Jean-Patrick+Capdevielle
PATRICK FIORI,Patrick Fiori,972be159-c1e8-42db-85c7-ef6fd9b04b92,95134.0,1221740.0,french|chanson francaise|pop|france|male vocalists,https://www.last.fm/music/Patrick+Fiori
PATRICK FIORI/JEAN JACQUES GOLDMAN,Patrick Fiori/Jean Jacques Goldman,,1.0,2.0,,https://www.last.fm/music/Patrick+Fiori%2FJean+Jacques+Goldman
PATRICK SEBASTIEN,Patrick Sébastien,8b506e4f-ad02-476a-9df1-ff8724bd7dc4,30776.0,178215.0,Variete francaise|All|french|pop|folk pop,https://www.last.fm/music/Patrick+S%C3%A9bastien
PATRICK TIMSIT,Patrick Timsit,5d4caf09-9e00-440a-9288-414ef2330711,2335.0,9363.0,Disney|Soundtrack|under 2000 listeners,https://www.last.fm/music/Patrick+Timsit
PATRIZIA FERRARA,Patrizia Ferrara,bec11647-be0c-453f-990c-2667d3226f15,1661.0,5567.0,vocal jazz|jazz,https://www.last.fm/music/Patrizia+Ferrara
PAUL II,Paul II,,1.0,1.0,,https://www.last.fm/music/Paul+II
PAUL JOHNSON,Paul Johnson,07065c90-1519-4bd9-8259-9872f3c9a776,284605.0,1353153.0,House|dance|electronic|funky house|Chicago House,https://www.last.fm/music/Paul+Johnson
PAUL KALKBRENNER,Paul Kalkbrenner,a5f92d47-b562-4582-b267-71963a515f4c,736099.0,27041960.0,minimal|electronic|techno|electro|BPitch Control,https://www.last.fm/music/Paul+Kalkbrenner
PAUL MC CARTNEY,Paul McCartney,ba550d0e-adac-4864-b88b-407cab5e76af,3305419.0,87945280.0,classic rock|rock|british|singer-songwriter|pop,https://www.last.fm/music/Paul+McCartney
PAUL McCARTNEY,Paul McCartney,ba550d0e-adac-4864-b88b-407cab5e76af,3305419.0,87945280.0,classic rock|rock|british|singer-songwriter|pop,https://www.last.fm/music/Paul+McCartney
PAUL PERSONNE,Paul Personne,e5863c1e-6f11-4178-829e-caf1cc1298c1,8504.0,136582.0,blues rock|french|blues|france|rock francais,https://www.last.fm/music/Paul+Personne
PAUL SIMON,Paul Simon,05517043-ff78-4988-9c22-88c68588ebb9,2121948.0,53864310.0,singer-songwriter|folk|classic rock|acoustic|rock,https://www.last.fm/music/Paul+Simon
PAUL YOUNG,Paul Young,967002b0-58ef-4b22-a58c-fbc631ff695c,624334.0,4824492.0,80s|pop|new wave|british|male vocalists,https://www.last.fm/music/Paul+Young
PAULINE,Pauline,998e5f68-082b-432a-9fd5-2850c02f49c2,47260.0,459756.0,pop|soul|french|swedish|female vocalists,https://www.last.fm/music/Pauline
PAVAROTTI,Luciano Pavarotti,705076ef-a0c5-472f-bebd-3e72174fcaf4,524463.0,5056464.0,opera|Classical|tenor|italian|Italian Opera,https://www.last.fm/music/Luciano+Pavarotti
PAVAROTTI AND FRIENDS,Pavarotti and Friends,,1677.0,10102.0,,https://www.last.fm/music/Pavarotti+and+Friends
PAVOROTTI,Luciano Pavarotti,705076ef-a0c5-472f-bebd-3e72174fcaf4,524463.0,5056464.0,opera|Classical|tenor|italian|Italian Opera,https://www.last.fm/music/Luciano+Pavarotti
PEARL,Pearl,3653de37-ef97-49b4-9079-10d0ff7d08bf,269807.0,2610784.0,techno|rock|hard rock|japanese|J-rock,https://www.last.fm/music/Pearl
PEDRO CAPÓ,Pedro Capó,b785fec3-4329-48ee-86ab-5df83859bf67,254759.0,2106881.0,puerto rico|pop|singer-songwriter|latin|LODMPR,https://www.last.fm/music/Pedro+Cap%C3%B3
PEDRO SAMPAIO,PEDRO SAMPAIO,796bc8a9-efd1-43e8-bacf-5eba68835928,583318.0,32041970.0,brazilian|funk|brazil|melody|pop,https://www.last.fm/music/PEDRO+SAMPAIO
PENTATONIX,Pentatonix,79c67eb5-3851-4b28-bfe0-3adfcd6f58d7,1144399.0,25633825.0,a cappella|pop|futuristic|the sing off|a capella,https://www.last.fm/music/Pentatonix
PESO PLUMA,Peso Pluma,75e4f8ef-34c3-44fd-8467-88a7d9599f77,712060.0,55908797.0,mexico|Reggaeton|Corridos tumbados|mierda|corrido tumbado,https://www.last.fm/music/Peso+Pluma
PET SHOP BOYS,Pet Shop Boys,be540c02-7898-4b79-9acc-c8122c7d9e83,2375175.0,70308115.0,synthpop|electronic|pop|80s|new wave,https://www.last.fm/music/Pet+Shop+Boys
PETER CINCOTTI,Peter Cincotti,e670db87-f910-4286-bfc6-d7ddd0b0bfbd,234013.0,1873280.0,jazz|piano|vocal jazz|singer-songwriter|male vocalists,https://www.last.fm/music/Peter+Cincotti
PETER GABRIEL,Peter Gabriel,8e66ea2b-b57b-47d9-8df0-df4630aeb8e5,1816872.0,43239948.0,Progressive rock|rock|singer-songwriter|classic rock|pop,https://www.last.fm/music/Peter+Gabriel
PETER VON POEHL,Peter von Poehl,b81c10ba-2974-43a1-b17f-3753b81e6d98,73288.0,744205.0,indie pop|swedish|singer-songwriter|ambient|pop,https://www.last.fm/music/Peter+von+Poehl
PETIT BISCUIT,Petit Biscuit,30ae6581-15ec-407b-b192-5f7b7ea214b2,708654.0,9848083.0,electronic|House|french|france|chill,https://www.last.fm/music/Petit+Biscuit
PHARRELL WILLIAMS,Pharrell Williams,149f91ef-1287-46da-9a8e-87fee02f1471,2760741.0,49198787.0,Hip-Hop|rnb|rap|hip hop|pop,https://www.last.fm/music/Pharrell+Williams
PHATS,Phats,33492868-ae25-4cd2-8de8-bc09d8e77c37,554.0,1884.0,,https://www.last.fm/music/Phats
PHENOMENAL CLUB,Phenomenal Club,c497818b-f838-4b01-9d5c-5c86e7bfc42f,2518.0,8632.0,under 2000 listeners,https://www.last.fm/music/Phenomenal+Club
PHIL BARNEY,Phil Barney,d6a38384-02bd-4db8-8da6-e3ea22147be2,5675.0,24924.0,french|80s|francais|chanson francaise|artistes,https://www.last.fm/music/Phil+Barney
PHIL COLLINS,Phil Collins,401c3991-b76b-499d-8082-9f2df958ef78,3260445.0,66141417.0,pop|80s|rock|classic rock|soft rock,https://www.last.fm/music/Phil+Collins
PHILIPPE JAROUSSKY,Philippe Jaroussky,4ab01afd-403e-43ca-a034-c4ee8b15e8d0,31493.0,459466.0,Classical|countertenor|baroque|opera|baroque music,https://www.last.fm/music/Philippe+Jaroussky
PHILIPPE LAVIL,Philippe Lavil,3e040341-d8a7-42a5-9149-439e5296bf26,15924.0,85303.0,french|chanson francaise|60s|Varietes Francaises|france,https://www.last.fm/music/Philippe+Lavil
PHOEBE BRIDGERS,Phoebe Bridgers,96855c21-b832-4366-ba12-0d2330c36a86,2174192.0,293110420.0,singer-songwriter|indie folk|folk|indie|indie rock,https://www.last.fm/music/Phoebe+Bridgers
PHOEBE RYAN,Phoebe Ryan,fb0b3aca-b424-413c-820b-a1b80b14edee,235236.0,2588674.0,pop|alternative|female vocalists|indie|USA,https://www.last.fm/music/Phoebe+Ryan
PHOENIX,Phoenix,8d455809-96b3-4bb6-8829-ea4beb580d35,3114668.0,124548002.0,indie|french|indie pop|electronic|rock,https://www.last.fm/music/Phoenix
PIERPOLJAK,Pierpoljak,8bc3c11d-a12b-41b1-8413-f1c7bb32dc2a,34451.0,416145.0,reggae|french|french reggae|francais|roots reggae,https://www.last.fm/music/Pierpoljak
PIERRE BACHELET,Pierre Bachelet,2b5d72ca-6b59-439f-a752-418f106f337e,78051.0,686278.0,chanson francaise|french|pop|80s|All,https://www.last.fm/music/Pierre+Bachelet
PIERRE DE MAERE,Pierre de Maere,5e07a62f-c3dd-4a72-b47f-ab64cc78cca1,49525.0,859783.0,electropop|indie pop|belgian|french|pop,https://www.last.fm/music/Pierre+de+Maere
PIERRE DESPROGES,Pierre Desproges,81ea7f43-92bb-4171-a21d-9a8934b79930,4216.0,238831.0,humour|french|comedy|humour noir|wish list,https://www.last.fm/music/Pierre+Desproges
PIERRE GARNIER,Pierre Garnier,aa399243-0cca-4f4d-ad9f-ae337516e637,26138.0,644749.0,french|pop|poetry|france|star academy,https://www.last.fm/music/Pierre+Garnier
PIERRE PERRET,Pierre Perret,da447efe-b2d7-4c62-8743-1d969a108200,43580.0,334341.0,chanson francaise|french|Chanson Française|humour|All,https://www.last.fm/music/Pierre+Perret
PIERRICK LILLIU,Pierrick Lilliu,03a03d01-310b-4ea3-be31-2d53ea4bfd8c,2312.0,31134.0,french|rock|pop|pop rock|French rock,https://www.last.fm/music/Pierrick+Lilliu
PIGLOO,Pigloo,0d08fc4f-e094-49dc-b465-18cee7139b1d,10408.0,51096.0,dance|french|children|france|francais,https://www.last.fm/music/Pigloo
PILLS,Pills,f382efc5-84b1-4463-b6a0-34e107a05c65,19958.0,104451.0,techno|electronic|french|punk|electro,https://www.last.fm/music/Pills
PINAKI RATH,,,,,,
PINK,Pink,9c6158ed-53d0-4094-b424-b641c5cab36d,1493917.0,42511288.0,pop|pop rock|female vocalists|P!nk|rock,https://www.last.fm/music/Pink
PINK FLOYD,Pink Floyd,83d91898-7763-47d7-b03b-b92132375c47,5578757.0,613083693.0,Progressive rock|Psychedelic Rock|classic rock|rock|psychedelic,https://www.last.fm/music/Pink+Floyd
PINK FLYOD,Pink Floyd,83d91898-7763-47d7-b03b-b92132375c47,5578757.0,613083693.0,Progressive rock|Psychedelic Rock|classic rock|rock|psychedelic,https://www.last.fm/music/Pink+Floyd
PINKFONG,Pinkfong,1af169ca-2cbd-4280-adcf-23963301448e,383774.0,6110277.0,kids|cartoon|children|south korea|Baby Shark,https://www.last.fm/music/Pinkfong
PINOCCHIO,Pinocchio,4e549a54-4651-4d98-9d32-34a810b00e20,23123.0,116121.0,punk|punk rock|trance|dance|Soundtrack,https://www.last.fm/music/Pinocchio
PIT BACARDI,Pit Baccardi,324cf6ef-2a29-483b-b7d8-8a1a534079a5,12184.0,87942.0,rap|Hip-Hop|french rap|rap francais|french,https://www.last.fm/music/Pit+Baccardi
PIT BACCARDI,Pit Baccardi,324cf6ef-2a29-483b-b7d8-8a1a534079a5,12184.0,87942.0,rap|Hip-Hop|french rap|rap francais|french,https://www.last.fm/music/Pit+Baccardi
PITBULL,Pitbull,d262ea27-3ffe-40f7-b922-85c42d625e67,4449442.0,110998746.0,Hip-Hop|rap|Reggaeton|hip hop|Crunk,https://www.last.fm/music/Pitbull
PITROIPA,pitroipa,,61.0,169.0,,https://www.last.fm/music/pitroipa
PJ HARVEY,PJ Harvey,e795e03d-b5d5-4a5f-834d-162cfb308a2c,2180948.0,105113458.0,female vocalists|alternative|singer-songwriter|rock|indie,https://www.last.fm/music/PJ+Harvey
PLACEBO,Placebo,847e8284-8582-4b0e-9c26-b042a4f49e57,3420025.0,272495934.0,alternative rock|alternative|rock|indie|britpop,https://www.last.fm/music/Placebo
PLAYBOI CARTI,Playboi Carti,2baf3276-ed6a-4349-8d2e-f4601e7b2167,2499653.0,791652396.0,trap|cloud rap|Hip-Hop|rap|rage,https://www.last.fm/music/Playboi+Carti
PLEYMO,Pleymo,71280101-265e-48ad-a1b4-983f386ef2e8,150030.0,3103956.0,rapcore|Nu Metal|frenchcore|french|alternative,https://www.last.fm/music/Pleymo
PLK,PLK,120df9bb-6660-4e11-80b2-7ec9adaafa80,147398.0,11970498.0,Drum and bass|neurofunk|french|rap|Hip-Hop,https://www.last.fm/music/PLK
PNL,PNL,da04991d-8e8a-43be-9892-1e6342a77410,186176.0,27574486.0,cloud rap|rap|Hip-Hop|hip hop|france,https://www.last.fm/music/PNL
POETIC LOVER,Poetic Lover,7268217a-fc88-40c8-a3c5-8a1cc72ad560,2026.0,17068.0,pop|french|rnb|france,https://www.last.fm/music/Poetic+Lover
POKEMON,Pokémon,3de3f12d-ac72-4630-9e78-e7ee99f08c37,331930.0,4577605.0,Soundtrack|anime|japanese|Pokemon|pokecore,https://www.last.fm/music/Pok%C3%A9mon
POLICE,The Police,9e0e2b01-41db-4008-bd8b-988977d6019a,4634012.0,112690767.0,rock|new wave|classic rock|80s|pop,https://www.last.fm/music/The+Police
POLO,Polo,86147040-fd22-4041-a629-9bbf42ef6e27,44419.0,218438.0,french|chanson|chanson francaise|french hip-hop|francais,https://www.last.fm/music/Polo
POMME,Pomme,c75b226d-d643-41dc-a2b7-00c0ff8c8e7b,343910.0,8660223.0,french|chanson|folk|pop|french pop,https://www.last.fm/music/Pomme
PONKO,ponko,,9869.0,95665.0,,https://www.last.fm/music/ponko
POP SMOKE,Pop Smoke,253c9ae7-850b-46be-8fbb-65e9fa621058,1584325.0,135691275.0,drill|rap|trap|Hip-Hop|hip hop,https://www.last.fm/music/Pop+Smoke
PORTUGAL THE MAN,Portugal. The Man,3599a39e-4e10-4cb5-90d4-c8a015ebc73b,2044242.0,62520749.0,experimental|indie|indie rock|Progressive|rock,https://www.last.fm/music/Portugal.+The+Man
PORTUGAL. THE MAN,Portugal. The Man,3599a39e-4e10-4cb5-90d4-c8a015ebc73b,2044242.0,62520749.0,experimental|indie|indie rock|Progressive|rock,https://www.last.fm/music/Portugal.+The+Man
POST MALONE,Post Malone,b1e26560-60e5-4236-bbdb-9aa5a8d5ee19,3570300.0,335547373.0,Hip-Hop|rap|trap|cloud rap|pop,https://www.last.fm/music/Post+Malone
POUPIE,Poupie,bc393d7f-9e3f-4b86-85f6-7c6c440b0277,24905.0,368974.0,french pop|female vocalist|pop|france|X factor,https://www.last.fm/music/Poupie
POW WOW,Pow Wow,c8ef8efa-1a85-4dbb-9ab3-c4df690e0a43,29020.0,235822.0,vocal|french|a cappella|chanson francaise|a capella,https://www.last.fm/music/Pow+Wow
POWER BEAT,Power Beat,,11.0,22.0,,https://www.last.fm/music/Power+Beat
POWFU,Powfu,bfb7bc12-4b79-412f-8303-ad6d7c772aca,1110603.0,28501279.0,Hip-Hop|Lo-Fi|emo rap|rap|indie,https://www.last.fm/music/Powfu
PRAS MICHEL,Pras Michel,f607e1fd-4ae2-41c1-912d-4ad6e9eec279,22179.0,94228.0,Hip-Hop|rap|hip hop|singer-songwriter|USA,https://www.last.fm/music/Pras+Michel
PREFAB SPROUT,Prefab Sprout,1fd87f72-5fbf-4cad-bd9d-f2fec1359cfc,471566.0,11489266.0,pop|new wave|80s|british|indie,https://www.last.fm/music/Prefab+Sprout
PREMIERE CLASSE,Premiere Classe,,541.0,3924.0,,https://www.last.fm/music/Premiere+Classe
PRESIDENT OF THE USA,The Presidents of the United States of America,7509421d-1074-442f-be8f-b526167afcb3,1358358.0,18657012.0,alternative rock|rock|alternative|punk|indie,https://www.last.fm/music/The+Presidents+of+the+United+States+of+America
PRIME,Prime,4dfd1ce9-a7af-4c82-82c6-03b6098e6893,36142.0,654525.0,Hip-Hop|dubstep|rap|underground hip-hop|punk,https://www.last.fm/music/Prime
PRINCE,Prince,070d193a-845c-479f-980e-bef15710653e,3402530.0,105108836.0,funk|pop|soul|rock|80s,https://www.last.fm/music/Prince
PRINCE ROYCE,Prince Royce,d1689304-23ac-4eae-a147-bd2e4100581a,760003.0,14780382.0,bachata|latin music|male vocalists|latin|prince royce,https://www.last.fm/music/Prince+Royce
PRISCILLA,Priscilla,bfb15dc3-d38f-4837-9aa5-d252502f65ed,168724.0,3717471.0,pop|french|female vocalists|eurobeat|Glam Metal,https://www.last.fm/music/Priscilla
PROTOTYPE,Prototype,6c1d7828-e684-4652-be41-1876abc1692c,56886.0,624885.0,Progressive metal|thrash metal|metal|Progressive|Power metal,https://www.last.fm/music/Prototype
PSY 4 DE LA RIME,Psy 4 de la Rime,6be76035-ed0f-4cba-9e7d-a37002814d6a,37369.0,529422.0,rap|french rap|rap francais|french|Hip-Hop,https://www.last.fm/music/Psy+4+de+la+Rime
PUFF DADDY,Puff Daddy,,354774.0,1947681.0,Hip-Hop|rap|hip hop|rnb|hiphop,https://www.last.fm/music/Puff+Daddy
PURPLE DISCO MACHINE,Purple Disco Machine,dc71939a-416f-4804-b031-5749287943f9,594781.0,10817963.0,House|electronic|deep house|Disco|C,https://www.last.fm/music/Purple+Disco+Machine
PUSSYCAT DOLLS,The Pussycat Dolls,1fda852b-92e9-4562-82fa-c52820a77b23,3301975.0,54988075.0,pop|rnb|dance|female vocalists|Hip-Hop,https://www.last.fm/music/The+Pussycat+Dolls
Paul McCartney,Paul McCartney,ba550d0e-adac-4864-b88b-407cab5e76af,3305419.0,87945280.0,classic rock|rock|british|singer-songwriter|pop,https://www.last.fm/music/Paul+McCartney
Poetic Lover,Poetic Lover,7268217a-fc88-40c8-a3c5-8a1cc72ad560,2026.0,17068.0,pop|french|rnb|france,https://www.last.fm/music/Poetic+Lover
QUARTERHEAD,Quarterhead,901b1b78-84c8-428b-aeb5-e3647d5c4e7a,93513.0,488657.0,House|electronic|dance|german,https://www.last.fm/music/Quarterhead
QUAVO,Quavo,6143403a-df6c-429e-8ee6-ef869896b0da,1282792.0,30825107.0,rap|Hip-Hop|trap|atlanta|migos,https://www.last.fm/music/Quavo
QUEEN,Queen,0383dadf-2a4e-4d10-a46a-e9e041da8eb3,7257848.0,428565718.0,classic rock|rock|hard rock|glam rock|80s,https://www.last.fm/music/Queen
QUEEN D,Queen D,d08c9d85-3dd7-45fe-8a8b-ff1b3fd52f20,778.0,1781.0,louisiana|New Orleans,https://www.last.fm/music/Queen+D
QUENTIN MOSIMANN,Quentin Mosimann,,12451.0,177969.0,french|pop|dance|electro|tecktonik rock,https://www.last.fm/music/Quentin+Mosimann
R KELLY,R. Kelly,c2d25856-a09a-4d15-b404-77dd19c19e63,1959146.0,22785330.0,rnb|soul|Hip-Hop|rap|hip hop,https://www.last.fm/music/R.+Kelly
R. KELLY,R. Kelly,c2d25856-a09a-4d15-b404-77dd19c19e63,1959146.0,22785330.0,rnb|soul|Hip-Hop|rap|hip hop,https://www.last.fm/music/R.+Kelly
R.E.M.,R.E.M.,ea4dfa26-f633-4da6-a52a-f49ea4897b58,4390625.0,156847635.0,rock|alternative rock|alternative|indie|pop,https://www.last.fm/music/R.E.M.
R2,R2,2d73aa1e-d8b1-4b8e-ab0d-96aed173336c,51741.0,958967.0,classic rock|rock|funk|funky|House,https://www.last.fm/music/R2
R3HAB,R3hab,,947223.0,15972998.0,House|dance|electronic|electro house|electro,https://www.last.fm/music/R3hab
RACHID TAHA,Rachid Taha,04dd1f61-c21b-4d6a-b110-55b3c1309fa0,187806.0,1856626.0,arabic|rai|world|algerian|World Music,https://www.last.fm/music/Rachid+Taha
RADIOHEAD,Radiohead,a74b1b7f-71a5-4011-9441-d0b5e4122711,8268602.0,1384319506.0,rock|alternative|alternative rock|indie|electronic,https://www.last.fm/music/Radiohead
RAE MORRIS,Rae Morris,6f332bdc-b91f-4907-89b4-7be6fc9339e3,176651.0,2147793.0,british|female vocalists|indie|piano|indie pop,https://www.last.fm/music/Rae+Morris
RAE SREMMURD,Rae Sremmurd,c78c3026-426b-4580-ab23-08490bb8b515,1955536.0,47785713.0,Hip-Hop|rap|hip hop|trap|urban,https://www.last.fm/music/Rae+Sremmurd
RAG N BONE MAN,Rag N Bone Man,,2579.0,320917.0,,https://www.last.fm/music/Rag+N+Bone+Man
RAG'N'BONE MAN,Rag'n'Bone Man,,846837.0,11337754.0,soul|blues|british|indie|Hip-Hop,https://www.last.fm/music/Rag%27n%27Bone+Man
RAGE AGAINST THE MACHINE,Rage Against the Machine,3798b104-01cb-484c-a3b0-56adc6399b80,4263075.0,163909208.0,alternative rock|rock|alternative|political|rapcore,https://www.last.fm/music/Rage+Against+the+Machine
RAGGASONIC,Raggasonic,0017e52a-e23a-437a-a5c1-18ed4ebe968e,37631.0,361997.0,reggae|ragga|french|Hip-Hop|francais,https://www.last.fm/music/Raggasonic
RAGGASONIC 2,Raggasonic,0017e52a-e23a-437a-a5c1-18ed4ebe968e,37631.0,361997.0,reggae|ragga|french|Hip-Hop|francais,https://www.last.fm/music/Raggasonic
RAI N B FEVER,Rai N B Fever,,66.0,613.0,,https://www.last.fm/music/Rai+N+B+Fever
RAINY BEAR,rainy bear,,373.0,3233.0,,https://www.last.fm/music/rainy+bear
RAISSE,Raisse,95ac8f90-2f16-4851-a1e2-63afe466fcbe,277.0,2147.0,,https://www.last.fm/music/Raisse
RAM JAM,Ram Jam,f2be3d59-c508-492b-a553-056fc8a7e7b0,851618.0,5435033.0,classic rock|hard rock|rock|70s|Southern Rock,https://www.last.fm/music/Ram+Jam
RAMMSTEIN,Rammstein,b2d122f9-eadb-4930-a196-8f221eeb0c66,3136706.0,322119743.0,industrial metal|metal|german|industrial|rock,https://www.last.fm/music/Rammstein
RAMSTEIN,Rammstein,b2d122f9-eadb-4930-a196-8f221eeb0c66,3136706.0,322119743.0,industrial metal|metal|german|industrial|rock,https://www.last.fm/music/Rammstein
RAMZ,Ramz,adbc1042-de61-4911-a124-167f3b3b8dc3,239885.0,2349400.0,rnb|hip hop|british|Grime|United Kingdom,https://www.last.fm/music/Ramz
RAPHA,Rapha,71875b88-486f-469d-a944-5914501ec57d,17958.0,101970.0,trance|uplifting trance|electronica|electronic|Hard Trance,https://www.last.fm/music/Rapha
RAPHAEL,Raphael,b34cfe02-994d-40dc-854f-bf54a23dd405,228287.0,3235743.0,visual kei|french|japanese|spanish|J-rock,https://www.last.fm/music/Raphael
RAPSODY,Rapsody,d6302903-1f62-420a-8d8b-c54941ac754e,254638.0,5306277.0,rap|hip hop|Hip-Hop|rnb|female emcees,https://www.last.fm/music/Rapsody
RAUW ALEJANDRO,Rauw Alejandro,197b70c7-8910-4030-ad03-632d82aa40e3,1127385.0,93727338.0,Reggaeton|dance|sexy|latin|male vocalists,https://www.last.fm/music/Rauw+Alejandro
RAVYN LENAE,Ravyn Lenae,94c64122-dbd4-4927-b2fa-f204b0b4b0c2,1760771.0,46688764.0,rnb|soul|Neo-Soul|alternative rnb|electronic,https://www.last.fm/music/Ravyn+Lenae
RAY CHARLES,Ray Charles,2ce02909-598b-44ef-a456-151ba0a3bd70,2856375.0,44970525.0,jazz|soul|blues|rhythm and blues|piano,https://www.last.fm/music/Ray+Charles
RAY DALTON,Ray Dalton,6c7f57c4-8f11-4c59-9d63-bca189f343c1,107438.0,938350.0,soul|indie|rnb|alternative|artistes,https://www.last.fm/music/Ray+Dalton
RAY J,Ray J,9a07de5c-37e5-4907-ac77-ba9674a9bd6a,727807.0,4358968.0,rnb|Hip-Hop|soul|hip hop|Ray J,https://www.last.fm/music/Ray+J
RAYE,RAYE,8be564c3-dfba-440b-af8c-4ffbceeef45e,1940610.0,69798760.0,pop|rnb|british|female vocalists|my top songs,https://www.last.fm/music/RAYE
RAYMOND DEVOS,Raymond Devos,1497aff4-d91d-4b20-ab11-1ce3c13fc0a8,2397.0,42159.0,humour|Comique|comicfr|humourfr|humoriste,https://www.last.fm/music/Raymond+Devos
RECIPROK,Reciprok,bc537813-5b9d-466e-8d96-c02751f34130,720.0,7303.0,french oldschool hip-hop|france|g funk g-funk francais summer france westcoast warren g twinz foesum luniz,https://www.last.fm/music/Reciprok
RED HOT CHILI PEPERS,Red Hot Chili Peppers,8bfac288-ccc5-448d-9573-c33ea2aa5c30,7286590.0,563570742.0,rock|alternative rock|Funk Rock|alternative|funk,https://www.last.fm/music/Red+Hot+Chili+Peppers
RED HOT CHILI PEPPER,Red Hot Chili Peppers,8bfac288-ccc5-448d-9573-c33ea2aa5c30,7286590.0,563570742.0,rock|alternative rock|Funk Rock|alternative|funk,https://www.last.fm/music/Red+Hot+Chili+Peppers
RED HOT CHILI PEPPERS,Red Hot Chili Peppers,8bfac288-ccc5-448d-9573-c33ea2aa5c30,7286590.0,563570742.0,rock|alternative rock|Funk Rock|alternative|funk,https://www.last.fm/music/Red+Hot+Chili+Peppers
REDVOLUTION,REDvolution,,4079.0,26075.0,,https://www.last.fm/music/REDvolution
REEL 2 REAL,Reel 2 Real,0b14526c-8d99-47ac-9c3e-0d62ad178dd5,291832.0,1251110.0,House|dance|eurodance|90s|electronic,https://www.last.fm/music/Reel+2+Real
REGARD,Regard,85f11607-6ed7-4a36-af69-dcadd32ad277,870647.0,11740256.0,House|electronic|Kosovo|coldwave|Kosovan,https://www.last.fm/music/Regard
REGG'LYSS,Regg'Lyss,,4993.0,30957.0,french reggae,https://www.last.fm/music/Regg%27Lyss
REIK,Reik,04cff564-a2e3-4560-8e7e-bc2539e7b46c,626840.0,14659086.0,pop|latin pop|latin|spanish|reik,https://www.last.fm/music/Reik
REM,R.E.M.,ea4dfa26-f633-4da6-a52a-f49ea4897b58,4390625.0,156847635.0,rock|alternative rock|alternative|indie|pop,https://www.last.fm/music/R.E.M.
REMA,Rema,720c46ba-a0e4-4b58-aee2-3bd70c70901f,985597.0,21013671.0,afrobeats|trap|nigerian|pop|afrobeat,https://www.last.fm/music/Rema
REMY MA,Remy Ma,1e882508-f664-4abb-919a-8e266f2fad63,253621.0,2793022.0,rap|Hip-Hop|female vocalists|hip hop|new york,https://www.last.fm/music/Remy+Ma
RENAN LUCE,Renan Luce,54f2540b-5e16-4e74-a253-dd888450b86c,128662.0,1593857.0,french|chanson francaise|pop|nouvelle scene francaise|francais,https://www.last.fm/music/Renan+Luce
RENAUD,Renaud,de1edf40-2b3d-4ddd-873c-e4f59585ba92,234670.0,5082620.0,chanson francaise|french|singer-songwriter|chanson|francais,https://www.last.fm/music/Renaud
RENAUD AXELLE RED,Renaud Axelle Red,,185.0,947.0,,https://www.last.fm/music/Renaud+Axelle+Red
RENAUD CAPUCON,Renaud Capucon,,5650.0,32572.0,western classical music|violin|r capucon,https://www.last.fm/music/Renaud+Capucon
RICCARDO CHAILLY,Riccardo Chailly,28accaf9-3a4b-4052-b9d3-8033d3137d2d,10341.0,79411.0,Classical|conductor|composer|opera|instumentals,https://www.last.fm/music/Riccardo+Chailly
RICCHI E POVERI,Ricchi e poveri,,414334.0,4201054.0,italian|pop|80s|70s|italian pop,https://www.last.fm/music/Ricchi+e+poveri
RICH THE KID,Rich the Kid,6d063567-dbf9-4b2a-bd11-1a4450cd93ca,822565.0,16012768.0,rap|Hip-Hop|trap|hip hop|cloud rap,https://www.last.fm/music/Rich+the+Kid
RICHARD COCCIANTE,Richard Cocciante,,13733.0,260809.0,musical|pop|italian|Progressive rock|composer,https://www.last.fm/music/Richard+Cocciante
RICHARD ORLINSKI,Richard Orlinski,c511abaa-e604-494f-b74a-224ae349b1d1,9742.0,39867.0,french|france|artistes,https://www.last.fm/music/Richard+Orlinski
RICK ROSS	E,,,,,,
RICKY MARTIN,Ricky Martin,70ea63ea-70dc-4b63-951a-2c249d2b3b0a,1675962.0,19539002.0,pop|latin|latin pop|dance|spanish,https://www.last.fm/music/Ricky+Martin
RICKY MARTiN,Ricky Martin,70ea63ea-70dc-4b63-951a-2c249d2b3b0a,1675962.0,19539002.0,pop|latin|latin pop|dance|spanish,https://www.last.fm/music/Ricky+Martin
RICKY RICH,Ricky Rich,7249c840-61bb-40a1-ae15-27d86016df64,123734.0,1794574.0,rap|electronic|Sweden|dance,https://www.last.fm/music/Ricky+Rich
RIDAN,Ridan,20ed617c-4c01-451a-b6ac-f10acac2ec25,79787.0,774084.0,french|chanson francaise|nouvelle scene francaise|singer-songwriter|chanson,https://www.last.fm/music/Ridan
RIDSA,Ridsa,,47647.0,612243.0,french|french hip-hop|rappers|male vocalists|10s,https://www.last.fm/music/Ridsa
RIHANNA,Rihanna,73e5e69d-3554-40d8-8516-00cb38737a1c,8332294.0,607848830.0,pop|rnb|female vocalists|dance|Hip-Hop,https://www.last.fm/music/Rihanna
RILÈS,Rilès,d5651d1a-6ddd-4650-96fc-0e475d77862d,115279.0,3512107.0,rap|french|hiphop|Hip-Hop|rnb,https://www.last.fm/music/Ril%C3%A8s
RIM'K,Rim'K,,72951.0,1642612.0,Hip-Hop|french|rap|french hip-hop|french rap,https://www.last.fm/music/Rim%27K
RIM’K,Rim’K,b4a9c13f-e8c6-44cb-a693-1c23e8692cd5,63.0,496.0,,https://www.last.fm/music/Rim%E2%80%99K
RITA MITSOUKO,Les Rita Mitsouko,0bfe360b-4abf-4750-962c-981cc5bfc4cf,174583.0,1931255.0,french|rock|pop|80s|rock francais,https://www.last.fm/music/Les+Rita+Mitsouko
RITA ORA,Rita Ora,c9dd033c-0270-463c-b3ec-f4b7712486fe,1340649.0,29110143.0,pop|dance|female vocalists|rnb|british,https://www.last.fm/music/Rita+Ora
RITON,Riton,9b085502-2c93-446f-ab1b-858e281471ff,1024689.0,10711032.0,electronic|electro|techno|House|Electroclash,https://www.last.fm/music/Riton
RIVERDANCE,Riverdance,81202299-acb8-42fe-9488-5e620afec736,13221.0,172437.0,folk|celtic|irish|medieval|riverdance,https://www.last.fm/music/Riverdance
RK,RK,23580be9-f659-42ab-a0e3-4ea67371d4a6,55557.0,1409438.0,digital hardcore|suomihc|finland|synthwave,https://www.last.fm/music/RK
RNBOI,RnBoi,cbcf3a20-6178-4837-a37f-f4b6daaabd16,52931.0,1120439.0,rnb|rap|melo|france|nemours,https://www.last.fm/music/RnBoi
ROB $TONE,Rob $tone,6ca721e3-f89c-44a3-b786-c8a84a601712,591308.0,4901305.0,trap|Hip-Hop|rap|hip hop|hiphop,https://www.last.fm/music/Rob+$tone
ROBBIE WILLIAMS,Robbie Williams,db4624cf-0e44-481e-a9dc-2142b833ec2f,2844209.0,72143625.0,pop|britpop|british|rock|male vocalists,https://www.last.fm/music/Robbie+Williams
ROBERT MILES,Robert Miles,e83144dd-bb95-49fe-b1dd-00bab25cca9e,1015333.0,9996416.0,trance|electronic|ambient|chillout|dance,https://www.last.fm/music/Robert+Miles
ROBERTO ALAGNA,Roberto Alagna,0459517d-082f-4983-b7eb-5680d3913cb4,56098.0,287059.0,opera|Classical|tenor|male vocalists|operatic performers,https://www.last.fm/music/Roberto+Alagna
ROBIN,Robin,9ac020fc-179f-4475-b70e-0408aead3c99,146367.0,5527368.0,finnish|pop|psychobilly|japanese|finland,https://www.last.fm/music/Robin
ROBIN SCHULZ,Robin Schulz,163218c2-9e0f-4d2d-aecb-ebbdef6aab70,1314181.0,22959846.0,electronic|dance|german|minimal|electro,https://www.last.fm/music/Robin+Schulz
ROCH VOISINE,Roch Voisine,0dea7760-339a-482d-a692-fc1c414d110d,51242.0,470933.0,french|Canadian|chanson francaise|french pop|roch voisine,https://www.last.fm/music/Roch+Voisine
ROD STEWART,Rod Stewart,a35237a0-4f47-40a6-b6f3-1e786db23402,2248136.0,33900742.0,classic rock|rock|soft rock|70s|pop,https://www.last.fm/music/Rod+Stewart
RODDY RICCH,Roddy Ricch,5721c227-4caf-48b1-bbfc-1a4ed3276963,1544501.0,49974896.0,rap|Hip-Hop|trap|hip hop|american,https://www.last.fm/music/Roddy+Ricch
RODDY RICH,Roddy Rich,,1082.0,6138.0,,https://www.last.fm/music/Roddy+Rich
ROGER WATERS,Roger Waters,0f50beab-d77d-4f0f-ac26-0b87d3e9b11b,631448.0,15467759.0,Progressive rock|classic rock|rock|psychedelic|Pink Floyd,https://www.last.fm/music/Roger+Waters
ROHFF,Rohff,f4a92aac-995b-47ab-80a5-33218a3e7823,81108.0,1726905.0,rap|Hip-Hop|french rap|rap francais|french,https://www.last.fm/music/Rohff
ROISEE,Roisee,46c72926-ae72-4e89-a709-047c40c42558,3768.0,30719.0,,https://www.last.fm/music/Roisee
ROLLING STONES,The Rolling Stones,b071f9fa-14b0-4217-8e97-eb41da73f598,5847908.0,275610180.0,classic rock|rock|british|60s|blues,https://www.last.fm/music/The+Rolling+Stones
ROMANE CERDA,Romane Cerda,,6.0,12.0,,https://www.last.fm/music/Romane+Cerda
ROMEO,Romeo,0a187b4e-ee1a-4333-9518-bccae825d085,54246.0,519742.0,rock|rock español|pop|hip hop|k-pop,https://www.last.fm/music/Romeo
ROMEO SANTOS,Romeo Santos,35f343df-3b87-4475-b0e4-d2ba5cc26eea,844597.0,26055958.0,bachata|latin|pop|latin pop|rnb,https://www.last.fm/music/Romeo+Santos
ROMINA PELUFFO,Romina Peluffo,,315.0,2231.0,folk rock|uruguay,https://www.last.fm/music/Romina+Peluffo
ROMY DYA,Romy Dya,0f73b2ad-78af-4d79-ae89-45d7f5224aaa,5047.0,13374.0,soul|singer-songwriter|rnb|electronic,https://www.last.fm/music/Romy+Dya
ROMÉO ELVIS,Roméo Elvis,b6e08f19-dca8-4009-aefe-9feb9f1aa1f2,88368.0,2301907.0,Hip-Hop|rap|hip hop|belgian|Rap Belge,https://www.last.fm/music/Rom%C3%A9o+Elvis
RONAN KEATING,Ronan Keating,f1cd545b-f17b-4d3a-98de-68b695bfe211,804902.0,8286235.0,pop|irish|male vocalists|ronan keating|brit pop,https://www.last.fm/music/Ronan+Keating
RONE,Rone,5fb94de9-6534-48e8-acd7-ee81f8604432,266476.0,4835400.0,techno|minimal|ambient|minimal techno|electronic,https://www.last.fm/music/Rone
RONISIA,Ronisia,7713d35f-a6dd-434e-aeae-73d87a9ec68a,30367.0,633425.0,cape verde|french|rnb|pop|zouk,https://www.last.fm/music/Ronisia
RONNY JORDAN,Ronny Jordan,50b3ef68-29c1-42ec-92d5-90e0f40fdf7f,205532.0,1503772.0,acid jazz|jazz|Smooth Jazz|guitar|lounge,https://www.last.fm/music/Ronny+Jordan
ROSA LINN,Rosa Linn,3de05898-e662-4b53-8c69-28bda89ad6fe,541415.0,5221781.0,Eurovision|pop|Armenian|armenia|eurovision 2022,https://www.last.fm/music/Rosa+Linn
ROSALÍA,ROSALÍA,25f3abd9-63b5-471a-bd25-feb9672dfa11,1881016.0,206143895.0,pop|Flamenco|spanish|art pop|Flamenco Nuevo,https://www.last.fm/music/ROSAL%C3%8DA
ROSE,Rose,97a26b16-69c1-4674-a9e7-6613f1f31a24,160707.0,1398724.0,french|female vocalists|acoustic|chanson francaise|folk,https://www.last.fm/music/Rose
ROSÉ,Rosé,,1699663.0,106611790.0,Rosé|k-pop|pop|Korean|rose,https://www.last.fm/music/Ros%C3%A9
ROVER,Rover,03b0c0ae-cea0-4ffc-9b64-0ee7952ebe37,41486.0,709340.0,Hip-Hop|rap|polish|rock|polish hip-hop,https://www.last.fm/music/Rover
ROYAL GIGOLOS,Royal Gigolos,26846e1b-6bc2-4eec-932f-23e525b1591f,189100.0,1060801.0,House|dance|electronic|techno|trance,https://www.last.fm/music/Royal+Gigolos
RSKO,RSKO,,30973.0,1020399.0,french,https://www.last.fm/music/RSKO
RUDIMENTAL,Rudimental,b09ced80-aa65-43c1-9aa7-58b1e982eada,1270896.0,22161609.0,Drum and bass|dubstep|electronic|british|uk funky,https://www.last.fm/music/Rudimental
RVSSIAN,Rvssian,,547440.0,7282484.0,Reggaeton|trap|dancehall|latin|jamaican,https://www.last.fm/music/Rvssian
RY COODER,Ry Cooder,a4e2650b-938b-4b72-95bc-6e229cd34601,495196.0,6850748.0,blues|folk|guitar|singer-songwriter|rock,https://www.last.fm/music/Ry+Cooder
RYAN LEWIS,Ryan Lewis,39ec1bde-03e6-4655-92fd-25c492db24f3,3289.0,19613.0,guys I would fuck|rap|male vocalists|hip hop|I Must See Without Pants,https://www.last.fm/music/Ryan+Lewis
Rage against the machine,Rage Against the Machine,3798b104-01cb-484c-a3b0-56adc6399b80,4263075.0,163909208.0,alternative rock|rock|alternative|political|rapcore,https://www.last.fm/music/Rage+Against+the+Machine
Run DMC,Run-D.M.C.,,616157.0,5640504.0,Hip-Hop|rap|old school|80s|hip hop,https://www.last.fm/music/Run-D.M.C.
RÉMY,Rémy,438164bc-f834-4dab-bbe6-ae24341be1eb,15078.0,282886.0,french|creative commons,https://www.last.fm/music/R%C3%A9my
S-CREW,S-Crew,,46129.0,2052809.0,Hip-Hop|french hip-hop|french rap|underground rap|Rap FR,https://www.last.fm/music/S-Crew
S. LACEN,,,,,,
S. LORCA,,,,,,
S.O.A.P.,S.O.A.P.,9184d704-caed-42e5-95ed-bdc48f7e1266,49181.0,331192.0,pop|danish|dance|female vocalists|90s,https://www.last.fm/music/S.O.A.P.
S.PRI NOIR,S.Pri Noir,372176dc-1588-4f9b-922f-fbe04f6e7fea,51707.0,1368544.0,french|rap|french rap|trap,https://www.last.fm/music/S.Pri+Noir
S1MBA,S1mba,,271760.0,2515286.0,Hip-Hop|rap|5 Stars|zimbabwe|trap,https://www.last.fm/music/S1mba
SABRINA CARPENTER,Sabrina Carpenter,1882fe91-cdd9-49c9-9956-8e06a3810bd4,3279912.0,676582900.0,pop|female vocalists|rnb|american|my top songs,https://www.last.fm/music/Sabrina+Carpenter
SADE,Sade,67930b3e-e00b-469f-8c74-fd69f20522ec,3444212.0,141464840.0,soul|jazz|female vocalists|chillout|pop,https://www.last.fm/music/Sade
SADEK,Sadek,047cbb9d-64c4-42ef-a40e-a37ade3d9fc3,35400.0,1115503.0,french|All|french rap|rap|french hip-hop,https://www.last.fm/music/Sadek
SAEZ,Saez,ce7b75bb-3744-4af6-aa4a-65d9b5c92913,124887.0,3877672.0,french|rock|singer-songwriter|alternative|French rock,https://www.last.fm/music/Saez
SAF,SAF,506a03b5-d03d-4885-a26d-fbf1c7ec0cfd,13127.0,161702.0,rap|Hip-Hop|underground rap|underground hip-hop|macedonia,https://www.last.fm/music/SAF
SAIAN SUPA CREW,Saïan Supa Crew,0b8d3a99-c66f-4b6c-898c-31c30f28a196,57530.0,792580.0,Hip-Hop|french|rap|hip hop|hip-hop francais,https://www.last.fm/music/Sa%C3%AFan+Supa+Crew
SAINT GERMAIN,St. Germain,,602508.0,7262695.0,acid jazz|chillout|electronic|lounge|jazz,https://www.last.fm/music/St.+Germain
SAINT JHN,SAINt JHN,0f16ba6c-1874-42b9-b7a6-e060c2be454e,982395.0,21621755.0,Hip-Hop|rap|trap|rnb|electronic,https://www.last.fm/music/SAINt+JHN
SALEM ILESE,salem ilese,c0583ff5-73cd-444b-9870-fe781c9eef17,508125.0,9492363.0,pop|indie pop|yandex music|female vocalists|upcoming album 2022,https://www.last.fm/music/salem+ilese
SAM SMITH,Sam Smith,5a85c140-dcf9-4dd2-b2c8-aff0471549f3,3109596.0,114068669.0,soul|pop|british|electronic|dance,https://www.last.fm/music/Sam+Smith
SAM TOMPKINS,Sam Tompkins,0bd1d730-f49b-4661-bf8e-60f30af9f7f5,70030.0,1185597.0,soul|pop|rnb|trap|british,https://www.last.fm/music/Sam+Tompkins
SAMANTHA MUMBA,Samantha Mumba,7d137f81-27a6-4c65-bf78-186116368860,238456.0,1656273.0,pop|rnb|female vocalists|irish|dance,https://www.last.fm/music/Samantha+Mumba
SAMDU GURJAR,Samdu Gurjar,,12.0,45.0,Indian,https://www.last.fm/music/Samdu+Gurjar
SAMI BRIELLE,sami brielle,,471.0,961.0,,https://www.last.fm/music/sami+brielle
SAMSON FRANCOIS,Samson Francois,,13628.0,158131.0,Classical|piano|classical piano|french|pianist,https://www.last.fm/music/Samson+Francois
SANDI THOM,Sandi Thom,fcdeb957-b420-4249-a092-946b537a00ca,281447.0,2400951.0,female vocalists|singer-songwriter|acoustic|indie|pop,https://www.last.fm/music/Sandi+Thom
SANDRA,Sandra,9809d784-037f-46e7-8d2d-7ecad897f355,537400.0,8247831.0,pop|80s|female vocalists|german|dance,https://www.last.fm/music/Sandra
SANDRINE KIBERLAIN,Sandrine Kiberlain,9f031865-e8c5-4e19-ab54-1ccd44e9728a,28367.0,172937.0,french|female vocalists|chanson francaise|chanson|francais,https://www.last.fm/music/Sandrine+Kiberlain
SANDRO CAVAZZA,Sandro Cavazza,ed1853e2-bc47-4b74-b440-4e656c06b04a,114053.0,1142513.0,pop|Sweden,https://www.last.fm/music/Sandro+Cavazza
SANDY VALENTINO,Sandy Valentino,92c46d03-8c9b-4f86-8347-51619743ec9b,430.0,2907.0,,https://www.last.fm/music/Sandy+Valentino
SANSEVERINO,Sanseverino,3ac3ed58-f3a7-4e3e-ae32-da4114861d4f,91274.0,797705.0,french|swing|chanson francaise|jazz|chanson,https://www.last.fm/music/Sanseverino
SANTA,Santa,915cac84-c16c-454a-8d8f-d50482c34662,51785.0,586535.0,heavy metal|Female fronted metal|hard rock|french|spanish heavy metal,https://www.last.fm/music/Santa
SANTANA,Santana,9a3bf45c-347d-4630-894d-7cf3e8e0b632,2893978.0,53569448.0,rock|classic rock|latin|guitar|blues,https://www.last.fm/music/Santana
SARAH SEY,SARAH SEY,,719.0,3608.0,,https://www.last.fm/music/SARAH+SEY
SASH,Sash!,29e26734-788a-44aa-8d86-a452bc4232a6,587204.0,5902459.0,dance|trance|electronic|eurodance|techno,https://www.last.fm/music/Sash%21
SASH!,Sash!,29e26734-788a-44aa-8d86-a452bc4232a6,587204.0,5902459.0,dance|trance|electronic|eurodance|techno,https://www.last.fm/music/Sash%21
SASSO,Sasso,4aaac0e6-6df0-4e23-8cc1-2571f221261a,36343.0,797480.0,beats,https://www.last.fm/music/Sasso
SAT,Sat,6569016b-bdb7-49f4-bac2-5e0916bd2c6c,5153.0,49784.0,french|rap|Hip-Hop|k-pop|Korean,https://www.last.fm/music/Sat
SAVAGE GARDEN,Savage Garden,a871fd87-50f7-4032-b06d-da56779edcce,1419291.0,21840058.0,pop|90s|australian|rock|alternative,https://www.last.fm/music/Savage+Garden
SAWEETIE,Saweetie,72d424d0-c349-4164-ae3e-8e5274f97b98,1195616.0,19051509.0,Hip-Hop|rap|better than selena gomez|urban|female rapper,https://www.last.fm/music/Saweetie
SAWT EL ATLAS,Sawt El Atlas,,21822.0,80978.0,arabic|rai|morocco|moroccan|world,https://www.last.fm/music/Sawt+El+Atlas
SAYA,Saya,56146dd0-776c-4ba6-94a9-fdb65c7a6924,68499.0,487949.0,japanese|touhou|doujin ongaku|female vocalists|j-pop,https://www.last.fm/music/Saya
SBOY,SBOY,,435.0,1947.0,trap|Cloud,https://www.last.fm/music/SBOY
SCATMAN JOHN,Scatman John,9904bde1-04a7-41cf-a2a3-d09a42445145,658055.0,5183061.0,dance|pop|eurodance|90s|scat,https://www.last.fm/music/Scatman+John
SCH,SCH,c65e3fcc-5c6c-4237-a23d-5bccc75e8262,110789.0,15703867.0,industrial|noise|french rap|rap|electronica,https://www.last.fm/music/SCH
SCHNAPPI,Schnappi,e557d666-3595-4d82-8830-9cef343ab3a6,76363.0,416892.0,satanic black metal|german|children|brutal children black metal|pop,https://www.last.fm/music/Schnappi
SCORPIONS,Scorpions,c3cceeed-3332-4cf0-8c4c-bbde425147b6,2865096.0,89065326.0,hard rock|classic rock|heavy metal|rock|80s,https://www.last.fm/music/Scorpions
SCOTTIE,Scottie,f396c51e-31a5-4375-93d4-da73c0e48b53,6932.0,34961.0,Belgium|belgian,https://www.last.fm/music/Scottie
SCRIDGE,Scridge,f81858a0-3644-4864-a050-762bfaaef9b3,14822.0,168378.0,rnb|french|french rnb,https://www.last.fm/music/Scridge
SCYLLA,Scylla,94cb453f-d585-4f16-b511-60c156c690a9,28312.0,837452.0,Hip-Hop|rap|Melodic Death Metal|black metal|Belge,https://www.last.fm/music/Scylla
SDM,Stare Dobre Małżeństwo,14276ded-5138-4006-9f4b-fcb91fa208ad,80086.0,6206673.0,poezja śpiewana|polish|poezja spiewana|poetry|blues,https://www.last.fm/music/Stare+Dobre+Ma%C5%82%C5%BCe%C5%84stwo
SEAL,Seal,f053ae01-dae6-4aae-9883-e8c279fdbef4,1774455.0,24047014.0,soul|pop|singer-songwriter|90s|rock,https://www.last.fm/music/Seal
SEAN LENNON,Sean Lennon,,173339.0,3039589.0,singer-songwriter|indie|rock|alternative|pop,https://www.last.fm/music/Sean+Lennon
SEAN PAUL,Sean Paul,c3da3346-2643-48a7-93cd-011f6834b3d7,3269346.0,51563728.0,dancehall|reggae|Hip-Hop|rnb|rap,https://www.last.fm/music/Sean+Paul
SEBASTIEN CHATO,Sebastien Chato,,1004.0,4662.0,j-pop|japanese|Soundtrack|anime|theme song,https://www.last.fm/music/Sebastien+Chato
SEBASTO,Sebasto,,459.0,1462.0,,https://www.last.fm/music/Sebasto
SECTEUR A,secteur a,,249.0,1379.0,,https://www.last.fm/music/secteur+a
SEFIL,sefil,,9.0,86.0,rap|hip hop|trap|experimental|memphis rap,https://www.last.fm/music/sefil
SEIZUR,Seizur,5ea3f6f1-a611-4446-8cbf-1bcee90f916f,11198.0,177502.0,,https://www.last.fm/music/Seizur
SELENA GOMEZ,Selena Gomez,e4bc69e2-a064-4f93-ada1-f7f209cc1cc3,3203507.0,205828264.0,pop|female vocalists|Disney|pop rock|dance,https://www.last.fm/music/Selena+Gomez
SENEX,Senex,9b5a80ae-2692-4466-8471-2f17552fcfd2,1506.0,38595.0,cloudrap|rap|german|stoner metal|new era,https://www.last.fm/music/Senex
SENSEVERINO,Senseverino,,14.0,36.0,,https://www.last.fm/music/Senseverino
SENSEY’,SenSey’,,1.0,1.0,,https://www.last.fm/music/SenSey%E2%80%99
SEPULTURA,Sepultura,1d93c839-22e7-4f76-ad84-d27039efc048,1416485.0,68432589.0,thrash metal|death metal|metal|brazilian|groove metal,https://www.last.fm/music/Sepultura
SEQUENTA,Sequenta,,13.0,15.0,,https://www.last.fm/music/Sequenta
SERGE GAINSBOURG,Serge Gainsbourg,b21ef19b-c6aa-4775-90d3-3cc3e067ce6d,868980.0,23882397.0,french|chanson francaise|chanson|french pop|pop,https://www.last.fm/music/Serge+Gainsbourg
SERGE LAMA,Serge Lama,1b44ad31-811f-4c6f-b821-f96133fab1ca,60941.0,465006.0,chanson francaise|french|pop|chanson|francais,https://www.last.fm/music/Serge+Lama
SERGE REGGIANI,Serge Reggiani,9153b056-330e-4368-ae78-a30df88417f8,70805.0,698904.0,chanson francaise|french|chanson|melancholic|poetry,https://www.last.fm/music/Serge+Reggiani
SERGENT GARCIA,Sergent Garcia,84f6391b-32be-4e06-bfa4-ad9d9cb9ce29,169639.0,1189305.0,latin|reggae|salsa|spanish|world,https://www.last.fm/music/Sergent+Garcia
SERGIO ALEJANDRO,Sergio Alejandro,2c16d339-08ae-4b8c-b2ff-435edd2c280c,1027.0,2980.0,,https://www.last.fm/music/Sergio+Alejandro
SEVDALIZA,Sevdaliza,e4356a15-5acc-400d-a707-592d66922e28,1100414.0,31591387.0,art pop|alternative rnb|trip hop|electronic|trip-hop,https://www.last.fm/music/Sevdaliza
SEVEK,SEVEK,,31228.0,106783.0,brazil|House|deep house|electro house|Brazilian bass,https://www.last.fm/music/SEVEK
SEVENN,Sevenn,1a8a4436-b2af-4d01-99f7-6ea1752eddd6,124878.0,760712.0,techno|House|brazil|deep|Melodic House,https://www.last.fm/music/Sevenn
SEXYY RED,Sexyy Red,0953d634-b964-4f2a-b862-8de475aeaf47,1009285.0,22851071.0,trap|Trap Queen|rap|Missouri|Hip-Hop,https://www.last.fm/music/Sexyy+Red
SFERA EBBASTA,Sfera Ebbasta,2380d705-1af6-4fab-b408-d9c095806a46,128230.0,11594981.0,trap|rap|italian|Hip-Hop|drill,https://www.last.fm/music/Sfera+Ebbasta
SHABOOZEY,Shaboozey,0b427dad-1ee5-48f1-aa4b-026680a3338e,757957.0,11321608.0,country|rap|pop|Hip-Hop|pop rap,https://www.last.fm/music/Shaboozey
SHAED,Shaed,,509917.0,4677369.0,pop|electronic|indie pop|soul|rnb,https://www.last.fm/music/Shaed
SHAGGY,Shaggy,fc63d806-ca89-4ea3-a404-ee6de695743f,2201827.0,21999908.0,reggae|dancehall|Hip-Hop|pop|rnb,https://www.last.fm/music/Shaggy
SHAKA PONK,Shaka Ponk,50bb66d4-63d1-4483-afbc-dc8993d76cbd,136368.0,3939046.0,electronic|funk|alternative|rock|crossover,https://www.last.fm/music/Shaka+Ponk
SHAKE SHAKE GO,Shake Shake Go,5840b983-11fb-47a8-85a7-8340518772bb,138218.0,775863.0,indie|All|folk|indie pop|england,https://www.last.fm/music/Shake+Shake+Go
SHAKIRA,Shakira,bf24ca37-25f4-4e34-9aec-460b94364cfc,4912608.0,182058340.0,pop|latin|female vocalists|spanish|rock,https://www.last.fm/music/Shakira
SHANA TESH,Shana Tesh,bffebda1-fe3b-4d35-a081-8afe3088cf77,917.0,4592.0,spanish|espagnol,https://www.last.fm/music/Shana+Tesh
SHANIA TWAIN,Shania Twain,faabb55d-3c9e-4c23-8779-732ac2ee2c0d,1879726.0,31755332.0,country|pop|female vocalists|Canadian|Shania Twain,https://www.last.fm/music/Shania+Twain
SHANKARA,Shankara,81ec34e0-9e43-4f2e-9616-897b783b1ac6,1842.0,11534.0,ambient|dubstep|psydub|exotic bass dubstep,https://www.last.fm/music/Shankara
SHAWN MENDES,Shawn Mendes,b7d92248-97e3-4450-8057-6fe06738f735,2756462.0,143383225.0,pop|Canadian|folk|male vocalists|acoustic,https://www.last.fm/music/Shawn+Mendes
SHAY,Shay,20b36b99-c141-4ff6-8dfd-c6d2d26bb424,72113.0,3043410.0,rap|french|female vocalist|hip hop|rnb,https://www.last.fm/music/Shay
SHAYDEE’S,,,,,,
SHECK WES,Sheck Wes,07ab04d4-bdbc-4c93-bfb2-457693a4ff94,975790.0,14053151.0,trap|Hip-Hop|rap|bitch|hiphop,https://www.last.fm/music/Sheck+Wes
SHEILA,Sheila,4188bdf2-7c26-45b4-9b4e-c2cb9d26e38d,99854.0,652512.0,french|female vocalists|chanson francaise|ye-ye|60s,https://www.last.fm/music/Sheila
SHERYFA LUNA,Sheryfa Luna,3250792b-e2e4-4058-adcb-e6b25d6523ad,53070.0,549399.0,french|rnb|female vocalists|france|pop,https://www.last.fm/music/Sheryfa+Luna
SHERYL CROW,Sheryl Crow,80ccfede-c258-4575-a7ad-c982e9932e0f,1975474.0,28266798.0,female vocalists|rock|pop|singer-songwriter|alternative,https://www.last.fm/music/Sheryl+Crow
SHIRLEY ET DINO,Shirley et Dino,,534.0,1766.0,,https://www.last.fm/music/Shirley+et+Dino
SHIVAREE,Shivaree,1692e094-48b6-4d0e-8555-43ca0bd42467,459283.0,4469963.0,female vocalists|indie|alternative|rock|pop,https://www.last.fm/music/Shivaree
SHOEBA,SHOEBA,f66b2f3b-fb52-4880-a285-132bc60469f4,901.0,3279.0,,https://www.last.fm/music/SHOEBA
SHOLA AMA,Shola Ama,b4806361-a71f-4bf3-981b-e65412b5e536,126486.0,776159.0,rnb|soul|british|funk|female vocalists,https://www.last.fm/music/Shola+Ama
SHOWTEK,Showtek,5663c716-c38f-4454-99ce-5afb3c5af567,465055.0,6595060.0,hardstyle|techno|jumpstyle|Hardbass|Hardtrance,https://www.last.fm/music/Showtek
SHUNK'N,,,,,,
SHURIK?N,,,,,,
SHY MARTIN,shy martin,,262864.0,4354810.0,pop|electronic|swedish|indie|indie pop,https://www.last.fm/music/shy+martin
SHY'M,Shy'm,,92674.0,2494230.0,french|rnb|pop|female vocalists|francais,https://www.last.fm/music/Shy%27m
SIA,Sia,2f548675-008d-4332-876c-108b0c7ab9c5,4425128.0,164188394.0,female vocalists|indie|chillout|trip-hop|downtempo,https://www.last.fm/music/Sia
SIBOY,Siboy,72606edb-f2e5-4a30-be77-5c98d891f9dc,37661.0,718276.0,rap|Hip-Hop|trap|hip hop|hardcore rap,https://www.last.fm/music/Siboy
SICKICK,Sickick,ef8bad58-7034-4ece-8ee2-fc262a483433,356174.0,5291756.0,electronic|rap|Hip-Hop|dance|Canadian,https://www.last.fm/music/Sickick
SIDEPIECE,Sidepiece,,168127.0,1473344.0,House|electronic|dance|UK|EDM,https://www.last.fm/music/Sidepiece
SIDIKI DIABATÉ,Sidiki Diabaté,76e813cc-7134-4211-8750-aae013b8dbb3,10126.0,91008.0,mali|kora|malian|west african|west africa,https://www.last.fm/music/Sidiki+Diabat%C3%A9
SIFAX,Sifax,14e39fdf-1880-48b2-a5f0-e8d0e2a5fc78,9591.0,114638.0,french|rap|french rap|france,https://www.last.fm/music/Sifax
SILK CITY,Silk City,151cf172-bc15-4f77-b80e-d56fc0f6cfb9,448417.0,4392660.0,House|pop|electronic|soul|funk,https://www.last.fm/music/Silk+City
SIMON,Simon,2ddb49d2-5060-41c1-b247-8d34082648a6,55890.0,416747.0,breakcore|j-hip hop|8bit|japanese|martial industrial,https://www.last.fm/music/Simon
SIMPLE MINDS,Simple Minds,f41490ce-fe39-435d-86c0-ab5ce098b423,2070629.0,28815710.0,new wave|80s|rock|pop|alternative,https://www.last.fm/music/Simple+Minds
SIMPLE PLAN,Simple Plan,b345af35-205e-4eca-8006-029e5c20127e,2817911.0,80766443.0,pop punk|punk rock|rock|punk|emo,https://www.last.fm/music/Simple+Plan
SIMPLY RED,Simply Red,a9100753-f539-43cf-bcc9-579566fb512e,1359132.0,22060342.0,pop|soul|80s|british|rock,https://www.last.fm/music/Simply+Red
SINCLAIR,Sinclair,1e8e3051-9f95-4b6e-b8da-454b959d30d2,48296.0,321149.0,funk|rock|soul|french|schranz,https://www.last.fm/music/Sinclair
SINGUILA,Singuila,45f586a3-8c71-4865-b006-7eae6b056a3a,19107.0,196388.0,rap|french|Hip-Hop|hip hop|artistes francais,https://www.last.fm/music/Singuila
SINIK,Sinik,023d37f7-4350-4bdb-863c-92af6bacbac7,53810.0,918407.0,french rap|Hip-Hop|rap|rap francais|french,https://www.last.fm/music/Sinik
SINSEMILIA,Sinsemilia,,74813.0,712043.0,reggae|french|ska|chanson francaise|francais,https://www.last.fm/music/Sinsemilia
SISQO,Sisqó,25e0497c-faa4-4765-b232-baa20e5e35a7,182946.0,899151.0,rnb|Hip-Hop|soul|pop|r&b,https://www.last.fm/music/Sisq%C3%B3
SISTER QUEEN,Sister Queen,ea57c459-a6dd-40ea-b489-03b7a912be13,2748.0,10566.0,french|dance|90s|france|dance pop,https://www.last.fm/music/Sister+Queen
SKA P,Ska-P,2de794c8-8826-48d0-90e0-6900183ba9e0,453654.0,20095453.0,ska|ska punk|spanish|punk|ska-punk,https://www.last.fm/music/Ska-P
SKALPOVICH,Skalpovich,,23.0,53.0,,https://www.last.fm/music/Skalpovich
SKAODI,Skaodi,9b20d677-ebb4-4d30-a140-28172cee3aab,1414.0,8555.0,,https://www.last.fm/music/Skaodi
SKARRA MUCCI,Skarra Mucci,15d7c4d6-ea9e-437e-b239-cd2ce5151e12,32033.0,318079.0,reggae|dancehall|jamaica|deebuzz,https://www.last.fm/music/Skarra+Mucci
SKG,Skg,a7707c0c-932e-4dbb-bad7-e89b226c3093,8375.0,49281.0,punk rock|USA|punk|melodic|skatepunk,https://www.last.fm/music/Skg
SKIP MARLEY,Skip Marley,0f2b33e5-3969-4af0-a417-e111a373c624,157951.0,1068725.0,reggae|soul|rap|Hip-Hop|rnb,https://www.last.fm/music/Skip+Marley
SKIP THE USE,Skip The Use,,107581.0,1694089.0,french|indie|rock|indie rock|dance-punk,https://www.last.fm/music/Skip+The+Use
SKO,Sko,d24deba3-e72a-411a-9540-271063f2c968,3042.0,28825.0,pop punk|chinese|Pop-punk|China|french,https://www.last.fm/music/Sko
SKREAD,Skread,64a650d2-9b30-4d9b-bc09-e6a2612f60c7,11610.0,145082.0,rap|france|beatmaking|instru,https://www.last.fm/music/Skread
SKRED,Skred,,20.0,311.0,,https://www.last.fm/music/Skred
SKRILLEX,Skrillex,ae002c5d-aac6-490b-a39a-30aa9e2edf2b,3003366.0,110206410.0,dubstep|electronic|breakcore|electro|electronica,https://www.last.fm/music/Skrillex
SKUNK ANANSIE,Skunk Anansie,e212efdf-98b2-4dce-92ed-62cfc1e29854,831472.0,15783952.0,rock|alternative rock|female vocalists|alternative|british,https://www.last.fm/music/Skunk+Anansie
SKYLAR GREY,Skylar Grey,bd01c9d7-89dd-4cb4-9baa-a43bfa292bed,645187.0,8080895.0,pop|alternative|female vocalists|alternative rock|Holly Brook,https://www.last.fm/music/Skylar+Grey
SLAI,Slai,,3625.0,31412.0,,https://www.last.fm/music/Slai
SLIMANE,Slimane,26358518-6dac-4c5c-94d3-de849206097b,113484.0,1794608.0,french|pop|Eurovision|Eurovision 2024|guys I would fuck,https://www.last.fm/music/Slimane
SLIPKNOT,Slipknot,a466c2a2-6517-42fb-a160-1087c3bafd9f,4234153.0,365944305.0,Nu Metal|metal|heavy metal|Nu-metal|rock,https://www.last.fm/music/Slipknot
SLKRACK,Slkrack,705fedac-daa0-4240-8550-c6fe5c9ed661,9524.0,126382.0,rap,https://www.last.fm/music/Slkrack
SMACK,Smack,657331bc-6c9a-4678-ad2e-5ab393a89a77,89037.0,1547674.0,Grime|finnish|Czech|hard rock|post-punk,https://www.last.fm/music/Smack
SMALL,Small,307b2d5e-e1ad-45ff-9969-cfafae41730c,6149.0,44818.0,indie|electropop|Nu Metal|pop|denmark,https://www.last.fm/music/Small
SMASHING PUMKINS,The Smashing Pumpkins,ba0d6274-db14-4ef5-b28d-657ebde1a396,4578573.0,262040557.0,alternative rock|Grunge|alternative|rock|90s,https://www.last.fm/music/The+Smashing+Pumpkins
SMASHING PUMPKINS,The Smashing Pumpkins,ba0d6274-db14-4ef5-b28d-657ebde1a396,4578573.0,262040557.0,alternative rock|Grunge|alternative|rock|90s,https://www.last.fm/music/The+Smashing+Pumpkins
SNEAZZY,Sneazzy,721fb557-32d7-4dbb-ac24-6cfac6f2266d,43895.0,1968321.0,french|connu grace a nekfeu,https://www.last.fm/music/Sneazzy
SNIGHT B,Snight B,5d3f5a7a-a5dd-4711-8b12-abfc2b139b80,234.0,861.0,france,https://www.last.fm/music/Snight+B
SNIPER,Sniper,88ad74d6-2dde-496f-86f3-722ff9274ea9,78940.0,1662390.0,RAC|Hip-Hop|rap|french rap|french,https://www.last.fm/music/Sniper
SNOOP DOG,Snoop Dogg,f90e8b26-9e52-4669-a5c9-e28529c47894,4402057.0,83568987.0,Hip-Hop|rap|Gangsta Rap|west coast|hip hop,https://www.last.fm/music/Snoop+Dogg
SNOOP DOGG,Snoop Dogg,f90e8b26-9e52-4669-a5c9-e28529c47894,4402057.0,83568987.0,Hip-Hop|rap|Gangsta Rap|west coast|hip hop,https://www.last.fm/music/Snoop+Dogg
SNOOP DOGGY DOG,Snoop Dogg,f90e8b26-9e52-4669-a5c9-e28529c47894,4402057.0,83568987.0,Hip-Hop|rap|Gangsta Rap|west coast|hip hop,https://www.last.fm/music/Snoop+Dogg
SNOW,Snow,70cb4669-ad7a-4d5c-b99e-7582df393cc7,411363.0,2721290.0,reggae|Hip-Hop|Canadian|j-pop|japanese,https://www.last.fm/music/Snow
SO LA LUNE,So La Lune,142b484a-599e-4009-a17d-f6107ab9b860,27702.0,6655564.0,Pop Urbaine,https://www.last.fm/music/So+La+Lune
SOFIA CARSON,Sofia Carson,065bf89f-c15c-49b1-ad06-73524a6dd658,392258.0,5598834.0,pop|female vocalists|Disney|USA|my top songs,https://www.last.fm/music/Sofia+Carson
SOFIA REYES,Sofia Reyes,,177543.0,1660441.0,latin|pop|female vocalists|dance|mexico,https://www.last.fm/music/Sofia+Reyes
SOFIANE,Sofiane,68c0d5e5-c550-4232-b6b0-8eb35404fe16,56447.0,1604849.0,rap|Hip-Hop|rap francais|french hip-hop|french rap,https://www.last.fm/music/Sofiane
SOFIANE PAMART,Sofiane Pamart,04896676-1b8f-4457-9fa6-458c346bc1ae,89755.0,2093934.0,piano|Classical|contemporary classical|instrumental|pianist,https://www.last.fm/music/Sofiane+Pamart
SOHA,Soha,3232c658-9235-4ec6-a16d-e6173bbbbe2c,71350.0,613180.0,soul|french|African soul|dance|math rock,https://www.last.fm/music/Soha
SOLANN,Solann,562d445c-f7ee-41d5-bc85-1c39302c9935,39338.0,920837.0,french|folk|indie|pop|neofolk,https://www.last.fm/music/Solann
SOLDA,Solda,0cc7a7ed-a93f-40a1-bd8b-d990dea17a7b,337.0,2089.0,,https://www.last.fm/music/Solda
SOLENSI,Sol en si,f333e994-6e13-4db5-aa4e-c24c0dbd5e47,509.0,6135.0,french|chanson francaise,https://www.last.fm/music/Sol+en+si
SOLENSI 2,Solensi 2,,8.0,23.0,,https://www.last.fm/music/Solensi+2
SOMBR,sombr,502cf908-9921-48bc-bf0e-265c881c0156,1894367.0,89009399.0,indie|alternative|rock|singer-songwriter|indie rock,https://www.last.fm/music/sombr
SONIQUE,Sonique,e8b37da4-6cb2-4641-ab53-da42f02fbdfb,432374.0,3299211.0,dance|pop|electronic|female vocalists|House,https://www.last.fm/music/Sonique
SONS DE LA NATURE PROJET FRANCE DE TRAXLAB,Sons de la Nature Projet France de TraxLab,,9496.0,1020927.0,,https://www.last.fm/music/Sons+de+la+Nature+Projet+France+de+TraxLab
SOOLKING,Soolking,530a9937-4229-4d7e-8457-4853d7d5dd7a,189362.0,4579692.0,algerian|algeria|french|rap|french rap,https://www.last.fm/music/Soolking
SOPHIE AND THE GIANTS,Sophie and the Giants,7192aa79-f634-4cf6-b065-fca2d41c27c2,98347.0,837926.0,C|indie rock|pop|indie|british,https://www.last.fm/music/Sophie+and+the+Giants
SOPHIE ELLIES BEXTOR,Sophie Ellis-Bextor,,1807176.0,31943432.0,pop|dance|female vocalists|british|electronic,https://www.last.fm/music/Sophie+Ellis-Bextor
SOPHIE ELLIS BEXTOR,Sophie Ellis-Bextor,,1807176.0,31943432.0,pop|dance|female vocalists|british|electronic,https://www.last.fm/music/Sophie+Ellis-Bextor
SOPRANO,Soprano,e52815f0-0db9-49b2-acb7-1af6b2dfa936,137477.0,2423658.0,Hip-Hop|rap|french|rap francais|french rap,https://www.last.fm/music/Soprano
SOSO MANES,,,,,,
SOSO MANESS,Soso Maness,4b069a10-27f6-49a4-95bf-09964ada481e,49029.0,1099189.0,All|french|french rap|rap|artistes,https://www.last.fm/music/Soso+Maness
SOUAD MASSI,Souad Massi,0f7a9866-5644-4a45-9781-b87e60eb3269,138476.0,1631565.0,arabic|female vocalists|algerian|world|algeria,https://www.last.fm/music/Souad+Massi
SOUF,souf,,11660.0,104269.0,artistes|france,https://www.last.fm/music/souf
SOULFLY,Soulfly,832a43c7-aa7d-439b-a6b4-4f1afa671c24,862720.0,27122023.0,thrash metal|Nu Metal|metal|groove metal|metalcore,https://www.last.fm/music/Soulfly
SOUND OF LEGEND,Sound of Legend,b492eaf0-b35b-4737-a17a-cb1768af399f,106749.0,876945.0,french|covers|EDM|france,https://www.last.fm/music/Sound+of+Legend
SPEEDY,Speedy,48d79310-1b8c-4e27-a353-feb479e7bbce,34132.0,184305.0,Reggaeton|Hip-Hop|latin|hip hop|spanish,https://www.last.fm/music/Speedy
SPICE GILRS,Spice Girls,bf0caafc-2b20-4e07-ab85-87e14ff430ce,2644780.0,42230301.0,pop|90s|british|female vocalists|dance,https://www.last.fm/music/Spice+Girls
SPICE GIRLS,Spice Girls,bf0caafc-2b20-4e07-ab85-87e14ff430ce,2644780.0,42230301.0,pop|90s|british|female vocalists|dance,https://www.last.fm/music/Spice+Girls
SPIN DOCTOR,Spin Doctors,1bcb61f3-ca9c-4a26-b16e-0547ad6c21be,1317946.0,10408850.0,rock|alternative rock|90s|alternative|pop,https://www.last.fm/music/Spin+Doctors
SQUEEZIE,Squeezie,af544eb5-d171-467b-84e4-0623b1bd68e3,30807.0,583740.0,french|france|national socialist black metal|francophone|bourgeois,https://www.last.fm/music/Squeezie
SQUIDJI,Squidji,ab060e23-e870-4af3-a3aa-1a7f1646b49c,27347.0,681303.0,french|rap|soul|indie|pop,https://www.last.fm/music/Squidji
STACEY KENT,Stacey Kent,7cd536a1-8d66-49e3-bf14-e1be74a06363,574097.0,7553996.0,jazz|female vocalists|vocal jazz|Smooth Jazz|jazz vocal,https://www.last.fm/music/Stacey+Kent
STANISLAS,Stanislas,bdf21295-9a67-4e7a-b331-a522ca3a980a,20609.0,252016.0,french|pop|symphonic|orchestra|france,https://www.last.fm/music/Stanislas
STAR ACADEMY,Star Academy,aa9892cf-5268-442b-ac53-155a73774a1e,18257.0,428470.0,french|pop|male|female|00's,https://www.last.fm/music/Star+Academy
STAR ACADEMY 2,Star Academy 2,f189f05e-6485-48c0-8c0a-e97a4506a317,5479.0,36362.0,french|pop|french pop,https://www.last.fm/music/Star+Academy+2
STAR ACADEMY 3,Star Academy 3,8858d019-c346-4cdc-bc3a-062012972a31,1273.0,8052.0,french|french pop,https://www.last.fm/music/Star+Academy+3
STARDUST,Stardust,7b75e88a-f211-4886-8c3d-dd9d7171eee5,1195884.0,9052782.0,House|electronic|dance|french house|french,https://www.last.fm/music/Stardust
STARLEY,Starley,6703863e-2dda-4079-90ab-ef7b72d14881,385062.0,2834234.0,australian|dance|House|pop|electronic,https://www.last.fm/music/Starley
STARLOOSE ACADEMY,,,,,,
STARMANIA,Starmania,51d93c84-d9ce-4177-9788-9d9dc083e51b,6252.0,105602.0,french|rock|musical|pop|rock opera,https://www.last.fm/music/Starmania
STARMANIA 88,Starmania,51d93c84-d9ce-4177-9788-9d9dc083e51b,6252.0,105602.0,french|rock|musical|pop|rock opera,https://www.last.fm/music/Starmania
STARSAILOR,Starsailor,fbd86487-ccb5-4a57-a860-cc3d360b5115,969412.0,14342283.0,britpop|indie|rock|british|alternative,https://www.last.fm/music/Starsailor
STAYSOLIDROCKY,StaySolidRocky,c613510c-90f8-4da0-970b-a71f607016fe,444559.0,4289751.0,Hip-Hop|rap|indie|electronic|trap,https://www.last.fm/music/StaySolidRocky
STEEVE ESTATOF,Steeve Estatof,ab535032-2b22-48b0-896c-de96e160aa5d,3176.0,28601.0,rock|French rock|rock francais|reality,https://www.last.fm/music/Steeve+Estatof
STEFFLON DON,Stefflon Don,c5a73e97-82ff-4b97-a9f7-49b1f799cb87,289299.0,2672080.0,dancehall|Hip-Hop|rap|hip hop|british,https://www.last.fm/music/Stefflon+Don
STEFLON DON,Steflon Don,,38.0,593.0,,https://www.last.fm/music/Steflon+Don
STEPHAN EICHER,Stephan Eicher,34101668-3a6e-4fb7-8a8e-8f6130cb9127,73353.0,1136108.0,swiss|singer-songwriter|rock|french|pop,https://www.last.fm/music/Stephan+Eicher
STEPHEN EICHER,Stephen Eicher,,316.0,879.0,,https://www.last.fm/music/Stephen+Eicher
STEVE AOKI,Steve Aoki,a39acc4a-985e-4173-a9ed-f325f2d3bc1c,1534903.0,40616218.0,electronic|electro|dance|tech house|House,https://www.last.fm/music/Steve+Aoki
STEVE RAY VAUGHAN,Stevie Ray Vaughan,f5426431-f490-4678-ad44-a75c71097bb4,1167969.0,18700486.0,blues|blues rock|classic rock|guitar|rock,https://www.last.fm/music/Stevie+Ray+Vaughan
STEVIE RAY VAUGHAN,Stevie Ray Vaughan,f5426431-f490-4678-ad44-a75c71097bb4,1167969.0,18700486.0,blues|blues rock|classic rock|guitar|rock,https://www.last.fm/music/Stevie+Ray+Vaughan
STILL FRESH,Still Fresh,5e78692c-8e75-45ec-9624-701f835b4950,29219.0,419925.0,rap francais|rap|Hip-Hop|france|paris,https://www.last.fm/music/Still+Fresh
STING,Sting,7944ed53-2a58-4035-9b93-140a71e41c34,2768592.0,64031658.0,rock|pop|classic rock|british|singer-songwriter,https://www.last.fm/music/Sting
STING AND THE POLICE,The Police,9e0e2b01-41db-4008-bd8b-988977d6019a,4634012.0,112690767.0,rock|new wave|classic rock|80s|pop,https://www.last.fm/music/The+Police
STOMY BUGSY,Stomy Bugsy,d1cd726e-beab-4b11-bbe9-f2609e71436d,15657.0,79816.0,french rap|rap francais|French hip hop|Hip-Hop|hip hop,https://www.last.fm/music/Stomy+Bugsy
STONE ET CHARDEN,Stone et Charden,,2527.0,10052.0,rock|french|60s|chanson français|70s,https://www.last.fm/music/Stone+et+Charden
STORMZY,Stormzy,67fd5116-7a49-4abf-a34f-b08774128a7a,811204.0,24034298.0,Grime|Hip-Hop|rap|british|hip hop,https://www.last.fm/music/Stormzy
STRAY KIDS,Stray Kids,142b343d-bf5a-428c-a64f-6d1a7566bbe9,1373597.0,495342965.0,k-pop|pop|Kpop|Korean|Hip-Hop,https://www.last.fm/music/Stray+Kids
STRING COLOR,String Color,,1844.0,9166.0,pop|france|francai,https://www.last.fm/music/String+Color
STROMAE,Stromae,ab2528d9-719f-4261-8098-21849222a0f2,2046048.0,61332309.0,electronic|dance|belgian|french|electronica,https://www.last.fm/music/Stromae
STRYV,Stryv,,67465.0,326087.0,electronic|House|beats,https://www.last.fm/music/Stryv
STUPEFLIP,Stupeflip,754abc13-d242-4585-8276-2c8c45aa37cf,86316.0,5126827.0,Hip-Hop|french|punk|rap|rock,https://www.last.fm/music/Stupeflip
STYLETO,Styleto,2611af40-9ecd-4998-a7d1-79118c399955,17279.0,231985.0,french|singer-songwriter|french pop,https://www.last.fm/music/Styleto
STÉPHANE LEGAR,Stéphane Legar,630f7b31-ff31-4db7-9201-4f5bcfad479d,143.0,621.0,,https://www.last.fm/music/St%C3%A9phane+Legar
SUGAR DADDY,Sugar Daddy,272e6bb6-9582-4d5c-901d-4c6760eb8b5d,20906.0,84135.0,soca|british|funk|rock|reggae,https://www.last.fm/music/Sugar+Daddy
SUKI WATERHOUSE,Suki Waterhouse,8389ff77-a7a4-4ba4-bf1b-17ded47d41a1,1797495.0,56372648.0,indie pop|my top songs|indie|pop|female vocalists,https://www.last.fm/music/Suki+Waterhouse
SULLY SEFIL,Sully Sefil,27e8dc86-9c84-4ebd-b341-e9a43396ba11,2920.0,16043.0,french rap|Hip-Hop|french|rap|hip hop,https://www.last.fm/music/Sully+Sefil
SUM 41,Sum 41,f2eef649-a6d5-4114-afba-e50ab26254d2,3443544.0,156844710.0,punk rock|pop punk|punk|rock|alternative,https://www.last.fm/music/Sum+41
SUPER-HI,SUPER-Hi,,162082.0,1216530.0,United Kingdom|british|Great Britain|Indie alt dance,https://www.last.fm/music/SUPER-Hi
SUPERBUS,Superbus,2be7b462-382f-4dd4-a635-99c4801dcd39,188347.0,3803574.0,french|pop rock|female vocalists|rock|pop,https://www.last.fm/music/Superbus
SUPERFUNK,Superfunk,2e677d44-f795-4d2b-bed3-f56d278dd642,104683.0,524536.0,House|electronic|french|funk|french house,https://www.last.fm/music/Superfunk
SUPERPOZE,Superpoze,ff241867-35fc-4053-9fda-7aa57ef4e229,82292.0,905285.0,downtempo|electronic|ambient|french|All,https://www.last.fm/music/Superpoze
SUPERTRAMP,Supertramp,d2ff6b6b-fc30-48dc-8952-06f9d8fc64f8,2147170.0,48151952.0,Progressive rock|classic rock|rock|70s|pop,https://www.last.fm/music/Supertramp
SUPREME NTM,Suprême NTM,0135e5ec-4ffd-46e5-9c3c-566b3df46a8d,117250.0,2208742.0,Hip-Hop|french|rap|rap francais|french rap,https://www.last.fm/music/Supr%C3%AAme+NTM
SURF MESA,Surf Mesa,5ed8f4ac-3ae8-4a83-9ff9-565510c7f6e5,531131.0,4495877.0,Lo-Fi|electronic|USA|american|elektro,https://www.last.fm/music/Surf+Mesa
SURFACES,Surfaces,ae515b61-757e-49c2-b78b-b6534b255c83,906623.0,15494148.0,soul|pop|rnb|indie|USA,https://www.last.fm/music/Surfaces
SUSHEELA RAMAN,Susheela Raman,fe2bfb00-1dd3-4e97-b0ad-39c5228a1ef1,118134.0,1067159.0,female vocalists|world|india|World Music|ethnic,https://www.last.fm/music/Susheela+Raman
SUZANE,Suzane,d0fd9aec-0483-46ef-8126-4fcbb7dc5ab0,37227.0,684995.0,french|female vocalists|french pop|electronic|yandex music,https://www.last.fm/music/Suzane
SVEA,Svea,f11ab21d-82e2-4cdf-88e5-27d765f8eb6d,34620.0,286257.0,pop|swedish|female fronted|Swedish Pop|Female Fronted pop,https://www.last.fm/music/Svea
SWAE LEE,Swae Lee,a17ce9c3-8f6f-4dcc-a1b7-2a04ab9e31f0,423171.0,4032282.0,rap|rnb|soul|hip hop|trap,https://www.last.fm/music/Swae+Lee
SWEDISH HOUSE MAFIA,Swedish House Mafia,99075985-0d80-4692-a15e-b16f78831792,2743244.0,55044320.0,House|electronic|dance|electro house|electro,https://www.last.fm/music/Swedish+House+Mafia
SWEET BOX,Sweetbox,9dd12107-7867-4f49-a90e-f4ed899fc05a,93921.0,2988318.0,pop|female vocalists|german|rnb|JPop,https://www.last.fm/music/Sweetbox
SWEET GENERATION,Sweet Generation,82655714-b955-464a-8678-c3bd46ee4288,162.0,1022.0,hardcore,https://www.last.fm/music/Sweet+Generation
SWEETY,Sweety,53cf5fb3-f9e1-4fc0-aaff-cfd0bc2b1146,9772.0,99262.0,C-pop|chinese|cpop|taiwanese|female vocalists,https://www.last.fm/music/Sweety
SWING,Swing,3e39ef34-c929-405d-8ac0-e62cef0b9329,80007.0,1119321.0,rap|Hip-Hop|pop|hip hop|Rap Belge,https://www.last.fm/music/Swing
SYNAPSON,Synapson,ccfcd925-f1b1-409f-93cb-ff91ecbe9a19,194383.0,2004688.0,electronic|electro|france|french|funk,https://www.last.fm/music/Synapson
SYSTEM OF A DOWN,System of a Down,cc0b7089-c08d-4c10-b6b0-873582c17fd6,5843721.0,516479913.0,alternative metal|metal|Nu Metal|rock|alternative,https://www.last.fm/music/System+of+a+Down
SZA,SZA,272989c8-5535-492d-a25c-9f58803e027f,3520277.0,592101654.0,rnb|soul|alternative rnb|electronic|Neo-Soul,https://www.last.fm/music/SZA
Saweetie,Saweetie,72d424d0-c349-4164-ae3e-8e5274f97b98,1195616.0,19051509.0,Hip-Hop|rap|better than selena gomez|urban|female rapper,https://www.last.fm/music/Saweetie
Selena Gomez,Selena Gomez,e4bc69e2-a064-4f93-ada1-f7f209cc1cc3,3203507.0,205828264.0,pop|female vocalists|Disney|pop rock|dance,https://www.last.fm/music/Selena+Gomez
Simone et Jean-Marc,,,,,,
T L C,TLC,99790314-885a-4975-8614-9c5bc890364d,2723974.0,34358514.0,rnb|Hip-Hop|female vocalists|pop|soul,https://www.last.fm/music/TLC
T-MATT,T-Matt,,1634.0,15313.0,,https://www.last.fm/music/T-Matt
T-RYO,T-Rio,c46618d7-bf99-471d-b383-215562faffea,2612.0,9493.0,dance|latin|girlbands|female vocalists|T-Rio Choupetta,https://www.last.fm/music/T-Rio
T2R,T2R,1d49c520-b3b3-42ed-819a-2b49c311d6eb,7281.0,70343.0,french|france|afrolove|valdemarne,https://www.last.fm/music/T2R
TAHA KHALED FAUDEL,"Rachid Taha, Khaled & Faudel",,20282.0,119381.0,rai|arabic|algerian|world|North African,"https://www.last.fm/music/Rachid+Taha,+Khaled+&+Faudel"
TAINY,Tainy,7e92584c-ca97-48bf-8a12-0327db0f6ac8,818710.0,38689623.0,Reggaeton|latin|puerto rico|pop|producer,https://www.last.fm/music/Tainy
TAKEOFF,Takeoff,70f5bb6e-9b87-4500-9c9f-2e1d373d07da,428468.0,7184590.0,migos|rap|trap|Hip-Hop|atlanta,https://www.last.fm/music/Takeoff
TAL,Tal,0c7083e0-d1fd-426a-a663-2ee49de4093e,72162.0,940915.0,pop|Israel|french|france|israeli,https://www.last.fm/music/Tal
TAME IMPALA,Tame Impala,63aa26c3-d59b-4da4-84ac-716b54f1ef4d,4433607.0,426387441.0,Psychedelic Rock|psychedelic|indie rock|australian|rock,https://www.last.fm/music/Tame+Impala
TANITA TIKARAM,Tanita Tikaram,43554fe6-840b-4f61-b54b-8168398cb1e7,322248.0,3151790.0,female vocalists|pop|80s|singer-songwriter|rock,https://www.last.fm/music/Tanita+Tikaram
TARKAM,Tarkan,4ec2451d-ed0c-4273-b683-4c1312df25fd,376363.0,8907570.0,turkish|pop|Turkish Pop|dance|tarkan,https://www.last.fm/music/Tarkan
TARKAN,Tarkan,4ec2451d-ed0c-4273-b683-4c1312df25fd,376363.0,8907570.0,turkish|pop|Turkish Pop|dance|tarkan,https://www.last.fm/music/Tarkan
TATE MCRAE,Tate McRae,f9133869-f87c-459c-9aa7-2f176cda7e06,2288503.0,286865092.0,pop|my top songs|Canadian|electropop|canada,https://www.last.fm/music/Tate+McRae
TAYC,Tayc,0c980a2b-ca09-4d04-ad80-e7c2ce9621fb,171504.0,4959504.0,rnb|french|soul|Hip-Hop|afrobeats,https://www.last.fm/music/Tayc
TAYLOR SWIFT,Taylor Swift,20244d07-534f-4eff-b4d4-930878889970,5967852.0,3698834860.0,country|pop|female vocalists|singer-songwriter|acoustic,https://www.last.fm/music/Taylor+Swift
TELEPHONE,Téléphone,a4e34a43-d8de-48eb-9ec6-349b62756590,142681.0,1811758.0,rock|french|rock francais|80s|French rock,https://www.last.fm/music/T%C3%A9l%C3%A9phone
TEMS,Tems,5b2a8faa-ffee-4706-a1a8-58f109bc8ca2,756868.0,19717075.0,rnb|soul|afrobeats|nigeria|nigerian,https://www.last.fm/music/Tems
TEO,Teo,e4695422-6b2f-4b96-bc57-c7e2414549d4,73412.0,418529.0,Eurovision|pop|belarus|techno-industrial|HardTechno,https://www.last.fm/music/Teo
TERI MOISE,Teri Moïse,f2340fa1-9cc8-4d5d-b10c-cca57045048e,6578.0,55374.0,acoustic soul|french|rnb|female vocalists|french soul,https://www.last.fm/music/Teri+Mo%C3%AFse
TERRA,Terra,e3f582f0-4689-4f76-9d8d-fcf9f56cc15a,80309.0,1871715.0,black metal|atmospheric black metal|swedish|metal|indie,https://www.last.fm/music/Terra
TERRA (Antoine L,,,,,,
TERRI MOISE,Teri Moïse,f2340fa1-9cc8-4d5d-b10c-cca57045048e,6578.0,55374.0,acoustic soul|french|rnb|female vocalists|french soul,https://www.last.fm/music/Teri+Mo%C3%AFse
TESS,Tess,560a1d71-d6fb-4046-84b2-d619f48bcddd,69348.0,478205.0,post-hardcore|screamo|french|hardcore|eurodance,https://www.last.fm/music/Tess
TETE,Tete,6c21e7a6-32e6-49fc-9456-7b871cc57999,12098.0,111837.0,Korean|indie|k-indie|k-rock|soulful,https://www.last.fm/music/Tete
TETES RAIDES,Têtes Raides,739162d3-8f9d-4710-8fe1-a73e59690506,36845.0,701711.0,french|chanson francaise|nouvelle scene francaise|rock|chanson,https://www.last.fm/music/T%C3%AAtes+Raides
TEXAS,Texas,7289d10d-d8d2-41ff-8308-c56ec9346e07,859852.0,11532111.0,pop|rock|female vocalists|Scottish|britpop,https://www.last.fm/music/Texas
THALIA,Thalía,ae33ce8d-f41a-4f6b-b9c6-7859acbd04ef,274543.0,10646728.0,pop|latin|female vocalists|spanish|latin pop,https://www.last.fm/music/Thal%C3%ADa
THE,The,ec2b2c2d-e1b1-4d1d-b6fd-ff87cc7e18ea,59954.0,243464.0,post-punk|grindcore|galiza|SOLOMUSIKA-post punk|celtic,https://www.last.fm/music/The
THE ARCHITECT,The Architect,80199d1e-9c67-40d2-814c-de6608ae2916,97994.0,883546.0,chillout|minimal|lounge|electronic|downtempo,https://www.last.fm/music/The+Architect
THE AVENER,The Avener,529c40b4-c57f-49e2-ad5a-201eb2fb4a5b,379937.0,4117854.0,electronic|House|deep house|lounge|french,https://www.last.fm/music/The+Avener
THE B-52's,The B-52's,,1523413.0,21966914.0,new wave|80s|pop|alternative|rock,https://www.last.fm/music/The+B-52%27s
THE BABYSHAMBLES,Babyshambles,8e1e03fe-ebbc-467a-b541-857144db10fb,1106950.0,31466398.0,british|indie|indie rock|rock|alternative,https://www.last.fm/music/Babyshambles
THE BEACH BOYS,The Beach Boys,ebfc1398-8d96-47e3-82c3-f782abcdb13d,4139059.0,165923842.0,classic rock|60s|pop|Surf|rock,https://www.last.fm/music/The+Beach+Boys
THE BEATLES,The Beatles,b10bbbfc-cf9e-42e0-be17-e2c3e1d2600d,6538675.0,1108658555.0,classic rock|rock|british|60s|pop,https://www.last.fm/music/The+Beatles
THE BLACK EYED PEAS,Black Eyed Peas,d5be5333-4171-427e-8e12-732087c6b78e,5767734.0,155310859.0,Hip-Hop|pop|rnb|rap|hip hop,https://www.last.fm/music/Black+Eyed+Peas
THE BLAZE,The Blaze,d18a2838-05fa-4e4e-bbb5-284a4cfb13f5,431700.0,9945221.0,House|electronic|deep house|french|electronica,https://www.last.fm/music/The+Blaze
THE BLESSED MADONNA,The Blessed Madonna,3f351696-75a2-4167-86b1-c5cd37770600,289836.0,2602555.0,House|electronic|dance|american|queer,https://www.last.fm/music/The+Blessed+Madonna
THE BRAIDS,The Braids,24bc160f-a608-4413-8781-f239b4035150,12841.0,70657.0,pop|female vocalists|90s|soul|rnb,https://www.last.fm/music/The+Braids
THE BREEDERS,The Breeders,667e856e-f3a7-42e9-8244-95422ef31321,1142636.0,24428143.0,alternative|indie|indie rock|female vocalists|alternative rock,https://www.last.fm/music/The+Breeders
THE CARDIGANS,The Cardigans,3e55d51d-687f-4a9d-af96-2fabccf802e5,3705090.0,94546413.0,pop|rock|female vocalists|swedish|alternative,https://www.last.fm/music/The+Cardigans
THE CARTERS,The Carters,70356ffc-f45e-4d91-992c-1049dc54e13e,542614.0,14150894.0,Hip-Hop|rap|rnb|soul|beyonce,https://www.last.fm/music/The+Carters
THE CHAINSMOKERS,The Chainsmokers,91a81925-92f9-4fc9-b897-93cf01226282,2851589.0,90595304.0,electronic|pop|House|electro house|dance,https://www.last.fm/music/The+Chainsmokers
THE CHRISTIANS,The Christians,4268556a-5e11-4b31-85be-abd5aaeec6f0,69471.0,474844.0,soul|pop|80s|90s|british,https://www.last.fm/music/The+Christians
THE COMMITMENTS,The Commitments,4e8d6561-5821-45d7-9d7e-ca4d9b35b1a8,183470.0,1959238.0,soul|blues|rhythm and blues|irish|Soundtrack,https://www.last.fm/music/The+Commitments
THE COORS,The Corrs,acf6c776-d0f6-4239-b5a2-a45a613ffa52,1143334.0,22261811.0,pop|irish|folk|female vocalists|celtic,https://www.last.fm/music/The+Corrs
THE CORRS,The Corrs,acf6c776-d0f6-4239-b5a2-a45a613ffa52,1143334.0,22261811.0,pop|irish|folk|female vocalists|celtic,https://www.last.fm/music/The+Corrs
THE CRANBERRIES,The Cranberries,c98d40fd-f6cf-4b26-883e-eaa515ee2851,4766186.0,160103862.0,rock|alternative|alternative rock|female vocalists|irish,https://www.last.fm/music/The+Cranberries
THE CREATOR,The Creator,13077eef-858a-4aa9-bc75-08e4a7d09579,2943.0,10647.0,techno|electronic|Rave|hardcore|90s,https://www.last.fm/music/The+Creator
THE CURE,The Cure,69ee3720-a7cb-4402-b48d-a02c366f2bcf,5540330.0,398237777.0,post-punk|new wave|alternative|80s|rock,https://www.last.fm/music/The+Cure
THE DOORS,The Doors,9efff43b-3b29-4082-824e-bc82f646f93d,4743936.0,230157744.0,classic rock|Psychedelic Rock|rock|60s|psychedelic,https://www.last.fm/music/The+Doors
THE EAGLES,Eagles,f46bd570-5768-462e-b84c-c7c993bbf47e,3861867.0,80969429.0,classic rock|rock|70s|soft rock|country,https://www.last.fm/music/Eagles
THE FAIM,The Faim,bd1b9a8e-6910-4d3b-824d-3ef15442790d,114803.0,1597880.0,pop rock|alternative rock|indie rock|rock|australia,https://www.last.fm/music/The+Faim
THE FUGEES,Fugees,ea321799-9b1d-4e74-a074-a5facf597d82,2238039.0,27066850.0,Hip-Hop|rap|soul|rnb|hip hop,https://www.last.fm/music/Fugees
THE GOOD THE BAD,The Good The Bad,7c658915-72f1-4d12-b1d9-4dc6a50878fe,5413.0,170262.0,surf rock|Garage Rock|instrumental|rock|danish,https://www.last.fm/music/The+Good+The+Bad
THE GYPSIES,The Gypsies,181d885b-0729-4ce7-80b5-cc5d7c327a20,6249.0,53235.0,motown|All|sri lanka|sri lankan|sinhalese,https://www.last.fm/music/The+Gypsies
THE KID LAROI,The Kid LAROI,80609a00-b394-4a49-975b-2db6b543fa97,2536761.0,167526827.0,Hip-Hop|rap|emo rap|australian|trap,https://www.last.fm/music/The+Kid+LAROI
THE KILLERS,The Killers,95e1ead9-4d31-4808-a7ac-32c3614c116b,6978171.0,382125826.0,indie|indie rock|rock|alternative|alternative rock,https://www.last.fm/music/The+Killers
THE LUMINEERS,The Lumineers,bfcb6630-9b31-4e63-b11f-7b0363be72b5,2592717.0,92629390.0,folk|indie|folk rock|american|rock,https://www.last.fm/music/The+Lumineers
THE LYNDHURST ORCHESTRA,The Lyndhurst Orchestra,b0228af6-1aab-4714-bd98-32223e236c27,13186.0,154813.0,United Kingdom,https://www.last.fm/music/The+Lyndhurst+Orchestra
THE MARÍAS,The Marías,7a3970c9-ecd8-4eee-a267-4d8c77d97ff3,2527428.0,246576176.0,dream pop|indie pop|bedroom pop|indie|Sophisti-Pop,https://www.last.fm/music/The+Mar%C3%ADas
THE NEIGHBOURHOOD,The Neighbourhood,53b06622-ec51-4924-a554-58b0affde6b5,3997972.0,406605427.0,indie|indie rock|indie pop|rock|alternative,https://www.last.fm/music/The+Neighbourhood
THE NEPTUNES,The Neptunes,253bfe58-d68a-4f96-9b7a-70d977cbf66d,73257.0,487280.0,Hip-Hop|rap|star trak|rock|soul,https://www.last.fm/music/The+Neptunes
THE NGHBRS,The NGHBRS,ff07f633-a89a-493d-b42c-6e36b1dac0de,14524.0,48835.0,pop|UK|Chill House,https://www.last.fm/music/The+NGHBRS
THE OFFSPRING,The Offspring,23a03e33-a603-404e-bcbf-2c00159d7067,4599068.0,215411399.0,punk rock|punk|rock|alternative rock|alternative,https://www.last.fm/music/The+Offspring
THE PAPER KITES,The Paper Kites,a9d1d9b5-968c-486d-8a97-6077885f2ab8,1185585.0,27107898.0,folk|indie|australian|indie folk|acoustic,https://www.last.fm/music/The+Paper+Kites
THE PIXIES,Pixies,b6b2bb8d-54a9-491f-9607-7b546023b433,4297455.0,217053327.0,alternative rock|alternative|indie|indie rock|rock,https://www.last.fm/music/Pixies
THE POGUES,The Pogues,d41a6875-b626-4c0f-89a1-aecb643d29ff,1309974.0,25367982.0,folk|irish|punk|folk rock|celtic,https://www.last.fm/music/The+Pogues
THE POLICE,The Police,9e0e2b01-41db-4008-bd8b-988977d6019a,4634012.0,112690767.0,rock|new wave|classic rock|80s|pop,https://www.last.fm/music/The+Police
THE PRETENDERS,The Pretenders,75ffaf7d-46ee-4794-a405-9ec20c0c1696,781641.0,8065575.0,rock|new wave|80s|female vocalists|classic rock,https://www.last.fm/music/The+Pretenders
THE PRINCE KARMA,The Prince Karma,eec9a440-d5cd-49ed-8b4f-01da555bebd3,102232.0,802095.0,House|USA|diplein,https://www.last.fm/music/The+Prince+Karma
THE PRODIGY,The Prodigy,4a4ee089-93b1-4470-af9a-6ff575d32704,2986243.0,142038773.0,electronic|techno|industrial|dance|electronica,https://www.last.fm/music/The+Prodigy
THE QUEEN,Queen,0383dadf-2a4e-4d10-a46a-e9e041da8eb3,7257848.0,428565718.0,classic rock|rock|hard rock|glam rock|80s,https://www.last.fm/music/Queen
THE RARE OCCASIONS,The Rare Occasions,37177491-dc86-4536-8ac2-51887ccfa0bb,1238841.0,20548559.0,indie rock|alternative rock|indie|alternative|american,https://www.last.fm/music/The+Rare+Occasions
THE ROLLING STONE,The Rolling Stones,b071f9fa-14b0-4217-8e97-eb41da73f598,5847908.0,275610180.0,classic rock|rock|british|60s|blues,https://www.last.fm/music/The+Rolling+Stones
THE ROLLING STONES,The Rolling Stones,b071f9fa-14b0-4217-8e97-eb41da73f598,5847908.0,275610180.0,classic rock|rock|british|60s|blues,https://www.last.fm/music/The+Rolling+Stones
THE SCORPIONS,The Scorpions,a60aa668-a3dc-4f18-8b3c-085fcff19078,142482.0,850641.0,rock|classic rock|hard rock|80s|Sudan,https://www.last.fm/music/The+Scorpions
THE STROKES,The Strokes,f181961b-20f7-459e-89de-920ef03c7ed0,5747534.0,489818529.0,indie rock|indie|rock|alternative|alternative rock,https://www.last.fm/music/The+Strokes
THE STRUMBELLAS,The Strumbellas,2a9b17db-4f22-4ffa-a547-4fdfda1ce946,454908.0,4654215.0,folk|indie rock|Canadian|country|indie,https://www.last.fm/music/The+Strumbellas
THE SUPERMEN,The Supermen Lovers,0df6d50f-7e43-4c6a-8220-61932b67c9c5,240304.0,1689322.0,House|electronic|dance|funk|electronica,https://www.last.fm/music/The+Supermen+Lovers
THE SUPERMEN LOVERS,The Supermen Lovers,0df6d50f-7e43-4c6a-8220-61932b67c9c5,240304.0,1689322.0,House|electronic|dance|funk|electronica,https://www.last.fm/music/The+Supermen+Lovers
THE TAMPERER/Feat Maya,,,,,,
THE TING TINGS,The Ting Tings,e618770f-e994-41c3-856f-1eedf56b6d74,1878919.0,35963319.0,indie|electronic|british|electropop|female vocalists,https://www.last.fm/music/The+Ting+Tings
THE UNDERDOG PROJECT,The Underdog Project,c30120ec-abe6-48f3-a840-379e7f92b649,287785.0,2032465.0,dance|electronic|House|trance|electronica,https://www.last.fm/music/The+Underdog+Project
THE VAMPIRE,The Vampire,2108899b-73a3-49c1-951f-664c6d1d1617,1558.0,7790.0,happy hardcore|death metal|HIFUU CLUB,https://www.last.fm/music/The+Vampire
THE VERVE,The Verve,d4d17620-fd97-4574-92a8-a2cb7e72ce42,3396770.0,61280638.0,britpop|rock|alternative|british|indie,https://www.last.fm/music/The+Verve
THE WAILERS,The Wailers,c9e99d40-4a2c-4ca7-ac5b-e842264ee271,680827.0,5719352.0,reggae|roots reggae|ska|rocksteady|60s,https://www.last.fm/music/The+Wailers
THE WAILLERS,Bob Marley & The Wailers,c296e10c-110a-4103-9e77-47bfebb7fb2e,3511777.0,127553178.0,reggae|roots reggae|ska|roots|classic rock,https://www.last.fm/music/Bob+Marley+&+The+Wailers
THE WALTERS,The Walters,61cdb045-7f89-4eb1-b3ed-35db94d9ab99,1888025.0,36355856.0,indie rock|indie pop|indie|blues rock|my top songs,https://www.last.fm/music/The+Walters
THE WEEKND,The Weeknd,c8b03190-306c-4120-bb0b-6f2ebfc06ea9,5349679.0,1133083954.0,rnb|electronic|dubstep|Canadian|prog-rnb,https://www.last.fm/music/The+Weeknd
THE WHITE STRIPES,The White Stripes,11ae9fbb-f3d7-4a47-936f-4c0a04d3b3b5,4869402.0,199313178.0,rock|alternative rock|alternative|indie|indie rock,https://www.last.fm/music/The+White+Stripes
THE X. FILES,,,,,,
THEODORA,Theodora,e560c294-b11a-4076-8005-fff78e876a2c,103928.0,7113413.0,french|pop|france|indie|french pop,https://www.last.fm/music/Theodora
THEODORT,THEODORT,95d0a68e-a170-41a5-ba32-4f76b10418c2,32194.0,849688.0,french|rap|france,https://www.last.fm/music/THEODORT
THERAPIE TAXI,Therapie TAXI,4e685fcb-0306-4441-9d88-9528fdc1e141,140357.0,3794844.0,french|synthpop|female vocalists|electropop|male vocalists,https://www.last.fm/music/Therapie+TAXI
THIERRY AMIEL,Thierry Amiel,d09eefb3-4bf6-40ff-9f6d-b681276a728c,13357.0,158735.0,french|pop|chanson francaise|rock|male vocalists,https://www.last.fm/music/Thierry+Amiel
THIERRY CHAM,Thierry Cham,7cd2f431-d9d2-474c-811e-05e154bdf000,11303.0,67515.0,zouk|french|zouklove|antilles|guadeloupe,https://www.last.fm/music/Thierry+Cham
THOMAS DUTRONC,Thomas Dutronc,83ec24f9-6608-46a9-bc43-d2f3aa7cc518,111827.0,959597.0,french|jazz|chanson francaise|chanson|guitare manouche,https://www.last.fm/music/Thomas+Dutronc
THOMAS FERSEN,Thomas Fersen,083a443a-dcba-4d48-aa62-fda1f130002f,108538.0,1692896.0,french|chanson francaise|singer-songwriter|chanson|nouvelle scene francaise,https://www.last.fm/music/Thomas+Fersen
THOMAS OTTEN,Thomas Otten,c2b59246-f22d-4d5c-9031-ed08c179616b,9999.0,160150.0,Classical|new age|piano|male vocalists|tijdloos,https://www.last.fm/music/Thomas+Otten
THXSOMCH,ThxSoMch,7e576af7-21e0-4926-bada-135d16a3e5ad,916436.0,24017741.0,Canadian|rap|post-punk|Hip-Hop|emo rap,https://www.last.fm/music/ThxSoMch
TIAKOLA,Tiakola,2bd0c272-dd22-4395-8381-18fa2fa59f1e,87245.0,5704182.0,french|rap|Franch rap|hip hop,https://www.last.fm/music/Tiakola
TIF,TRF,a48b9f88-0cc3-40c7-9a40-58db01ea7b73,49291.0,1071615.0,j-pop|dance|techno|japanese|JPop,https://www.last.fm/music/TRF
TIKEN JAH FAKOLY,Tiken Jah Fakoly,edef3cfa-4e5e-4d64-8bd8-20f9dc1d8cad,164084.0,2402631.0,reggae|african|roots reggae|french|world,https://www.last.fm/music/Tiken+Jah+Fakoly
TILEY,TILEY,,4.0,8.0,,https://www.last.fm/music/TILEY
TILLY KEY,Tilly Key,,1085.0,5924.0,,https://www.last.fm/music/Tilly+Key
TIMAL,Timal,459f3f2f-b7b5-4639-b5b4-a177935848fb,42911.0,1850870.0,,https://www.last.fm/music/Timal
TIMAR,Timar,,11746.0,432750.0,,https://www.last.fm/music/Timar
TIMBALAND,Timbaland,daa09819-5da5-4c7a-8bef-eb372bb27ff1,3595706.0,65416654.0,Hip-Hop|rnb|rap|pop|hip hop,https://www.last.fm/music/Timbaland
TINA ARENA,Tina Arena,c1ccc784-9f18-4369-96b1-38106419b5ad,177901.0,2093409.0,pop|female vocalists|australian|rock|Aussie,https://www.last.fm/music/Tina+Arena
TINA TURNER,Tina Turner,9072df14-b61e-42e2-b4f4-6bbb7fdb5586,1717814.0,21967825.0,pop|soul|rock|female vocalists|80s,https://www.last.fm/music/Tina+Turner
TINLICKER,Tinlicker,2d098124-cb9d-4e80-992f-47e47c405452,415787.0,5733989.0,Progressive House|electro house|melodic techno|progressive trance|progressive breaks,https://www.last.fm/music/Tinlicker
TITO,TiTo,422377ce-adc8-41ab-be8d-5bce75da9e89,15285.0,68303.0,psychedelic|folk|male vocalists|Reggaeton|environmental,https://www.last.fm/music/TiTo
TITOU LE LAPINOU,Titou Le Lapinou,391044ff-aedd-4a0d-bb5b-53854bbed3e5,1397.0,8559.0,pop|dance|00s|grosse marmelade de caca,https://www.last.fm/music/Titou+Le+Lapinou
TIZIANO FERRO,Tiziano Ferro,d12b05b0-a0af-4c2c-8c8c-ab8bcf49439e,369534.0,9593244.0,italian|pop|male vocalists|italian pop|Tiziano Ferro,https://www.last.fm/music/Tiziano+Ferro
TIËSTO,Tiësto,aabb1d9f-be12-45b3-a84d-a1fc3e8181fd,2767300.0,69732919.0,trance|electronic|dance|techno|electronica,https://www.last.fm/music/Ti%C3%ABsto
TK,TK,6114677c-fa8f-4d87-960a-3f1169aaef89,44856.0,828643.0,Latin Rock|Peru|rock peruano|rock|castellano,https://www.last.fm/music/TK
TKAY MAIDZA,Tkay Maidza,e1811d3a-4631-4bfe-9b42-d0418524137e,453811.0,8578797.0,Hip-Hop|pop|rap|hip hop|female vocalists,https://www.last.fm/music/Tkay+Maidza
TKS 2G,TKS 2G,,17555.0,282839.0,,https://www.last.fm/music/TKS+2G
TLC,TLC,99790314-885a-4975-8614-9c5bc890364d,2723974.0,34358514.0,rnb|Hip-Hop|female vocalists|pop|soul,https://www.last.fm/music/TLC
TODIEFOR,To/Die/For,9a250493-e200-4676-be17-06e9f51091e7,144309.0,3407582.0,Gothic Metal|finnish|Gothic Rock|metal|Gothic,https://www.last.fm/music/To%2FDie%2FFor
TOKIO HOTEL,Tokio Hotel,462a85b4-83ac-4164-86b3-e5ac6a7ec040,815567.0,43124717.0,rock|german|pop rock|alternative|pop,https://www.last.fm/music/Tokio+Hotel
TOM GREGORY,Tom Gregory,3b05da44-a17a-49ec-a0b1-250a749d84c3,132841.0,1397906.0,indie|british|acoustic|pop|indie pop,https://www.last.fm/music/Tom+Gregory
TOM GRENNAN,Tom Grennan,dcafccb5-3741-485f-85d4-6d249f443ffa,386078.0,6275467.0,indie pop|indie|pop|soul|british,https://www.last.fm/music/Tom+Grennan
TOM JONES,Tom Jones,57c6f649-6cde-48a7-8114-2a200247601a,1418268.0,14535468.0,pop|oldies|classic rock|male vocalists|rock,https://www.last.fm/music/Tom+Jones
TOM MCRAE,Tom McRae,9f5a87ec-0201-45ba-8b03-3b9e0b50a112,258551.0,3993315.0,singer-songwriter|indie|folk|alternative|british,https://www.last.fm/music/Tom+McRae
TOM WALKER,Tom Walker,a962d133-092e-42b1-af1d-0546ff97ba07,562430.0,8058462.0,indie|metal|heavy|guitar|british,https://www.last.fm/music/Tom+Walker
TOMMY RICHMAN,Tommy Richman,741a6c80-2d6e-4522-9de4-e070798a2d30,1505509.0,28498318.0,rnb|rap|funk|Hip-Hop|alternative rnb,https://www.last.fm/music/Tommy+Richman
TONES AND I,Tones and I,663f33f4-8e5f-4773-93ea-493a1135de9a,932419.0,12425688.0,pop|australian|indie pop|female vocalists|australia,https://www.last.fm/music/Tones+and+I
TONI BRAXTON,Toni Braxton,3c8a8696-e176-4c46-a2d3-48b6b1525c7f,1386399.0,18054852.0,soul|rnb|pop|female vocalists|90s,https://www.last.fm/music/Toni+Braxton
TONTON DAVID,Tonton David,c82fe349-6759-4b99-91e8-f783545eb42e,11569.0,89848.0,reggae|french|dub|france|reunion,https://www.last.fm/music/Tonton+David
TOP BOYS,Top Boys,c5db609d-c859-4fc5-b470-0c5bf08b8b2d,249.0,2780.0,House|dance|Grime|electro|funkyhouse,https://www.last.fm/music/Top+Boys
TOPIC,Topic,3f5da98e-cbbc-4b8f-becf-20eec8b68d40,535683.0,6218937.0,german|electronic|rap|Hip-Hop|House,https://www.last.fm/music/Topic
TORY LANEZ,Tory Lanez,5b8ec72b-9e39-4a06-a2bf-964166b92a71,1992193.0,152298401.0,rnb|Hip-Hop|Canadian|rap|trap,https://www.last.fm/music/Tory+Lanez
TOTO,Toto,aab5c954-cabe-432e-899e-1c4f99757327,3112586.0,56459169.0,rock|classic rock|80s|Progressive rock|pop,https://www.last.fm/music/Toto
TOUMANI DIABATÉ,Toumani Diabaté,b96ba7e7-d882-409a-9825-ed3d6dbb437d,106943.0,1011448.0,mali|african|kora|world|World Music,https://www.last.fm/music/Toumani+Diabat%C3%A9
TOVE LO,Tove Lo,56756959-1e78-429c-b897-e1d056cb0225,2476719.0,125108078.0,pop|swedish|electronic|female vocalists|indie,https://www.last.fm/music/Tove+Lo
TRACY CHAPMAN,Tracy Chapman,1129817c-488a-4096-80c1-77fc1b107c93,2139183.0,38120170.0,female vocalists|folk|singer-songwriter|soul|acoustic,https://www.last.fm/music/Tracy+Chapman
TRAGEDIE,Tragédie,f2a9974c-03ea-4272-905f-c2695a741a13,59161.0,359641.0,french|Hip-Hop|hip hop|pop|rnb,https://www.last.fm/music/Trag%C3%A9die
TRAVIS,Travis,22a40b75-affc-4e69-8884-266d087e4751,2116916.0,55102337.0,britpop|indie|british|rock|alternative,https://www.last.fm/music/Travis
TRAVIS SCOTT,Travi$ Scott,,187677.0,11797272.0,Hip-Hop|trap|rap|travis scott|hip hop,https://www.last.fm/music/Travi$+Scott
TRAVIS SCOTTT,Travis Scottt,,17.0,162.0,,https://www.last.fm/music/Travis+Scottt
TREI DEGETE - SQUEEZIE,,,,,,
TRI YANN,Tri Yann,8bd21b26-f513-4d79-8fe4-a386289a1e65,54095.0,1106999.0,celtic|folk|breton|french|celtic folk,https://www.last.fm/music/Tri+Yann
TRIANGLE DES BERMUDES,Triangle des Bermudes,,50859.0,503942.0,french|rap|french rap|france|afro,https://www.last.fm/music/Triangle+des+Bermudes
TRIBAL JAM,Tribal Jam,03c7ff7d-eca7-4c0c-8453-73db8c81ad80,2748.0,12404.0,rnb|new jack swing|french soul|french|under 2000 listeners,https://www.last.fm/music/Tribal+Jam
TRIBAL KING,Tribal King,37b4ebe8-4b19-4e8d-aa63-1f9b04b78553,9811.0,52078.0,french|dance|rnb|emocore|90s,https://www.last.fm/music/Tribal+King
TRIBBS,Tribbs,cb848270-5f0a-4a76-a86a-db988fe0c3b7,46226.0,546703.0,EDM|slap house|House|polish|deep house,https://www.last.fm/music/Tribbs
TRINIDAD CARDONA,Trinidad Cardona,0b0d11f2-3358-4838-b521-04de4291ac45,489783.0,5189773.0,rnb|Hip-Hop|alternative rnb|american|arizona,https://www.last.fm/music/Trinidad+Cardona
TRINIX,Trinix,5a691568-a34e-4fd8-b031-01e4c9e36070,301751.0,2770342.0,electro|House|france|electronic|deep house,https://www.last.fm/music/Trinix
TRIPPIE REDD,Trippie Redd,8032cf05-d916-4b2a-9c53-6e75d4a24bd8,1912850.0,189480113.0,trap|Hip-Hop|rap|emo rap|cloud rap,https://www.last.fm/music/Trippie+Redd
TROIS CAFES GOURMANDS,Trois Cafes Gourmands,,86.0,422.0,,https://www.last.fm/music/Trois+Cafes+Gourmands
TROIS CAFÉS GOURMANDS,Trois Cafés Gourmands,028462e0-7e3c-4d7e-807b-c1c039668dcc,33285.0,367760.0,french|france,https://www.last.fm/music/Trois+Caf%C3%A9s+Gourmands
TROIS TENORS,,,,,,
TROYE SIVAN,Troye Sivan,e5712ceb-c37a-4c49-a11c-ccf4e21852d4,2476852.0,171879503.0,pop|indie pop|indie|male vocalists|synthpop,https://www.last.fm/music/Troye+Sivan
TRUST,Trust,33d281da-d36f-4d22-9c4f-fa39f9718302,215670.0,6410159.0,synthpop|electronic|darkwave|hard rock|Canadian,https://www.last.fm/music/Trust
TRUTH HURTS,Truth Hurts,c42d7b98-e57f-4ff2-86f2-bc77b51d3c1e,96083.0,506739.0,rnb|soul|Hip-Hop|female vocalists|r&b,https://www.last.fm/music/Truth+Hurts
TRYO,Tryo,c5998351-be49-49d8-8593-3e96f129c1fc,272688.0,5606089.0,reggae|french|chanson francaise|acoustic|francais,https://www.last.fm/music/Tryo
TRYO ET LES ARROSES,Tryo et les Arroses,,2.0,2.0,,https://www.last.fm/music/Tryo+et+les+Arroses
TSEW THE KID,Tsew The Kid,,41499.0,1334677.0,french rap|france|Rap FR,https://www.last.fm/music/Tsew+The+Kid
TUNISIANO,Tunisiano,4544414e-96cb-404a-a674-eccf4bf35a6c,20215.0,216460.0,french|Hip-Hop|rap francais|hip hop|french rap,https://www.last.fm/music/Tunisiano
TWENTY ONE PILOTS,Twenty One Pilots,a6c6897a-7415-4f8d-b5a5-3a5e05f3be67,3403829.0,442907911.0,electronic|alternative|rap|indie pop|indie,https://www.last.fm/music/Twenty+One+Pilots
TWO FEET,Two Feet,dffd8e78-761d-4997-9d73-24983e29a6dc,1120965.0,22644050.0,indie|blues rock|electronic|american|Jazz and Blues,https://www.last.fm/music/Two+Feet
TWOCOLORS,twocolors,69f3c930-4e8b-4798-9b36-08bd8ffa930c,294464.0,3230023.0,C|dance|german|pop|House,https://www.last.fm/music/twocolors
TY DOL,,,,,,
TY DOLLA $IGN,Ty Dolla $ign,7bd66c18-cb33-49aa-9279-140acedbdb49,1703430.0,31107611.0,Hip-Hop|rap|rnb|hip hop|cloud rnb,https://www.last.fm/music/Ty+Dolla+$ign
TY DOLLA $iGN,Ty Dolla $ign,7bd66c18-cb33-49aa-9279-140acedbdb49,1703430.0,31107611.0,Hip-Hop|rap|rnb|hip hop|cloud rnb,https://www.last.fm/music/Ty+Dolla+$ign
TYGA,Tyga,ce09ea31-3d4a-4487-a797-e315175457a0,2762768.0,38801885.0,Hip-Hop|rap|hip hop|tyga|west coast,https://www.last.fm/music/Tyga
TYLER,Tyler,7e004a01-c7e9-4e4f-8cc3-215761d57075,21388.0,218823.0,japanese|austrian|j-urban|rock|hardcore hip hop,https://www.last.fm/music/Tyler
U 2,U2,a3cb23fc-acd3-4ce0-8f36-1e5aa6a18432,5056063.0,231494933.0,rock|classic rock|irish|alternative|pop,https://www.last.fm/music/U2
U2,U2,a3cb23fc-acd3-4ce0-8f36-1e5aa6a18432,5056063.0,231494933.0,rock|classic rock|irish|alternative|pop,https://www.last.fm/music/U2
UB 40,UB40,7113aab7-628f-4050-ae49-dbecac110ca8,1448878.0,18849600.0,reggae|80s|ska|pop|british,https://www.last.fm/music/UB40
ULTIMATE KAOS,Ultimate Kaos,7005302b-22de-4399-a102-20bea816ad02,29501.0,170470.0,pop|rnb|90s|USA|boyband,https://www.last.fm/music/Ultimate+Kaos
ULTRA NATE,Ultra Naté,0004537a-4b12-43eb-a023-04009e738d2e,286481.0,1750574.0,House|dance|female vocalists|electronic|90s,https://www.last.fm/music/Ultra+Nat%C3%A9
ULTRA VOMIT,Ultra vomit,,52423.0,1922172.0,grindcore|death metal|french|metal|goregrind,https://www.last.fm/music/Ultra+vomit
UMBERTO TOZZI,Umberto Tozzi,76dffaaa-57c7-4b86-8ea1-bcf351dc950c,253185.0,2000782.0,italian|pop|80s|italian pop|Italy,https://www.last.fm/music/Umberto+Tozzi
URBAN PEACE,URBAN PEACE,,470.0,3331.0,,https://www.last.fm/music/URBAN+PEACE
URBAN SPECIES,Urban Species,e2a02b0b-ce39-46d8-82fb-2a0fdeff929e,112835.0,649419.0,acid jazz|trip-hop|downtempo|Hip-Hop|rap,https://www.last.fm/music/Urban+Species
USHER,Usher,3414d446-735a-443c-931f-10634f57e5b9,5058999.0,104586850.0,rnb|Hip-Hop|pop|soul|rap,https://www.last.fm/music/Usher
UZI,Uzi,6d59f31a-4c22-42b1-8fb3-31993745609c,111918.0,12824683.0,no wave|post-punk|rap|hard rock|Horrorcore,https://www.last.fm/music/Uzi
VACRA,Vacra,1a22b304-afa9-4d5c-ab0d-c6d717534af7,55933.0,1151954.0,rnb|french|france,https://www.last.fm/music/Vacra
VALD,Vald,062ab94e-b7a5-47a9-b3f4-cc1750c3f859,83619.0,13553942.0,Hip-Hop|french|rap|gaspard-core|french rap,https://www.last.fm/music/Vald
VANCE JOY,Vance Joy,df36f6db-5987-46ed-9d02-0cf36ed4e060,2469217.0,50635699.0,folk|indie|australian|singer-songwriter|acoustic,https://www.last.fm/music/Vance+Joy
VANESSA,Vanessa,da2c7286-4c83-406f-b101-67ef6ed34083,46127.0,500632.0,ebm|electronic|Czech|eurobeat|visual kei,https://www.last.fm/music/Vanessa
VANESSA CARLTON,Vanessa Carlton,c1a61bb0-e4fe-4064-bc8d-954a2dafda79,1789873.0,20833717.0,pop|female vocalists|piano|singer-songwriter|rock,https://www.last.fm/music/Vanessa+Carlton
VANESSA PARADIS,Vanessa Paradis,46193c80-959a-499d-b42f-f33ba7b9b18e,627144.0,8010644.0,french|pop|female vocalists|chanson francaise|french pop,https://www.last.fm/music/Vanessa+Paradis
VANGELIS,Vangelis,57fca0e2-f9ad-4ae6-af9d-6a6f50cbcd5f,1367451.0,35586784.0,electronic|new age|ambient|Soundtrack|instrumental,https://www.last.fm/music/Vangelis
VANILLE,Vanilla,db22b691-1110-4080-b8fe-53eea378210e,385385.0,4937578.0,screamo|instrumental hip-hop|emo|Hip-Hop|french,https://www.last.fm/music/Vanilla
VARIOUS,Various Artists,4e46dd54-81a6-4a75-a666-d0e447861e3f,394823.0,3784611.0,,https://www.last.fm/music/Various+Artists
VARIOUS ARTISTS,Various Artists,4e46dd54-81a6-4a75-a666-d0e447861e3f,394823.0,3784611.0,,https://www.last.fm/music/Various+Artists
VAYA CON DIOS,Vaya Con Dios,3f31e084-41f5-4a74-93e6-19bdafcf237d,310272.0,4247881.0,female vocalists|jazz|pop|blues|90s,https://www.last.fm/music/Vaya+Con+Dios
VAYN,vayn,,40.0,3383.0,,https://www.last.fm/music/vayn
VEGEDREAM,Vegedream,02f5184f-f0fa-4088-aba7-cd0f3bf01b05,237357.0,3100840.0,hip hop|france|rnb|urban pop,https://www.last.fm/music/Vegedream
VEGETA,Vegeta,9e85a408-fd5d-4ed6-a1b5-cd17e7cbcb2b,12991.0,54913.0,saiyans whose power levels are over 9000|Oprah|sayian|vegeta|9000,https://www.last.fm/music/Vegeta
VEN1,ven1,,27552.0,846015.0,,https://www.last.fm/music/ven1
VENDREDI SUR MER,Vendredi sur Mer,2c430199-2dbe-42b1-8dd4-45b85a919136,536886.0,7930207.0,swiss|electronic|french|switzerland|female vocalists,https://www.last.fm/music/Vendredi+sur+Mer
VENGABOYS,Vengaboys,90c7177f-4be5-413d-aabd-d228934c2b9b,1132188.0,10877133.0,eurodance|dance|pop|90s|dutch,https://www.last.fm/music/Vengaboys
VERONIQUE,Veronique,13a82d42-7fc2-4fff-a193-84fd506c1f1b,2356.0,9396.0,House|pop|eurobeat|dance|Italo Disco,https://www.last.fm/music/Veronique
VERONIQUE SANSON,Véronique Sanson,f1dc86d6-9f45-4736-8884-7fcafbccd876,127772.0,1410997.0,chanson francaise|female vocalists|french|french pop|french female,https://www.last.fm/music/V%C3%A9ronique+Sanson
VIANNEY,Vianney,6270c326-e810-476a-bc90-8ab0ba5de61d,105767.0,1514279.0,french|All|chanson|pop|france,https://www.last.fm/music/Vianney
VICTOR THOMPSON,Victor Thompson,26e469d7-bb07-4354-9d11-2e4ca10306ae,99155.0,933579.0,nigeria|gospel|african|singer-songwriter|nigerian,https://www.last.fm/music/Victor+Thompson
VICTORIA ABRIL,Victoria Abril,8e679c74-7a66-464a-9151-ef4b5029e684,4698.0,50359.0,female vocalists|Bossa Nova|90s|spanish|actresses,https://www.last.fm/music/Victoria+Abril
VIDEOCLUB,Videoclub,f2c2f675-1ceb-4051-82fd-a55012a2edbc,760908.0,15172561.0,french|indie|synthpop|france|post-punk,https://www.last.fm/music/Videoclub
VIGON BAMY JAY,Vigon Bamy Jay,b2b8ca42-074c-4504-9518-5c29d377abe8,987.0,10182.0,,https://www.last.fm/music/Vigon+Bamy+Jay
VINAI,Vinai,,243084.0,2715378.0,electronic|House|italian|Italy|EDM,https://www.last.fm/music/Vinai
VINCENT DELERM,Vincent Delerm,4d97ef49-cc61-43a5-bd68-9f5053308968,173390.0,1705813.0,french|singer-songwriter|chanson francaise|chanson|nouvelle scene francaise,https://www.last.fm/music/Vincent+Delerm
VINCENT NICLO,Vincent Niclo,5d2f4cff-e1e8-4521-b326-1e8e01ff3044,2872.0,25898.0,french|male|Comedie Musicale|male vocalists,https://www.last.fm/music/Vincent+Niclo
VINCENT NICLO ET LES PRÊTRES ORTHODOXES,Vincent Niclo et les Prêtres Orthodoxes,,1.0,1.0,,https://www.last.fm/music/Vincent+Niclo+et+les+Pr%C3%AAtres+Orthodoxes
VINCENZO,Vincenzo,fba73ef3-fd4c-4a4e-ae5a-d5fb2b95d16e,54268.0,356921.0,deep house|tech house|House|electronic|minimal,https://www.last.fm/music/Vincenzo
VITAA,Vitaa,aad54e51-0619-4b21-a69b-d0901d2ef7e0,109704.0,1856557.0,french|rnb|female vocalists|french rnb|pop,https://www.last.fm/music/Vitaa
VLADIMIR CAUCHEMAR,Vladimir Cauchemar,fb5b5da8-61f3-445e-8e2d-f9873b330b13,108655.0,1361108.0,france|electronic|flute|instrumental|techno,https://www.last.fm/music/Vladimir+Cauchemar
VOCE DE CORSICA,Voce De Corsica,,1.0,3.0,,https://www.last.fm/music/Voce+De+Corsica
VOLTS FACE,Volts Face,5ee10f37-785c-4d10-96ce-6c3761381b70,2013.0,24426.0,rap|french rap|rap francais|french|free palestine,https://www.last.fm/music/Volts+Face
VONDA SHEPARD,Vonda Shepard,31e82ae9-f414-4a68-a0bf-d2719368166d,158015.0,1911461.0,female vocalists|pop|soul|singer-songwriter|Soundtrack,https://www.last.fm/music/Vonda+Shepard
VOX ANGELI,Vox Angeli,90a67601-83ea-4101-a420-150a64912097,9357.0,167064.0,Classical|contemporary classical|vocal|france|angelic,https://www.last.fm/music/Vox+Angeli
VUILLEMIN,Vuillemin,,5.0,24.0,,https://www.last.fm/music/Vuillemin
VULA,Vula,20210241-f26b-4bd3-83d4-bcd0cc153b12,2168.0,10392.0,rnb|soul|House|female vocalist|Neo Soul,https://www.last.fm/music/Vula
VÉRONIQUE SANSON,Véronique Sanson,f1dc86d6-9f45-4736-8884-7fcafbccd876,127772.0,1410997.0,chanson francaise|female vocalists|french|french pop|french female,https://www.last.fm/music/V%C3%A9ronique+Sanson
VØJ,VØj,,365328.0,5941501.0,Ukrainian|electronic|synthwave|phonk|Ukraine,https://www.last.fm/music/V%C3%98j
W. Houston,Whitney Houston,0307edfc-437c-4b48-8700-80680e66a228,3253445.0,63376631.0,pop|soul|female vocalists|rnb|80s,https://www.last.fm/music/Whitney+Houston
WALDECK,Waldeck,8f389bf5-a950-4a2f-a962-daf08151ee33,644645.0,10888836.0,trip-hop|downtempo|electronic|chillout|lounge,https://www.last.fm/music/Waldeck
WALLEN,Wallen,b2ad35e2-a906-4fe9-b305-b576f05e161c,13691.0,163471.0,rnb|french|Hip-Hop|french rnb|rap,https://www.last.fm/music/Wallen
WAMDUE PROJECT,Wamdue Project,355e35eb-86d4-454d-ac9c-656a2271181d,319548.0,2062614.0,electronic|House|dance|electro|electronica,https://www.last.fm/music/Wamdue+Project
WARREN G,Warren G,85d7666c-d3ce-4e2c-8b1b-f20db7cdae4f,1150227.0,11503001.0,G-funk|Hip-Hop|rap|west coast|hip hop,https://www.last.fm/music/Warren+G
WASSILA,Wassila,90a52ffe-230d-4641-a9e5-5e0ba5bc7ebf,4132.0,41820.0,french|france|Franconville|Pop Urbaine,https://www.last.fm/music/Wassila
WAXX,Waxx,dac9c8b0-448e-4a64-b8be-21a497438459,37776.0,218805.0,german|rock|Female fronted metal|heavy metal|germany,https://www.last.fm/music/Waxx
WAZOO,Wazoo,7ed9859a-2366-410b-9e0d-d90ebc90f547,3805.0,26222.0,folk rock|french celtic rock|Psychedelic Rock|french|USA,https://www.last.fm/music/Wazoo
WEJDENE,Wejdene,0052c396-de2c-4fca-8bd8-d30f73cc92d7,35828.0,606472.0,rnb|rap|pop|french|booba,https://www.last.fm/music/Wejdene
WERENOI,WeRenoi,6fcc034a-f0a7-4084-a205-b6622ff9cfd0,111347.0,8806859.0,pop|Hip-Hop|artiste|france,https://www.last.fm/music/WeRenoi
WES,Wes,26dc1641-9e83-46bb-ba77-bf331ca41bfb,171141.0,1915446.0,african|World Music|dance|pop|world,https://www.last.fm/music/Wes
WESTLIFE,Westlife,5f000e69-3cfd-4871-8f1b-faa7f0d4bcbc,981199.0,23822042.0,pop|boybands|irish|westlife|boyband,https://www.last.fm/music/Westlife
WET WET WET,Wet Wet Wet,45bbfc68-2523-49e4-96f7-d7d1c3d41aac,503029.0,3773908.0,pop|80s|soft rock|Scottish|rock,https://www.last.fm/music/Wet+Wet+Wet
WEZOL,Wezol,,18.0,49.0,,https://www.last.fm/music/Wezol
WHAM,Wham!,d570bb31-b9ca-45a4-a2d9-11b186d9c159,3309527.0,44171595.0,pop|80s|new wave|british|dance,https://www.last.fm/music/Wham%21
WHAT FOR,What For,a500dd07-7727-4031-a71a-c2d7b0a24788,444.0,2699.0,,https://www.last.fm/music/What+For
WHIGFIELD,Whigfield,b72bd66f-178f-4c86-b625-a077408140eb,406931.0,2469135.0,eurodance|dance|90s|pop|female vocalists,https://www.last.fm/music/Whigfield
WHITE TOWN,White Town,b9068fde-91c8-48bf-8655-8d74c24ef4c5,736877.0,5321356.0,electronic|90s|alternative|indie|electronica,https://www.last.fm/music/White+Town
WHITNEY HOUSTON,Whitney Houston,0307edfc-437c-4b48-8700-80680e66a228,3253445.0,63376631.0,pop|soul|female vocalists|rnb|80s,https://www.last.fm/music/Whitney+Houston
WILEY,Wiley,d0f61299-9caa-4e6b-8b10-2839de120b27,695938.0,9829551.0,Grime|Hip-Hop|rap|UK|eski,https://www.last.fm/music/Wiley
WILL SMITH,Will Smith,5bae7081-64ef-4473-825a-38d310deb14c,1954862.0,20628231.0,Hip-Hop|rap|pop|rnb|hip hop,https://www.last.fm/music/Will+Smith
WILLIAM SHELLER,William Sheller,ecd76a79-59a4-4f29-8ddd-302b14100d1e,63351.0,773398.0,chanson francaise|french|new age|france|chanson,https://www.last.fm/music/William+Sheller
WILLIAM SINGE,William Singe,6aab3dc0-d0da-4f48-ab2b-77a03be1638e,144846.0,1546932.0,rnb|pop|trap|sexy|sex,https://www.last.fm/music/William+Singe
WILLY DENZEY,Willy Denzey,bf03911d-67a4-4c47-bc6c-be32f9b1743b,14153.0,89436.0,rnb|Hip-Hop|french|soul|pop,https://www.last.fm/music/Willy+Denzey
WILLY WILLIA,Willy Willia,,1.0,1.0,,https://www.last.fm/music/Willy+Willia
WILLY WILLIAM,Willy William,afd6e960-0e48-444d-b65d-99e85cae90ba,158612.0,1149566.0,jamaican|pop|french|dance|jamaica,https://www.last.fm/music/Willy+William
WILSKO,Wilsko,,691.0,5549.0,,https://www.last.fm/music/Wilsko
WISIN,Wisin,6a6eea03-b435-446c-bab1-312b45580aee,458122.0,5271883.0,Reggaeton|latin|puerto rico|dance|Puerto Rican,https://www.last.fm/music/Wisin
WIXO,wixo,,47.0,339.0,,https://www.last.fm/music/wixo
WIZ KHALIFA,Wiz Khalifa,f5dfa020-ad69-41cd-b3d4-fd7af0414e94,3924152.0,89590383.0,Hip-Hop|rap|hip hop|underground hip-hop|pittsburgh,https://www.last.fm/music/Wiz+Khalifa
WIZKID,Wizkid,efc5d365-a448-4e2f-9b5f-4a7c84be725c,606950.0,14771712.0,afrobeat|Hip-Hop|afrobeats|nigeria|afropop,https://www.last.fm/music/Wizkid
WIZTHEMC,WizTheMc,ad5b82cc-e892-4eaa-993a-243a87a1d68e,664928.0,7166545.0,rap|Hip-Hop|south african|hip hop|emo rap,https://www.last.fm/music/WizTheMc
WOLFGANG AMADEUS MOZART,Wolfgang Amadeus Mozart,b972f589-fb0e-474e-b64a-803b0364fa75,2510520.0,68296303.0,Classical|instrumental|composers|classic|piano,https://www.last.fm/music/Wolfgang+Amadeus+Mozart
WORAKLS,Worakls,272deaa4-4699-46ee-abe8-c63f495142d7,214230.0,3876431.0,minimal|techno|minimal techno|electronic|instrumental,https://www.last.fm/music/Worakls
WORLD?S APART,World?s Apart,,1.0,14.0,,https://www.last.fm/music/World%3Fs+Apart
WORLDS APART,Worlds Apart,5b837ed3-7a44-4ffe-8490-ff4ce0590ada,23967.0,179521.0,pop|90s|dance|hardcore|boybands,https://www.last.fm/music/Worlds+Apart
WYCLEF JEAN,Wyclef Jean,4f29ecd7-21a5-4c03-b9ba-d0cfe9488f8c,872227.0,9239782.0,Hip-Hop|reggae|rap|rnb|hip hop,https://www.last.fm/music/Wyclef+Jean
X AMBASSADORS,X Ambassadors,298f4089-1948-44b5-b5e8-d5381f42362f,1137057.0,17267322.0,indie|pop|indie pop|electronic|alternative,https://www.last.fm/music/X+Ambassadors
XXXTENTACION,XXXTENTACION,61af87f4-16ee-4431-8504-cc06187079fb,2846148.0,345458084.0,Hip-Hop|rap|cloud rap|trap|emo rap,https://www.last.fm/music/XXXTENTACION
YA LEVIS,Ya Levis,,30132.0,475760.0,afropop|french|rnb|congo|Congolese,https://www.last.fm/music/Ya+Levis
YALL,yall,,193122.0,1273745.0,math rock|spain|noise rock|House|dance,https://www.last.fm/music/yall
YANISS ODUA,Yaniss Odua,c332d8d7-9f93-40eb-891b-05d060850d65,22649.0,196384.0,reggae|dancehall|french|ragga|Hip-Hop,https://www.last.fm/music/Yaniss+Odua
YANN TIERSEN,Yann Tiersen,12d432a3-feb0-49b1-a107-d20751880764,1934604.0,98728103.0,instrumental|Soundtrack|french|piano|Classical,https://www.last.fm/music/Yann+Tiersen
YANNICK NOAH,Yannick Noah,fe87035a-eef5-4cde-9961-747f0492c5d7,63391.0,648062.0,french|reggae|chanson francaise|pop|french pop,https://www.last.fm/music/Yannick+Noah
YANNS,yAnNs,,23773.0,288368.0,french|artistes,https://www.last.fm/music/yAnNs
YARO,Yaro,a8428c59-15b2-40c6-83f8-47bf7d835b8e,37419.0,437373.0,funk|Hip-Hop|pop|polish|poland,https://www.last.fm/music/Yaro
YBN CORDAE,YBN Cordae,,166864.0,4017886.0,Hip-Hop|rap|trap|hip hop|North Carolina,https://www.last.fm/music/YBN+Cordae
YELLE,Yelle,063b295f-6712-442d-a20c-3a7a4d709c2c,845130.0,19182209.0,french|electronic|electropop|female vocalists|electro,https://www.last.fm/music/Yelle
YG PABLO,YG Pablo,3ec48688-f91b-45ee-b7cc-1f04fec8e8b7,56826.0,1304273.0,French hip hop,https://www.last.fm/music/YG+Pablo
YL,YL,16973b19-d763-4689-87bd-9fe321550fc8,38466.0,893084.0,france|french|Lo-Fi|rap|underground hip-hop,https://www.last.fm/music/YL
YNG LVCAS,Yng Lvcas,311b9571-3ead-4609-b237-196bd4728870,301270.0,3588851.0,Reggaeton|rap|Hip-Hop|latin|mexico,https://www.last.fm/music/Yng+Lvcas
YODELICE,Yodelice,c250041c-a4d5-49f9-8400-c9575721b2dc,114478.0,1701521.0,folk|french|indie|male vocalists|Pop Folk,https://www.last.fm/music/Yodelice
YORSSY,Yorssy,04285342-3995-4c1b-b508-9af9f0ce5980,23893.0,461631.0,rap|french|french rap|france|Nouvelle eCole,https://www.last.fm/music/Yorssy
YOUNG,Young,e5c4703c-1743-4cda-8a5a-4a35f5c198fa,18410.0,143255.0,danish|rap|rapcore|vietnamese|Need to Rate,https://www.last.fm/music/Young
YOUNG T,Young T,83fa1a6f-291b-442b-a5e8-e15edd7bcab7,2038.0,10675.0,rap|Hip-Hop|dirty,https://www.last.fm/music/Young+T
YOUNG THUG,Young Thug,1a9cc1a5-51f1-4deb-91fe-da866f6cc6ce,1896045.0,197633589.0,Hip-Hop|trap|rap|atlanta|hip hop,https://www.last.fm/music/Young+Thug
YOUNOTUS,Younotus,,176833.0,1780421.0,germany|C|EDM|german|House,https://www.last.fm/music/Younotus
YOURI,Youri,0a5b99d9-9a67-401e-b521-d6cb666e2b90,11778.0,344742.0,,https://www.last.fm/music/Youri
YOUSSOU N' DOUR,Youssou N'Dour,,292967.0,2344308.0,african|senegal|world|World Music|africa,https://www.last.fm/music/Youssou+N%27Dour
YOUSSOU'N DOUR,Youssou N'Dour,,292967.0,2344308.0,african|senegal|world|World Music|africa,https://www.last.fm/music/Youssou+N%27Dour
YOUSSOU'N' DOUR,Youssou'n' Dour,,1.0,56.0,,https://www.last.fm/music/Youssou%27n%27+Dour
YOUSSOUPHA,Youssoupha,6fabf3aa-1822-49f2-b6c7-57560464696f,103409.0,1750793.0,rap|french rap|rap francais|Hip-Hop|french,https://www.last.fm/music/Youssoupha
YSEULT,Yseult,50a948ac-3bf7-4097-ab73-773bc3cb8fed,137583.0,1857748.0,soul|french|pop|indie|female vocalists,https://www.last.fm/music/Yseult
YUNG BLEU,Yung Bleu,,331465.0,4255909.0,rap|rnb|soul|Hip-Hop|trap,https://www.last.fm/music/Yung+Bleu
YURI BUENAVENTURA,Yuri Buenaventura,4b33cf77-1ced-42e2-955c-ace858710b69,58902.0,316700.0,salsa|latin|Colombia|yuri buenaventura|french,https://www.last.fm/music/Yuri+Buenaventura
YUZMV,yuzmv,,22446.0,973606.0,Rap FR,https://www.last.fm/music/yuzmv
YVES DUTEIL,Yves Duteil,b8fb054b-86c9-4c6b-8bb1-d1b088c46e2c,59763.0,469123.0,chanson francaise|french|singer-songwriter|chanson|duteil,https://www.last.fm/music/Yves+Duteil
YVES MONTAND,Yves Montand,edd6a7c3-d174-4e5b-9134-0f0cc6e2b0a5,353097.0,2596474.0,french|chanson francaise|chanson|jazz|france,https://www.last.fm/music/Yves+Montand
YVZMV,,,,,,
Z Z TOP,ZZ Top,a81259a0-a2f5-464b-866e-71220f2739f1,2247360.0,47778351.0,blues rock|classic rock|hard rock|Southern Rock|rock,https://www.last.fm/music/ZZ+Top
ZACARI,Zacari,870df552-bcb0-46a6-b17b-f5f04ff04936,297259.0,2511296.0,rnb|electro|soul|rap|California,https://www.last.fm/music/Zacari
ZAHO,Zaho,463814cb-001d-4950-98d2-8822ff765906,94522.0,1583375.0,french|rnb|Hip-Hop|female vocalists|urban,https://www.last.fm/music/Zaho
ZAHO DE SAGAZAN,Zaho de Sagazan,87685458-1aef-49b7-945b-03a892d9c482,101033.0,2326912.0,french|synthpop|chanson|singer-songwriter|france,https://www.last.fm/music/Zaho+de+Sagazan
ZAK ABEL,Zak Abel,5a987ece-66c5-4781-a2b1-45de0cb23554,161340.0,1349222.0,pop|electronic|soul|dance|british,https://www.last.fm/music/Zak+Abel
ZAMDANE,Zamdane,64baacc9-13bb-4722-bf2e-10f2b4073fa0,42102.0,5239967.0,morocco,https://www.last.fm/music/Zamdane
ZARA LARSON,Zara Larson,,753.0,5562.0,,https://www.last.fm/music/Zara+Larson
ZARA LARSSON,Zara Larsson,134e6410-6954-45d1-bd4a-0f2d2ad5471d,2374905.0,91606808.0,pop|swedish|female vocalists|Sweden|indie,https://www.last.fm/music/Zara+Larsson
ZAY HILFIGERRR,Zay Hilfigerrr,f69e3f10-4f8d-4847-89b0-5805a9fa9f7b,182829.0,662164.0,american|detroit|Zay Hilfigerrr|United States,https://www.last.fm/music/Zay+Hilfigerrr
ZAYION MCCALL,Zayion McCall,6ff43b66-585e-4ad8-b6bd-c31179eea446,4186.0,17633.0,,https://www.last.fm/music/Zayion+McCall
ZAYN,ZAYN,,2284078.0,122093715.0,pop|rnb|british|male vocalists|sexy,https://www.last.fm/music/ZAYN
ZAZ,Zaz,e3214827-bd09-4d53-a88c-893d61556352,585294.0,16278019.0,jazz|french|female vocalists|chanson|French jazz,https://www.last.fm/music/Zaz
ZAZIE,Zazie,932cb13f-677c-4e63-beb1-fca45574d280,208556.0,3718773.0,french|female vocalists|pop|chanson francaise|french pop,https://www.last.fm/music/Zazie
ZEBDA,Zebda,8eebc0a9-653e-4b12-bfb6-471a95f8cf73,128647.0,1197839.0,ska|french|chanson francaise|world|francais,https://www.last.fm/music/Zebda
ZED,Zed,1964ed35-f6c9-4e00-ad56-160aefb633ce,71218.0,1767688.0,Post-Metal|Stoner Rock|New Zealand|rock|Sludge,https://www.last.fm/music/Zed
ZEDD,Zedd,56c4b861-0922-4c3a-a9b9-3bfcb00f8274,2638878.0,63250650.0,electro house|electronic|House|electro|dubstep,https://www.last.fm/music/Zedd
ZEEBA,Zeeba,52a4f10e-4552-426c-9fd3-2f11021db808,93965.0,864398.0,pop|eletronic|brazilian,https://www.last.fm/music/Zeeba
ZEG P,Zeg P,79d1ee31-4c17-44cf-a32b-b6869c4a78de,48446.0,591868.0,,https://www.last.fm/music/Zeg+P
ZENDAYA,Zendaya,5b946a83-b395-4016-b67f-c71690f9a866,540309.0,5467883.0,pop|dance|female vocalists|rnb|Disney,https://www.last.fm/music/Zendaya
ZERB,zerb,,399856.0,4141391.0,House|electronic|acid house|brazil|deep house,https://www.last.fm/music/zerb
ZHI VAGO,Zhi-Vago,,28913.0,168651.0,trance|dance|eurodance|dream house|90s,https://www.last.fm/music/Zhi-Vago
ZIAK,Ziak,51e4cbfd-4484-4e15-933c-f89ae74cb962,65361.0,6141348.0,drill|rap|france|hip hop|UK Drill,https://www.last.fm/music/Ziak
ZION,Zion,87167cb6-e8c5-4342-920b-9592c607e649,337721.0,3604222.0,Reggaeton|latin|psytrance|electronic|heavy metal,https://www.last.fm/music/Zion
ZKR,ZKR,f6e6bdb9-78fa-4953-9396-40431d75379a,32950.0,1321407.0,Hip-Hop,https://www.last.fm/music/ZKR
ZOKUSH,ZOKUSH,,13651.0,273762.0,,https://www.last.fm/music/ZOKUSH
ZOLA,Zola,bf7127d0-85b4-418c-89f1-316cdff30918,120684.0,6555861.0,Kwaito|Hip-Hop|south africa|All|african hip hop,https://www.last.fm/music/Zola
ZOUFRIS MARACAS,Zoufris Maracas,f6d410db-cc51-4ee8-aa8d-792ca5f7eb86,65324.0,741012.0,french|france|chanson|french pop|cumbia,https://www.last.fm/music/Zoufris+Maracas
ZOXEA,Zoxea,f9e375f0-fc94-431d-a7d9-124480c3e2b9,15283.0,117516.0,french rap|rap francais|Hip-Hop|french|rap,https://www.last.fm/music/Zoxea
ZUCCHERO,Zucchero,00ed154e-8679-42f0-8f42-e59bd7e185af,384665.0,5635104.0,italian|rock|blues|pop|soft rock,https://www.last.fm/music/Zucchero
ZURNACI HOGIR,Zurnacı Hogır,,3.0,3.0,,https://www.last.fm/music/Zurnac%C4%B1+Hog%C4%B1r
ZZ TOP,ZZ Top,a81259a0-a2f5-464b-866e-71220f2739f1,2247360.0,47778351.0,blues rock|classic rock|hard rock|Southern Rock|rock,https://www.last.fm/music/ZZ+Top
ZZOILO,zzoilo,,162172.0,1994673.0,spanish|pop|spain|singer-songwriter|singer-songwritter,https://www.last.fm/music/zzoilo
t.A.T.u,t.A.T.u.,7c20f558-d664-42bd-b6f1-81acf9dbb72d,2286930.0,50329237.0,pop|russian|electronic|female vocalists|dance,https://www.last.fm/music/t.A.T.u.
the OFFSPRING,The Offspring,23a03e33-a603-404e-bcbf-2c00159d7067,4599068.0,215411399.0,punk rock|punk|rock|alternative rock|alternative,https://www.last.fm/music/The+Offspring
ÖWNBOSS,Öwnboss,bdc0e938-b163-45c6-b649-05727f346850,347489.0,3192754.0,electronic|House|deep house|brazilian|EDM,https://www.last.fm/music/%C3%96wnboss
ØDYSSEY,Ødyssey,c7de2423-faf0-49e3-bdef-1c38c8d94531,27462.0,143739.0,,https://www.last.fm/music/%C3%98dyssey
