artist,emb_0,emb_1,emb_2,emb_3,emb_4,emb_5,emb_6,emb_7,emb_8,emb_9,emb_10,emb_11,emb_12,emb_13,emb_14,emb_15,emb_16,emb_17,emb_18,emb_19,emb_20,emb_21,emb_22,emb_23,emb_24,emb_25,emb_26,emb_27,emb_28,emb_29,emb_30,emb_31,log_listeners,log_playcount,n_tags,has_lastfm,genre_rap_hiphop,genre_pop,genre_rock,genre_electronic,genre_rnb_soul,genre_chanson_fr,genre_metal,genre_jazz,genre_reggae_latin,genre_classical
NAPS,197.10762,52.366547,-93.569466,118.68907,55.273785,-59.734394,26.135746,-22.658718,26.467007,-35.59501,-28.49639,-35.271603,62.63475,-27.483133,53.9683,-22.578096,-25.420515,-6.2415338,-21.831995,5.474816,9.152125,8.857773,1.7027522,-1.1443585,-4.968457,9.49728,-29.57629,-8.459125,-19.966986,14.932815,-0.2012231,-4.647794,11.538261772783397,15.35498105276698,5,1,0,0,0,1,0,0,0,0,0,0
KALIF HARDCORE,42.010307,23.462584,-4.180495,139.37186,254.70343,-6.134839,5.7856984,-0.6452485,8.427954,-9.121837,-6.074898,-11.591196,15.082334,-11.805543,12.098884,-20.307034,-17.486876,-0.39150867,-37.320316,5.4894757,-0.2807471,6.4925365,-1.6494039,31.822083,0.6354384,-5.7771187,-6.8051143,14.748931,7.0652533,5.6763835,-0.49252436,-0.42702055,8.068716192714781,10.457631253015656,3,1,1,0,0,0,0,0,0,0,0,0
JUL,661.7588,201.50436,-91.4421,100.02367,37.9918,-66.39129,16.564756,-51.54857,-19.058174,-56.996452,-45.354607,4.849385,10.789282,-5.007534,-10.982096,-17.474087,46.271442,-0.13120909,2.052899,4.066614,-79.872375,9.192592,3.350407,-7.7514477,-7.135521,41.662106,-19.307003,28.933878,-36.182884,-5.9194713,24.25724,-22.08079,12.226086034928189,16.687375392111086,5,1,1,0,0,0,0,0,0,0,0,0
SCH,533.98096,-142.05872,-26.61265,53.34714,-9.878321,-1.806026,14.4035225,7.520572,-30.811716,12.788527,20.273071,-16.358742,18.670341,-29.923773,-4.604704,-12.350363,30.045126,4.855816,-2.4529963,18.048265,3.838644,26.93257,-17.074905,15.476005,-42.17691,-32.930134,-3.8365366,1.0410862,-4.211686,-36.173283,16.380512,-2.7130773,11.615391796514718,16.569417609401324,5,1,1,0,0,0,0,0,0,0,0,0
13 ORGANISE,170.7881,53.42068,-62.477062,69.5711,-15.604413,-46.08574,15.526977,-27.12304,13.875536,-2.7090156,-15.724795,-13.819695,26.498938,-31.467619,2.8303318,-50.794403,12.029865,2.4047697,-15.809982,8.131384,11.508321,-21.420475,-0.3527401,-34.284393,-7.2470827,-10.078659,8.927349,3.97587,23.414492,7.3164334,-4.9206877,5.020164,10.0841827875855,12.44503048913874,1,1,1,0,0,0,0,0,0,0,0,0
BRULUX,281.70145,54.20674,-115.44898,72.010864,-29.399584,-22.68712,34.418793,13.055226,32.643627,-34.363132,6.7225823,-21.333591,16.92094,-0.29683936,14.2833605,31.323757,-3.7056317,25.955776,5.345984,3.5814376,-7.7074075,-11.441931,19.731567,-12.789324,8.671776,-1.2666405,-4.251837,6.8191986,11.343308,17.190662,13.333329,10.136543,9.82725424653654,12.69217413120887,0,1,0,0,0,0,0,0,0,0,0,0
DADI,179.64174,-1.3794805,-32.08145,44.79586,-8.254111,-25.057337,-4.8758607,6.036965,-9.836968,-38.081455,-35.90297,-19.177906,53.933174,10.551729,16.206516,4.205066,-40.480644,-5.32057,4.8207026,-10.687601,7.651263,15.900887,1.8786887,9.5124,-23.960215,-0.40110126,-11.802505,-15.009845,12.781884,-0.37253687,-17.402954,10.964716,9.830325286907144,12.572405303256453,3,1,1,0,0,0,0,0,0,0,0,0
DJ KAYZ,69.27224,21.60171,-31.46686,38.57015,-0.58615893,-21.461432,8.09424,-14.759003,5.775996,-18.58462,-15.802587,-9.705051,24.533781,-11.055402,26.185558,-9.702981,-9.728387,-1.3452188,-3.1681082,4.884753,5.947103,9.318857,-4.098902,-2.3697755,-22.73877,4.154225,-19.006039,-7.074651,7.382056,1.2307526,-5.4811544,6.003227,10.535716318126656,12.94345678298317,5,1,0,0,0,0,0,0,0,0,0,0
DOSSEH,158.39314,14.715777,-57.986015,53.723473,-12.376999,-28.136324,3.9475331,4.8750696,4.337382,-38.43933,-22.692663,-27.689737,38.31789,1.0120007,28.152534,22.70624,-15.854581,-9.250366,3.4242194,13.596097,15.700877,13.3397875,4.2869315,-1.5037334,-23.40674,7.600663,-17.036123,-4.41538,4.341088,10.201776,2.0798113,0.28831533,10.987696610893494,14.414172868058431,5,1,0,0,0,0,0,0,0,0,0,0
LACRIM,517.3118,117.23119,-161.34479,113.745705,-43.565395,-34.23713,14.169111,-27.99533,11.084532,-7.7837734,-8.886191,-17.48732,22.085146,4.326882,31.956287,-6.023745,-2.7351806,-14.296221,7.9199514,0.36881444,-2.1530657,-4.7716703,3.920186,2.8038118,17.87434,25.536396,-12.240218,-12.195333,-17.028671,30.19641,1.7933122,6.3037696,11.573757124176472,15.136125747652322,5,1,1,0,0,0,0,0,0,0,0,0
SOSO MANESS,284.79672,67.33658,-89.414474,80.772095,-25.573238,-41.418995,8.514564,-30.17108,-26.4481,11.090951,-14.465789,-2.3055434,36.65323,-16.384184,23.244064,-29.0998,-12.179308,24.87639,-7.2702246,21.592016,-8.431216,16.465418,18.594152,-5.8340583,-8.12025,16.290142,-3.6521883,-19.547737,-0.42932567,-11.10882,9.162752,-6.8586626,10.80018763464528,13.910084102883363,5,1,1,0,0,0,0,0,0,0,0,0
NIRO,373.81302,73.374504,-112.67458,96.62323,-32.282303,-16.65489,13.926793,10.8522,11.049353,-39.85892,4.574332,-14.78572,20.600119,7.7657766,42.34805,16.727144,-39.140877,22.711424,4.170564,-10.807989,12.175927,11.543101,15.726316,3.1335347,-18.306122,8.9690695,-22.366747,-12.236753,7.6975965,-19.009216,-9.1956215,8.108833,11.052270005116814,14.636824894321933,5,1,1,0,0,0,0,0,0,0,0,0
RK,298.98703,92.00955,-119.19537,25.213226,-6.4723716,-47.11345,8.537613,-18.94296,68.540085,-7.104255,-25.324614,-7.804419,14.363922,-22.789385,15.151658,9.784519,24.13144,19.43771,2.746328,-14.200359,-14.385986,-0.3738101,-19.539886,-3.2899368,17.46992,-20.655996,-6.200285,7.5094843,22.92811,6.2290683,-10.090114,11.435723,10.925182799100138,14.158702310841726,4,1,0,0,0,0,0,0,0,0,0,0
SADEK,306.1914,14.221496,-93.00266,96.33698,-30.643793,-14.966159,24.545256,15.568525,-26.140797,-7.898243,23.387396,-25.10751,22.147997,-19.764261,36.042347,7.742448,-29.012793,15.787579,-6.306845,37.32673,-2.4927864,2.851522,11.471674,-14.394776,-9.923131,-10.848599,-22.42121,-9.535604,21.165049,-3.427869,2.3224113,3.6230266,10.474495347310452,13.924816878684243,5,1,1,0,0,0,0,0,0,0,0,0
SASSO,223.55261,69.423744,-112.175476,76.90412,-22.731941,-59.440052,28.977043,-25.04954,32.431828,-5.252268,-8.315355,-7.531794,11.682044,-25.487974,25.84326,-17.339064,-9.76227,1.753149,-9.694534,-3.8669534,-1.3169504,-7.2721133,-4.1653743,-17.678,14.528215,-11.887245,-1.1792489,-19.86814,-0.9121659,2.503943,4.078885,1.921579,10.50078440743924,13.58921328890592,1,1,0,0,0,0,0,0,0,0,0,0
TIMAL,292.98608,82.14144,-145.8955,39.45633,-5.3732495,-38.890865,32.807175,-9.246146,78.24019,-27.13759,-8.082805,0.524292,3.505753,-16.580263,7.969409,-8.24211,-9.882276,6.5337577,2.1535687,-27.982069,-21.244827,-5.0483146,-6.109697,-5.7976294,8.91477,-16.668777,5.5431514,-5.3378577,20.06675,0.93439585,-1.6533928,8.162278,10.666906786081404,14.431166897068683,0,1,0,0,0,0,0,0,0,0,0,0
TK,136.10706,49.52292,-65.11827,52.889767,-9.866604,-40.037094,15.924199,-19.858158,18.804672,-13.941875,-14.485469,-8.208681,7.11131,-5.558613,11.599332,-22.316652,1.0692608,10.132371,-7.11892,1.893686,-1.077381,-23.992764,-8.766688,-22.607897,-12.157133,-10.614693,7.5504165,1.1289114,15.657193,-6.244472,-3.6510365,7.125733,10.71123493111663,13.627545908832785,5,1,0,0,1,0,0,0,0,0,0,0
GHETTO PHENOMENE,50.135338,38.992676,11.530861,185.21101,378.84546,-7.437352,3.8540986,4.457333,-2.861538,-0.59559673,3.2341273,0.9489904,-5.2751017,4.203511,-4.5304394,-5.209957,-1.5106112,0.80981326,-10.769291,3.066045,14.005743,3.156932,-0.088896975,14.941196,-2.0763576,-6.034499,0.13480328,15.598683,10.402226,-0.9482874,-5.5448303,7.082635,9.715469803197292,12.05845391930221,1,1,0,0,0,0,0,0,0,0,0,0
L'ALLEMAND,25.520891,25.406727,10.066582,133.8822,279.8903,-5.88286,5.6567802,4.781318,-0.04871521,0.5393979,3.2744634,-3.101085,0.12874526,-0.032693684,2.5394778,-9.041982,-11.592308,-0.27699253,-15.783569,4.0449176,0.14482406,3.2025294,-0.97285086,17.439568,4.2679586,-2.7834563,-2.5917015,10.526169,-0.84408325,2.5585122,-1.2385737,-1.8383268,0.0,0.0,0,0,0,0,0,0,0,0,0,0,0,0
LA FAMAX,24.516336,21.33515,12.6304865,134.52942,274.12793,3.9768267,-0.63296986,6.35136,3.188637,1.0845853,0.7422014,-2.8246465,0.2702403,-4.1208096,-1.5059719,-10.291026,-11.425806,-0.9183564,-24.256777,2.2423165,0.24367714,2.6209462,-0.98242986,25.457396,5.5131326,-5.6443024,1.9296982,12.391697,0.7881629,2.7008357,-0.95357263,-0.6753603,8.450412157725886,10.63021456635927,0,1,0,0,0,0,0,0,0,0,0,0
MRC,30.5107,11.41217,12.062528,118.708595,198.59848,33.754158,-16.197956,0.06660156,11.144565,-2.288632,-8.365893,-3.1580849,0.147464,-20.098335,-6.446798,-18.1786,-8.265694,0.89555156,-49.85607,1.4854271,-2.807004,2.1702278,-2.7455773,42.235737,10.352498,-9.326586,9.299,16.509665,-1.6915643,6.434302,-2.0896883,-4.006827,9.103756886573398,11.477422631927574,1,1,1,0,0,0,0,0,0,0,0,0
NINHO,935.434,150.86403,-117.3698,-48.038235,6.525626,-1.50278,-14.288823,17.421267,-1.5205125,-78.07905,-27.786938,42.11128,-48.759792,64.35993,-26.628138,5.4221954,-1.3454509,-52.710903,-29.211336,53.03037,13.250159,-46.80203,28.437809,-1.4317062,8.721426,13.880156,-27.08127,-7.4997163,1.5576847,-19.61968,-50.731678,-32.80427,12.10540111935848,16.37467606733144,5,1,1,0,0,0,0,0,0,0,0,0
DADJU,407.6363,341.6264,255.27391,-39.132195,55.97007,-6.5661793,14.193402,-45.274364,-44.014713,-31.794619,9.914397,-12.365092,-28.307852,-9.0166025,22.4615,6.8275557,-20.710056,13.045422,28.483303,-1.7881812,-11.602099,19.833164,-5.0271606,-21.631601,5.0212636,-0.85219395,31.821674,-2.8755937,-3.8614264,-18.0775,-0.17314625,-8.956952,12.032350011799585,15.385262497028345,5,1,1,0,0,0,1,0,0,0,0,0
LETO,420.1172,82.138985,-38.207443,-130.00056,47.814285,5.4540052,-19.569044,20.592472,14.041463,-33.670906,-33.662445,41.613163,-2.9408245,6.805963,18.758745,16.019852,-0.28078684,-46.927345,-4.034218,2.5205274,50.666718,16.938734,45.50828,9.263978,19.34749,-35.59116,26.951014,0.548394,3.1127493,-3.072387,0.51161766,-4.1527085,11.209114010588564,15.333167116955984,5,1,0,0,0,1,0,0,1,0,0,0
NISKA,615.29285,84.71906,-83.64659,-22.847834,-6.3080044,25.630507,-12.875944,21.382366,-13.16026,21.786083,21.360153,-37.61596,33.68123,10.319811,-1.5906911,-3.9867542,-33.761032,-60.81806,6.7141027,9.313101,31.958214,1.2062671,-21.451128,-12.7223425,10.696112,9.757103,25.572361,-16.791658,-8.310929,11.80496,-8.911141,-14.991299,11.78991305475655,15.669651692738269,5,1,1,0,0,0,0,0,0,0,0,0
KOBA LAD,367.2597,55.82218,-112.3477,-9.1399765,1.1750097,20.342402,5.796739,31.108788,33.43861,-32.50336,21.080978,-5.052862,5.437997,41.24089,19.01122,-2.3449278,11.505093,-27.535656,-6.0284586,-42.756844,52.21638,7.916437,7.023494,-8.139555,25.630878,-11.906133,12.940374,11.886432,-9.860378,7.282503,29.646755,-5.1357355,11.215650864312943,15.1284745291504,5,1,1,0,0,0,0,0,0,0,0,0
FALLY IPUPA,30.29984,12.143784,-4.2493987,-11.336988,3.4564397,0.42385983,-3.1312215,-2.8918457,-1.6422096,-17.60908,-4.1449943,9.711829,-10.934456,17.37249,-7.085264,11.943739,-6.0042543,6.9080515,-14.096519,19.529655,-0.5706957,-19.222769,-5.049852,3.513123,-2.2799118,-6.0966234,-10.636674,-11.57713,-4.2136097,-12.680177,-7.5094404,2.1895258,10.547654550874356,13.443679915867593,5,1,0,0,0,0,0,0,0,0,0,0
HORNET LA FRAPPE,455.07373,102.57344,-117.40667,103.66114,-42.94621,-62.551514,13.757622,-34.598644,0.064623594,12.975773,-9.142116,-9.460783,4.3992605,-7.1213856,-12.941027,-28.507555,5.840316,2.2734673,1.0881243,-20.110815,-3.5731847,-18.676647,16.935823,-11.633049,26.6941,41.661057,18.228186,-10.040854,-45.864452,-13.441297,-8.7586355,-2.511084,10.652187692216325,13.920629744504572,5,1,1,0,0,0,0,0,0,0,0,0
SOFIANE,386.2369,-28.84899,-23.068005,151.3479,-52.839172,60.293106,-71.04503,-8.333797,-5.176176,-20.704124,44.767143,28.177416,29.964485,-2.502781,-4.2006946,-4.2903967,-4.6797566,-1.0882478,-10.892944,-13.079836,-9.897762,5.8299117,-12.664956,11.556352,-7.2015266,1.2079191,16.100931,-32.72878,-6.540894,5.1627126,-10.089396,8.540442,10.941075139366465,14.288540852234862,5,1,1,0,0,0,0,0,0,0,0,0
YARO,32.545803,10.027919,-12.966564,-4.1193633,0.5564073,1.5202045,0.8781172,2.4110339,7.5447445,-12.753006,-2.9347026,5.8934646,-10.378639,14.340285,-8.788053,4.4872155,3.9243186,8.988058,-4.0782566,15.47837,-4.843855,-6.011638,-8.487402,6.981322,-6.6509924,0.35972524,-4.6499887,-2.6873255,-4.239809,-5.1259,6.289344,8.873856,10.52996059982808,12.988543943299842,5,1,1,1,0,0,1,0,0,0,0,0
DA UZI,438.74088,69.204056,-154.42628,45.996883,-27.747822,-20.08083,38.738583,1.7505445,48.96129,34.38613,16.214144,-43.34993,-34.92776,-55.388866,5.161278,-6.4523873,-9.826105,-3.6187606,21.857243,24.609083,11.383453,-45.727375,6.384617,-18.067581,7.9187384,-0.15580237,-2.4155629,22.999798,3.578377,-10.272007,-7.2865524,-6.4182057,10.592952963693447,14.455235864528143,4,1,1,0,0,0,0,0,0,0,0,0
KORE,40.431942,5.4063616,-12.098562,-7.968687,2.7026033,-3.9558268,-2.8300965,7.9485207,-2.8685932,-15.508147,-15.324988,5.332482,-5.840729,17.11231,-13.706021,6.760217,-3.21921,11.705987,-5.4295964,15.036212,-1.858679,-5.2286024,1.0611846,-2.788087,-1.2705603,-1.3677173,1.1561389,-0.86487067,-9.299648,-13.90041,-9.07118,7.237028,10.742897240074326,13.5447629512754,5,1,1,0,1,0,0,0,0,0,0,0
13 BLOCK,328.64127,-55.493885,-54.127342,3.732327,-8.789658,21.059948,76.84643,54.51653,-38.19973,-20.716877,14.64807,10.172117,-22.040628,-1.5560209,25.500254,-2.9463952,-5.1860347,20.679132,-19.284292,2.8862798,-11.467592,-23.61392,-19.626688,-8.403445,36.66158,-7.0834646,-27.858969,-0.34108895,2.3292282,0.42874283,13.07231,3.1251566,10.648230481739724,14.82752483873943,5,1,1,0,0,0,0,0,0,0,0,0
1PLIKE140,426.86066,-30.842907,-98.31346,-68.21053,21.856983,48.32496,76.46557,73.38269,-13.985739,8.764916,23.32064,-4.368644,-18.396908,-22.398357,2.3446176,-26.622015,-28.002653,-12.370771,-0.971589,2.356499,2.2271037,11.648801,4.2453804,-13.358859,2.9743636,14.921983,-25.99147,-19.868599,-0.42736647,-2.1062715,29.916376,-12.728454,10.572982204430843,14.663596964510075,5,1,1,0,0,0,0,0,0,0,0,0
4KEUS,257.54398,108.47029,-53.861187,-79.02602,25.967096,23.77097,-25.209246,-25.416172,0.23784405,44.36848,24.565609,0.6681514,-4.282408,7.0443406,14.044765,-0.6035444,-22.088865,14.523613,0.31680426,-8.62031,-4.2127438,-18.818575,-2.0147638,1.1642823,-17.344545,-20.00398,-1.3886322,9.222342,7.716725,-21.21127,-2.1321356,-9.439807,10.223721516281632,13.29753107291004,5,1,1,0,0,0,0,0,0,0,0,0
A2H,311.45456,-177.79436,65.400154,-5.085113,2.6869442,-38.53455,-73.45171,0.5017421,19.839722,6.016833,22.165945,-25.599133,-20.054644,26.766727,9.345094,-6.821162,9.059556,12.251259,-6.5550203,4.3374386,3.70826,-15.800333,8.163533,10.2974,8.178583,11.385253,-12.385177,-7.28696,-6.1119814,-13.150246,8.872063,-2.302875,10.58529568842608,13.654852249378536,5,1,1,0,0,0,0,0,0,0,0,0
ALONZO,360.2179,141.81491,-36.19674,89.39962,-45.982727,-33.994957,10.744922,-24.126041,-4.63139,-2.9412384,-17.717752,7.6539474,-0.37843117,25.669899,16.334143,-14.2740755,3.5065527,15.725999,-4.5114145,-17.655079,21.583467,-5.0514812,16.808178,-12.986412,14.706564,-4.514625,22.528706,17.243334,-16.3607,-11.941719,34.231316,7.168491,11.452028306018924,14.323091122215322,5,1,1,0,0,0,0,0,0,0,0,0
AMK,279.7544,34.519104,-62.833878,-68.67211,28.28223,0.6311235,-18.744732,24.238943,4.7338014,-21.303368,-53.36696,-27.6201,34.788837,8.321443,-22.81344,35.047657,-21.264673,14.990928,2.1474178,8.636328,-9.241733,22.963043,-23.835543,12.536327,6.2065806,16.4895,-2.1755931,-6.1775227,4.583249,-23.711658,5.9206023,3.273918,10.259622350622353,13.421995265555,5,1,0,0,0,0,0,0,0,0,0,0
ASHH,218.69936,-122.37528,31.259861,-21.142988,9.981014,-47.1836,-25.295563,19.347029,0.3262944,-4.399865,-37.777294,-32.20758,-9.309645,5.467907,0.5900415,-4.085172,2.794905,-5.2281437,10.619621,8.574543,-7.9165587,1.8071312,-14.9658,-1.7224154,-7.0835977,6.828015,-7.5836053,-4.1943636,11.31014,0.8877036,4.3903894,-3.2683587,10.398488625955148,13.51161373408508,0,1,0,0,0,0,0,0,0,0,0,0
BEENDO Z,255.41516,38.169727,-88.20577,-77.01693,25.17331,27.897217,21.891077,46.252445,21.244215,10.20101,30.019257,29.475243,-33.311234,-10.704474,-16.731148,-26.147196,-17.632547,11.864142,-26.543678,9.585009,6.6318617,30.551497,10.766758,-23.680319,-20.789377,-2.214735,-17.217405,-17.680212,11.3518715,-8.404689,27.9257,-3.9669607,10.367913153467802,14.09001544135142,3,1,1,0,0,0,0,0,0,0,0,0
BENAB,275.5177,99.521,-88.315216,63.550865,-32.98151,-58.940643,15.889698,-52.885933,8.234916,27.500147,-10.767048,36.058212,-26.500803,-10.570795,-7.799814,-4.8815556,-9.762806,-1.997232,2.0459843,-10.260662,13.058219,-0.6898533,-2.9281259,15.539021,6.8038845,4.3164396,8.279301,-28.742588,4.7182546,4.701915,-19.424637,3.959659,10.06130293769185,13.37231398721858,4,1,1,0,0,0,0,0,0,0,0,0
BOLEMVN,500.21112,128.11755,-110.63294,-32.572414,-0.4621182,-45.051937,-13.402286,-53.183517,-16.363232,79.896484,-17.33686,2.6737509,-10.670172,-23.112282,-16.74985,-4.0583553,-0.40790004,4.113836,-24.675825,-10.752323,-2.868404,6.5031357,2.858074,9.340431,-19.526928,-46.889435,15.904905,-6.5378456,2.502323,-8.991405,14.927221,-15.766335,10.11476093127985,13.095325115929338,4,1,1,0,0,0,0,0,0,0,0,0
BOOBA,605.4196,-32.132015,-46.10963,135.44127,-60.75646,84.03081,-26.00974,30.249224,-28.812712,2.8345158,-1.4784223,-25.137934,-8.492434,16.19071,7.060918,26.796772,-2.8344038,-23.249386,1.5677288,27.8138,-20.065231,-13.951096,-49.12664,-9.596957,-31.255898,-34.36301,-6.0188537,7.72655,2.47649,27.461964,-2.6430209,0.013274044,12.181031722286688,16.56907623395559,5,1,1,0,0,0,0,0,0,0,0,0
BOSH,51.445015,2.6872537,-13.8832245,11.366221,-7.1609764,0.19708654,3.6612751,7.1898875,-12.964234,-9.103845,4.7901363,5.181482,-5.3219986,13.399562,-2.1719375,6.3832207,3.060392,10.392043,-8.449468,0.84874487,-1.403804,1.1221371,1.9485676,1.5267094,4.295675,-1.6825774,-1.0344871,-1.5498878,-4.9113445,-3.9947643,5.9995604,3.921087,10.735178542544132,13.491731422015317,3,1,1,0,0,0,0,0,0,0,0,0
BOUSS,359.34924,135.11574,-133.34361,-27.571884,2.1166892,-12.409206,1.8165054,-23.264465,56.55875,53.068756,14.782022,-21.462454,-34.451378,-40.166943,-18.622936,29.463129,-16.122639,15.806811,13.188855,1.9287121,-8.413827,-10.128728,12.380239,12.18513,-17.640581,-16.877176,4.326086,2.1778035,23.493206,-24.59953,-3.2913883,-18.01321,10.279352190868002,14.116385224202038,4,1,0,0,0,0,0,0,0,0,0,0
BRAMSITO,378.9097,159.7492,-2.666609,4.8735495,-20.986214,-31.277191,-13.066498,-54.8762,-64.72706,21.776772,-2.9111989,24.875814,-33.6028,29.611534,-1.9135609,-0.49984944,-29.713636,19.749601,-11.406348,24.017496,-24.119709,-6.1260953,12.229785,25.658596,2.3660247,-7.126662,-2.667029,-30.580221,-7.079952,4.5457697,45.913727,-19.392029,10.158556036634712,12.92998663626027,5,1,0,1,0,0,1,0,0,0,0,0
CHILLA,215.39836,16.465782,139.47366,4.830652,-14.765809,3.3512533,-31.952263,-15.190529,14.097634,-53.53167,38.819984,-43.03332,-20.002893,2.8302357,-36.14519,-19.144789,5.6855555,-9.985442,0.30757844,-28.99639,15.73387,-3.6089854,-28.222988,-2.5698583,16.824379,-12.381442,-16.23494,-2.0201855,-18.508053,-10.932239,16.565374,14.9657345,10.322789817432314,13.231814913415183,5,1,1,0,0,0,1,0,0,0,0,0
DAMSO,463.3583,-192.44792,46.6402,-1.866462,-0.12704544,-25.669287,-51.060097,27.266184,-4.1922617,-24.353975,15.676325,-12.134686,21.628149,20.539625,-30.480736,-1.3353629,-4.4866676,15.772155,-4.8640056,7.1932573,-14.11297,0.12757793,41.335316,-14.972736,6.880586,14.351977,28.435884,5.319257,12.398374,23.12008,-11.531716,13.731925,12.033212191025717,16.922671632830944,5,1,1,0,0,0,0,0,0,0,0,0
DIAM'S,190.08879,112.175865,158.58139,80.746796,-41.027973,88.37577,-35.932972,20.5319,18.017431,-5.371574,-45.966385,0.10017626,-32.26837,5.689979,2.6712797,-23.5232,-14.705545,5.4917564,16.342857,5.3284593,2.9010918,6.1505804,-2.7116313,-17.959131,4.012877,-5.2285,-6.6399374,2.0150666,-7.2171702,-7.03557,5.06691,25.423328,11.635426243445645,14.218113574192182,5,1,1,0,0,0,0,0,0,0,0,0
DINOS,529.18176,-162.75995,13.394913,-8.81516,-2.3360152,-0.63532275,-1.2665211,17.518724,-23.787516,16.951317,-0.10068861,-55.522976,6.470551,9.703016,-10.389638,-19.744085,23.811357,14.332096,12.581016,-8.555339,-8.698786,8.909499,32.88115,26.188517,3.4273005,-40.79539,5.0614276,-32.209076,-17.115608,-16.866724,-13.601621,28.312353,11.388314169720264,15.94580121414838,5,1,1,0,0,0,0,0,0,0,0,0
DJ HAMIDA,80.06569,48.510536,6.641804,8.753786,-10.359602,-8.353428,1.5702493,-13.5151825,-8.019719,-8.5245495,-0.63018566,14.365078,-30.05042,25.202015,-10.467418,-4.107083,-3.6299927,6.6813626,0.68729055,21.507051,-2.856361,3.8524716,-5.364398,25.543522,-2.6000154,1.2986501,-2.6054208,-8.138935,5.358231,11.662054,13.336185,9.033159,10.47627337642489,13.114063024588432,5,1,1,0,0,0,0,0,0,0,0,0
DJ KAWEST,276.78046,129.45795,14.812784,-103.66982,41.935795,21.507246,-25.519783,-47.93084,-40.20954,-18.456175,-8.494852,3.8139358,20.023886,-25.172628,20.100191,-6.56057,1.4249411,14.952359,7.0794463,18.458288,-0.4912021,6.416204,-3.1477902,-19.54949,3.090636,-17.015451,1.59568,9.367548,-0.3175864,-22.431068,-6.1285625,21.999065,10.424570390754766,12.826434056364466,2,1,1,0,0,0,0,0,0,0,0,0
DJ LESKA,262.40366,160.04836,42.987804,-8.717408,-11.830593,-4.758829,-13.192906,-35.525764,-32.937733,40.011673,-22.771442,42.98207,5.644079,14.792698,22.626274,-20.873981,-28.276363,20.134747,14.449288,17.970943,3.6328862,15.92011,-10.764578,8.34162,21.841438,-1.0977648,10.301505,-2.0152063,14.975504,-3.594116,-11.74873,19.651709,10.194140208432742,12.2496971094621,1,1,0,0,0,0,0,0,0,0,0,0
FAVE,333.8371,9.399636,-32.33132,-121.037254,46.427067,20.173143,-15.003484,27.384333,-26.523684,6.4284215,-11.186468,15.5045185,24.003021,-35.267483,-24.617891,-0.8175679,-9.25734,-3.7291877,-18.68954,2.7737741,-1.361244,23.176863,14.169944,-26.977846,6.557337,-1.2361302,-3.6698017,-4.0216975,28.25027,5.1671066,2.8267121,-36.353573,11.041977389875884,14.756880169281567,5,1,1,0,0,0,0,0,0,0,0,0
FRANGLISH,413.2002,267.13367,87.24756,-139.06564,45.34707,9.082647,-11.663766,-69.32737,-19.038809,-26.12004,-0.51986986,-5.100534,-13.043625,0.6595903,9.0178585,57.321198,-13.719914,7.89379,-15.624533,8.232255,-16.837605,-23.564434,-8.273173,21.625257,13.9405985,0.97964966,-17.642967,-19.971355,-52.17199,9.061863,3.7784057,11.953582,11.401535698744173,14.419650006506924,5,1,0,1,0,0,0,0,0,0,1,0
FREEZE CORLEONE,391.7889,-135.93129,-18.444628,16.068083,-9.850313,24.36185,60.666576,33.064182,-31.870153,-2.8264272,45.97145,47.785923,-12.0100975,-34.739418,-13.1980295,-10.077447,22.188572,24.632017,-12.480233,5.2808046,9.721636,45.99538,16.920128,-11.083426,7.869512,1.5285727,-10.904867,-12.059354,-0.6016105,-6.676367,-6.2955713,-3.8144488,11.424148894579382,15.92497511451065,5,1,1,0,0,0,0,0,0,0,0,0
FRESH LADOUILLE,219.37175,51.570847,-98.97746,21.373707,-16.414324,-12.911935,33.7691,16.577559,36.408524,1.0298687,24.573559,14.160996,-29.638226,-10.755382,-9.384505,-8.755014,-5.198855,-3.3210247,1.9653885,-7.104728,-7.843322,1.7896159,-16.215788,-16.684942,-7.4988403,-17.060875,-0.91885674,-5.675051,-15.771553,8.490585,-7.5927844,0.38882813,9.433723894495,12.833662119092372,5,1,1,0,0,0,0,0,0,0,0,0
GAZO,667.789,104.82018,-82.64226,-70.81539,23.158318,-16.87796,-15.697731,6.9666176,-3.8269718,7.1829886,-12.26145,43.257153,-11.315216,-2.8852606,7.9693804,5.9742103,7.284013,-42.284702,-33.35217,-25.950645,17.722288,18.529453,10.90702,-22.610918,-6.065304,11.558325,-11.591899,11.536676,-12.663526,-12.563761,14.843445,21.00414,11.797683265904762,15.911334054674722,5,1,1,0,0,0,0,0,0,0,0,0
GENEZIO,343.26462,116.24057,-79.54432,-141.69182,50.80992,73.68128,-22.759464,-18.58904,-0.18254033,37.15114,28.221144,-21.414732,12.9174595,2.3406122,13.883278,-20.335615,5.423737,-13.90203,-1.3053882,-9.6131,1.136054,2.7938309,-2.0855026,2.3332417,-8.587813,18.387236,-7.718259,3.126512,-3.7784626,1.6044288,8.633777,-10.020087,10.422400386484735,13.72952883251969,5,1,1,0,0,0,0,0,0,0,0,0
GHOST KILLER TRACK,206.03212,-113.49792,30.150463,-41.270164,17.466301,-5.6674395,34.726414,-0.9136673,2.657614,-18.80332,-16.87484,50.377235,-20.387783,-10.640236,26.763857,-1.5791223,-10.454723,41.506027,-8.424056,-11.80207,4.402464,-15.796915,-19.896246,-2.018718,-21.397816,31.947855,16.956598,8.765567,-5.7780275,8.621711,5.324339,-22.448215,11.155807565798453,14.034805111380615,0,1,0,0,0,0,0,0,0,0,0,0
GIANNI,306.5585,-20.74847,-54.279957,36.525227,-20.59757,-14.475098,24.1922,2.9174016,-54.678986,29.084963,0.73075515,-12.830418,-6.1471562,1.4480321,-3.9770195,-3.8750362,2.8638592,24.557835,-5.728161,-12.963894,31.641733,8.651328,-7.099517,13.643504,5.818635,19.949636,12.903852,-7.7349443,-3.94885,-24.602612,-2.7885826,11.200261,10.617000927048924,13.014856114688596,5,1,1,0,0,0,0,0,0,0,0,0
GIMS,421.05664,326.0614,283.13165,9.219886,-28.353636,-12.155906,7.8575277,0.31483525,-6.894898,-12.022116,-0.61043555,5.62944,12.736869,-7.7590036,-15.303145,-44.569225,7.8486967,9.757086,1.0670155,29.30216,-9.049914,-9.554226,16.357452,-24.174921,15.90537,-7.5407777,9.665207,11.630246,-0.30221203,8.484173,-2.9156284,-30.441751,12.960380774645888,16.38187552835747,5,1,1,0,0,0,1,0,0,0,0,0
GLK,283.60855,56.33463,-74.949585,66.798996,-34.651817,-20.851868,7.893619,-14.577667,-17.614685,-3.3308802,7.2595706,9.818601,-15.03484,25.904713,2.3349807,-6.149223,8.004392,3.5542443,-16.796219,-34.430702,8.905196,11.239737,4.0299077,8.817525,21.941679,4.88529,10.334822,-15.751982,6.9701657,-6.5447626,3.389413,7.3590326,10.186106830645446,13.022370651573114,5,1,1,0,0,0,0,0,0,0,0,0
GP EXPLORER,225.41013,40.410698,3.3381906,-80.79067,36.017517,7.10908,-33.755035,-9.516897,2.3651636,-33.843388,-28.841497,29.753628,38.35607,-10.836475,7.7967734,-15.605688,46.038612,-3.8968718,16.890112,29.5143,-0.33736783,1.684209,-21.965006,-1.3245267,20.284327,-10.611702,-18.54126,-3.3233526,22.356668,-16.660906,30.64475,5.7113113,10.623787731088578,13.719489625635203,0,1,0,0,0,0,0,0,0,0,0,0
GRADUR,485.03824,21.710697,-87.34001,50.245697,-28.794405,26.402056,22.998865,20.971416,-52.903168,19.570375,14.831771,-20.735466,15.988453,13.0231695,-7.0367265,-21.732428,35.01154,-16.479918,-10.531906,-18.360216,12.093546,-17.472631,-11.654427,1.3854911,-18.65161,17.689241,2.4673605,31.354803,17.758871,15.832221,-6.82088,10.5220375,11.24877761085195,14.25936141535577,5,1,1,0,0,0,0,0,0,0,0,0
GREEN MONTANA,475.99594,-169.51665,-13.253305,-28.378056,7.564921,16.503027,49.7483,60.32171,-57.505764,2.8404088,-36.681324,-36.273827,-8.07672,2.2050889,-11.717569,-2.9834073,2.113639,16.205353,-3.5199115,-2.7606792,-16.66626,-26.561422,24.023672,8.726877,-13.3474865,-3.1174865,15.404168,0.031615317,-0.91060114,-0.5346178,3.6161666,1.0958409,10.941712691189142,15.858323773350454,5,1,1,0,0,0,0,0,0,0,0,0
GUIZMO,334.09097,-127.27261,30.29301,87.11678,-35.365246,60.925728,-24.677263,2.5121825,5.6902995,-4.574561,30.572945,5.8779287,5.820063,-19.274221,2.3330467,25.42,-15.251681,-6.85927,5.346945,10.047426,15.210078,-11.452942,-29.287956,1.0502915,1.1381868,12.621407,-9.476972,10.028679,-12.650092,-27.132755,0.6501728,21.032297,10.784047474454484,14.351046745379028,5,1,1,0,0,0,0,0,0,0,0,0
GUY2BEZBAR,327.72476,92.30475,-105.845535,-131.99426,48.70275,58.029922,6.0456038,46.070946,34.649994,-16.921679,-16.33658,-15.521581,14.47707,28.339819,-15.238993,4.034032,-0.09917613,25.699633,-1.8640707,6.0321617,-10.826977,-7.238872,-1.5505234,10.499197,-5.269511,14.343641,18.72105,-11.655267,14.189627,-0.5971078,6.67444,-2.838933,10.95075391385265,14.666421454895628,1,1,0,0,0,0,0,0,0,0,0,0
H.E.M,243.72359,-21.255274,6.182097,-44.09859,14.59812,-32.023724,-59.611748,19.126982,2.9557137,-1.3874996,-24.054884,30.577744,35.07229,-12.861348,-28.695446,36.826004,-33.280113,33.15909,-0.47241765,-9.198069,-17.338156,10.411398,-22.9628,-8.422077,25.438965,-11.194688,1.9779878,1.2125107,16.776886,16.166422,13.421196,-5.041674,9.165343006045449,11.637644391627724,0,1,0,0,0,0,0,0,0,0,0,0
HATIK,301.7936,166.78914,192.42273,44.625008,-27.08512,-10.932839,-33.091206,16.245941,5.070607,-0.058425903,-14.547635,-11.079084,-19.668917,22.699205,-23.251034,-2.7741294,-4.101248,15.283593,-8.5630865,1.0403489,21.280298,-27.44588,-10.263821,-14.819113,-2.268919,-9.456892,-15.105197,-7.753841,20.210625,-0.23842317,-28.639881,2.838518,10.749291440359002,13.74884818304511,5,1,1,0,0,0,0,0,0,0,0,0
HEUSS L'ENFOIRE,602.39746,77.58547,-56.031948,81.34643,-37.121002,-52.861095,-26.967855,-6.542827,-43.7775,50.41934,15.533854,19.524323,24.580032,-20.280262,-41.968037,-0.7215495,0.67204225,-47.775764,15.393523,26.306295,3.4049997,6.4678206,-22.253504,-13.04083,12.074308,-12.314514,19.424942,-6.7333903,-19.195929,13.758827,32.71885,-4.205901,3.9318256327243257,6.192362489474872,0,1,0,0,0,0,0,0,0,0,0,0
IKAZ BOI,260.78973,-136.96428,27.66146,-34.802803,13.03622,-2.8955574,34.5101,23.6351,-4.5101,-13.527604,-9.200505,26.738213,-43.68756,0.9719931,50.82776,5.43412,10.604912,31.359669,-20.28321,-0.15970473,-7.593838,-14.5366125,2.485468,-12.572051,-12.3382435,-12.598214,21.826622,13.297122,-9.22622,12.278868,-17.440783,-1.6497089,10.54707677424773,14.064090250261147,1,1,0,0,0,0,0,0,0,0,0,0
JKSN,236.54498,72.71516,-109.9433,-65.39365,18.777916,25.559608,18.238111,42.667477,68.73812,-8.166955,18.01282,6.6696935,-20.06635,1.7990038,-13.607794,-5.725364,-15.95367,20.618065,-7.1730156,1.5902721,-13.29773,17.310926,-0.95013934,-10.022355,19.270031,-6.132902,4.6436906,-18.138807,8.149706,-0.47393453,3.687761,7.7762203,9.664532150174582,12.721969389403968,0,1,0,0,0,0,0,0,0,0,0,0
JOK'AIR,378.2663,-88.27032,24.306774,-49.187893,20.23913,-40.687077,-59.37496,30.899057,-29.303091,10.381528,-43.450474,-23.52635,-10.583082,4.1879396,-14.103491,6.4020057,-10.426423,12.438219,1.8935602,25.81674,-1.21004,11.51415,-0.15880376,-23.925138,5.542724,27.67847,16.982607,14.415131,-9.640228,13.615929,1.8339981,8.134652,11.182391561495496,15.149892749022037,5,1,1,0,0,1,1,0,0,0,0,0
JOSMAN,606.30334,-285.77292,82.9287,-55.088806,22.049318,-37.35768,-0.6365073,6.285472,-2.6213148,-7.543428,-8.184385,17.966993,10.761191,8.879205,-22.508204,-4.111001,-17.44208,-13.94556,1.0296987,-15.742683,-45.497,-2.9200962,15.721219,-1.6084759,-17.121437,-28.740017,-16.89083,13.515705,-16.145233,18.689325,1.0598754,14.513498,11.43589322129926,16.45364839354586,5,1,1,0,0,0,0,0,0,0,0,0
KAARIS,564.1348,-76.75132,-61.82345,102.4608,-50.035103,15.393245,27.375961,38.16622,-58.208443,-17.859331,26.824106,-5.4131866,2.0160167,16.78451,2.717603,22.88246,9.588535,-23.404417,3.1118157,-8.358419,6.32291,5.079651,-40.28761,0.6191764,-15.711664,-29.033045,-3.8097074,23.826023,2.0460162,-0.32599065,17.451994,-5.231369,11.60320482959995,15.57670428482336,5,1,1,0,0,0,0,0,0,0,0,0
KALASH,76.37706,8.502674,-11.453508,1.8156605,-4.3878617,4.3319135,-6.7018003,4.470778,-9.05578,-2.300301,3.349502,-2.3232176,0.98989344,20.121023,-3.3906434,0.16019773,-3.2031128,16.536915,2.1684163,9.680238,1.9812236,-8.578686,4.1502757,-0.59112036,10.541549,0.031037457,12.680697,6.271189,-6.013255,-2.382021,10.842457,7.175144,11.63177459880861,14.751199129336728,5,1,1,0,0,0,0,0,0,0,1,0
KALASH CRIMINEL,454.76886,-31.148102,-89.07258,96.95422,-47.159687,-18.678518,39.144962,32.887844,-25.974318,-20.536469,49.433144,-1.6963068,11.987218,11.683615,9.790071,8.396896,11.564396,-15.0496855,-6.258301,-19.888481,-21.535448,14.4601145,-27.746752,-11.037461,17.61359,-54.291344,10.1872015,-0.82325673,15.113816,-10.320836,-33.61717,-6.1122518,10.974694385513637,14.520144017917149,5,1,1,0,0,0,0,0,0,0,0,0
KEBLACK,459.58246,256.0977,88.79819,-113.90165,31.859884,-7.775358,-34.58357,-42.86416,-21.739067,60.081688,-7.7900286,31.115337,39.997055,-21.111124,0.37484893,32.99848,14.206744,-20.362894,-17.646336,-7.992847,1.3110155,-16.125656,-15.12036,6.954914,19.83125,-22.067633,-17.010721,0.59532225,-27.142952,30.36675,-25.5948,11.86375,11.34955911769188,14.319554437599914,5,1,0,0,0,0,0,0,0,0,0,0
KERCHAK,149.4283,2.965307,-36.450268,-52.129158,18.621548,21.836338,28.07631,31.703579,4.4352827,-5.0519958,1.43944,38.37192,-16.001415,-14.797038,-16.542599,-9.672084,-25.372166,5.8224874,-12.956825,-7.60021,-7.144206,15.960446,-9.676302,-18.050386,2.5023322,-5.4293246,-8.132752,-13.05461,1.0271968,-2.8332608,4.6756053,14.575077,10.915324799921487,14.795447037572396,5,1,1,0,0,0,0,0,0,0,0,0
KOFS,294.4062,93.14175,-36.598743,65.34033,-34.291256,12.054201,-1.9513865,-9.27067,-8.357506,27.954638,-4.8006806,16.293663,-10.826849,-3.1135414,-14.205951,-10.383842,33.628788,28.053654,-0.65998507,6.123636,18.135458,-12.300046,16.453491,-5.417947,-2.3940895,18.38108,-9.628107,-6.9863563,21.654829,11.99644,14.562244,22.789278,10.921702904132207,13.319655645128105,1,1,0,0,0,0,0,0,0,0,0,0
KPOINT,201.74675,34.608257,-64.68002,57.584053,-25.882513,1.0697159,1.5050275,4.9182234,-9.672663,-9.665469,9.0458975,-1.0803139,-1.8177316,35.549213,9.48992,12.630885,24.075022,10.7958975,-5.7740827,-13.0405655,-1.0348456,9.339824,-0.06900261,13.281471,12.893856,0.064788505,-0.94107455,21.259056,-3.4424055,4.0389886,25.108492,1.5293486,9.944293546928382,12.480361680308436,1,1,1,0,0,0,0,0,0,0,0,0
L'ALGERINO,238.54254,106.37524,-11.899709,72.52895,-36.542408,-2.9340284,-10.626665,-40.676876,-33.16866,-11.091884,-9.085092,26.358524,-23.381144,30.060656,-11.649256,-15.4520855,-0.49530908,11.344741,4.79839,4.7831397,12.452315,-3.251816,-17.32747,-1.8135368,-22.962635,-1.80955,13.944819,-16.653519,12.409412,15.161027,-5.849012,16.722584,10.8402669508376,13.491210143252813,5,1,1,0,0,0,0,0,0,0,0,0
L2B,384.65714,148.97536,-85.8379,-148.30435,54.326824,68.9693,-13.713215,-2.9293015,29.30127,33.761475,21.557255,-20.723663,10.495306,-20.179932,23.76667,-6.588374,-8.804814,-15.832663,20.752048,14.273654,13.130317,10.760395,2.8607106,-1.4295177,10.296503,13.620556,-8.865996,2.0736895,-4.92635,0.2938831,34.068573,14.570527,10.584739261683008,14.32156039579743,4,1,0,0,0,0,0,0,0,0,0,0
LA FOUINE,520.9423,113.06167,-12.947987,130.86215,-59.106297,95.56215,-53.301342,20.350052,8.557351,21.186504,7.0999856,-12.360245,-19.610653,0.84386253,13.4204645,11.1261,15.423118,28.507713,28.0175,-30.65378,-53.740444,3.2552733,1.3345857,0.74252135,-30.31467,-7.741242,-12.493061,17.450764,2.4076505,7.809596,-0.8463087,-43.23652,11.542192962650796,14.734148133844494,5,1,1,0,0,0,0,0,0,0,0,0
LA MANO 1.9,281.44708,79.81511,-97.32359,-124.84297,47.65297,55.336945,5.407875,40.54054,36.389313,-32.622505,-7.3223414,3.7633617,20.867758,16.578794,-13.303741,-5.7290697,0.308168,21.574362,-0.8840588,15.639156,-19.820618,17.1016,-8.477532,-1.2328318,9.617904,-3.1651306,4.6473346,-18.01226,-20.62501,5.974771,-4.5039062,23.441624,10.599779782240146,14.10608843352808,0,1,0,0,0,0,0,0,0,0,0,0
LA RVFLEUZE,231.16388,73.86434,-78.57872,-94.74405,33.622684,51.130283,8.080485,34.22598,35.14723,-18.427921,14.598842,2.1511045,-3.2340748,34.40398,-11.076884,-25.671762,11.279379,28.234423,-7.933514,3.509705,-33.55314,-6.250396,-7.3456583,1.7849969,-0.8971738,8.8721485,11.595046,-4.841893,5.57224,6.0755296,-1.8865873,1.2148403,10.553570643625047,14.216158080118136,0,1,0,0,0,0,0,0,0,0,0,0
LANDY,469.90106,122.03787,-144.10965,-16.58223,-2.8308918,8.604318,-14.862582,-19.384892,13.38172,54.189877,13.423828,-0.2575129,-15.636701,-10.660741,-3.2603707,-3.7027287,-7.167244,-16.281418,11.391072,-15.684988,-1.4149988,-6.547135,0.28116608,4.996336,-6.0912166,26.05826,11.536527,20.794159,-19.103636,-27.30992,-36.631596,-8.033501,10.72729011897512,13.757969364991387,5,1,1,0,1,0,0,0,0,0,0,0
LARTISTE,351.55615,219.11842,102.619194,75.02155,-43.973717,-19.248627,6.4724693,-16.452486,-16.790016,15.178776,-10.81261,23.039324,10.99787,40.966892,18.349926,-22.581125,-24.49966,-2.7254033,0.2795878,-12.357987,-6.3781137,3.0910022,-4.523939,14.44739,-16.929232,10.355439,2.3158696,2.6113782,2.79297,-1.9752643,0.36815494,-11.097649,11.503046831546738,14.107092266940166,5,1,1,0,0,0,0,0,0,0,0,0
LE CLASSICO ORGANISE,150.89687,57.06522,-27.773281,41.965298,-19.663923,-15.220859,-4.907544,-26.17221,-13.710137,7.9523497,-17.764301,10.635705,-6.7144995,2.0087047,-13.555981,-24.326153,5.1482854,7.6447186,-5.842709,16.2079,8.245852,-12.592611,-6.732303,-12.347493,-9.487917,-5.5986323,7.909397,-15.82237,16.187735,11.232602,-7.029666,8.635238,9.998706819117062,12.804859694846709,4,1,1,0,0,0,0,0,0,0,0,0
LE CLUB,83.866615,9.797466,-8.256831,-1.4745564,-1.4729555,-1.2022336,3.368058,3.67483,-23.484594,-7.8292418,-0.41158143,3.5697098,-8.645953,9.452282,15.497818,-0.5871486,-8.655149,1.9091883,-14.54938,22.683422,-0.0016794913,-15.873559,-1.1046295,-4.7959557,7.378816,-16.183098,-12.675475,-8.594786,-8.315034,-3.083216,5.5644345,-2.0077615,9.684584995479172,12.098181151870214,5,1,0,0,1,0,1,0,0,0,0,0
LUV RESVAL,405.91666,-251.19954,74.878265,-45.338924,20.985004,-24.001694,-15.539193,26.487957,10.948416,-18.53763,12.887062,59.24421,-17.279423,-31.745962,6.0813375,8.540396,-18.521368,-1.6614321,-17.978455,12.6048355,-2.9659934,6.805359,-13.812355,-10.590945,-20.041182,6.4082813,1.1851877,-4.5447874,-27.430922,22.784813,-8.83937,14.7502775,10.77945616493168,15.479224322535297,5,1,1,0,0,0,0,0,0,0,0,0
LYNA MAHYEM,212.08769,111.61451,-21.049744,34.837402,-16.535461,-34.906746,-6.147408,-55.745605,-29.74859,5.3494267,-6.874972,27.154312,-20.458948,30.367565,5.5494227,-7.235852,-12.129957,3.4604747,-7.013463,-6.345188,12.586911,-4.6984344,4.2455745,8.736553,-23.28156,-11.087731,21.200878,-28.890705,27.521936,-13.193625,20.437466,-0.9615072,9.810000709442663,12.302155254207218,2,1,1,0,0,0,0,0,0,0,0,0
MAES,543.19507,113.91662,-155.45795,53.464153,-23.000374,-26.036894,39.299847,11.643603,23.51549,-2.5017068,-1.5042272,13.064054,-2.9072096,-3.204047,-23.128977,-30.1313,18.461763,-22.893427,-7.1382756,-3.1086037,20.076942,6.3116927,7.08199,0.67797464,-2.531286,4.813347,7.491113,-0.38572153,-11.706994,18.17015,16.383736,13.843723,11.623679409904762,15.733824114099829,5,1,1,0,0,0,0,0,0,0,0,0
MARWA LOUD,155.86905,128.24304,72.821754,-17.66575,2.2886105,-8.123992,5.1130385,-59.698566,-36.57614,-59.32188,7.442748,-14.741669,-53.361904,-9.504863,-15.754638,12.174383,-11.684119,1.8732803,-1.5549335,4.139706,12.532949,1.6245527,-6.5782347,11.047831,-13.914118,-1.4114807,-9.0076885,-3.913299,12.663266,10.875442,3.3002932,10.650711,11.89123175523562,14.259354358158792,5,1,1,0,0,0,1,0,0,0,0,0
MAITRE GIMS,254.37068,237.78,210.26935,40.372856,33.24842,-29.975079,26.236034,32.441177,17.470036,41.123676,-1.430718,22.68374,21.009256,9.844451,-3.8518476,30.407719,46.652832,20.099155,26.281502,-12.634987,20.236856,-17.61267,-2.4565601,-30.538559,-26.733812,0.9059168,-13.226152,-34.04951,15.57597,-0.98272276,3.2479036,19.80156,10.86936812875028,13.446576491391196,5,1,1,0,0,0,0,0,0,0,0,0
MENACE SANTANA,134.79399,-42.442818,-4.408448,-38.1851,14.94013,4.9026837,16.993948,24.554264,-5.2534018,-10.30574,13.713084,46.673397,-16.673414,-15.111806,-2.1457047,-10.729719,-12.106099,13.369835,-25.94439,3.015295,9.269538,13.048176,-16.644056,-19.507244,-9.51111,13.823235,-21.830988,-6.0460534,-7.335549,1.1325736,2.5908055,-7.9619546,10.919804598477407,15.458807334496289,5,1,1,0,0,0,0,0,0,0,0,0
MHD,332.25397,176.70958,8.87513,-60.136852,9.63452,19.544895,-8.011274,-37.522907,-27.76921,19.257517,15.8242655,19.454666,0.09180018,37.111828,30.578457,-20.778393,-8.362938,21.837957,15.1585455,-2.862431,-5.149674,12.964091,-9.658003,18.50548,13.683125,-10.535149,12.843686,31.55558,25.354975,21.416897,-9.634151,6.576933,11.981071119248956,15.07310583204161,5,1,1,0,0,0,0,0,0,0,1,0
MISTER V,290.9329,-74.57066,25.53676,-4.6819067,0.20250258,-31.683054,-52.373306,15.739022,-1.0187267,-26.234118,23.903215,43.252724,13.911351,-13.204311,-15.524557,5.9902115,5.7960515,38.809063,-1.1973805,-31.137474,-6.9096856,1.0578347,2.4850628,4.3556986,34.995014,0.40939492,-13.704189,7.0875926,9.519686,-6.7068834,-5.700471,3.0800679,10.803201648005482,14.38696682705797,5,1,1,0,0,0,0,0,0,0,0,0
MISTER YOU,303.46817,71.26439,-91.01184,102.39354,-47.957474,-23.607466,-7.7818613,-11.515173,-8.848509,-14.847343,9.274085,13.430346,-6.9939084,42.748875,4.7222633,10.598241,-0.9307939,18.334127,-4.787012,-23.997456,-3.8712702,-5.3357,23.803234,-15.223753,2.4060588,10.624826,21.833904,-1.4476246,15.322376,1.8216094,-15.540098,-7.965594,10.657917961512972,13.76458666902234,5,1,1,0,0,0,0,0,0,0,0,0
MOHA LA SQUALE,320.7626,16.499727,-76.60221,74.36498,-38.908936,-8.833642,6.648489,8.330532,-14.442854,12.169544,41.43088,3.6981785,-3.2519104,16.742174,-31.216702,3.5702598,24.658411,14.333706,2.8889983,-6.614621,18.504887,9.653185,28.55705,17.194696,11.253452,14.061016,-11.234665,23.212559,25.031591,-6.3820953,1.3074999,-0.7434127,10.893493322232564,14.201932830061743,5,1,1,0,0,0,0,0,0,0,0,0
NAHIR,430.18185,85.052795,-120.32997,63.654133,-37.622543,-44.752808,8.286873,-13.422756,-4.9170046,12.456726,20.776302,31.089457,-36.35947,-3.7378583,-6.4571886,-2.761555,11.285646,-4.741573,-1.9466503,7.499828,-21.245096,46.432762,-12.44039,21.47797,5.2364497,5.4604864,2.539335,-8.965431,-23.846506,4.913868,-39.498604,-1.3560507,10.510423036277007,13.533267003262075,4,1,1,0,0,0,0,0,0,0,0,0
NIAKS,266.89404,92.77386,-136.42319,45.227657,-19.890455,-40.07214,30.770739,-3.4788709,84.600334,-26.33892,-11.933554,1.5943079,-28.484493,-4.233071,-2.117324,1.8954396,0.5472653,2.0029895,19.058064,-13.434003,18.959562,-10.622518,-4.034278,3.4483309,-5.40446,-5.118217,8.133905,-6.873874,2.1602743,0.3874893,-0.47122616,3.555744,9.923927231773584,13.55564207643791,0,1,0,0,0,0,0,0,0,0,0,0
WERENOI,380.88177,140.08806,-142.28862,-29.668919,4.0660715,21.310493,13.516716,9.312374,65.68582,-6.288763,2.016167,-4.5893874,-29.388975,26.40888,-27.876925,16.652473,29.92163,-16.25368,15.031647,28.808699,31.311432,6.6413283,13.559284,49.90967,-24.401667,-8.756241,-13.937976,5.536078,19.139355,30.380503,18.943903,-21.697025,11.62041571114118,15.991041521215235,4,1,1,1,0,0,0,0,0,0,0,0
TIAKOLA,642.998,93.67487,-42.70325,-138.52632,51.43069,5.366704,4.9789753,3.3386695,-36.015015,8.176296,-25.107964,-6.85865,-0.751321,-8.87445,-2.8797793,-9.990926,6.605094,-69.70002,13.416562,-30.515924,-32.104397,-7.3400025,-12.119693,-3.4726663,-19.480377,18.584465,4.4995008,13.3262205,27.798355,-8.812544,-18.926409,-7.0372624,11.37648699374154,15.556710323310575,4,1,1,0,0,0,0,0,0,0,0,0
RIM'K,408.869,29.230194,-92.70078,96.69608,-49.645664,13.462667,11.029842,-0.598452,-28.147608,6.9083004,10.440831,-0.48084775,-7.2616115,9.167244,-2.6648395,36.465454,20.36042,-1.5698458,-4.400385,5.5449066,-10.323241,29.201813,-11.228084,16.9883,6.481381,5.8047853,9.737576,3.461443,3.1708298,7.208824,-10.420702,19.070717,11.1975569696135,14.311798824539146,5,1,1,0,0,0,0,0,0,0,0,0
NONO LA GRINTA,292.81232,85.30541,-85.727844,-151.40736,56.706085,80.61018,11.063283,32.22869,22.929907,-16.900427,23.562256,0.019270604,10.346384,18.757315,7.3307223,-33.56842,19.378868,17.091253,0.5447198,10.127417,-13.343269,4.905187,-5.076812,-0.6283703,-6.511437,3.311615,1.0446984,-6.7272463,-11.919578,17.347765,2.6514614,17.626953,10.803181313502913,14.094933114329626,0,1,0,0,0,0,0,0,0,0,0,0
PNL,288.3449,-134.15651,31.559122,-0.22515236,0.34582853,-6.482146,42.050976,3.7309988,-26.624987,-20.42551,-11.465962,3.2611701,17.647831,1.9267036,-32.944775,-20.479452,7.8983965,31.264803,12.4475975,-4.760093,39.94855,-12.130745,-25.76322,4.5423884,-10.261713,-9.697058,-0.2071246,19.79414,-28.436646,-22.364958,-5.7951217,1.642565,12.134453113102053,17.13240151912299,5,1,1,0,0,0,0,0,0,0,0,0
PONKO,265.3181,-24.051456,-35.291466,-49.24828,21.784483,-21.066864,-22.873005,31.98555,-16.07133,-41.46668,-62.430157,-4.8492985,19.193531,31.244598,-39.344086,23.005404,-11.938141,6.3549075,5.452599,13.418757,-5.1446385,11.015848,-33.702774,-3.7323785,7.3597207,12.3004,17.697649,8.321364,-2.1872582,-33.877354,-16.60048,3.0269518,9.197255132427529,11.468618237408252,0,1,0,0,0,0,0,0,0,0,0,0
PRIME,233.5921,-83.583984,11.615612,26.413385,-16.123795,-4.0405836,13.536665,-13.024753,-0.6186189,-13.963036,38.955254,5.6079826,-2.3896132,26.825233,-30.43389,-5.5777917,16.516981,9.562933,-13.772806,-14.739596,2.0849757,11.935907,-16.643034,4.8633614,-0.9202404,-14.204615,-3.9673195,9.515415,-12.115352,-10.008256,12.234832,-17.784195,10.495238571215705,13.391666588523975,5,1,1,0,0,0,0,0,0,0,0,0
R2,177.25423,76.008484,-54.236343,-108.680954,42.091305,52.022606,-12.321983,9.9445505,18.557014,-19.144968,-1.3435124,-1.5035452,27.004572,23.43709,12.456447,-9.876826,20.100306,9.008104,2.3854225,11.106292,2.3613615,-4.7896504,1.7667568,8.435606,-9.713173,-4.8732533,8.761608,-1.4894704,-9.323707,4.3399987,-5.184104,-1.8775585,10.854025109805466,13.773612985217088,5,1,0,0,1,1,1,0,0,0,0,0
RNBOI,185.70462,102.09212,-7.0941887,-105.77242,42.307,40.68388,-14.660794,-21.995457,-14.70635,-26.082952,12.684059,-15.576035,13.55453,-0.6540426,4.868477,-15.813164,13.190205,-1.8750583,-2.2716691,-8.0329,13.976192,3.6693053,-10.848668,-17.32086,-13.75565,-3.01711,8.763398,3.0233355,-3.8711047,-0.54951537,0.83671534,12.318955,10.87676334989294,13.929232023265971,5,1,1,0,0,0,1,0,0,0,0,0
RSKO,256.43716,127.60899,-51.861523,-132.3441,52.307453,59.376442,-15.38578,-22.781082,2.1845617,25.019768,28.328407,-9.370462,5.269215,-5.8673663,13.846915,-1.3631678,-11.187071,7.9172015,2.5549777,-10.27315,10.610636,-11.594779,-4.208549,-3.20983,-2.5165737,10.080414,8.769139,-1.5154417,-7.3543234,-9.783452,2.956415,6.390864,10.34090342187612,13.835705265249793,1,1,0,0,0,0,0,0,0,0,0,0
S.PRI NOIR,499.67816,-125.642586,25.62541,8.166163,-10.337009,-56.700367,-60.110516,18.391083,-32.203087,30.050684,-11.939864,-40.887905,-25.543154,15.459016,18.482714,4.436441,7.362414,1.4910122,-27.25758,-3.956463,-2.9319212,-12.001395,10.23757,-8.286118,20.807446,9.2264385,3.9363046,-1.8942038,10.254746,-31.550146,14.954877,22.126772,10.85336778740384,14.129258689640553,4,1,1,0,0,0,0,0,0,0,0,0
SDM,108.14297,15.275434,-27.555368,-9.67301,6.354845,3.3268747,-1.5097135,14.111469,3.131575,-16.043283,-25.488018,-3.9878936,-8.506557,8.64513,-16.218325,4.6326375,16.424105,10.566332,6.1181006,9.852771,16.781092,-13.763701,-0.568478,11.750755,-12.879543,15.491279,-8.593862,9.994337,0.48612756,-4.6978617,11.437306,17.01358,11.290868822756256,15.64113572266963,5,1,0,0,0,0,0,0,0,1,0,0
SIBOY,225.07036,-100.70858,-4.3562207,31.82851,-17.343422,34.923397,68.174934,19.643122,-35.12952,-9.54792,9.592947,1.8051698,0.50885844,4.447763,2.87326,27.028797,-3.0737631,12.702802,-6.093076,12.152361,6.909895,-37.598343,1.7233436,-1.5137807,11.792619,-13.091834,9.305766,20.20428,-9.523165,-16.583174,18.062342,4.5919857,10.536406907545588,13.484610567502909,5,1,1,0,0,0,0,0,0,0,0,0
SQUIDJI,287.83618,-173.74188,61.961536,-39.763832,16.101274,-49.645176,-48.464897,28.275204,9.732374,-4.4504166,-12.740155,-3.2871313,-35.209545,-1.12179,45.997334,-2.4384615,-3.1125808,2.6548827,-1.7633114,11.633932,-0.14789318,-19.90032,-35.421837,3.074302,8.875948,2.9311337,18.291752,-5.3589816,2.6372852,4.359607,9.165428,3.2652106,10.216398679033684,13.431763887873249,5,1,1,1,1,0,1,0,0,0,0,0
THEODORT,296.72028,-89.87094,30.62156,-65.39778,24.671902,-52.914524,-60.526203,22.695513,-14.708001,9.072317,-31.931078,24.667349,-1.3335989,-23.159397,-2.3899715,30.21747,0.099597074,11.707306,-28.924234,-16.232862,2.6673424,0.51656115,-24.72787,-12.627292,13.320936,-0.6260909,5.043452,8.365132,10.577003,20.247744,17.265972,0.5323749,10.379566439972283,13.65262567916228,3,1,1,0,0,0,0,0,0,0,0,0
TIMAR,191.29231,68.46702,-84.041954,-77.95683,28.078802,43.14433,10.1452055,14.957253,40.688236,-0.14229614,14.276975,-1.2240618,1.6821234,26.49445,-1.7564793,-11.6210375,17.60999,15.758448,9.26095,0.99046797,-12.421106,-7.684902,-5.524048,22.673626,-8.548007,6.8726377,9.691894,4.2805433,1.8762294,7.4672995,-2.0893648,-1.7290722,9.371353167823884,12.97791778383879,0,1,0,0,0,0,0,0,0,0,0,0
TKS 2G,154.1278,62.202904,-11.4786005,-74.812096,28.586805,17.417315,-19.337822,-17.563536,-5.241499,-22.022263,-20.937485,13.010787,31.330524,6.6230416,10.195666,8.737461,18.069645,4.099784,8.37768,33.478115,2.0006478,-2.1509867,13.485629,3.4999247,7.3735175,-19.395372,-13.762278,-11.918003,17.222364,-18.576982,-2.298723,-5.8806586,9.773151050808124,12.552636645718176,0,1,0,0,0,0,0,0,0,0,0,0
TRIANGLE DES BERMUDES,280.886,147.94705,1.4491866,-87.09681,33.701557,28.220125,-27.155888,-55.47798,-31.058859,24.03058,0.058561597,16.070677,34.99828,-6.75477,26.182972,-6.84549,17.879803,20.649466,17.414001,15.847037,8.30641,-5.7060814,7.669234,2.271431,-4.568591,-4.554221,-19.50185,-0.9678348,4.3588066,4.6661882,-5.811441,4.2379436,10.83683203897611,13.13021844541966,5,1,1,0,0,0,0,0,0,0,1,0
VACRA,223.48048,84.89359,24.509447,-56.07384,18.907001,-24.058928,-23.624184,-28.674917,-25.530928,-0.5904844,-20.323875,-10.854164,-14.3322525,-34.600666,-27.104275,38.683117,4.3771467,10.374835,-24.916433,-11.944212,20.266108,14.938071,9.447422,-6.3723063,-11.27593,8.163748,-8.4084835,6.49089,11.470312,-16.130241,11.534779,-2.5124578,10.931927703227236,13.956971056975014,3,1,0,0,0,0,1,0,0,0,0,0
VEN1,267.27908,74.16889,-116.69888,-6.1518674,0.61005914,-21.012192,16.644268,12.679087,78.73737,-22.523533,-27.889816,-6.816532,-5.1599674,-21.729225,-8.811085,26.483517,-5.9313297,2.551564,27.108637,-3.7764273,-13.384993,-1.9169782,-16.879387,11.788775,-3.4541957,-1.5917125,5.0180955,2.0230076,6.2411675,-11.25788,1.6012167,-1.8169367,10.223866701574616,13.648293550939073,0,1,0,0,0,0,0,0,0,0,0,0
WIZTHEMC,93.5658,-13.620336,40.388664,4.616373,-5.345694,-5.034962,-18.468765,0.5038887,5.584539,-14.930429,-2.7483344,9.272915,7.377066,11.939894,-22.998959,-28.425234,-1.9402496,5.856264,5.3119626,4.8733444,4.616608,-21.27971,-12.911428,-8.135666,5.703725,-7.8983808,-13.013011,11.753856,0.050003123,-10.234211,-2.5905912,9.848768,13.407435547020706,15.784934367078732,5,1,1,0,0,0,0,0,0,0,0,0
YG PABLO,253.36104,-91.083534,15.96677,-49.842888,20.26487,-42.584274,-24.332298,18.738302,-26.74693,15.100463,-49.61055,-26.1707,-4.8951397,-12.029758,-16.369171,12.523907,8.4857025,-7.38388,-10.964062,-8.2779255,-15.107002,11.791744,-35.65156,-2.9471745,18.511269,17.316923,0.61326367,2.044014,9.968537,3.246655,10.670896,4.328542,10.947766843877892,14.08115712209544,1,1,0,0,0,0,0,0,0,0,0,0
YL,121.010925,40.38593,-42.31014,29.561533,-14.626876,-25.593777,9.454847,-15.99285,0.12713508,7.3993187,-12.94965,11.105597,-14.562592,-7.9853444,-15.457487,-12.219074,10.657021,9.399283,-4.145801,15.040227,3.354318,-7.722051,-8.619542,-2.9248126,-12.326198,-4.2864122,5.586629,-13.338556,8.562738,-5.7380714,-5.1398506,2.7600965,10.557556009861749,13.70243704009929,5,1,1,0,0,0,0,0,0,0,0,0
YORSSY,272.12836,89.49578,-56.32766,-118.025894,39.817616,37.698685,-26.758205,-10.607139,-2.432627,34.71977,18.295212,-11.689569,16.114552,-9.1455145,-8.349778,17.289013,-22.552036,5.2899194,-21.749866,-18.978966,3.190222,-1.3124464,6.9695425,-5.0747967,-1.8941835,-0.32867953,-2.9848804,2.1397848,-7.699098,-8.586127,-14.241265,-7.3261585,10.08138266037717,13.042523315863344,5,1,1,0,0,0,0,0,0,0,0,0
ZKR,271.41632,71.36896,-124.69908,44.673157,-22.84628,-44.564907,20.04018,-7.101082,74.191315,-23.892918,-17.366104,11.357511,-14.151279,-16.908508,-0.032634005,28.95734,3.4024303,15.377973,18.221813,-10.474296,-22.812904,7.715557,-21.155296,13.366989,6.7446733,-12.627808,16.098915,5.599763,-3.761797,-2.917907,11.861191,-8.242227,10.402776888483787,14.094208392744552,1,1,1,0,0,0,0,0,0,0,0,0
ZOKUSH,267.65298,87.19088,-113.98444,-95.71793,34.97314,38.49886,8.642898,26.100842,61.22828,8.982585,12.583659,-2.350482,-20.470285,-4.798422,-14.09565,-13.979345,-21.952997,19.0787,-4.012096,1.6622013,-19.738907,0.82924026,-10.710017,-9.069461,-0.8059492,4.034111,-3.377533,-2.2428157,-6.062752,-3.8993137,-7.734862,10.228968,9.521641310026595,12.520018047569776,0,1,0,0,0,0,0,0,0,0,0,0
ZOLA,164.5853,11.340055,-31.57732,-0.08900404,3.8537927,-6.1758823,-10.454746,21.376125,-6.3911767,-22.159882,-28.857752,-12.356376,22.110483,14.606606,-27.874922,29.029045,4.383084,-7.812099,-10.804252,13.152224,20.816551,16.47017,17.477636,-4.151705,-3.7330658,-0.58554816,21.01546,9.805111,5.162109,5.7812185,-2.7835753,-5.3782563,11.7009391243007,15.695870169203936,5,1,1,0,0,0,0,0,0,0,0,0
DJANGO,298.05893,-172.18727,44.230824,35.607075,-15.647478,-18.456167,-16.14693,1.3064007,9.808982,-3.0607905,62.854614,16.071312,-0.012353871,-1.1277326,31.338978,14.346774,10.313533,8.798665,13.643424,28.698885,21.03393,31.569124,-2.4987578,3.66284,17.155254,13.643224,8.061117,-2.121575,10.433218,-17.44666,-10.41933,-17.244566,11.055245585413324,14.372284597669536,5,1,1,0,0,0,0,0,0,0,0,0
HAYCE LEMSI,314.2255,-27.837345,-39.528202,111.37528,-48.361633,-0.36159053,-37.743126,16.605713,-8.893774,-32.8703,57.901253,4.0178905,48.08231,2.9870148,-2.4140966,20.907217,-9.175775,-2.1239934,-0.43915656,19.402653,3.4621475,-13.143576,-19.228909,-11.050314,-3.7659433,-2.6464803,4.69606,12.435223,-3.3107903,19.57088,-6.1749496,-2.5654833,9.852562611350836,13.040532739001463,5,1,1,0,0,0,0,0,0,0,0,0
HUGO TSR,167.16595,-121.58413,53.70475,27.263697,-1.8630532,28.892456,-32.626545,-16.48567,24.473587,-15.798303,21.770082,34.21183,18.508373,-23.202135,-7.2554483,2.2092266,-22.207138,10.518454,-1.6100589,-5.9394093,7.6345897,-21.05828,-4.1834884,20.19722,-9.313252,15.264276,20.21683,-10.165093,-2.5474894,-6.8170266,13.011385,-9.258611,10.575257867336488,14.637425113716835,5,1,1,0,0,0,0,0,0,0,0,0
KERY JAMES,153.4781,-13.640432,41.53206,119.66034,-35.068314,153.84549,-65.318695,-12.137141,19.453426,2.6816695,-41.65719,1.1922628,-24.747128,-22.83671,-0.6046677,1.7307352,19.730095,-4.8455358,-14.577867,-0.065243594,3.5344112,1.0660986,1.0040665,-2.7915306,-5.463428,-1.7300959,5.220515,-14.038953,-5.294045,1.1274421,-4.6626387,-2.4339645,10.81777628173961,13.79092171498965,5,1,1,0,0,0,0,0,0,0,0,0
LE RAT LUCIANO,163.91313,-29.69189,21.544048,101.87427,-25.973516,141.15712,-35.34172,-11.3948145,2.498451,11.777862,-24.210472,1.9372698,-9.192914,-27.093796,1.8566641,18.356424,11.445058,11.811978,-14.168573,-6.445842,10.998717,-0.41155547,8.037576,3.8230953,-13.302747,8.007827,21.028858,-0.9709204,-10.7857895,-8.006799,8.656819,-5.1888294,9.647239545573877,11.938683276346156,5,1,1,0,0,0,0,0,0,0,0,0
LORD ESPERANZA,158.62968,-110.94681,54.750523,1.5154234,1.5444038,-25.270693,-53.423466,-7.7241864,23.0346,-6.2793307,25.795645,4.948288,2.329619,4.7992725,1.4525418,-16.965307,8.633259,-2.091222,-3.8424408,-6.510316,5.8135705,-5.1458416,-5.6994457,4.3233547,4.399074,-10.360389,-8.838057,-10.838279,-2.6415117,-26.496807,2.1383755,5.4477577,10.07200594918639,13.07871029580292,5,1,1,0,0,0,0,0,0,0,0,0
LORENZO,180.23128,-80.879974,29.06962,21.334478,-7.827215,-17.890253,-73.25195,13.39848,5.180941,-24.795477,50.994396,39.019485,51.679535,-20.956879,-24.273697,5.108184,-36.348423,7.932015,25.730194,2.4305959,4.5721216,-22.725595,4.39253,12.057581,-3.5834258,7.424015,26.894163,-14.852464,15.9430685,8.329792,6.8333015,-6.091244,11.437220834219913,14.941552847366196,5,1,1,0,0,0,0,0,0,0,1,0
ROHFF,209.02638,28.299072,20.020966,135.02583,-57.945507,115.0138,-52.693188,-1.8812437,-8.187089,-6.3290095,-22.008608,13.51505,-5.8951864,9.433701,1.1979941,14.852953,4.347813,1.4353541,5.436964,-7.057556,2.0505419,15.392062,9.1088915,-16.930243,-1.2517008,8.030141,2.2291055,-14.658664,5.8747616,16.200443,0.35450786,-1.6781977,11.303549208052376,14.361841926000682,5,1,1,0,0,0,0,0,0,0,0,0
SINIK,162.1704,36.43468,67.75389,128.64711,-32.611614,138.86122,-65.96852,18.561344,9.425227,3.2141318,-41.186867,-1.068702,-21.031557,-11.780309,13.099864,4.706358,-16.118912,-3.0429065,-6.1591096,-5.253214,0.6926533,3.5613937,11.451897,-14.879567,5.204816,-1.7866116,-6.8616877,1.1622417,-3.1467528,-8.902066,-4.435564,1.4149225,10.893233186217124,13.730397015310894,5,1,1,0,0,0,0,0,0,0,0,0
MEDINE,96.728874,-16.387903,33.54657,112.931496,60.28201,98.064964,-56.6878,-12.016685,22.349773,-0.47522202,-16.261282,2.7689884,5.2636433,-40.1426,-14.82469,-15.728419,-0.1362645,-2.9897523,-50.522648,-1.2114979,1.358967,-7.1843796,1.8923575,24.53664,11.343738,0.7720258,20.80507,1.0644116,9.303334,3.941467,-0.7176644,1.0988413,0.0,0.0,0,0,0,0,0,0,0,0,0,0,0,0
MAC TYER,239.46077,12.858947,-56.60081,121.26585,-49.467674,40.140667,-33.50639,17.815052,-23.461872,-25.349854,3.3160925,-16.933363,15.032957,25.224672,30.349136,39.278755,-14.695869,-1.0323243,-6.4019547,-5.3875756,8.16405,15.758368,14.115892,-3.4535818,-7.6085057,9.095412,-11.036791,-1.6558415,-10.734861,-9.639546,13.887937,-9.745278,0.0,0.0,0,0,0,0,0,0,0,0,0,0,0,0
VALD,403.17517,-177.80432,67.56527,18.68884,-9.049058,-0.48073387,-60.133057,-1.1432327,-3.778126,-24.423464,39.606033,26.978117,35.431995,-43.35662,-13.597462,0.37892225,28.276999,-0.89350927,31.23371,23.502325,-24.310915,11.2211485,36.770752,18.832516,15.120162,3.9874206,-2.9519184,4.6816716,14.901957,5.696565,-8.292382,-2.5371356,11.334038004910555,16.422188059268734,5,1,1,0,0,0,0,0,0,0,0,0
ALKPOTE,56.46782,-17.77411,-3.2115083,25.103851,-11.6355295,1.1727514,-18.999395,9.699649,-6.694356,-14.856289,27.822412,6.9821186,13.526002,5.851228,3.0522504,5.828364,-3.7509377,6.0620756,6.628316,6.410536,-0.5317222,-8.560965,10.57858,6.190467,-1.8232566,14.189471,7.9531913,-2.8236163,6.716039,2.0423808,6.653325,-3.0544887,0.0,0.0,0,0,0,0,0,0,0,0,0,0,0,0
NEKFEU,491.47147,-220.05782,136.6004,5.424116,-4.5156517,-38.248276,-97.02009,-1.8266901,31.06977,-4.475032,14.232513,-10.173677,25.804298,17.385218,-22.789618,-9.230403,-44.03275,-10.699942,4.339459,-12.261607,-26.165037,-9.600907,48.476017,-8.011694,-23.776793,-25.074339,-12.788945,3.917027,-5.0734057,-25.44817,12.131447,0.65327436,11.82082919455998,16.477965376144443,5,1,1,0,0,0,0,0,0,0,0,0
STILL FRESH,280.6311,16.756317,-44.17471,18.67811,-16.250635,7.354648,-30.367355,-4.9338017,-11.053517,33.438877,29.601412,-2.765717,16.51853,36.75094,-0.886438,2.660157,-22.923874,29.993792,-9.004547,-30.98718,6.9583745,-12.63633,-11.254301,7.3082495,-4.5460577,19.917933,-17.367422,18.943525,9.40173,-6.929055,-17.000237,19.66179,10.282608685304693,12.947833784259997,5,1,1,0,0,0,0,0,0,0,0,0
YOUSSOUPHA,208.71396,-37.53364,86.384285,98.9944,-27.142996,124.704285,-70.987564,-7.6508403,32.424862,-3.9765463,-21.2401,-10.717538,-4.736853,-15.758164,-13.454761,-15.445599,3.0093853,7.735529,-1.9759146,-2.1845934,7.4080873,0.19874474,-5.0932517,-1.0518357,15.291543,-6.630926,-4.5280256,-8.6741495,0.644347,-9.0015955,-0.08570676,0.72334975,11.54645694817902,14.375579957288208,5,1,1,0,0,0,0,0,0,0,0,0
CHILY,208.84764,99.704094,-32.664,-114.639534,41.57286,54.674747,-12.61915,-14.348226,-4.7441154,-5.1304293,30.801483,-19.96696,23.489342,14.84861,30.954714,5.5876956,9.4606695,14.103127,-6.792301,-24.867504,-8.303406,-7.628098,-4.2289906,1.5926844,2.3448572,2.8387187,12.561216,5.3413434,13.662329,7.4339304,-0.48068702,2.5541973,10.194401895568577,12.85508505872554,1,1,0,0,0,0,0,0,0,0,0,0
DENDEN,225.24532,118.05547,6.660108,-137.91444,57.21969,54.09693,-17.187927,-42.585457,-30.842936,-37.097744,21.95716,-23.816877,12.453139,-20.129414,19.193542,-2.7819016,8.420967,-1.2988988,13.582366,-9.395981,-8.605277,13.559413,4.455207,-3.0884078,-2.0629747,6.7354517,13.984533,1.9365774,12.137523,-4.6075354,2.163583,-15.925306,9.762557428101925,12.38561116660362,1,1,0,0,0,0,0,0,0,0,0,0
HAMZA,390.96384,-101.42115,-2.9813874,-74.90049,32.970886,15.094531,17.187775,13.581055,-16.742622,-13.42921,-32.693913,-8.479205,22.828638,-12.77125,-11.520801,-8.599612,2.0518959,36.54305,14.721402,-4.686007,38.429188,8.9004545,3.8000329,-4.8615465,-43.63257,-1.6598686,18.667587,14.387536,-17.198565,19.301756,-19.698303,-1.4916325,11.900362370559002,16.50214200654316,5,1,1,0,0,0,0,0,0,0,0,0
KAZA,296.54016,-20.607822,-38.07733,-0.18085708,-7.322894,-1.319477,-10.652429,13.819718,-8.328005,54.301243,37.763817,-27.809452,-23.965984,0.7992382,-16.140844,5.480159,-19.380295,13.028828,7.459276,29.985653,15.353749,7.965498,-4.589813,13.120284,14.1355295,28.241207,-53.17246,20.59595,7.9723883,25.067284,-15.4611435,34.02889,10.523956507598088,13.925546327570483,5,1,1,0,0,0,0,0,0,0,0,0
KULTURR,168.79779,85.79882,-37.23507,-98.34655,36.652515,49.82385,-20.56363,-12.87703,8.17899,4.712819,15.240898,-6.417562,27.158123,8.406166,30.811705,13.271853,11.032892,5.9150043,0.10740193,-8.218217,6.821753,-13.101849,4.2984376,2.2675443,7.287442,-3.300035,-2.7144244,3.7234302,6.4197936,-3.4398627,-7.18658,0.9258487,9.595058406939556,12.161033437719894,0,1,0,0,0,0,0,0,0,0,0,0
GAMBINO LA MG,165.02086,51.901546,-74.22939,-65.01477,20.91617,34.434948,16.696674,25.300959,24.62786,20.15817,26.404394,-8.48685,-18.971643,-15.781,-4.492621,-19.18284,-20.072453,2.452196,-6.6011095,0.44768396,1.3913147,-3.5019307,-1.1967458,-18.385695,-10.314546,4.0440536,-5.5587587,-1.9886092,1.7592036,-2.4635231,-10.634048,5.244471,0.0,0.0,0,0,0,0,0,0,0,0,0,0,0,0
OBOY,463.80502,-97.359215,-22.763182,-22.76768,6.192262,-51.295334,-26.284498,28.557747,-21.130798,48.659637,-15.664533,-50.227425,-12.043843,-20.924047,-1.427933,16.713419,-19.62608,29.68303,21.279518,16.628,11.129934,15.378676,42.727524,4.3995576,18.188898,-14.72012,20.73721,16.287699,-22.300852,16.806345,-14.489043,11.963978,11.581583613777129,15.485771848931972,5,1,1,0,0,0,0,0,0,0,0,0
VEGEDREAM,179.42465,108.42191,27.604597,-17.407248,0.5910541,-10.485593,3.60445,-42.753204,-17.530575,34.402836,4.5908756,18.941927,-13.13305,-8.098825,-15.0065155,6.0715413,1.4771272,5.3712196,12.259801,1.0637761,-1.1308631,-8.628282,3.4239762,20.653059,7.7275915,8.368481,-22.213413,-17.172195,8.726753,39.7903,-3.0333204,10.76343,12.377324828909655,14.94718392298539,4,1,1,0,0,0,1,0,0,0,0,0
PLK,322.6676,-53.27184,4.709833,-22.333487,10.349297,-47.766953,-38.657555,9.461188,15.462032,-22.397932,-45.685917,38.07811,4.9500017,-24.213787,-14.787413,18.398424,15.164855,14.570713,24.192923,-26.012484,42.263916,8.704819,22.83383,3.5575516,-29.998268,-10.151986,-21.428535,27.256998,-6.0587683,11.077391,-4.177963,3.3038318,11.900898474453845,16.297955764217466,5,1,1,0,0,0,0,0,0,0,0,0
JEY BROWNIE,59.154133,14.305251,-10.518764,-18.63276,7.6157727,5.070251,-7.003847,-10.216384,-0.4383226,17.64364,5.697315,-12.435387,-0.49874955,-16.806469,-6.9419985,5.4474964,5.7401385,-3.3929806,-2.5460973,-2.3580399,-2.368391,7.001961,-0.5671534,3.289919,-7.2964263,14.198201,-11.338464,6.941622,-1.315721,-4.340487,-12.156879,2.3292649,10.177476297855906,12.971461414776124,5,1,1,0,0,0,1,0,0,0,1,0
MATT,110.73077,127.774574,134.72878,-9.955299,-11.405717,-18.883604,15.975835,0.74084336,-0.9763048,-3.385701,9.488049,-11.157441,-2.2636116,-3.9359472,-6.6663504,17.852507,-8.889804,-3.1223614,-22.038126,-6.3681755,-1.0276529,-2.8448799,-1.794747,6.782118,-3.3200402,-3.0859883,-7.098881,-2.5462072,6.983059,-4.276082,7.903361,1.702537,10.412862124034804,12.347680708861866,5,1,0,0,0,0,1,0,0,0,0,0
MC MENOR JP,147.51544,78.39358,61.3744,9.953502,-9.25465,-21.562744,0.9240172,12.834229,-3.183624,17.89469,-2.2403948,-14.944465,26.301012,-20.821865,-27.734,7.8769526,16.771507,21.05941,-31.165958,9.943761,-8.645504,-7.467925,0.6645766,-16.187963,-5.7081795,0.13162804,17.74323,-5.045545,3.7063565,8.95366,8.66664,4.7049265,10.980876204752612,13.013822253414654,1,1,0,0,0,0,0,0,0,0,0,0
SNEAZZY,328.5607,-201.6475,59.32684,-9.492536,6.618983,-45.635212,-40.2794,6.4591007,15.59391,9.440923,24.336369,1.3707848,-20.919262,-10.974569,28.077562,-6.725859,18.860376,-10.470057,11.520906,6.10192,15.404829,30.175426,-27.906557,13.482915,-2.4921243,17.424067,0.19890615,-7.2226095,9.023302,-20.170128,0.7989109,-14.575927,10.689578478738811,14.492691961096568,2,1,0,0,0,0,0,0,0,0,0,0
BEKAR,294.53036,-194.7833,77.06838,-38.185165,18.760332,-48.027496,-64.755936,7.705163,19.030054,-4.8097014,-1.079738,16.631062,-14.303719,-12.718908,35.056725,-4.684921,18.608526,19.839201,-1.5185318,4.1753263,14.435263,-6.9165072,4.2279224,0.9944245,-13.761999,-4.397279,-4.0676107,4.0782404,-16.793182,7.150662,-0.742898,-24.120829,10.828440657488937,15.24189520597167,3,1,0,0,0,0,0,0,0,0,0,0
DEEN BURBIGO,304.85666,-255.68765,99.913765,-6.506481,7.194005,-5.2579284,22.902176,-51.1174,43.925606,7.580779,18.762486,0.9935733,-10.45857,14.789848,18.633755,-0.1926604,7.836082,12.3768835,-9.857108,23.519314,11.959185,11.2731905,-7.8636103,-14.112702,-0.67119914,3.2168138,-9.272309,6.955531,-2.637994,-10.005548,-13.36002,-12.062567,10.43128828050808,14.25126559256326,5,1,1,0,0,0,0,0,0,0,0,0
DOUMS,348.8806,-238.0148,73.47608,-25.716106,12.966191,-20.712677,16.751732,-31.074223,14.33149,40.683514,-3.773215,-30.574863,7.300068,22.976225,-17.336056,-5.9096355,-10.543535,-20.652431,-8.863569,-13.507317,-15.847812,20.167759,1.2735314,-1.8577635,-17.4163,-4.1214294,-8.826123,-6.4716825,5.0402145,-10.838488,5.851567,-7.065467,10.452446760283022,13.789540229442448,5,1,1,0,0,0,0,0,0,0,0,0
LAYLOW,524.0456,-272.40402,63.12642,-29.672659,9.313905,-28.63472,10.936026,28.002598,-31.665655,4.672298,5.7848425,10.471198,-16.280216,3.002444,14.929486,-1.5023689,-7.559118,-10.6063595,-4.3502893,-0.7937297,-19.886724,-7.313442,37.717564,6.5895443,-22.796381,-16.92717,-6.7292385,7.8949847,-16.36007,-5.795497,-4.088035,7.5854626,11.42036051357589,16.539745870643443,5,1,1,0,0,0,0,0,0,0,0,0
LUJIPEKA,164.16145,-124.4533,55.63596,-10.116179,5.9042983,-37.691315,-72.5562,7.98483,25.566607,-13.277609,31.964502,15.018141,-4.1842675,-2.6287436,15.825172,-4.4950337,2.1678376,-1.6063427,10.539659,-3.6822345,3.399429,-8.287238,-8.910145,11.645094,-2.169173,3.0802777,1.0108413,-7.4251842,3.3415499,1.8669705,9.646667,1.4639813,10.47041937008599,14.304203449847671,2,1,0,0,0,0,0,0,0,0,0,0
MADEINPARIS,284.96124,-150.21136,26.279615,-21.00252,6.8752236,-15.983512,13.60933,33.499626,-32.66669,16.203447,-32.35367,-46.702106,-2.0244806,7.889291,-1.9842986,-9.148077,-2.1183875,29.399107,15.760324,-20.500593,19.060219,9.510667,5.7627215,7.8009872,12.435236,6.701249,-10.313555,-13.873572,-5.9345574,8.083724,-6.6358266,-5.668286,10.556333436322548,14.125192107575431,2,1,1,0,0,0,0,0,0,0,0,0
NUSKY,157.32233,-99.8307,44.428955,12.440468,-5.677486,-27.438036,-77.0777,19.74329,18.493189,-8.944484,45.960773,0.7968821,7.9138117,-6.0075927,18.882566,-0.721229,-5.572554,-12.277464,36.65176,14.220827,4.451733,-13.122,0.43074012,18.660755,-15.733909,9.7221,17.199371,-15.706143,-7.875386,17.59264,12.591262,19.777132,9.3888212293842,12.364916580500124,1,1,1,0,0,0,0,0,0,0,0,0
NEPAL,335.71722,-264.65732,99.28086,-25.25023,12.732729,-30.058523,-9.911516,-18.866348,37.091187,1.9117204,5.2071495,23.649616,-26.009651,2.8593054,25.269608,-1.356253,16.303576,6.1189747,-9.362973,12.260773,13.96298,12.056058,-5.2149644,-4.735322,-9.347381,11.1336565,1.5846205,9.256655,-7.846942,4.932205,-0.61323476,-9.302427,8.62998601889136,11.076867119777232,5,1,0,0,1,0,0,0,1,0,0,0
S-CREW,220.22066,-151.03023,54.56157,-23.44498,12.398575,-42.918007,-50.231556,-5.8882866,21.787533,22.028566,1.1776518,-43.6738,-13.845808,13.324616,3.9176152,-23.583508,15.426811,-7.1009874,11.552053,17.81746,-8.617406,19.391588,-6.431784,-3.7868662,-11.036639,-0.8615592,7.7719646,-3.9056942,-8.902172,-0.7917586,-4.222992,8.785574,10.739218776551866,14.534720144226812,5,1,1,0,0,0,0,0,0,0,0,0
JAZZY BAZZ,387.8339,-314.27118,121.45645,-5.4018793,8.483555,14.765589,35.309326,-67.071846,45.839043,17.503904,0.93697566,-16.417208,10.905435,19.085194,-10.264448,-2.4732847,-7.611969,-3.5369077,-3.4150164,-4.812762,-8.016495,5.955955,-4.247565,5.2148,1.76937,0.7555273,2.6145358,-12.541452,-5.5289044,10.564256,-9.831805,-8.99746,11.021461194682855,15.082113595053162,5,1,1,0,0,0,0,0,0,0,0,0
ALPHA WANN,475.5131,-310.99265,98.789474,7.4216533,-2.1454577,33.62456,91.23865,-37.8818,-1.144043,-16.061506,3.7508028,34.557404,12.654255,-6.7189937,1.1021547,19.321379,13.483994,-4.931415,10.756671,-10.188685,-6.1042733,6.5096,7.862677,1.108294,32.00943,15.676335,-5.9513826,10.636368,18.590326,-15.063232,-4.7262936,2.0097876,11.276342001289317,15.696055787365948,5,1,1,0,0,0,0,0,0,0,0,0
KEKRA,372.41754,-186.72043,18.852192,19.892515,-12.003759,12.416739,82.77046,10.979208,-24.015581,17.510916,15.364314,-14.43819,-2.580791,-26.900568,16.978025,4.1964407,-4.5786195,-3.9219015,17.3846,30.499144,-0.7950091,-8.93041,3.08985,7.9265265,35.504036,-8.591467,13.840626,-6.587397,4.220647,-4.7928505,-8.702571,-11.293776,10.862109539423722,15.979758558002937,5,1,1,0,0,0,0,0,0,0,0,0
ROUNHAA,243.99376,-167.36429,47.206738,-25.108593,9.964926,-16.031584,26.138954,21.775679,-21.772955,1.005767,-23.46817,-1.5959854,-11.303888,-20.874878,12.979778,-2.239243,-11.504481,-14.464545,22.408995,-12.738862,-6.5794296,-13.347964,-14.544472,20.874573,3.1525524,6.411112,11.432926,-9.069142,9.75281,-4.3749943,6.4118476,4.8338647,0.0,0.0,0,0,0,0,0,0,0,0,0,0,0,0
B.B. JACQUES,167.01068,-108.019035,36.062855,-26.026014,12.560651,-26.711939,-19.916912,12.609742,6.674579,-0.21315059,-1.562006,18.49938,-27.8542,-7.153301,52.277607,2.9171495,18.284729,-15.846011,-19.238853,-1.3412945,-9.574401,7.4703145,12.497456,-5.450217,-9.633311,14.686116,7.9263387,3.2885225,10.710315,13.771669,-12.325496,19.25207,0.0,0.0,0,0,0,0,0,0,0,0,0,0,0,0
YVNNIS,216.57948,-151.70874,55.56545,-38.257626,17.63308,-14.776855,23.139925,3.3526468,-8.249225,-17.999626,-38.12762,19.24819,-16.61557,-13.657581,30.195845,-12.986176,15.856798,-15.784101,16.803839,-11.409164,-15.213668,-9.694076,4.3891687,10.461477,-7.367078,-3.3114471,-3.6384382,-11.690862,13.821474,-12.710194,4.5754943,23.152025,0.0,0.0,0,0,0,0,0,0,0,0,0,0,0,0
DAU,180.16907,-100.269325,20.289616,-26.75294,12.342346,1.187556,25.865356,18.797384,-22.228851,-5.7380195,-27.970015,-18.945189,-7.98121,10.17877,33.845978,-14.836581,9.386815,2.5633698,-0.7642199,-14.234571,4.715147,0.23067424,-26.482346,17.517326,13.495165,-0.7505448,-0.51039207,-25.7171,1.4124894,-5.3337016,-3.0202994,-16.789694,9.709113657218,12.74508331282918,3,1,0,0,0,0,0,0,0,0,0,1
LOGOBI GT,167.45755,138.09737,111.5523,-17.109821,-2.1490266,-16.769506,18.495499,-0.50888014,11.828607,-6.4073386,-16.063051,26.555977,4.2689,-3.5162284,18.891768,-1.9529513,1.129245,5.181545,24.047232,5.8936315,-2.560315,14.795034,-4.4254675,23.382862,8.497298,-4.366906,1.5482012,20.752916,15.986934,-12.499826,9.89984,4.178653,9.917242517768464,11.983447709711696,5,1,0,0,0,1,0,0,0,0,0,0
ZEG P,270.9492,-7.806172,-29.178743,1.8544799,-0.28167805,-46.29887,-18.480007,-1.7473229,-24.608768,31.841217,-21.12957,-22.373697,4.7397933,-11.701311,-27.936178,-21.048183,6.5167227,11.765244,-4.6816363,12.472586,19.206972,6.9279,-23.548843,-8.379975,-11.105234,19.459646,10.631004,2.2622416,22.14637,1.9664617,-13.933701,-1.8091966,10.788225695897175,13.29104060559549,0,1,0,0,0,0,0,0,0,0,0,0
ATEYABA,283.22366,-180.86952,37.45678,0.9455415,-1.9814098,37.100956,88.00349,7.2512565,-31.331175,-1.021831,-15.448627,-10.584798,22.755928,-2.233463,-16.98873,-2.5643227,-7.8305483,-9.901942,19.729916,-23.258268,-10.868037,-10.490439,12.010059,16.594278,19.652357,12.820542,-5.525125,-9.273579,16.620909,6.8474383,4.5873127,3.259886,10.458119513239328,15.0938493725778,5,1,1,0,0,0,0,0,0,0,0,0
LUNATIC,180.9242,-90.10477,41.161743,73.65225,-24.618988,115.44576,6.968603,-10.570941,-3.5533779,7.122965,-14.216295,-5.9630766,-3.2202778,-25.176388,-3.463808,14.561873,14.619152,1.1048743,0.8243003,4.877083,-3.492513,12.676439,13.19185,3.9213448,12.79487,-3.0741634,0.23333538,-17.66858,-3.4593275,4.9918466,-2.1197255,-2.4426327,11.057487243283797,14.073757897977536,5,1,1,0,0,0,0,0,0,0,0,0
CHEU-B,117.165764,-5.1252823,-29.05501,-9.769135,0.8578114,30.24443,25.907211,20.030094,-24.598251,-2.195083,8.886109,-18.492887,3.5194619,8.383104,19.237608,-6.944106,9.643321,2.0246408,-0.72873807,-2.7554946,3.4267936,-19.704742,17.351923,1.3520172,0.95561564,1.696747,-10.997397,7.065695,12.630896,16.272146,20.173698,-6.355398,10.06343568035319,13.231633839250478,5,1,1,0,0,0,0,0,0,0,0,0
DTF,201.04855,-58.01087,16.662527,-1.0312535,-4.444686,4.160603,31.113626,-6.68888,-6.4206266,13.785068,-2.7695878,32.108444,0.1772062,-7.7088223,-19.892553,-2.4904873,-28.435688,14.249856,12.329009,-34.422813,22.044203,-13.241933,-0.21434441,9.590349,-4.5216684,-16.982069,-21.486065,-1.000008,-17.491365,1.5265299,5.2643933,-15.403999,11.153188695567094,15.09619548355947,5,1,1,0,0,0,0,0,0,0,0,0
MAFIA K'1 FRY,95.87196,-1.8302673,14.782979,78.18445,-29.230497,98.99741,-38.053745,1.9034941,-3.2033257,1.1922162,-27.62513,-4.8981977,-14.255674,-11.26526,10.302687,15.562375,4.5973177,-0.5198474,-0.28407508,-5.0627804,-0.4636653,10.224923,2.5868022,-7.1011524,-0.18707722,1.1457672,-2.4729404,-11.063059,-0.81985754,1.1115971,-3.638288,3.5020144,10.184824537428067,12.586250714411454,5,1,1,0,0,0,0,0,0,0,0,0
MMZ,79.14112,-0.55232495,-20.443583,22.43691,-11.208782,-3.2740083,-0.16471303,14.183453,-11.685371,17.079712,10.378132,-23.820665,-2.763509,-6.4647617,2.9950824,10.042074,-18.43525,7.4748588,6.9637465,29.622465,-4.993284,-5.034779,9.8850355,-5.239252,7.1321297,-2.2419996,-11.486565,3.7528958,1.5211328,4.5106325,13.623217,-8.183926,9.94193873891038,13.772323268337734,2,1,0,0,0,0,0,0,0,0,0,0
OXMO PUCCINO,110.43474,-79.70692,42.692005,42.08368,-2.3710444,73.51403,-10.174987,-30.583334,28.601162,4.3637047,-16.144882,-4.2495184,-4.790042,-14.565113,-2.8846538,-1.3011839,12.17578,4.859673,-14.744539,9.406539,5.1582828,-7.486749,4.21511,8.102596,2.9816747,-0.45942128,12.826247,-9.064731,-2.365897,-2.5301056,10.554855,6.775114,11.673912722056476,14.695257215289816,5,1,1,0,0,0,0,0,0,0,0,0
PSY 4 DE LA RIME,95.45393,20.14202,40.682667,81.01795,-32.247612,110.10662,-43.79132,9.795395,7.8403025,9.173095,-40.871475,-1.6217903,-22.973911,-9.775173,10.29264,3.0604997,2.501401,3.632849,3.4150956,-8.36864,3.4003763,5.940303,4.151847,-11.993158,3.2169163,10.210998,-6.9968123,-3.886046,2.026034,4.41692,-1.4489831,4.5532904,10.52862352247953,13.179543013241313,5,1,1,0,0,0,0,0,0,0,0,0
JOE DWET FILE,100.092285,59.44291,23.837013,-28.060259,9.01658,-0.7783955,-7.987,-17.58561,-22.129292,8.244227,-0.59237015,8.362625,-8.519527,5.34303,9.917853,-3.3755908,-18.945303,-6.5251184,8.496897,9.7193775,2.5405076,5.1050153,-5.816182,-1.7647994,13.571877,-9.18984,18.016222,1.1271393,9.313479,-0.32034534,-5.0247188,1.9167346,7.175489713624222,10.14218944276619,2,1,0,0,0,0,0,0,0,0,0,0
JYEUHAIR,267.95193,-88.82982,43.66451,-60.6053,24.668705,-29.999966,-52.311153,-31.343401,15.83773,33.401363,-2.0134006,-9.526572,2.8300998,3.4387794,19.762756,31.243973,12.7493105,9.590376,-36.160004,-34.157734,10.1756735,-6.2959495,-11.9549465,-3.1150427,17.342749,0.595523,-23.712154,-5.2300653,11.238817,5.0626225,-6.679646,-8.207826,9.439068301584292,12.573001339632317,5,1,1,1,0,1,0,0,0,0,0,0
DISIZ,330.41678,-201.71269,125.487755,4.588414,4.444652,19.15926,-40.914402,-31.276106,36.284313,-27.684855,-16.592724,-12.335358,1.7165347,4.083791,-6.4527774,-45.84572,25.83722,-7.461055,13.700455,-1.9542948,-4.9800105,-12.635949,3.225256,6.3071866,13.705612,6.270822,-21.5576,-13.556699,4.498811,4.2086535,-22.755762,-24.38904,11.71023415157243,15.585117460951167,5,1,1,0,0,0,0,0,0,0,0,0
ISHA,271.21564,-218.42828,86.09818,36.7513,-8.220105,80.37594,40.86529,-66.714386,41.14656,10.05334,-1.5209378,-18.241102,11.686675,6.101048,-7.603081,12.074066,9.735683,-3.5475373,-2.1452475,25.449657,0.38807756,-4.547043,-23.209417,1.086005,7.53756,14.6963625,15.178796,-5.5480437,5.241412,-8.87889,9.216153,-9.125409,10.69335301197251,14.787219345689133,5,1,1,0,0,0,0,0,0,1,0,0
LA FEVE,263.326,-182.43353,41.883156,-15.778654,7.993696,32.32827,91.97391,11.708942,-26.778988,8.753967,-22.338678,-12.830204,-3.8048217,-11.125516,2.1406922,-12.032038,7.1308317,-1.6917723,9.725488,-13.502295,12.4933405,-0.988384,-13.359448,16.774183,17.160688,0.31306905,-12.332478,-24.03367,2.9669073,12.872038,-10.856274,-14.011229,11.062238070241076,16.262978286265003,5,1,1,0,0,0,0,0,0,0,0,0
LESRAM,282.77588,-192.47595,54.221592,9.637196,1.1448617,47.548454,69.22256,-14.225117,-7.8979053,-4.2776284,-10.341033,31.418793,5.095161,-28.415106,3.1931953,12.977174,-19.687492,-35.563187,-3.4103992,-2.5739634,-20.519123,-29.287344,16.552668,11.939755,-5.7576985,34.281013,16.893154,6.385143,29.078415,-21.321594,-0.45549896,27.483927,0.0,0.0,0,0,0,0,0,0,0,0,0,0,0,0
ABOU DEBEING,31.36928,41.67884,38.832794,81.246605,204.52156,-7.1763625,9.638507,8.744011,-12.18036,15.034051,16.024015,7.9278593,-16.269367,18.094976,-4.2207084,25.468973,12.473663,-3.2200181,51.304623,-7.3938403,2.7437725,-4.939957,2.186097,-43.335102,-3.2226639,6.564278,3.8322299,-23.64462,-2.4101725,-3.328466,3.1234822,2.7905009,9.591171199125986,11.701485853054026,5,1,1,0,0,0,1,0,0,0,0,0
DJ ERISE,17.803404,23.413193,19.077465,103.153145,243.20981,-8.370072,7.3486967,11.096394,-9.846998,14.760434,14.909826,8.39573,-14.001832,20.08389,-7.8333216,20.125198,8.58887,0.24376336,39.494717,-4.7653937,-1.9280114,-5.1209702,0.70308363,-28.84591,0.23668247,2.2361035,1.853566,-14.939954,-2.9056752,-5.7978716,1.1474386,-1.6470495,9.212138753917564,11.13359583046669,2,1,0,0,0,0,0,0,0,0,0,0
ELAMS,34.16304,44.407738,34.852924,164.24396,374.41794,-10.290545,11.64292,15.874352,-9.370106,16.040848,17.52832,7.5414705,-15.125853,19.434233,-7.2229576,17.196098,4.7585387,0.75717694,33.837486,-1.8303955,-1.7455968,-4.7102757,0.814101,-23.4744,0.9410483,0.9733724,1.9395496,-12.722071,-1.4969283,-4.3192806,0.2673086,0.6112358,9.16837188715368,11.594855621061042,5,1,1,0,0,0,0,0,0,0,0,0
FABABY,30.850826,37.415794,37.510654,61.42775,144.4743,-9.626548,7.795855,14.901518,-2.6778407,21.868406,11.447608,12.135287,-5.1526833,15.676572,-8.018563,25.90884,22.35599,-4.087326,43.86847,-10.492521,-5.7450924,-11.969261,2.3469427,-40.446594,-3.8004124,10.713207,-3.6991193,-29.683382,-9.685278,-0.4142904,2.683389,-4.0703173,9.870551052289864,11.887594539114565,5,1,1,0,0,0,0,0,0,0,0,0
GEORGIO,271.86118,-186.6018,89.73965,5.601681,-0.6214799,-6.2077184,-67.51396,-17.009691,39.483368,-1.6704345,25.246063,-12.952426,-3.3301353,-1.8849126,-6.619085,-6.05778,1.0035365,1.0893942,-0.6431937,2.507003,0.33010572,-13.047044,10.549267,14.095547,8.364188,14.415856,-2.718458,-6.6269603,5.538366,-6.7669244,11.343335,3.4831936,11.093417211859927,14.883485272725869,5,1,1,0,0,0,0,0,0,0,0,0
LIVAI,176.41373,-117.61217,53.939747,-26.271963,10.624125,-46.43806,-61.72296,23.325119,3.617945,3.3648372,-11.332753,-2.847791,-26.586187,-3.3461182,17.265394,3.3011322,-11.333159,-4.530894,-7.8572774,0.44481736,0.85243785,-17.934572,-9.478201,-6.05782,7.1883316,3.3549156,10.8044195,9.865748,10.954951,9.393063,5.433865,-11.5336275,9.981697813072689,13.44213696440249,0,1,0,0,0,0,0,0,0,0,0,0
TSEW THE KID,206.32379,-115.38501,60.898113,-18.855572,8.634898,-51.842857,-77.97627,25.084099,8.178318,20.602617,-1.0763931,-33.029408,-29.58407,2.5326552,11.568136,0.21495035,0.20376328,-9.884824,8.365614,16.451233,1.3248883,-6.509358,-15.762796,-2.2865517,-1.6787971,1.7592916,9.9239025,1.4639077,8.15635,9.650781,21.559986,-12.569409,10.63344870621879,14.104200622221578,3,1,0,0,0,0,0,0,0,0,0,0
LEFA,90.41726,-32.442265,9.686734,-9.161085,3.6515853,0.3539097,-29.035267,7.8009963,9.0446,-0.5047905,-4.372921,-20.772177,-4.462617,7.7442985,1.3551686,-11.56835,5.0284386,15.12024,3.7502103,-6.822309,-1.4619262,2.5248678,-1.7858847,-8.294321,5.454312,-3.0693874,14.023863,-8.85528,4.9833994,17.120646,9.842771,7.2068563,10.879272856195923,14.675965060350917,1,1,0,0,0,0,0,0,0,0,0,0
SEXION D'ASSAUT,258.13986,162.85794,175.8984,40.204964,-32.804634,17.594595,-22.105013,7.2126675,7.895544,33.066784,-21.0061,47.67538,19.253336,10.494185,-8.372742,-15.242883,-20.354342,-18.77038,29.375116,-16.542103,-5.5622816,-8.277385,11.451213,-0.5265973,19.319466,-5.2612166,-24.816002,16.114658,-0.35781586,5.3515105,14.521639,0.40404657,0.0,0.0,0,0,0,0,0,0,0,0,0,0,0,0
TAYC,109.62394,91.5928,61.352325,-40.560833,13.714695,11.114693,-0.85121465,-35.3466,-20.128323,-46.595875,27.77504,-33.93257,-25.97851,-17.571753,-3.9516454,-0.7024031,-5.1142855,4.4214015,7.9429293,-21.659657,5.1412015,2.9614773,6.0776544,-8.623202,0.0009943508,-0.66305655,8.190715,9.413637,7.5902495,15.858169,-1.9926267,-2.7590656,12.052367699682096,15.416816495333824,5,1,1,0,0,0,1,0,0,0,1,0
4KEUS GANG,126.46073,59.284912,-33.042564,-55.73551,17.499538,35.604893,-19.328167,-13.70235,3.093767,22.986982,20.637337,2.6232831,16.327606,25.655458,20.664595,-2.0140216,-8.232977,1.6447604,2.519214,-6.9397817,-9.864626,-16.915533,0.62682825,9.450913,-7.332477,-1.3376912,8.54395,6.7302346,-8.030259,-13.685145,-5.9604936,-2.3012629,9.44809663565824,11.928215483525497,5,1,1,0,0,0,0,0,0,0,0,0
BLACK M,195.60602,214.47256,229.64638,21.055061,-31.769955,-6.985958,25.158249,16.84159,11.638733,11.2157,-3.5144353,18.568752,-15.808376,23.187254,7.3234863,-22.696943,-22.08516,-1.8848913,22.618551,12.696327,-7.884477,15.005287,2.0381775,25.200869,8.608137,-6.7225914,5.057939,17.748915,-7.558167,13.8920355,13.172376,0.16949517,11.726244917463672,14.233151242002572,5,1,1,0,0,0,0,0,0,0,0,0
ISK,93.876465,30.8069,-61.290348,23.330652,-11.646604,-22.867456,20.907248,1.8408476,46.839077,-16.14465,3.1459448,-3.6126125,-5.9768815,-11.197645,7.6085277,-1.9650062,-2.4455063,-4.259332,2.4079762,-14.517398,7.3702083,-3.885595,11.689745,-11.209512,30.843008,-13.782551,10.846234,-7.6505885,-10.358136,-1.4600677,-5.1525946,-6.900188,9.740615619563489,13.002049391593983,3,1,1,0,0,0,0,0,0,0,0,0
STAVO,78.264175,-12.364252,-19.168001,15.895615,-9.890135,1.5556006,20.806505,17.674168,-8.207714,2.3494391,15.209762,-4.218841,-13.813642,-9.378042,16.717857,4.705149,6.60283,2.4212902,-2.1605103,4.2520094,1.4717636,-24.703884,8.321987,-10.194881,14.602173,-0.42578363,6.9703217,21.83524,1.8244114,-5.246388,4.5028257,0.70336205,0.0,0.0,0,0,0,0,0,0,0,0,0,0,0,0
VLADIMIR CAUCHEMAR,81.79099,-33.162075,-0.8839735,19.876791,-9.09479,-4.188138,17.712332,5.0167837,-14.748427,2.0300837,26.172525,14.368541,8.714207,-9.924318,-4.7042675,6.6417537,13.183195,8.930072,7.8132114,6.5422955,-2.456493,25.607101,3.5678227,-4.440945,11.995303,-12.985702,2.3908212,0.6531677,-7.1429143,4.6612754,-31.010603,0.0059143165,11.595942207353572,14.12381036659718,5,1,0,0,0,1,0,0,0,0,0,1
ANITTA,18.375114,20.365717,14.243854,-2.6448972,7.52582,-1.3765403,0.9330947,-10.592012,-8.357592,-6.779267,2.1338582,-1.2556909,-6.373863,-0.8125546,4.547762,-0.6688687,-6.2022767,-2.772817,9.737392,0.9393128,3.2081196,6.1344633,0.980176,-8.735629,1.4040266,1.3093096,8.63315,1.016375,1.017476,0.4946225,2.4988122,2.501622,14.028995615836635,18.9339852008713,5,1,0,1,0,1,1,0,0,0,0,0
AYA NAKAMURA,134.72403,131.94498,121.587326,-41.70248,8.104975,4.406491,7.6595206,-41.7106,-27.375374,-72.589134,28.93461,-40.926243,-21.079348,-29.389576,-7.90829,2.0407856,-3.962104,-3.605926,2.0305767,-6.733961,-4.4295626,6.9053454,8.683306,-5.430214,2.1316485,5.8477693,-1.4939948,-1.8021655,10.355403,1.3099729,-4.7533007,-10.336452,13.142499282490627,16.343784041420818,5,1,1,1,0,0,1,0,0,0,0,0
CORNEILLE,142.31097,189.26097,226.33754,-1.7873377,-15.735007,-28.868362,41.11383,28.426483,15.93775,-11.504043,17.472471,-20.29456,3.9115932,-4.336281,-2.9659312,11.569198,6.989842,2.2053432,-16.24876,-8.620659,-3.628379,-1.2230413,-3.3562212,3.5360184,-10.610208,6.4825115,2.1870148,-3.4401307,-10.660021,-2.553465,0.08845794,4.4538026,11.325088727488165,13.749554499261563,5,1,0,0,0,0,1,1,0,0,0,0
JUNGELI,106.82804,103.76225,73.848564,-13.120505,6.5234666,-10.24075,10.330674,-14.362666,-4.2153707,27.532444,0.2539623,10.642111,19.773232,-12.726973,-4.0471797,23.435383,26.139097,-8.900731,-6.9631224,6.3039026,1.118136,-17.125446,1.5152835,-4.822462,-9.060818,-4.1575828,-11.642519,-23.734463,8.190006,11.269016,1.4459556,-12.483854,10.95399444252939,13.386526023813198,1,1,0,0,0,0,0,0,0,0,0,0
COLONEL REYEL,134.25845,168.31482,183.50641,17.186113,-23.253088,-2.8593447,25.743128,29.63569,15.931774,15.993458,-15.633857,13.601777,0.81977403,7.9317627,19.071987,-14.260716,-13.102474,-2.8212996,16.80703,6.923818,0.015835455,16.251202,0.74691385,5.010603,1.6372039,-0.74712026,4.55113,15.883234,6.873552,-3.164473,-7.1074314,-8.5045,0.0,0.0,0,0,0,0,0,0,0,0,0,0,0,0
SOPRANO,175.25652,154.66866,184.52368,69.11993,-37.39261,58.180466,-11.80522,32.60027,24.044794,22.840542,-36.622913,10.640378,-16.170765,2.7407427,23.58608,-17.67608,-23.618713,-14.091553,20.472181,-8.208256,4.4632015,20.247843,-2.026499,-10.324022,8.023905,-2.5499167,-7.061208,14.392789,-9.602725,-5.3789163,-0.0211035,-2.3417332,11.831219183287397,14.70078893970781,5,1,1,0,0,0,0,0,0,0,0,0
KENDJI GIRAC,137.50827,177.27818,203.61568,4.5638947,-21.362984,-26.178596,35.374973,42.048283,23.598791,23.16703,-0.15151384,5.72522,18.529638,0.85698617,3.935036,3.2356114,1.9692652,2.386703,-10.635162,5.5731816,-3.68242,2.3546023,1.8671337,9.754388,-3.9993043,2.205112,4.2938547,-3.1471322,-5.992139,-7.8413305,9.363022,0.15334165,11.706673160766355,14.605187628724757,5,1,0,1,0,1,0,0,0,0,1,0
M POKORA,94.07706,142.29541,179.18529,8.326568,-20.615921,-15.866041,38.740692,47.284294,30.359272,14.286409,5.571995,-4.395146,17.360176,-1.7249916,7.9943123,-1.9309722,3.160862,-1.4744524,-14.237049,8.021586,2.2862148,9.029012,-4.25621,7.612158,-2.9771166,6.7248125,14.69169,1.1902375,0.97842574,-8.068517,-6.4275203,8.4818125,11.737667737648136,14.790084160129084,5,1,1,1,0,0,1,0,0,0,0,0
M. POKORA,133.08153,173.34445,217.96027,13.496896,-22.485207,-13.681149,37.209003,43.328228,31.386805,2.642883,11.324164,-15.881435,1.4066356,-2.6642327,0.9942814,4.4015746,6.4017944,5.8047285,-6.9884644,-6.750843,-2.6996868,8.483286,-0.6237566,4.7838492,-1.7535057,7.172156,-2.0119145,4.788109,-0.6061647,-3.17162,-6.531743,-1.4267701,11.737667737648136,14.790084160129084,5,1,1,1,0,0,1,0,0,0,0,0
MONSIEUR NOV,39.962612,34.202736,9.738957,-22.928272,14.6174135,10.979581,0.61608994,-10.510275,-5.461835,-5.948977,9.817547,-11.025186,-3.4739542,-4.157633,6.6618166,-2.882811,-4.582847,-3.4220338,9.994796,-9.625796,0.07408389,2.527165,1.9383279,-12.032988,-0.98745453,2.1480687,12.090974,4.2080865,3.3524847,0.2445266,-4.5402226,-5.4044423,9.98432994038023,13.120092801596972,5,1,0,0,0,0,1,0,0,0,0,0
NASSI,124.52204,146.72679,151.08052,0.18003458,-18.039207,-23.764927,33.483166,5.362938,-3.3863652,-10.540099,22.043747,-13.900458,3.7120903,-3.335611,0.76156306,13.29469,-6.226405,-1.1212064,-20.960045,5.644617,14.945947,-3.1416082,-7.289238,19.874817,-5.727385,6.3707023,6.6877265,-15.333444,1.7680073,0.5894234,-5.1905017,16.404705,9.618535084655214,11.795145145687446,1,1,0,0,0,0,0,0,0,0,0,0
NEJ,100.09915,113.55628,113.61214,-24.313087,0.85589063,-2.0128622,12.5470915,-36.0205,-25.202703,-62.670586,33.342743,-41.187794,-36.54718,-26.296202,-14.770955,10.140793,-7.4969153,-4.598084,-6.3917203,-5.5513535,1.4518894,1.5844997,2.507516,0.5852146,-1.1925399,0.08945713,4.9385743,-6.0081882,0.7556153,6.3647466,0.80432177,2.7300525,11.806385810998153,14.626601650128263,5,1,0,1,0,0,1,0,0,0,0,0
RIDSA,202.21594,235.07414,258.45755,15.580849,-33.999405,-21.30546,37.501053,40.382484,25.908895,22.754637,-4.3444123,7.791198,16.932928,8.297491,9.074503,12.163397,-2.421841,-5.112084,-14.823197,0.23507768,0.37297082,-4.4524517,5.7431498,12.015879,-1.3874359,-0.16112258,-9.335038,5.244784,14.756133,-7.6879745,-0.12357186,-10.077883,10.771595935483736,13.32488617484806,5,1,0,0,0,0,0,0,0,0,0,0
RONISIA,69.962105,75.531876,57.006847,-37.99251,16.854885,4.138979,4.338112,-45.151535,-28.66112,-55.035145,20.13066,-27.378859,-28.838516,-22.01534,-4.4912834,17.355667,-6.1335797,1.0788292,-2.7366126,-5.0930376,3.6926777,1.5264715,0.7907945,-0.39834815,-4.524131,-0.42556483,0.96783787,-9.933115,9.405101,4.002138,-3.5957854,1.0565443,10.321144701409654,13.358898460554922,5,1,0,1,0,0,1,0,0,0,0,0
TAL,85.987946,132.31085,165.25095,13.296314,-24.024288,-15.777737,36.46286,39.557873,25.284569,6.1860313,5.4266615,-7.761394,6.0070734,-5.271638,3.5885518,-4.9296103,3.3722816,-4.680709,-7.727419,4.225113,4.9747353,11.129388,-2.67797,9.506949,-2.5367463,5.809395,13.080285,5.3392305,-1.1073049,-6.845328,-3.479874,8.934056,11.186682728151698,13.75460914784549,5,1,0,1,0,0,0,0,0,0,0,0
VITAA,191.98393,226.58931,278.7109,9.321283,-29.20309,-24.332088,37.91007,25.461761,21.943026,-12.858419,21.804605,-26.947035,2.0462124,-14.847084,-15.589622,1.3655038,5.708736,2.7827525,-20.933039,-0.23900801,-4.4451323,-1.748377,3.9391127,-1.8957716,-4.4919295,-1.2022803,1.3895661,-6.006195,6.0354586,9.022151,-9.590646,-15.222193,11.605550224076053,14.43423479369489,5,1,0,1,0,0,1,0,0,0,0,0
WEJDENE,114.45691,108.78617,102.00446,-24.302937,8.997158,-5.707875,9.0794115,-39.808815,-23.523615,-71.69125,26.970388,-42.215176,-32.44628,-23.16394,-14.47321,-3.058962,1.8945216,2.0301178,3.481401,-14.655745,12.705858,8.906467,1.3160311,-5.648944,-6.7418404,3.8611088,1.826668,7.084184,7.980954,10.748433,-2.1826859,10.127943,10.486512900336535,13.315415488650649,5,1,1,1,0,0,1,0,0,0,0,0
ZAHO,213.14511,223.48158,257.83493,13.002587,-27.046637,0.73821235,19.013624,6.7171454,5.113894,-32.5934,7.3139815,-22.855167,-29.333538,-10.52182,-3.7011425,-4.518744,-12.319389,-8.617312,9.351702,-9.263529,7.105403,12.313586,6.870781,6.427791,2.6430202,-1.946384,-9.1644745,12.97606,0.7900759,8.743773,7.4268007,6.5023994,11.456598470111594,14.27506983434806,5,1,1,0,0,0,1,0,0,0,0,0
JUNGLE JACK,165.52243,-157.1533,57.584606,-5.481228,5.142247,38.046665,90.1425,-50.295082,15.845814,9.303892,-14.138624,8.919477,1.9934429,11.670206,12.458512,11.579208,-2.4977868,-16.904707,-7.4080424,10.203267,-3.7915957,-8.011366,4.256696,-9.508947,-6.1638455,1.597013,22.627525,10.894439,7.8019924,4.632956,9.260118,21.935654,0.0,0.0,0,0,0,0,0,0,0,0,0,0,0,0
INFINIT',149.40623,-138.70302,50.86609,7.6428,-1.1745585,41.63137,77.89787,-47.05644,15.650625,12.483016,-2.455064,-7.363471,13.216961,13.681691,-9.255663,13.800593,-4.308268,-5.0088043,5.2456255,18.147312,-8.09844,1.7194836,-1.5881872,-7.713025,3.9456346,-16.02011,6.804257,6.1912394,-0.32319883,3.8545449,-0.44147396,13.544193,0.0,0.0,0,0,0,0,0,0,0,0,0,0,0,0
MAIRO,167.79704,-159.49696,52.65062,-9.601877,6.378432,26.25565,93.61319,-47.649654,19.395176,3.0715806,-4.5415406,18.513746,5.7735195,7.4002233,-5.593526,10.600702,-2.3409836,-13.156918,-0.7041112,11.318677,-9.309753,-0.032970317,1.8408431,-10.431903,-11.837961,-7.2435975,11.440275,8.954893,3.6543021,5.619815,4.457174,27.838408,0.0,0.0,0,0,0,0,0,0,0,0,0,0,0,0
JEANJASS,122.071815,-128.80695,52.720303,-2.8857067,5.17318,28.577347,75.866646,-65.15683,30.990808,12.693917,-5.861372,2.1443286,18.871492,21.063574,-15.3988285,11.755911,-13.163924,12.37653,-6.3784666,10.312826,14.526622,1.2215824,-3.0956304,-14.372438,-0.03237094,5.1018877,3.8035119,13.158893,-1.6502343,-2.6439252,10.485964,-10.180409,10.4352622050525,14.214572543098567,5,1,1,0,0,0,0,0,0,0,0,0
BU$HI,239.0968,-148.6624,31.538137,-27.523191,10.887322,16.478203,63.924072,13.573523,-22.507431,-12.865738,-4.4314475,37.038193,0.27710485,-20.18374,-21.613472,-12.898406,-7.4551854,-26.422302,11.035516,-32.909706,-16.23566,3.590628,1.0303018,10.477611,-4.4845037,15.392664,-20.492151,-8.203796,23.57609,-0.95897037,7.2912083,24.401718,0.0,0.0,0,0,0,0,0,0,0,0,0,0,0,0
PRINCE WALY,137.8285,-139.66849,62.49034,-8.187832,6.5652933,17.535307,46.77358,-51.098663,32.610615,9.569261,-12.967826,-18.414658,19.982624,24.361513,-18.67389,-7.2997,-8.817323,0.7138143,7.0846105,-9.122014,-3.6276562,9.317046,2.8259304,-1.8007157,-12.609627,-16.886889,-0.007088423,-6.3579454,-10.662627,-1.1392901,5.7198963,19.695612,0.0,0.0,0,0,0,0,0,0,0,0,0,0,0,0
LUIDJI,353.7711,-258.06635,104.95786,-47.66311,21.193594,-54.513798,-30.646902,-2.436693,21.828466,14.400664,-33.457287,-43.33412,-20.644608,18.330404,14.561599,2.4906294,7.7450542,-4.6471725,-4.92141,-15.790284,4.243269,5.607092,-2.1654012,-5.636283,16.496754,-15.448856,-3.3467038,-11.149577,12.627996,23.96146,2.4265137,-14.535356,11.484299627381786,15.635111822239733,5,1,1,0,0,0,1,0,0,0,0,0
CABALLERO,161.40987,-163.71437,66.33765,-3.5117385,4.063531,12.643002,48.605877,-67.991066,47.431732,15.963898,17.641638,1.945546,5.83621,36.451458,-3.206981,13.029614,-7.9804688,-5.9375277,-15.535603,16.78179,-2.262617,29.07072,4.415739,-25.542995,-6.9659815,2.3835375,-0.017817937,9.355487,1.3785257,12.175754,-4.717222,7.348586,10.419629022124354,13.945360055725091,5,1,1,0,0,1,0,0,0,0,0,0
J9UEVE,239.05135,-159.26355,39.819946,-38.132576,16.05152,22.163725,77.882126,6.235621,-23.700277,0.9095239,-34.845932,2.092744,-2.7599368,-10.100712,10.084578,-2.5898619,0.41699094,21.312536,8.400461,-10.134912,15.95071,-7.6459103,7.14153,12.604576,6.831859,-5.610571,9.697287,-16.940613,-11.281493,19.358398,-6.9922075,-24.493668,10.392987389587368,14.885138496028564,5,1,1,0,0,0,0,0,0,0,0,0
KRISY,198.32224,-179.01187,66.447876,-11.688215,7.918478,22.476723,70.92683,-56.431057,29.987597,1.021188,-2.0469203,10.449843,21.391003,26.868034,-17.585316,8.569232,-10.406361,11.850989,-8.64378,3.0827024,15.768446,11.807061,-11.08538,-23.803177,2.5719526,20.806095,-0.6059382,9.887305,4.069842,18.346857,12.177708,-34.765736,10.93891151924848,14.124899326175743,5,1,1,0,0,0,0,0,0,0,0,0
LIMSA D'AULNAY,115.58557,-117.74349,43.190468,3.209438,0.11655858,38.210846,76.978905,-50.83471,21.613173,10.173356,2.1421242,3.0801945,6.414734,12.002454,1.7836423,19.777525,-5.9953003,2.8099542,-1.9275581,18.359882,0.74799573,-11.550416,-0.15598197,-10.010592,2.7534165,-4.4428883,8.451554,17.482676,-3.0032616,-8.241336,4.465438,-1.5066228,9.475700145423472,13.28502289701885,5,1,1,0,0,0,0,0,0,0,0,0
SO LA LUNE,235.41559,-140.39142,19.502775,-19.652924,5.823924,34.086143,100.18767,11.9009,-29.213903,6.953958,-8.332313,7.6411147,-9.10875,-23.705145,5.6206207,6.8517456,-14.800763,21.837358,9.780375,-5.786112,14.085133,-34.53428,1.5094389,1.0153899,-2.950881,-12.965504,-12.634007,10.976673,-13.374717,13.853819,-1.66374,-10.850603,10.229295989560152,15.71096390478017,1,1,0,0,0,0,0,0,0,0,0,0
THEODORA,167.35016,11.046959,37.423347,-57.36441,27.181763,7.0579357,-12.775223,-30.856533,-21.519081,-42.335342,-17.615013,19.57047,25.428106,-25.085201,18.715721,-15.958726,29.932577,9.85681,31.805021,15.698601,31.25769,-0.99118155,-12.498006,4.6785364,-1.6394234,-9.957611,-11.920189,8.683884,-23.27019,-18.91625,-2.9221175,4.434926,11.551463252675308,15.777492855311658,5,1,0,1,1,0,0,0,0,0,0,0
NAZA,71.55144,37.220165,11.835244,-31.855137,12.906534,1.6727308,-6.3993883,-7.648803,16.455238,14.407483,1.3945208,-2.0581355,29.864445,0.69795,20.321589,28.373566,28.777569,-1.6841699,-9.995317,-15.632156,1.1480578,-15.552199,7.6080613,0.38662988,4.6644573,-5.968101,-11.666383,-10.507253,-7.83482,7.395343,0.86017334,-4.8813243,11.381049843656648,14.25806333667634,5,1,0,0,0,1,0,0,0,0,0,0
NEMIR,139.74591,-133.59439,62.51305,-13.053539,7.47868,-7.0700336,15.513566,-51.61383,41.83144,14.605649,1.159605,-22.408459,3.7850358,35.79862,-8.892364,-3.1612012,-11.528444,8.702962,-5.483513,0.80616516,10.958915,24.47667,-4.8546777,-14.835097,3.71633,11.1372175,-19.686628,-1.695744,12.6568575,-1.5812092,4.590392,-9.918312,10.591999004691544,13.47723389434341,5,1,1,0,0,0,0,0,0,0,0,0
GROS MO,93.153595,-97.672806,44.075504,-13.023883,7.0119166,-7.2783155,12.053281,-35.93253,31.994759,10.726676,-3.728242,-15.298353,5.9475865,29.859499,-10.648925,1.2019222,-16.172697,1.4287329,-3.614222,-4.000081,12.179838,16.136421,-9.26868,-13.692672,6.3802524,4.0494857,-15.651043,2.7604985,5.057848,0.58975875,0.059131153,-1.9384862,10.180891990576775,13.07975645751882,2,1,1,0,0,0,0,0,0,0,0,0
JEWEL USAIN,117.30806,-92.62671,57.934917,-10.074714,6.148147,4.3659315,6.927366,-40.302765,28.392527,0.47992808,-8.581819,-34.236477,-3.2838488,23.979244,-1.7420489,-14.129422,12.692675,-0.9046494,-7.914997,-8.483295,-8.981495,7.8900614,16.935993,-5.611016,0.47200298,-25.29547,-11.41743,-11.204223,-2.160932,2.1426923,-1.8294364,20.690353,0.0,0.0,0,0,0,0,0,0,0,0,0,0,0,0
JOLAGREEN23,156.18953,-44.599354,-19.391943,-48.014915,17.72027,31.1207,54.87005,39.18615,-11.765441,-9.389416,-6.0236053,-8.578146,1.4176394,11.981217,1.1957278,-21.15764,6.147983,-7.9679384,3.4248195,0.89559764,11.943437,-12.888848,-5.1382136,16.972204,2.9860103,-13.539882,4.55767,-26.003578,5.723706,2.9871626,2.8673437,-5.7579036,0.0,0.0,0,0,0,0,0,0,0,0,0,0,0,0
DIDDI TRIX,58.1103,-9.334112,-12.3094635,-13.803771,4.586605,14.278278,15.820987,13.819471,-14.409655,3.9737554,1.0369687,-14.82159,-2.4758458,1.7440257,13.330083,-11.307176,0.23396409,0.53735137,-0.749526,-0.027817044,1.2047007,-6.502328,-3.6732445,4.4433203,-6.980232,-2.4119692,-7.943354,-5.1659417,0.0161355,9.117485,-4.1374273,4.5430574,0.0,0.0,0,0,0,0,0,0,0,0,0,0,0,0
YOURI,174.96996,-127.52218,43.90139,1.2600878,2.2792459,1.2180423,8.783579,2.9892488,-0.8764536,-18.54202,-0.62294406,8.227114,35.51438,-12.0036955,-17.039776,-15.579455,-38.54215,7.1918077,26.534075,-27.159563,15.554387,-22.271164,-18.82183,25.61968,-19.801207,19.699322,14.06607,-17.278913,-12.102606,11.591684,0.6105875,-19.648056,9.374073563958785,12.75055449088088,0,1,0,0,0,0,0,0,0,0,0,0
HMZ,157.95296,62.31166,-74.04359,26.972248,-12.645033,-20.602985,9.838819,-17.94783,52.000317,0.8719851,-4.570868,-12.482358,-22.564234,-22.418415,3.2163684,26.493628,1.5243956,-11.303437,19.447407,0.6269634,8.776779,-6.480723,-3.530906,14.094958,-2.012211,5.8169775,-13.837129,7.6511955,2.5969427,-3.228278,8.785033,5.844884,9.243678431586693,11.869851377413733,0,1,0,0,0,0,0,0,0,0,0,0
STARE DOBRE MAŁZENSTWO,117.72835,32.762077,-60.642433,-29.032707,10.053338,-5.0141296,5.1706114,21.306164,57.55481,-18.201298,-25.385536,-0.32463312,6.4396477,-4.5581884,-24.614225,20.528927,-18.843922,-15.408886,10.108318,2.0143082,19.768536,10.106297,13.652266,2.24102,13.397662,-13.696031,16.811462,-5.369901,-6.657435,4.715736,-6.930986,2.230011,0.0,0.0,0,0,0,0,0,0,0,0,0,0,0,0
DJADJA & DINAZ,124.0814,56.59194,-48.19738,16.988256,-10.700043,-25.43008,18.023352,-7.104661,46.86076,2.1984093,-12.203357,7.4366093,-19.250854,-17.619703,-13.344707,9.639026,5.10108,4.195695,23.122364,6.552906,4.7933555,-1.1306511,0.8896346,24.318106,-9.652742,4.742708,2.9638183,4.2495503,2.5351448,-6.3383822,-3.2002637,4.4604516,0.0,0.0,0,0,0,0,0,0,0,0,0,0,0,0
GAULOIS,92.006256,32.96253,-44.698685,-3.418969,-2.2978325,-16.974188,0.33674937,-15.233231,25.396975,27.228504,-5.2746954,-12.887582,-20.211304,-21.178104,-15.367083,10.88723,4.5573277,1.8251866,6.7261524,11.448351,-4.965859,-7.932634,-0.36152473,11.98447,6.6574125,8.898331,-4.2042017,13.580335,-13.674859,0.02118735,2.2639413,15.665611,0.0,0.0,0,0,0,0,0,0,0,0,0,0,0,0
MANAU,87.235275,66.57689,105.32576,35.790283,-22.335243,32.62914,-19.951714,16.627504,18.040768,13.169998,-24.647352,15.774768,-0.49140006,3.5156567,8.099537,-20.280804,-30.539595,5.261512,15.711849,-0.4686223,4.301211,3.5898552,-14.20676,-9.920805,7.6044636,-10.832626,-13.680177,17.22865,10.229534,5.008564,-14.217673,0.7717343,11.70258668706757,14.25615939540692,5,1,1,0,0,0,0,0,0,0,0,0
RILES,164.02841,-37.29831,76.96747,21.05312,-11.95345,-5.6093507,-57.70797,-3.0918484,14.329581,-13.627602,26.499586,7.3278985,24.322687,-2.451469,-36.251106,-34.490417,-4.74685,0.33868724,5.514058,-3.9276996,14.377333,-34.31153,-20.75761,-7.4071956,19.7463,-10.465488,-21.536228,11.240295,1.4630814,-7.585218,-1.8852296,-0.105159685,11.655119230673405,15.071726984972749,5,1,1,0,0,0,1,0,0,0,0,0
YA LEVIS,30.799917,18.769493,5.214923,-15.543124,5.980011,1.8793837,-4.3054876,-9.444022,-5.1709414,-14.57621,-2.0959728,7.0492387,-7.658897,12.079621,-4.3543773,17.429897,-7.7533307,2.633768,-12.1171665,15.837048,2.5784204,-20.457642,-1.7318176,5.3986764,0.03523181,-6.6478186,-14.6331005,-12.186746,5.689025,-12.110471,-11.771589,-0.7397733,10.313376195704071,13.072670906278384,5,1,0,0,0,0,1,0,0,0,0,0
AMIR,38.224655,44.89598,44.766953,-5.43657,0.5797213,-5.259273,10.257962,14.070058,14.999065,14.589551,3.9794943,0.07170998,22.572355,0.65442723,8.208363,22.433212,26.188324,-0.41318387,-8.862941,-8.425217,-2.484365,-13.302904,-2.0168116,-3.882628,-5.200727,3.245439,-6.0604196,-15.977372,-6.0555596,1.012003,-6.449679,-2.7439928,11.64907218464357,14.294203203137863,5,1,0,1,0,1,0,0,0,0,0,0
WALLACE CLEAVER,246.49396,-194.86717,82.780495,-31.209429,15.331697,-33.264668,-38.203983,-12.112773,43.740772,-14.350829,27.255241,43.172398,-16.043295,-0.9273082,35.540867,0.6015631,0.019101351,-18.220125,-18.659082,-7.320599,-6.1282487,-4.0851765,7.0322385,-14.613145,-23.72253,4.3529696,15.276014,2.4858255,1.699485,11.361012,3.6349254,22.663527,0.0,0.0,0,0,0,0,0,0,0,0,0,0,0,0
IMEN ES,80.821045,91.72326,84.940155,-12.760552,-3.1313741,-0.14152603,9.286652,-27.129295,-16.076788,-41.18152,18.18524,-26.84879,-26.464437,-18.835514,-14.619796,-5.8387127,-8.495937,-0.98491865,5.572642,-3.784378,-0.13184991,4.1902075,-5.334545,-1.7640319,0.36098877,-2.744147,2.4354432,2.7171922,-0.895491,14.181639,6.2745395,10.967672,9.925493632798744,12.499838673137196,5,1,1,0,0,0,1,0,0,0,0,0
SOOLKING,80.05331,12.761073,16.459497,42.274704,-2.746499,9.752344,-21.164433,-7.788924,6.88738,-4.42983,7.415613,-3.8319318,25.90403,-24.234175,-20.712059,-23.963205,6.7660007,-3.7571876,-25.993034,7.5195985,0.6781949,-25.833994,6.442513,-15.13329,9.660883,-3.0141275,15.782714,13.439107,4.2946277,6.3215723,10.25432,5.6482973,12.151421086901406,15.337142523276032,5,1,1,0,0,0,0,0,0,0,0,0
KEEN'V,153.54347,205.46263,239.7422,15.006763,-31.007923,-28.161661,55.05325,57.84853,32.37655,18.063137,9.95219,-1.4364749,21.252861,2.887641,5.463562,-1.9800473,7.142784,2.5138588,-11.162667,6.634951,2.5912619,7.612992,-2.490981,17.221598,-11.38505,10.270578,12.018023,1.7143623,-5.7356367,-8.287648,0.5145067,0.58779824,9.756031083068253,12.2974934533418,5,1,0,1,0,1,0,1,0,0,0,0
PIERRE GARNIER,143.00902,192.16579,229.68597,4.807541,-23.96007,-32.14169,48.658314,54.29961,31.046465,26.033413,14.581818,-13.093244,34.825752,-7.9182534,-0.32307887,24.485224,28.734194,-6.476755,-33.28115,-1.8983645,-6.4601655,-12.665523,4.621676,4.0415626,-5.7533793,17.867205,8.471862,-21.441265,-11.304801,-8.180752,1.484548,-0.0032867193,10.171183730899395,13.376617923743591,5,1,0,1,0,0,0,0,0,0,0,0
VIANNEY,108.32954,152.49551,181.80258,8.245927,-17.121744,-15.04051,35.24503,38.88144,26.963694,15.708774,-0.18593548,-2.9886494,19.26758,-5.030657,5.8942685,4.861812,11.530733,-2.7156503,-10.634423,6.05044,-0.44243562,-0.11238403,-2.4427543,0.6175814,-5.5662284,4.1980147,2.5845072,-6.3708053,-0.81186366,-9.366968,-6.105276,3.2986047,11.569003295189932,14.230450636434956,5,1,0,1,0,0,0,1,0,0,0,0
