annee_sortie,mois_sortie,log_jours_obtention,n_artistes,is_collab,artist_total_certs,artist_max_cert_level,artist_collab_rate,label_freq,cert_level,cat_Singles,cat_Albums,cat_Videos,cat_Compilation
2020,1,7.733245646529795,1,0,7,5,0.14285714285714285,0.0012464165524118161,0,1,0,0,0
2016,1,8.230044310126114,1,0,9,5,0.2222222222222222,0.0036146080019942664,0,1,0,0,0
2019,3,7.862112211662748,3,1,4,0,0.25,0.0002492833104823632,0,1,0,0,0
2020,3,7.70796153183549,1,0,6,5,0.16666666666666666,0.01246416552411816,0,1,0,0,0
2021,9,7.423568444259167,1,0,38,5,0.34210526315789475,0.0016203415181353608,0,1,0,0,0
2023,2,7.063903961472068,1,0,17,5,0.11764705882352941,0.0011217748971706345,0,1,0,0,0
2023,3,7.039660349862076,1,0,4,0,0.0,0.0004985666209647265,0,1,0,0,0
2023,11,6.790097235513905,1,0,1,0,0.0,0.029664713947401222,0,1,0,0,0
2025,1,6.150602768446279,1,0,5,5,0.2,0.0001246416552411816,0,1,0,0,0
2025,4,5.934894195619588,1,0,37,5,0.24324324324324326,0.0034899663467530847,0,1,0,0,0
2025,7,5.659482215759621,1,0,8,5,0.125,0.035398230088495575,0,1,0,0,0
2025,9,5.3471075307174685,1,0,2,0,0.0,0.00311604138102954,0,1,0,0,0
2023,7,6.915723448631314,1,0,2,5,0.0,0.0002492833104823632,0,1,0,0,0
2025,11,5.087596335232384,2,1,7,2,0.5714285714285714,0.01246416552411816,0,1,0,0,0
2025,12,4.941642422609304,1,0,112,5,0.125,0.010345257385018073,0,1,0,0,0
2019,12,7.754052639035757,1,0,112,5,0.125,0.010345257385018073,2,1,0,0,0
2020,10,7.602401335665818,1,0,7,5,0.0,0.0003739249657235448,2,1,0,0,0
2021,2,7.544861068658458,1,0,25,5,0.32,0.0021189081391000874,2,1,0,0,0
2021,11,7.388327859577107,1,0,10,5,0.0,0.003988532967717812,2,1,0,0,0
2022,4,7.302496423727326,1,0,11,5,0.2727272727272727,0.01246416552411816,2,1,0,0,0
2022,8,7.194436851100335,1,0,4,2,0.0,0.035398230088495575,2,1,0,0,0
2022,9,7.182352111885263,1,0,32,5,0.125,0.0014956998628941791,2,1,0,0,0
2023,1,7.0909098220799835,1,0,17,5,0.11764705882352941,0.01246416552411816,2,1,0,0,0
2025,4,5.8998973535824915,1,0,4,5,0.0,0.0003739249657235448,2,1,0,0,0
2025,8,5.476463551931511,2,1,1,2,1.0,0.0001246416552411816,2,1,0,0,0
2022,9,7.187657164114956,1,0,2,5,0.0,0.0004985666209647265,5,1,0,0,0
2023,3,7.039660349862076,2,1,37,5,0.24324324324324326,0.0034899663467530847,5,1,0,0,0
2024,9,6.3561076606958915,2,1,27,5,0.25925925925925924,0.035398230088495575,5,1,0,0,0
2025,4,5.8998973535824915,2,1,5,5,0.4,0.0004985666209647265,5,1,0,0,0
2025,11,5.123963979403259,2,1,20,5,0.55,0.01246416552411816,5,1,0,0,0
2023,3,7.027314514039777,3,1,1,2,1.0,0.0008724915866882712,2,1,0,0,0
2024,6,6.520621127558696,1,0,3,5,0.0,0.029664713947401222,2,1,0,0,0
2025,3,5.991464547107982,1,0,3,5,0.0,0.002243549794341269,2,1,0,0,0
2025,4,5.937536205082426,1,0,1,2,0.0,0.0001246416552411816,2,1,0,0,0
2024,3,6.618738983517219,1,0,15,6,0.0,0.02492833104823632,2,1,0,0,0
2025,10,5.241747015059643,2,1,1,2,1.0,0.0014956998628941791,2,1,0,0,0
2026,1,4.584967478670572,2,1,87,5,0.25287356321839083,0.019693381528106693,2,1,0,0,0
2017,7,8.068402958569699,2,1,48,5,0.020833333333333332,0.0026174747600648134,5,1,0,0,0
2021,1,7.566311014772463,2,1,20,5,0.4,0.019693381528106693,5,1,0,0,0
2021,10,7.40184157874383,1,0,3,5,0.0,0.0003739249657235448,5,1,0,0,0
2024,7,6.456769655572163,1,0,1,5,0.0,0.035398230088495575,5,1,0,0,0
2026,3,3.58351893845611,1,0,17,5,0.058823529411764705,0.0001246416552411816,0,0,1,0,0
2021,7,7.463363045520021,1,0,14,5,0.35714285714285715,0.013710582076529976,2,0,1,0,0
2022,6,7.24422751560335,1,0,28,5,0.2857142857142857,0.000997133241929453,2,0,1,0,0
2025,4,5.877735781779639,1,0,4,5,0.25,0.0003739249657235448,2,0,1,0,0
2018,5,7.96693349840484,1,0,9,5,0.1111111111111111,0.035398230088495575,3,0,1,0,0
2022,11,7.1276936993473985,1,0,40,5,0.125,0.000997133241929453,3,0,1,0,0
2024,9,6.375024819828097,1,0,29,5,0.0,0.00461174124392372,4,0,1,0,0
2019,3,7.851271997109883,1,0,23,5,0.043478260869565216,0.035398230088495575,0,1,0,0,0
2016,1,8.230044310126114,1,0,2,2,0.0,0.0034899663467530847,0,1,0,0,0
2016,4,8.19946419761216,1,0,10,5,0.0,0.0007478499314470896,0,1,0,0,0
2021,5,7.487173694213739,1,0,1,0,0.0,0.013710582076529976,0,1,0,0,0
2022,9,7.168579897264035,1,0,4,0,0.0,0.004237816278200175,0,1,0,0,0
2023,8,6.876264611890766,2,1,2,5,1.0,0.035398230088495575,0,1,0,0,0
2023,10,6.796823718274855,1,0,19,5,0.05263157894736842,0.0017449831733765424,0,1,0,0,0
2023,10,6.796823718274855,1,0,19,5,0.05263157894736842,0.0017449831733765424,0,1,0,0,0
2024,7,6.444131256700441,1,0,3,0,0.0,0.0003739249657235448,0,1,0,0,0
2024,11,6.236369590203704,1,0,63,6,0.09523809523809523,0.0026174747600648134,0,1,0,0,0
2025,4,5.908082938168931,1,0,37,5,0.24324324324324326,0.0034899663467530847,0,1,0,0,0
2025,7,5.616771097666572,1,0,1,0,0.0,0.0001246416552411816,0,1,0,0,0
2025,12,4.718498871295094,2,1,20,5,0.55,0.0001246416552411816,0,1,0,0,0
2020,5,7.673223121121708,2,1,3,0,0.3333333333333333,0.0002492833104823632,0,1,0,0,0
2024,10,6.2766434893416445,1,0,37,5,0.24324324324324326,0.0034899663467530847,0,1,0,0,0
2016,12,8.129764445794171,1,0,3,2,0.0,0.0001246416552411816,0,1,0,0,0
2022,11,7.113142108707088,1,0,1,0,0.0,0.0001246416552411816,0,1,0,0,0
2025,7,5.583496308781699,1,0,2,2,0.5,0.0002492833104823632,0,1,0,0,0
2025,11,4.997212273764115,2,1,33,6,0.2727272727272727,0.0007478499314470896,0,1,0,0,0
2025,4,5.82600010738045,1,0,1,0,0.0,0.00311604138102954,0,1,0,0,0
2024,1,6.690842277418564,1,0,42,5,0.19047619047619047,0.005608874485853172,0,1,0,0,0
2022,6,7.231287004327616,1,0,3,5,0.3333333333333333,0.000997133241929453,2,1,0,0,0
2026,1,4.343805421853684,2,1,20,5,0.55,0.0001246416552411816,2,1,0,0,0
2019,2,7.86480400332846,1,0,1,2,0.0,0.0006232082762059081,2,1,0,0,0
2025,4,5.8805329864007,2,1,7,2,0.5714285714285714,0.01246416552411816,2,1,0,0,0
2020,10,7.605392364814935,1,0,1,2,0.0,0.0001246416552411816,2,1,0,0,0
2022,2,7.316548177182976,1,0,9,5,0.1111111111111111,0.000997133241929453,2,1,0,0,0
2023,12,6.733401891837359,3,1,4,2,0.25,0.0008724915866882712,2,1,0,0,0
2025,9,5.3471075307174685,1,0,5,5,0.0,0.008724915866882713,2,1,0,0,0
2025,5,5.730099782973574,1,0,5,5,0.0,0.0006232082762059081,5,1,0,0,0
2016,10,8.144969417087875,1,0,112,5,0.125,0.010345257385018073,5,1,0,0,0
2017,5,8.07775756373692,1,0,1,0,0.0,0.0001246416552411816,0,1,0,0,0
2021,1,7.549609165154532,1,0,5,2,0.4,0.0004985666209647265,0,1,0,0,0
2021,5,7.48324441607385,1,0,1,0,0.0,0.035398230088495575,0,1,0,0,0
2026,1,4.343805421853684,1,0,9,5,0.1111111111111111,0.005982799451576717,0,1,0,0,0
2023,7,6.880384082186005,1,0,4,0,0.0,0.0001246416552411816,0,1,0,0,0
2017,3,8.10076824307173,1,0,48,5,0.020833333333333332,0.0026174747600648134,0,1,0,0,0
2023,3,7.02108396428914,1,0,48,5,0.020833333333333332,0.0026174747600648134,0,1,0,0,0
2023,2,7.023758954738443,1,0,2,2,0.0,0.000997133241929453,0,1,0,0,0
2018,9,7.914617709040679,1,0,2,0,0.0,0.010594540695500436,0,1,0,0,0
2017,12,8.016647877057803,1,0,1,0,0.0,0.005982799451576717,0,1,0,0,0
2017,2,8.111928063310739,1,0,112,5,0.125,0.010345257385018073,0,1,0,0,0
2025,6,5.634789603169249,2,1,1,0,1.0,0.0001246416552411816,0,1,0,0,0
2025,6,5.60947179518496,1,0,1,0,0.0,0.035398230088495575,0,1,0,0,0
2025,9,5.1647859739235145,1,0,3,0,0.0,0.029664713947401222,0,1,0,0,0
2025,12,4.672828834461906,1,0,1,0,0.0,0.0001246416552411816,0,1,0,0,0
2025,12,4.454347296253507,1,0,1,0,0.0,0.0001246416552411816,0,1,0,0,0
2020,1,7.717796211013582,1,0,19,5,0.05263157894736842,0.0017449831733765424,2,1,0,0,0
2018,4,7.9658927350845286,1,0,1,2,0.0,0.0001246416552411816,2,1,0,0,0
2021,6,7.4673710669175595,1,0,5,2,0.0,0.0034899663467530847,2,1,0,0,0
2024,4,6.54534966033442,1,0,1,2,0.0,0.0001246416552411816,2,1,0,0,0
2025,2,5.971261839790462,2,1,14,5,0.35714285714285715,0.0003739249657235448,2,1,0,0,0
2025,10,5.1298987149230735,3,1,1,2,1.0,0.000997133241929453,2,1,0,0,0
2025,11,4.727387818712341,2,1,1,2,1.0,0.0001246416552411816,2,1,0,0,0
2019,12,7.7406644019172415,1,0,10,5,0.0,0.0017449831733765424,5,1,0,0,0
2021,5,7.472500744737558,1,0,25,5,0.32,0.0021189081391000874,5,1,0,0,0
2021,5,7.475905969367397,1,0,9,5,0.0,0.003988532967717812,5,1,0,0,0
2022,6,7.234177179749849,1,0,37,5,0.24324324324324326,0.0034899663467530847,5,1,0,0,0
2024,7,6.434546518787453,3,1,1,5,1.0,0.0007478499314470896,5,1,0,0,0
2021,2,7.5256399750415355,1,0,7,5,0.14285714285714285,0.0012464165524118161,2,0,1,0,0
2020,11,7.580699752224563,1,0,8,5,0.125,0.029664713947401222,3,0,1,0,0
2021,11,7.366445148327599,1,0,10,5,0.0,0.003988532967717812,4,0,1,0,0
2025,4,5.8377304471659395,1,0,37,5,0.24324324324324326,0.0034899663467530847,4,0,1,0,0
2018,3,7.978996370854115,1,0,63,6,0.09523809523809523,0.0013710582076529975,0,1,0,0,0
2017,10,8.03268487596762,1,0,3,0,0.0,0.0001246416552411816,0,1,0,0,0
2021,6,7.45182223652793,1,0,3,2,0.6666666666666666,0.01246416552411816,0,1,0,0,0
2023,5,6.9440872082295275,2,1,2,5,1.0,0.0002492833104823632,0,1,0,0,0
2023,10,6.7650389767805414,1,0,19,5,0.05263157894736842,0.0017449831733765424,0,1,0,0,0
2024,1,6.679599185844383,1,0,1,0,0.0,0.006107441106817898,0,1,0,0,0
2024,10,6.249975242259483,1,0,3,2,0.3333333333333333,0.01246416552411816,0,1,0,0,0
2025,4,5.817111159963204,1,0,37,5,0.24324324324324326,0.0034899663467530847,0,1,0,0,0
2025,6,5.583496308781699,3,1,19,5,0.42105263157894735,0.0008724915866882712,0,1,0,0,0
2025,6,5.564520407322694,1,0,48,5,0.020833333333333332,0.0026174747600648134,2,1,0,0,0
2025,9,5.081404364984463,2,1,13,2,0.15384615384615385,0.0001246416552411816,2,1,0,0,0
2017,3,8.098642843759418,1,0,22,6,0.13636363636363635,0.0034899663467530847,5,1,0,0,0
2019,6,7.8009820712577405,2,1,22,6,0.13636363636363635,0.0034899663467530847,5,1,0,0,0
2020,11,7.566828479208331,1,0,25,5,0.32,0.0021189081391000874,5,1,0,0,0
2024,7,6.39024066706535,2,1,26,5,0.23076923076923078,0.0006232082762059081,5,1,0,0,0
2024,10,6.208590026096629,1,0,3,5,0.0,0.00461174124392372,5,1,0,0,0
2020,5,7.653494909661253,1,0,6,2,0.5,0.01171631559267107,0,0,1,0,0
2022,6,7.208600337960199,1,0,2,0,0.5,0.001869624828617724,0,0,1,0,0
2022,6,7.213768308118642,1,0,23,5,0.391304347826087,0.035398230088495575,0,0,1,0,0
2025,2,5.973809611869261,1,0,19,5,0.3157894736842105,0.0012464165524118161,0,0,1,0,0
2026,2,1.9459101490553132,1,0,29,5,0.0,0.07291536831609123,0,0,1,0,0
2017,3,8.09009578318096,1,0,4,2,0.0,0.035398230088495575,2,0,1,0,0
2024,10,6.208590026096629,2,1,87,5,0.25287356321839083,0.0004985666209647265,3,0,1,0,0
2019,6,7.80954132465341,1,0,2,5,0.0,0.035398230088495575,0,1,0,0,0
2017,5,8.079308192051961,1,0,40,5,0.125,0.01171631559267107,0,1,0,0,0
2019,4,7.832014180505469,1,0,15,5,0.13333333333333333,0.0003739249657235448,0,1,0,0,0
2009,1,8.74321260347591,1,0,2,5,0.5,0.0001246416552411816,0,1,0,0,0
2014,2,8.39049553837028,1,0,54,5,0.14814814814814814,0.004861024554406083,0,1,0,0,0
2019,10,7.748028524432376,1,0,7,0,0.14285714285714285,0.035398230088495575,0,1,0,0,0
2019,5,7.81035268372429,1,0,2,5,0.0,0.001869624828617724,0,1,0,0,0
2020,8,7.60887062919126,1,0,7,5,0.0,0.006855291038264988,0,1,0,0,0
2019,8,7.771910256435763,1,0,10,5,0.0,0.013710582076529976,0,1,0,0,0
2021,5,7.472500744737558,2,1,7,2,0.42857142857142855,0.005608874485853172,0,1,0,0,0
2021,6,7.44716835960004,1,0,37,5,0.24324324324324326,0.0034899663467530847,0,1,0,0,0
2021,9,7.392647520721623,2,1,20,5,0.4,0.0034899663467530847,0,1,0,0,0
2022,1,7.312553498102598,2,1,4,2,0.75,0.0002492833104823632,0,1,0,0,0
2023,5,6.930494765951626,1,0,1,0,0.0,0.0001246416552411816,0,1,0,0,0
2023,5,6.930494765951626,1,0,1,0,0.0,0.0001246416552411816,0,1,0,0,0
2024,2,6.60934924316738,2,1,33,5,0.42424242424242425,0.01246416552411816,0,1,0,0,0
2025,10,4.787491742782046,2,1,5,2,0.4,0.035398230088495575,0,1,0,0,0
2025,11,4.430816798843313,1,0,87,5,0.25287356321839083,0.019693381528106693,0,1,0,0,0
2025,10,4.941642422609304,1,0,22,5,0.045454545454545456,0.035398230088495575,0,1,0,0,0
2019,9,7.755767170102998,1,0,1,2,0.0,0.0001246416552411816,2,1,0,0,0
2020,2,7.695757990554761,1,0,19,5,0.05263157894736842,0.0017449831733765424,2,1,0,0,0
2018,4,7.964503363551548,1,0,5,2,0.0,0.006855291038264988,2,1,0,0,0
2020,4,7.67275789664251,1,0,2,5,0.0,0.035398230088495575,2,1,0,0,0
2020,11,7.560080465021827,1,0,1,2,0.0,0.02492833104823632,2,1,0,0,0
2023,1,7.033506484287697,1,0,1,2,0.0,0.0001246416552411816,2,1,0,0,0
2024,4,6.535241271013659,1,0,1,0,0.0,0.0001246416552411816,0,1,0,0,0
2025,2,5.8998973535824915,1,0,1,2,0.0,0.0008724915866882712,2,1,0,0,0
2025,9,5.0369526024136295,1,0,2,5,0.5,0.0002492833104823632,2,1,0,0,0
2025,9,5.0106352940962555,1,0,1,2,0.0,0.0001246416552411816,2,1,0,0,0
2025,10,4.948759890378168,1,0,1,2,0.0,0.000997133241929453,2,1,0,0,0
2025,4,5.752572638825633,3,1,37,5,0.24324324324324326,0.0034899663467530847,5,1,0,0,0
2025,4,5.749392985908253,2,1,14,5,0.35714285714285715,0.0003739249657235448,5,1,0,0,0
2017,6,8.064007347096661,1,0,3,5,0.0,0.0003739249657235448,3,0,1,0,0
2025,1,6.018593214496234,1,0,11,5,0.2727272727272727,0.0012464165524118161,3,0,1,0,0
2017,5,8.068402958569699,1,0,17,5,0.058823529411764705,0.0024928331048236323,2,0,1,0,0
2016,9,8.142354276849835,1,0,2,2,0.0,0.0001246416552411816,2,0,1,0,0
2022,2,7.293017679772782,1,0,3,2,0.0,0.0003739249657235448,2,0,1,0,0
2022,9,7.133295954896068,1,0,6,2,0.0,0.035398230088495575,2,0,1,0,0
2024,9,6.236369590203704,1,0,3,2,0.0,0.005982799451576717,2,0,1,0,0
2016,9,8.144388865547622,1,0,50,7,0.0,0.004487099588682538,7,0,1,0,0
2023,9,6.774223886357614,1,0,1,0,0.0,0.0026174747600648134,0,0,1,0,0
2025,2,5.934894195619588,1,0,17,5,0.11764705882352941,0.0008724915866882712,0,0,1,0,0
2016,11,8.125926802707886,1,0,2,0,0.0,0.0036146080019942664,0,1,0,0,0
2019,8,7.768956044538332,1,0,22,5,0.045454545454545456,0.035398230088495575,0,1,0,0,0
2019,6,7.798112628829788,2,1,112,5,0.125,0.010345257385018073,0,1,0,0,0
2018,8,7.912056888179006,1,0,6,2,0.16666666666666666,0.0001246416552411816,0,1,0,0,0
2024,6,6.411818267709897,2,1,38,5,0.34210526315789475,0.0016203415181353608,5,1,0,0,0
2017,6,8.061802274538348,1,0,3,2,0.0,0.02492833104823632,2,0,1,0,0
2023,8,6.805722553416985,1,0,5,5,0.0,0.008724915866882713,2,0,1,0,0
2024,11,6.12029741895095,1,0,9,5,0.0,0.003988532967717812,2,0,1,0,0
2025,5,5.6131281063880705,1,0,3,5,0.0,0.0002492833104823632,2,0,1,0,0
2017,3,8.092239406724211,1,0,22,6,0.13636363636363635,0.0004985666209647265,6,0,1,0,0
2021,8,7.397561535524052,2,1,45,5,0.2222222222222222,0.01171631559267107,2,1,0,0,0
2022,6,7.203405521083095,1,0,4,2,0.0,0.0004985666209647265,2,1,0,0,0
2024,12,6.0063531596017325,1,0,1,2,0.0,0.0017449831733765424,2,1,0,0,0
2025,9,4.990432586778736,2,1,7,2,0.5714285714285714,0.01246416552411816,2,1,0,0,0
2025,9,4.941642422609304,2,1,2,2,0.5,0.0002492833104823632,2,1,0,0,0
2020,3,7.669495251007694,1,0,3,5,0.0,0.0013710582076529975,5,1,0,0,0
2022,4,7.2485040723706105,1,0,5,5,0.0,0.0003739249657235448,5,1,0,0,0
2024,5,6.467698726104354,1,0,1,5,0.0,0.005982799451576717,5,1,0,0,0
2016,3,8.19229373114764,1,0,10,5,0.0,0.0004985666209647265,5,1,0,0,0
2018,1,7.983781068977451,1,0,15,5,0.26666666666666666,0.01171631559267107,3,0,1,0,0
2024,11,6.104793232414985,1,0,14,5,0.0,0.0017449831733765424,3,0,1,0,0
2018,2,7.978996370854115,1,0,10,5,0.3,0.005110307864888446,2,0,1,0,0
2017,6,8.058960017769417,1,0,4,5,0.0,0.0004985666209647265,0,0,1,0,0
2017,11,8.012018239159062,1,0,3,0,0.0,0.0023681914495824507,0,0,1,0,0
2021,11,7.3395376954076745,1,0,33,6,0.2727272727272727,0.0007478499314470896,6,0,1,0,0
2024,11,6.135564891081739,1,0,5,5,0.4,0.0004985666209647265,4,0,1,0,0
2018,12,7.870165946469845,2,1,112,5,0.125,0.010345257385018073,0,1,0,0,0
2018,11,7.878155336503324,1,0,33,6,0.2727272727272727,0.0007478499314470896,0,1,0,0,0
2021,1,7.51425465281641,1,0,1,0,0.0,0.035398230088495575,0,1,0,0,0
2021,9,7.389563953677635,2,1,8,4,0.125,0.0036146080019942664,0,1,0,0,0
2022,10,7.087573705557973,1,0,37,5,0.24324324324324326,0.0034899663467530847,0,1,0,0,0
2023,2,6.982862751468942,3,1,8,3,0.125,0.0007478499314470896,0,1,0,0,0
2023,9,6.7661917146603505,1,0,37,5,0.24324324324324326,0.0034899663467530847,0,1,0,0,0
2023,10,6.74993119378857,3,1,23,5,0.391304347826087,0.035398230088495575,0,1,0,0,0
2024,9,6.198478716492308,2,1,27,5,0.25925925925925924,0.035398230088495575,2,1,0,0,0
2025,6,5.4116460518550396,1,0,1,2,0.0,0.035398230088495575,2,1,0,0,0
2017,7,8.041734711487537,2,1,6,5,0.5,0.0016203415181353608,5,1,0,0,0
2022,10,7.099201743553092,2,1,17,5,0.23529411764705882,0.0026174747600648134,5,1,0,0,0
2022,10,7.095064377287131,2,1,2,5,0.5,0.0002492833104823632,5,1,0,0,0
2023,2,6.98933526597456,2,1,17,5,0.11764705882352941,0.0011217748971706345,5,1,0,0,0
2025,5,5.501258210544727,2,1,63,6,0.09523809523809523,0.0026174747600648134,5,1,0,0,0
2025,2,5.8888779583328805,1,0,12,7,0.3333333333333333,0.035398230088495575,5,1,0,0,0
2025,2,5.8888779583328805,1,0,22,5,0.045454545454545456,0.035398230088495575,5,1,0,0,0
2019,12,7.711996507047669,1,0,2,5,0.0,0.001869624828617724,5,1,0,0,0
2024,9,6.208590026096629,3,1,19,5,0.42105263157894735,0.0008724915866882712,5,1,0,0,0
2025,10,4.736198448394496,1,0,4,5,0.25,0.0003739249657235448,5,1,0,0,0
2018,12,7.8674885686991285,1,0,112,5,0.125,0.010345257385018073,5,0,1,0,0
2025,12,4.02535169073515,1,0,112,5,0.125,0.010345257385018073,3,0,1,0,0
2021,7,7.413970290190444,1,0,15,5,0.13333333333333333,0.0012464165524118161,4,0,1,0,0
2017,12,7.99799931797973,1,0,3,2,0.0,0.005982799451576717,2,0,1,0,0
2024,9,6.222576268071369,1,0,10,5,0.0,0.008724915866882713,0,0,1,0,0
2025,9,4.941642422609304,1,0,22,6,0.13636363636363635,0.0034899663467530847,0,0,1,0,0
2019,11,7.7266536648476425,1,0,1,0,0.0,0.013835223731771158,0,1,0,0,0
2016,6,8.160518247477505,1,0,1,0,0.0,0.0036146080019942664,0,1,0,0,0
2017,6,8.0507033814703,1,0,17,5,0.058823529411764705,0.0004985666209647265,0,1,0,0,0
2018,8,7.907651594711089,1,0,2,0,0.0,0.035398230088495575,0,1,0,0,0
2018,2,7.971776122880628,1,0,1,0,0.0,0.0023681914495824507,0,1,0,0,0
2019,8,7.757051142032013,2,1,2,0,0.5,0.01246416552411816,0,1,0,0,0
2018,8,7.911324018963353,1,0,9,5,0.2222222222222222,0.000997133241929453,0,1,0,0,0
2021,3,7.479299637782834,2,1,2,5,1.0,0.0034899663467530847,0,1,0,0,0
2021,12,7.316548177182976,1,0,4,0,0.25,0.0003739249657235448,0,1,0,0,0
2024,1,6.5998704992128365,2,1,12,5,0.16666666666666666,0.003739249657235448,0,1,0,0,0
2024,9,6.222576268071369,1,0,20,5,0.55,0.01246416552411816,0,1,0,0,0
2024,11,6.056784013228625,2,1,7,2,0.5714285714285714,0.01246416552411816,0,1,0,0,0
2020,4,7.649692623711514,2,1,6,5,0.5,0.0003739249657235448,2,1,0,0,0
2020,12,7.533158807455563,1,0,17,5,0.11764705882352941,0.01246416552411816,2,1,0,0,0
2021,12,7.313220387090301,2,1,38,5,0.34210526315789475,0.0016203415181353608,2,1,0,0,0
2023,1,7.00850518208228,1,0,2,5,0.0,0.0011217748971706345,2,1,0,0,0
2023,1,6.98933526597456,1,0,6,5,0.16666666666666666,0.029664713947401222,2,1,0,0,0
2023,9,6.754604099487962,1,0,7,2,0.0,0.0003739249657235448,2,1,0,0,0
2020,8,7.59488438721652,2,1,4,5,0.5,0.0013710582076529975,5,1,0,0,0
2020,10,7.559038255443384,2,1,6,5,1.0,0.0006232082762059081,5,1,0,0,0
2023,5,6.873163834212518,2,1,2,5,1.0,0.0034899663467530847,5,1,0,0,0
2024,3,6.530877627725885,1,0,7,5,0.14285714285714285,0.0003739249657235448,5,1,0,0,0
2024,7,6.280395838960195,1,0,2,5,0.0,0.01246416552411816,5,1,0,0,0
2025,4,5.659482215759621,1,0,22,6,0.13636363636363635,0.0034899663467530847,5,1,0,0,0
2023,9,6.733401891837359,1,0,6,2,0.0,0.0007478499314470896,2,0,1,0,0
2023,12,6.655440350367647,1,0,1,0,0.0,0.0001246416552411816,0,0,1,0,0
2025,2,5.7745515455444085,1,0,8,5,0.125,0.0001246416552411816,0,0,1,0,0
2016,12,8.109224953089955,1,0,112,5,0.125,0.010345257385018073,2,1,0,0,0
2016,3,8.18423477409482,1,0,7,5,0.0,0.0002492833104823632,2,1,0,0,0
2017,4,8.068402958569699,1,0,10,5,0.3,0.035398230088495575,2,1,0,0,0
2017,10,8.005033344637111,2,1,1,2,1.0,0.0001246416552411816,2,1,0,0,0
2021,5,7.443078374348516,1,0,20,4,0.0,0.008724915866882713,2,1,0,0,0
2021,10,7.348587530927593,3,1,28,5,0.2857142857142857,0.000997133241929453,2,1,0,0,0
2022,12,7.033506484287697,3,1,6,5,0.6666666666666666,0.035398230088495575,2,1,0,0,0
2023,9,6.7580945044277305,1,0,10,5,0.0,0.0017449831733765424,2,1,0,0,0
2023,11,6.673297967767654,1,0,6,5,0.0,0.010220615729776892,2,1,0,0,0
2024,5,6.42648845745769,1,0,5,5,0.0,0.0006232082762059081,2,1,0,0,0
2025,1,5.910796644040527,1,0,11,5,0.2727272727272727,0.0012464165524118161,2,1,0,0,0
2025,4,5.60947179518496,3,1,37,5,0.24324324324324326,0.0034899663467530847,2,1,0,0,0
2016,11,8.11552088154677,1,0,22,5,0.18181818181818182,0.004736382899164901,5,1,0,0,0
2018,6,7.927324360309794,1,0,3,5,0.3333333333333333,0.0002492833104823632,5,1,0,0,0
2020,9,7.566311014772463,1,0,6,5,0.0,0.004736382899164901,5,1,0,0,0
2025,6,5.288267030694535,2,1,17,5,0.5882352941176471,0.0006232082762059081,0,1,0,0,0
2025,7,5.123963979403259,1,0,1,0,0.0,0.0001246416552411816,0,1,0,0,0
2019,8,7.75491027202143,1,0,1,2,0.0,0.0001246416552411816,2,1,0,0,0
2016,9,8.130059039992796,1,0,8,2,0.25,0.013710582076529976,2,1,0,0,0
2018,3,7.952263308657046,1,0,87,5,0.25287356321839083,0.019693381528106693,2,1,0,0,0
2009,2,8.726481196440007,1,0,33,6,0.2727272727272727,0.0007478499314470896,3,0,1,0,0
2020,3,7.663407664893479,1,0,6,2,0.16666666666666666,0.0001246416552411816,0,1,0,0,0
2017,4,8.061802274538348,1,0,17,5,0.11764705882352941,0.013835223731771158,0,1,0,0,0
2018,10,7.881559917056899,1,0,1,0,0.0,0.0001246416552411816,0,1,0,0,0
2019,12,7.6984827878809465,1,0,6,5,0.16666666666666666,0.029664713947401222,0,1,0,0,0
2018,1,7.978996370854115,1,0,7,5,0.0,0.006855291038264988,0,1,0,0,0
2019,6,7.77485576666552,2,1,20,5,0.4,0.019693381528106693,0,1,0,0,0
2020,2,7.6760099320288875,2,1,2,0,0.5,0.0013710582076529975,0,1,0,0,0
2018,6,7.917171988845776,1,0,4,2,0.5,0.0002492833104823632,0,1,0,0,0
2021,3,7.461065514354283,1,0,9,5,0.2222222222222222,0.0011217748971706345,0,1,0,0,0
2021,3,7.4673710669175595,1,0,1,0,0.0,0.0001246416552411816,0,1,0,0,0
2023,6,6.837332814685591,2,1,13,5,0.3076923076923077,0.0001246416552411816,0,1,0,0,0
2023,11,6.674561391814426,1,0,26,5,0.23076923076923078,0.0006232082762059081,0,1,0,0,0
2024,2,6.530877627725885,2,1,33,5,0.42424242424242425,0.01246416552411816,0,1,0,0,0
2025,5,5.476463551931511,2,1,11,5,0.8181818181818182,0.029664713947401222,0,1,0,0,0
2025,6,5.318119993844216,1,0,1,0,0.0,0.0008724915866882712,0,1,0,0,0
2025,5,5.41610040220442,2,1,1,0,1.0,0.0013710582076529975,0,1,0,0,0
2025,7,5.176149732573829,1,0,4,5,0.25,0.0003739249657235448,0,1,0,0,0
2025,7,5.123963979403259,1,0,3,2,0.0,0.005982799451576717,0,1,0,0,0
2025,7,5.123963979403259,2,1,13,5,0.15384615384615385,0.0001246416552411816,0,1,0,0,0
2016,11,8.111328003286733,1,0,27,5,0.25925925925925924,0.035398230088495575,2,1,0,0,0
2019,6,7.77485576666552,2,1,6,5,0.5,0.035398230088495575,2,1,0,0,0
2020,1,7.692569648067906,2,1,22,5,0.5,0.0028667580705471767,2,1,0,0,0
2022,6,7.1770187659099,1,0,37,5,0.24324324324324326,0.0002492833104823632,2,1,0,0,0
2018,10,7.876638460975463,1,0,2,5,0.0,0.035398230088495575,5,1,0,0,0
2019,12,7.698936199813447,1,0,11,5,0.18181818181818182,0.02492833104823632,5,1,0,0,0
2018,12,7.853993087224244,2,1,32,5,0.125,0.0014956998628941791,5,1,0,0,0
2018,11,7.86480400332846,2,1,21,6,0.047619047619047616,0.019693381528106693,5,1,0,0,0
2021,7,7.3938782901077555,2,1,18,5,0.16666666666666666,0.013710582076529976,5,1,0,0,0
2021,12,7.29776828253138,2,1,2,5,0.5,0.0001246416552411816,5,1,0,0,0
2023,7,6.782192056006791,2,1,9,5,0.2222222222222222,0.000997133241929453,5,1,0,0,0
2025,4,5.556828061699537,1,0,37,5,0.24324324324324326,0.0034899663467530847,5,1,0,0,0
2017,4,8.061802274538348,1,0,4,2,0.0,0.035398230088495575,2,0,1,0,0
2025,9,4.653960350157523,1,0,22,5,0.0,0.0001246416552411816,2,0,1,0,0
2017,8,8.021256180143997,1,0,40,5,0.225,0.019693381528106693,3,0,1,0,0
2018,10,7.870165946469845,1,0,6,2,0.16666666666666666,0.005110307864888446,0,0,1,0,0
2022,10,7.051855622955894,1,0,2,5,0.0,0.0004985666209647265,0,0,1,0,0
2021,5,7.422373700986824,1,0,25,5,0.0,0.008724915866882713,0,0,1,0,0
2025,3,5.634789603169249,1,0,9,5,0.1111111111111111,0.029664713947401222,0,0,1,0,0
2025,9,4.653960350157523,1,0,2,2,0.0,0.0001246416552411816,0,0,1,0,0
2025,11,3.912023005428146,1,0,6,5,0.16666666666666666,0.029664713947401222,0,0,1,0,0
2017,8,8.018954683155718,1,0,40,5,0.225,0.019693381528106693,2,1,0,0,0
2021,6,7.409741954080923,1,0,1,2,0.0,0.01246416552411816,2,1,0,0,0
2024,12,5.934894195619588,2,1,40,5,0.125,0.000997133241929453,2,1,0,0,0
2020,11,7.529406457837013,1,0,8,3,0.125,0.0007478499314470896,3,0,1,0,0
2024,7,6.249975242259483,1,0,9,5,0.2222222222222222,0.0011217748971706345,0,0,1,0,0
2025,11,3.7612001156935624,1,0,33,6,0.2727272727272727,0.0007478499314470896,2,0,1,0,0
2019,6,7.768956044538332,1,0,28,5,0.2857142857142857,0.0023681914495824507,0,1,0,0,0
2020,1,7.6760099320288875,1,0,7,5,0.0,0.00461174124392372,0,1,0,0,0
2020,9,7.553810852008231,2,1,1,0,1.0,0.0001246416552411816,0,1,0,0,0
2022,5,7.171656822768514,1,0,6,2,0.0,0.0007478499314470896,0,1,0,0,0
2022,8,7.10085190894405,1,0,1,0,0.0,0.0026174747600648134,0,1,0,0,0
2022,9,7.072421900537371,1,0,19,5,0.42105263157894735,0.002243549794341269,0,1,0,0,0
2022,10,7.050989447068045,1,0,4,5,0.0,0.029664713947401222,0,1,0,0,0
2023,10,6.663132695990803,1,0,19,5,0.05263157894736842,0.0017449831733765424,0,1,0,0,0
2024,9,6.095824562432225,1,0,1,2,0.0,0.035398230088495575,2,1,0,0,0
2024,11,6.0063531596017325,1,0,5,5,0.4,0.0004985666209647265,2,1,0,0,0
2025,8,4.77912349311153,2,1,20,5,0.55,0.01246416552411816,2,1,0,0,0
2017,12,7.974532844130228,1,0,2,5,0.0,0.0002492833104823632,5,1,0,0,0
2019,7,7.763021309018518,1,0,50,7,0.0,0.004487099588682538,5,1,0,0,0
2021,6,7.405495663199472,1,0,1,5,0.0,0.013710582076529976,5,1,0,0,0
2023,12,6.60934924316738,2,1,22,5,0.5,0.0028667580705471767,5,1,0,0,0
2024,5,6.375024819828097,1,0,10,5,0.3,0.035398230088495575,5,1,0,0,0
2024,8,6.180016653652572,2,1,20,5,0.55,0.01246416552411816,5,1,0,0,0
2024,10,6.040254711277414,1,0,2,5,0.0,0.035398230088495575,5,1,0,0,0
2025,1,5.831882477283517,1,0,11,5,0.2727272727272727,0.0012464165524118161,5,1,0,0,0
2019,6,7.7752758464868625,1,0,5,2,0.4,0.035398230088495575,0,0,1,0,0
2020,12,7.506591780070841,1,0,5,5,0.4,0.0001246416552411816,0,0,1,0,0
2024,8,6.19644412779452,1,0,11,5,0.8181818181818182,0.029664713947401222,0,0,1,0,0
2025,11,3.044522437723423,1,0,40,5,0.225,0.0002492833104823632,0,0,1,0,0
2023,1,6.96979066990159,1,0,29,5,0.0,0.002243549794341269,3,0,1,0,0
2023,9,6.716594773520978,1,0,4,5,0.0,0.005110307864888446,2,0,1,0,0
2025,6,5.1647859739235145,1,0,15,2,0.13333333333333333,0.0012464165524118161,2,0,1,0,0
2024,6,6.315358001522335,1,0,3,5,0.0,0.029664713947401222,4,0,1,0,0
2018,2,7.959625305098115,1,0,20,5,0.15,0.01171631559267107,0,1,0,0,0
2017,12,7.98139158158007,1,0,1,0,0.0,0.004736382899164901,0,1,0,0,0
2020,12,7.506591780070841,1,0,6,5,0.0,0.01171631559267107,0,1,0,0,0
2021,7,7.383989457978509,1,0,14,5,0.35714285714285715,0.013710582076529976,0,1,0,0,0
2021,11,7.298445101508147,2,1,1,0,1.0,0.035398230088495575,0,1,0,0,0
2021,11,7.29776828253138,1,0,1,0,0.0,0.0014956998628941791,0,1,0,0,0
2022,6,7.138866999945524,2,1,2,0,0.5,0.001869624828617724,0,1,0,0,0
2022,7,7.133295954896068,2,1,22,5,0.5,0.0028667580705471767,0,1,0,0,0
2022,8,7.099201743553092,2,1,22,5,0.5,0.0007478499314470896,0,1,0,0,0
2023,2,6.92951677076365,1,0,15,2,0.13333333333333333,0.0012464165524118161,0,1,0,0,0
2023,3,6.90875477931522,1,0,37,5,0.24324324324324326,0.0034899663467530847,0,1,0,0,0
2022,10,7.045776576879511,1,0,8,4,0.0,0.009846690764053347,0,1,0,0,0
2021,12,7.273786317844895,2,1,4,2,0.5,0.0002492833104823632,0,1,0,0,0
2022,12,6.983789965258135,1,0,17,5,0.11764705882352941,0.0011217748971706345,0,1,0,0,0
2023,4,6.851184927493743,1,0,11,5,0.18181818181818182,0.0012464165524118161,0,1,0,0,0
2023,8,6.725033642166843,2,1,10,5,0.3,0.019693381528106693,0,1,0,0,0
2023,10,6.637258031284457,1,0,1,0,0.0,0.0001246416552411816,0,1,0,0,0
2024,3,6.436150368369428,2,1,1,0,1.0,0.005608874485853172,0,1,0,0,0
2016,8,8.132118772955806,1,0,2,4,0.0,0.004861024554406083,0,1,0,0,0
2024,4,6.376726947898627,1,0,22,5,0.045454545454545456,0.035398230088495575,0,1,0,0,0
2024,6,6.249975242259483,1,0,19,5,0.0,0.035398230088495575,0,1,0,0,0
2024,9,6.102558594613569,1,0,29,5,0.0,0.00461174124392372,0,1,0,0,0
2024,9,6.073044534100405,1,0,19,5,0.42105263157894735,0.0008724915866882712,0,1,0,0,0
2024,10,6.0473721790462776,1,0,1,0,0.0,0.035398230088495575,0,1,0,0,0
2024,12,5.857933154483459,1,0,20,5,0.4,0.0034899663467530847,0,1,0,0,0
2025,7,4.997212273764115,2,1,13,6,0.5384615384615384,0.0003739249657235448,0,1,0,0,0
2016,10,8.113426639943654,2,1,17,5,0.058823529411764705,0.0004985666209647265,2,1,0,0,0
2021,3,7.454141078146678,1,0,2,2,0.0,0.0002492833104823632,2,1,0,0,0
2021,10,7.312553498102598,1,0,1,2,0.0,0.0017449831733765424,2,1,0,0,0
2021,12,7.273786317844895,1,0,3,5,0.0,0.0003739249657235448,2,1,0,0,0
2024,9,6.063785208687608,1,0,14,5,0.0,0.0017449831733765424,2,1,0,0,0
2024,9,6.091309882077698,3,1,19,5,0.42105263157894735,0.0008724915866882712,2,1,0,0,0
2017,5,8.040768994367578,1,0,10,5,0.0,0.0004985666209647265,2,1,0,0,0
2025,7,4.941642422609304,2,1,22,5,0.5,0.0028667580705471767,2,1,0,0,0
2019,3,7.798112628829788,1,0,23,5,0.043478260869565216,0.035398230088495575,5,1,0,0,0
2021,5,7.406103381237015,1,0,19,5,0.42105263157894735,0.0001246416552411816,5,1,0,0,0
2023,6,6.805722553416985,1,0,3,5,0.3333333333333333,0.0002492833104823632,5,1,0,0,0
2023,10,6.635946555686647,1,0,19,5,0.05263157894736842,0.0017449831733765424,5,1,0,0,0
2024,1,6.520621127558696,1,0,42,5,0.19047619047619047,0.005608874485853172,5,1,0,0,0
2024,11,5.934894195619588,1,0,112,5,0.125,0.010345257385018073,5,1,0,0,0
2024,12,5.860786223465865,2,1,17,5,0.5882352941176471,0.0006232082762059081,5,1,0,0,0
2025,5,5.153291594497779,2,1,5,5,0.4,0.0004985666209647265,5,1,0,0,0
2020,2,7.649692623711514,1,0,1,0,0.0,0.008724915866882713,0,1,0,0,0
2017,3,8.061486866871327,1,0,54,5,0.14814814814814814,0.004861024554406083,0,1,0,0,0
2019,11,7.68662133494462,1,0,4,5,0.0,0.0014956998628941791,0,1,0,0,0
2018,11,7.848543482456679,1,0,6,2,0.0,0.0008724915866882712,0,1,0,0,0
2018,11,7.845807502637805,2,1,33,6,0.2727272727272727,0.0007478499314470896,0,1,0,0,0
2022,6,7.133295954896068,1,0,6,2,0.16666666666666666,0.005608874485853172,0,1,0,0,0
2023,5,6.821107472256465,1,0,6,2,0.6666666666666666,0.0008724915866882712,0,1,0,0,0
2023,6,6.774223886357614,2,1,1,0,1.0,0.0026174747600648134,0,1,0,0,0
2023,6,6.775366090936392,3,1,1,0,1.0,0.0012464165524118161,0,1,0,0,0
2023,10,6.646390514847729,1,0,2,0,0.0,0.0012464165524118161,0,1,0,0,0
2024,4,6.380122536899765,3,1,1,0,1.0,0.0024928331048236323,0,1,0,0,0
2024,6,6.263398262591624,1,0,5,5,0.0,0.0006232082762059081,0,1,0,0,0
2025,1,5.746203190540153,1,0,11,5,0.2727272727272727,0.0012464165524118161,0,1,0,0,0
2025,3,5.442417710521793,1,0,1,0,0.0,0.0017449831733765424,0,1,0,0,0
2019,4,7.781138509845015,1,0,26,5,0.23076923076923078,0.01171631559267107,2,1,0,0,0
2019,7,7.751045117971802,1,0,40,5,0.125,0.019693381528106693,2,1,0,0,0
2019,10,7.701652362642226,1,0,32,5,0.125,0.0014956998628941791,2,1,0,0,0
2016,5,8.154500175151941,1,0,48,5,0.020833333333333332,0.0026174747600648134,2,1,0,0,0
2021,9,7.325807502595773,1,0,20,5,0.4,0.0034899663467530847,2,1,0,0,0
2023,8,6.693323668269949,1,0,19,5,0.0,0.005110307864888446,2,1,0,0,0
2024,6,6.263398262591624,1,0,4,5,0.0,0.035398230088495575,2,1,0,0,0
2023,10,6.637258031284457,1,0,11,5,0.2727272727272727,0.0012464165524118161,2,1,0,0,0
2025,7,4.727387818712341,2,1,17,5,0.5882352941176471,0.0006232082762059081,2,1,0,0,0
2017,7,8.018954683155718,3,1,4,5,1.0,0.029664713947401222,5,1,0,0,0
2019,1,7.823645930834952,2,1,1,5,1.0,0.029664713947401222,5,1,0,0,0
2019,4,7.790282380703483,1,0,50,7,0.0,0.004487099588682538,5,1,0,0,0
2016,12,8.092239406724211,1,0,37,6,0.2972972972972973,0.0007478499314470896,5,1,0,0,0
2020,3,7.639642287858013,1,0,8,5,0.0,0.006855291038264988,5,1,0,0,0
2020,10,7.522400231387125,2,1,19,5,0.3684210526315789,0.01171631559267107,5,1,0,0,0
2022,5,7.138866999945524,2,1,19,5,0.42105263157894735,0.002243549794341269,5,1,0,0,0
2025,6,4.941642422609304,1,0,2,2,0.0,0.035398230088495575,2,0,1,0,0
2025,10,3.5553480614894135,1,0,22,5,0.045454545454545456,0.035398230088495575,2,0,1,0,0
2017,7,8.016647877057803,1,0,17,5,0.11764705882352941,0.0011217748971706345,0,0,1,0,0
2023,4,6.836259277277067,1,0,5,0,0.6,0.005982799451576717,0,0,1,0,0
2025,1,5.707110264748875,1,0,10,5,0.0,0.0004985666209647265,0,0,1,0,0
2025,4,5.3471075307174685,1,0,14,5,0.35714285714285715,0.0003739249657235448,0,0,1,0,0
2025,5,5.209486152841421,1,0,15,6,0.0,0.013835223731771158,0,0,1,0,0
2025,5,5.081404364984463,1,0,5,5,0.0,0.0006232082762059081,0,0,1,0,0
2020,11,7.506591780070841,1,0,40,5,0.225,0.019693381528106693,4,0,1,0,0
2018,2,7.947325027016463,1,0,112,5,0.125,0.010345257385018073,0,1,0,0,0
2020,1,7.649692623711514,1,0,1,0,0.0,0.0007478499314470896,0,1,0,0,0
2018,11,7.845807502637805,2,1,6,5,0.6666666666666666,0.035398230088495575,0,1,0,0,0
2020,11,7.496097345175956,1,0,9,5,0.1111111111111111,0.0002492833104823632,0,1,0,0,0
2020,11,7.4949862339505335,2,1,3,2,1.0,0.006855291038264988,0,1,0,0,0
2020,12,7.491087593534876,1,0,17,5,0.11764705882352941,0.01246416552411816,0,1,0,0,0
2021,3,7.438971592395862,1,0,1,0,0.0,0.0001246416552411816,0,1,0,0,0
2022,11,6.982862751468942,1,0,2,2,0.0,0.0026174747600648134,0,1,0,0,0
2022,12,6.952728644624869,1,0,1,0,0.0,0.006855291038264988,0,1,0,0,0
2023,1,6.937314081223682,1,0,5,2,0.0,0.0034899663467530847,0,1,0,0,0
2023,4,6.839476438228843,1,0,5,5,0.0,0.005982799451576717,0,1,0,0,0
2023,6,6.773080375655535,1,0,11,5,0.2727272727272727,0.01246416552411816,0,1,0,0,0
2024,5,6.280395838960195,2,1,9,5,0.5555555555555556,0.01632805683659479,0,1,0,0,0
2024,5,6.274762021241939,1,0,1,0,0.0,0.0003739249657235448,0,1,0,0,0
2024,9,6.028278520230698,1,0,7,5,0.0,0.0023681914495824507,0,1,0,0,0
2025,3,5.384495062789089,1,0,20,5,0.15,0.0006232082762059081,0,1,0,0,0
2025,3,5.384495062789089,1,0,1,0,0.0,0.0001246416552411816,0,1,0,0,0
2025,4,5.313205979041787,3,1,37,5,0.24324324324324326,0.0004985666209647265,0,1,0,0,0
2025,4,5.313205979041787,1,0,37,5,0.24324324324324326,0.0034899663467530847,0,1,0,0,0
2025,5,5.123963979403259,2,1,1,0,1.0,0.0002492833104823632,0,1,0,0,0
2025,4,5.278114659230517,1,0,37,5,0.24324324324324326,0.0034899663467530847,0,1,0,0,0
2025,5,4.990432586778736,1,0,7,5,0.0,0.005982799451576717,0,1,0,0,0
2025,6,4.948759890378168,1,0,22,6,0.13636363636363635,0.0034899663467530847,0,1,0,0,0
2025,5,5.0369526024136295,1,0,1,0,0.0,0.029664713947401222,0,1,0,0,0
2025,6,4.941642422609304,2,1,1,0,1.0,0.006855291038264988,0,1,0,0,0
2025,6,4.836281906951478,1,0,1,0,0.0,0.035398230088495575,0,1,0,0,0
2025,6,4.836281906951478,1,0,2,2,0.0,0.035398230088495575,0,1,0,0,0
2020,3,7.623153068476902,1,0,6,5,0.5,0.035398230088495575,2,1,0,0,0
2023,1,6.90875477931522,2,1,40,5,0.225,0.019693381528106693,2,1,0,0,0
2023,1,6.915723448631314,2,1,17,5,0.23529411764705882,0.0026174747600648134,2,1,0,0,0
2025,2,5.472270673671475,1,0,3,5,0.0,0.0002492833104823632,2,1,0,0,0
2025,4,5.288267030694535,2,1,4,2,0.75,0.0002492833104823632,2,1,0,0,0
2020,9,7.529406457837013,1,0,8,5,0.125,0.029664713947401222,5,1,0,0,0
2020,11,7.503289630675082,2,1,1,5,1.0,0.005982799451576717,5,1,0,0,0
2022,12,6.950814768442584,1,0,1,5,0.0,0.0001246416552411816,5,1,0,0,0
2024,2,6.436150368369428,1,0,54,5,0.14814814814814814,0.004861024554406083,5,1,0,0,0
2020,10,7.510430556378006,1,0,4,0,0.25,0.0003739249657235448,0,0,1,0,0
2024,11,5.796057750765372,1,0,14,5,0.21428571428571427,0.0006232082762059081,3,0,1,0,0
2023,10,6.60934924316738,1,0,13,6,0.5384615384615384,0.0003739249657235448,2,0,1,0,0
2019,7,7.738923757439457,1,0,50,7,0.0,0.004487099588682538,5,1,0,0,0
2021,3,7.426549072397305,1,0,6,5,0.0,0.01246416552411816,5,1,0,0,0
2022,10,6.9957661563048505,1,0,1,5,0.0,0.029664713947401222,5,1,0,0,0
2025,5,4.990432586778736,1,0,20,5,0.55,0.01246416552411816,5,1,0,0,0
2025,2,5.501258210544727,1,0,2,5,0.0,0.0002492833104823632,5,1,0,0,0
2020,7,7.566828479208331,1,0,22,5,0.18181818181818182,0.004736382899164901,2,1,0,0,0
2020,1,7.656337166430183,1,0,8,5,0.125,0.035398230088495575,2,1,0,0,0
2018,2,7.942362237674335,1,0,20,5,0.15,0.01171631559267107,2,1,0,0,0
2018,11,7.829232537543592,1,0,12,5,0.3333333333333333,0.013835223731771158,2,1,0,0,0
2019,11,7.679251425953058,2,1,1,2,1.0,0.0006232082762059081,2,1,0,0,0
2018,3,7.922261058353247,1,0,87,5,0.25287356321839083,0.019693381528106693,2,1,0,0,0
2019,4,7.77485576666552,1,0,13,2,0.15384615384615385,0.0006232082762059081,2,1,0,0,0
2018,3,7.929846429742503,1,0,26,5,0.23076923076923078,0.0004985666209647265,2,1,0,0,0
2022,3,7.166265974133638,1,0,1,2,0.0,0.0002492833104823632,2,1,0,0,0
2023,4,6.813444599510896,1,0,4,5,0.0,0.035398230088495575,2,1,0,0,0
2025,3,5.37989735354046,2,1,22,5,0.5,0.0034899663467530847,2,1,0,0,0
2025,5,4.997212273764115,2,1,40,5,0.225,0.0002492833104823632,2,1,0,0,0
2025,7,4.584967478670572,1,0,1,2,0.0,0.0001246416552411816,2,1,0,0,0
2018,1,7.947325027016463,1,0,14,5,0.14285714285714285,0.0004985666209647265,0,1,0,0,0
2020,8,7.533158807455563,1,0,42,5,0.19047619047619047,0.005608874485853172,0,1,0,0,0
2019,10,7.685703061234547,1,0,7,5,0.0,0.0003739249657235448,0,1,0,0,0
2018,12,7.823645930834952,1,0,112,5,0.125,0.010345257385018073,0,1,0,0,0
2018,10,7.845807502637805,1,0,12,4,0.0,0.008724915866882713,0,1,0,0,0
2022,5,7.133295954896068,2,1,11,5,0.2727272727272727,0.0012464165524118161,0,1,0,0,0
2022,6,7.110696122978827,1,0,1,0,0.0,0.0001246416552411816,0,1,0,0,0
2018,9,7.8504931808711405,1,0,4,0,0.0,0.0003739249657235448,0,1,0,0,0
2023,9,6.60934924316738,1,0,1,0,0.0,0.006107441106817898,0,1,0,0,0
2023,10,6.5998704992128365,1,0,13,6,0.5384615384615384,0.0003739249657235448,0,1,0,0,0
2023,12,6.484635235635252,2,1,4,5,0.25,0.009846690764053347,0,1,0,0,0
2024,3,6.340359303727752,1,0,1,0,0.0,0.0034899663467530847,0,1,0,0,0
2024,5,6.267200548541362,1,0,5,5,0.0,0.0006232082762059081,0,1,0,0,0
2024,5,6.26530121273771,1,0,1,0,0.0,0.0003739249657235448,0,1,0,0,0
2024,7,6.1070228877422545,1,0,26,5,0.23076923076923078,0.0006232082762059081,0,1,0,0,0
2024,12,5.730099782973574,1,0,40,5,0.125,0.000997133241929453,0,1,0,0,0
2025,1,5.556828061699537,1,0,7,5,0.0,0.0023681914495824507,0,1,0,0,0
2018,1,7.939871576361883,1,0,6,2,0.5,0.02492833104823632,2,0,1,0,0
2020,11,7.491087593534876,1,0,4,2,0.0,0.0003739249657235448,2,0,1,0,0
2018,11,7.823645930834952,1,0,26,5,0.23076923076923078,0.01171631559267107,4,0,1,0,0
2018,3,7.9247959139564355,1,0,11,5,0.18181818181818182,0.035398230088495575,4,0,1,0,0
2018,4,7.906915488678587,1,0,12,5,0.5,0.035398230088495575,5,1,0,0,0
2022,5,7.1308988302963465,1,0,9,2,0.0,0.008724915866882713,0,1,0,0,0
2024,4,6.289715570908998,1,0,2,5,0.0,0.035398230088495575,5,1,0,0,0
2025,6,4.584967478670572,2,1,20,5,0.55,0.01246416552411816,5,1,0,0,0
2016,11,8.082402253926244,1,0,3,5,0.0,0.0003739249657235448,2,1,0,0,0
2018,3,7.9247959139564355,1,0,26,5,0.23076923076923078,0.0004985666209647265,2,1,0,0,0
2022,6,7.0825485693553,1,0,17,5,0.058823529411764705,0.0004985666209647265,2,1,0,0,0
2022,7,7.063903961472068,1,0,3,2,0.0,0.0003739249657235448,2,1,0,0,0
2023,7,6.690842277418564,2,1,2,2,1.0,0.035398230088495575,2,1,0,0,0
2024,9,5.934894195619588,1,0,27,5,0.25925925925925924,0.035398230088495575,2,1,0,0,0
2025,3,5.241747015059643,1,0,1,2,0.0,0.0001246416552411816,2,1,0,0,0
2017,2,8.0507033814703,1,0,2,5,0.0,0.010220615729776892,0,1,0,0,0
2021,4,7.401231264413015,1,0,2,0,0.0,0.0002492833104823632,0,1,0,0,0
2021,2,7.430707082545968,1,0,22,5,0.045454545454545456,0.035398230088495575,0,1,0,0,0
2025,4,5.0369526024136295,1,0,112,5,0.125,0.010345257385018073,0,1,0,0,0
2022,7,7.069874128458572,1,0,22,5,0.5,0.0028667580705471767,5,0,1,0,0
2017,9,7.976595409316577,1,0,4,2,0.0,0.0013710582076529975,2,0,1,0,0
2024,9,5.877735781779639,1,0,22,6,0.13636363636363635,0.0034899663467530847,2,0,1,0,0
2025,3,5.170483995038151,1,0,20,5,0.15,0.0006232082762059081,2,0,1,0,0
2021,7,7.330405211844402,1,0,8,5,0.125,0.035398230088495575,0,0,1,0,0
2022,6,7.081708586105575,1,0,1,0,0.0,0.0001246416552411816,0,0,1,0,0
2025,8,3.332204510175204,1,0,3,0,0.0,0.004736382899164901,0,0,1,0,0
2020,1,7.6362696033793735,2,1,17,5,0.17647058823529413,0.005110307864888446,5,1,0,0,0
2017,4,8.034955024502159,1,0,40,5,0.125,0.01171631559267107,5,1,0,0,0
2017,9,7.983781068977451,2,1,87,5,0.25287356321839083,0.019693381528106693,5,1,0,0,0
2024,9,5.937536205082426,1,0,14,5,0.0,0.0017449831733765424,5,1,0,0,0
2017,4,8.03268487596762,2,1,10,5,0.3,0.035398230088495575,2,1,0,0,0
2019,3,7.769378609513984,1,0,3,2,0.0,0.035398230088495575,2,1,0,0,0
2023,6,6.716594773520978,1,0,1,2,0.0,0.0003739249657235448,2,1,0,0,0
2025,4,5.081404364984463,2,1,20,5,0.55,0.01246416552411816,2,1,0,0,0
2024,4,6.238324625039508,3,1,54,5,0.14814814814814814,0.004861024554406083,2,1,0,0,0
2016,5,8.13622555490846,1,0,112,5,0.125,0.010345257385018073,0,1,0,0,0
2025,4,5.049856007249537,1,0,6,2,0.6666666666666666,0.0008724915866882712,2,1,0,0,0
2017,9,7.976595409316577,1,0,5,5,0.0,0.029664713947401222,0,1,0,0,0
2019,12,7.649692623711514,1,0,8,5,0.25,0.019693381528106693,0,1,0,0,0
2016,7,8.117610746466228,1,0,63,6,0.09523809523809523,0.0013710582076529975,0,1,0,0,0
2017,9,7.976595409316577,1,0,4,0,0.0,0.0001246416552411816,0,1,0,0,0
2019,4,7.763021309018518,1,0,19,5,0.21052631578947367,0.0034899663467530847,0,1,0,0,0
2018,6,7.886081401775745,1,0,7,0,0.14285714285714285,0.035398230088495575,0,1,0,0,0
2016,11,8.074960359115858,1,0,1,0,0.0,0.0014956998628941791,0,1,0,0,0
2018,9,7.848543482456679,1,0,4,2,0.0,0.0003739249657235448,0,1,0,0,0
2021,3,7.401231264413015,1,0,40,5,0.125,0.000997133241929453,0,1,0,0,0
2021,5,7.362010551259734,2,1,3,5,1.0,0.035398230088495575,0,1,0,0,0
2022,5,7.108244139731541,1,0,2,0,0.0,0.004736382899164901,0,1,0,0,0
2022,5,7.107425474110705,1,0,1,0,0.0,0.0001246416552411816,0,1,0,0,0
2022,9,6.9957661563048505,1,0,32,5,0.125,0.0014956998628941791,0,1,0,0,0
2024,5,6.150602768446279,1,0,1,0,0.0,0.0002492833104823632,0,1,0,0,0
2024,10,5.7745515455444085,3,1,4,5,1.0,0.029664713947401222,0,1,0,0,0
2025,7,4.143134726391533,1,0,6,2,0.0,0.0001246416552411816,0,1,0,0,0
2013,6,8.405143687607614,3,1,1,0,1.0,0.0001246416552411816,0,1,0,0,0
2023,11,6.51025834052315,2,1,4,0,0.5,0.006855291038264988,0,1,0,0,0
2022,11,6.923628628138427,2,1,9,5,0.1111111111111111,0.008724915866882713,0,1,0,0,0
2020,9,7.498315870766981,1,0,9,5,0.1111111111111111,0.0001246416552411816,0,1,0,0,0
2024,8,5.934894195619588,2,1,10,5,0.3,0.019693381528106693,0,1,0,0,0
2019,6,7.729735331385051,1,0,14,5,0.14285714285714285,0.0002492833104823632,2,1,0,0,0
2019,3,7.765993079407675,1,0,48,5,0.020833333333333332,0.0023681914495824507,2,1,0,0,0
2024,6,6.073044534100405,1,0,1,2,0.0,0.01246416552411816,2,1,0,0,0
2024,4,6.222576268071369,2,1,22,5,0.045454545454545456,0.035398230088495575,2,1,0,0,0
2019,4,7.76046702921342,1,0,6,2,0.0,0.035398230088495575,2,1,0,0,0
2017,10,7.965545573129992,1,0,2,2,0.0,0.029664713947401222,2,1,0,0,0
2018,6,7.876638460975463,1,0,1,2,0.0,0.0001246416552411816,2,1,0,0,0
2018,6,7.875499292445208,1,0,1,5,0.0,0.0001246416552411816,5,1,0,0,0
2019,7,7.717351272185329,1,0,50,7,0.0,0.004487099588682538,2,1,0,0,0
2017,10,7.962067308753666,1,0,33,6,0.2727272727272727,0.00311604138102954,2,1,0,0,0
2022,2,7.171656822768514,2,1,20,5,0.15,0.0006232082762059081,2,1,0,0,0
2023,12,6.4457198193855785,2,1,112,5,0.125,0.010345257385018073,2,1,0,0,0
2024,6,6.093569770045136,2,1,1,2,1.0,0.0001246416552411816,2,1,0,0,0
2024,11,5.683579767338681,1,0,1,2,0.0,0.0023681914495824507,2,1,0,0,0
2025,4,4.990432586778736,1,0,22,6,0.13636363636363635,0.005982799451576717,2,1,0,0,0
2017,2,8.041091003708633,1,0,4,0,0.0,0.004736382899164901,0,1,0,0,0
2019,1,7.786551806428712,1,0,15,2,0.13333333333333333,0.019693381528106693,0,1,0,0,0
2020,1,7.622663951323595,1,0,2,0,0.0,0.0017449831733765424,0,1,0,0,0
2020,4,7.583756300707112,1,0,8,5,0.25,0.019693381528106693,0,1,0,0,0
2021,6,7.334981878871814,1,0,112,5,0.125,0.010345257385018073,0,1,0,0,0
2021,9,7.284134806195205,1,0,20,5,0.4,0.019693381528106693,0,1,0,0,0
2022,3,7.134093721192866,1,0,9,5,0.2222222222222222,0.0011217748971706345,0,1,0,0,0
2023,7,6.664409020350408,1,0,1,0,0.0,0.0001246416552411816,0,1,0,0,0
2024,5,6.150602768446279,1,0,23,5,0.043478260869565216,0.035398230088495575,0,1,0,0,0
2024,11,5.638354669333745,2,1,11,5,0.18181818181818182,0.0001246416552411816,0,1,0,0,0
2025,2,5.247024072160486,2,1,6,2,0.6666666666666666,0.0008724915866882712,0,1,0,0,0
2024,1,6.3835066348840055,1,0,14,5,0.07142857142857142,0.035398230088495575,2,1,0,0,0
2016,4,8.134174272137903,2,1,1,0,1.0,0.0001246416552411816,0,1,0,0,0
2020,6,7.544861068658458,1,0,1,0,0.0,0.010345257385018073,0,1,0,0,0
2018,4,7.896924656268864,3,1,7,5,0.5714285714285714,0.006855291038264988,0,1,0,0,0
2022,5,7.081708586105575,1,0,5,5,0.0,0.029664713947401222,0,1,0,0,0
2022,7,7.039660349862076,1,0,4,0,0.5,0.006855291038264988,0,1,0,0,0
2022,9,6.9726062513017535,1,0,112,5,0.125,0.010345257385018073,0,1,0,0,0
2022,11,6.90975328164481,2,1,45,5,0.2222222222222222,0.01171631559267107,0,1,0,0,0
2023,3,6.790097235513905,1,0,4,5,0.0,0.035398230088495575,0,1,0,0,0
2024,1,6.364750756851911,3,1,8,5,0.375,0.013835223731771158,0,1,0,0,0
2024,9,5.799092654460526,1,0,25,5,0.32,0.0021189081391000874,0,1,0,0,0
2024,10,5.707110264748875,2,1,87,5,0.25287356321839083,0.0004985666209647265,0,1,0,0,0
2016,4,8.132706489693264,1,0,17,5,0.11764705882352941,0.013835223731771158,2,1,0,0,0
2018,10,7.823645930834952,1,0,5,5,0.0,0.013835223731771158,2,1,0,0,0
2018,12,7.796057974316123,1,0,1,2,0.0,0.0038638913124766296,2,1,0,0,0
2018,4,7.888709524182015,2,1,19,5,0.3157894736842105,0.006855291038264988,2,1,0,0,0
2017,6,8.000349495324684,1,0,1,2,0.0,0.0001246416552411816,2,1,0,0,0
2018,10,7.826443135456014,1,0,42,5,0.19047619047619047,0.005608874485853172,2,1,0,0,0
2016,4,8.134174272137903,1,0,18,5,0.16666666666666666,0.013710582076529976,2,1,0,0,0
2021,11,7.21890970761906,1,0,17,5,0.11764705882352941,0.01246416552411816,2,1,0,0,0
2022,11,6.901737206656574,2,1,20,5,0.55,0.01246416552411816,2,1,0,0,0
2022,12,6.8885724595653635,1,0,112,5,0.125,0.010345257385018073,2,1,0,0,0
2013,1,8.430981494597171,3,1,5,5,0.2,0.0011217748971706345,2,1,0,0,0
2023,4,6.74993119378857,1,0,10,5,0.0,0.0017449831733765424,2,1,0,0,0
2024,6,6.0473721790462776,1,0,40,5,0.225,0.0034899663467530847,2,1,0,0,0
2024,6,6.025865973825314,1,0,15,6,0.0,0.013835223731771158,2,1,0,0,0
2018,7,7.8567067930958405,1,0,2,0,0.0,0.035398230088495575,0,1,0,0,0
2019,5,7.738923757439457,1,0,9,5,0.1111111111111111,0.035398230088495575,0,1,0,0,0
2019,11,7.643003635560718,2,1,20,5,0.55,0.01246416552411816,0,1,0,0,0
2021,1,7.427144133408616,1,0,1,0,0.0,0.0002492833104823632,0,1,0,0,0
2019,7,7.70796153183549,1,0,13,5,0.0,0.0008724915866882712,0,1,0,0,0
2018,12,7.8009820712577405,1,0,112,5,0.125,0.010345257385018073,0,1,0,0,0
2016,12,8.064007347096661,1,0,112,5,0.125,0.010345257385018073,0,1,0,0,0
2020,11,7.459338895220296,1,0,3,5,0.0,0.0002492833104823632,0,1,0,0,0
2021,1,7.427144133408616,2,1,1,0,1.0,0.0001246416552411816,0,1,0,0,0
2021,6,7.321188556739478,1,0,1,0,0.0,0.0001246416552411816,0,1,0,0,0
2022,4,7.110696122978827,4,1,1,0,1.0,0.0001246416552411816,0,1,0,0,0
2022,9,6.96979066990159,1,0,2,0,0.0,0.004736382899164901,0,1,0,0,0
2024,2,6.302618975744905,2,1,33,5,0.42424242424242425,0.01246416552411816,0,1,0,0,0
2022,11,6.915723448631314,2,1,33,5,0.42424242424242425,0.0006232082762059081,0,1,0,0,0
2024,3,6.249975242259483,1,0,1,0,0.0,0.0001246416552411816,0,1,0,0,0
2024,4,6.18826412308259,1,0,21,6,0.047619047619047616,0.019693381528106693,0,1,0,0,0
2021,4,7.368339686311381,1,0,9,5,0.0,0.003988532967717812,0,1,0,0,0
2018,3,7.89655270164304,2,1,27,5,0.25925925925925924,0.035398230088495575,0,1,0,0,0
2025,4,4.77912349311153,2,1,14,5,0.21428571428571427,0.0006232082762059081,5,1,0,0,0
2023,3,6.774223886357614,2,1,11,5,0.8181818181818182,0.00461174124392372,5,1,0,0,0
2024,9,5.752572638825633,3,1,2,5,0.5,0.0001246416552411816,5,1,0,0,0
2019,4,7.745002803515839,1,0,1,5,0.0,0.035398230088495575,5,1,0,0,0
2024,9,5.777652323222656,2,1,25,5,0.32,0.0021189081391000874,5,1,0,0,0
2021,2,7.388327859577107,1,0,2,5,0.0,0.001869624828617724,5,1,0,0,0
2025,1,5.209486152841421,1,0,1,5,0.0,0.0006232082762059081,5,1,0,0,0
2024,9,5.796057750765372,3,1,19,5,0.42105263157894735,0.0008724915866882712,5,1,0,0,0
2017,12,7.937374696163295,1,0,112,5,0.125,0.010345257385018073,2,1,0,0,0
2024,6,6.040254711277414,2,1,112,5,0.125,0.010345257385018073,2,1,0,0,0
2019,9,7.669961995473577,1,0,17,5,0.11764705882352941,0.0011217748971706345,2,1,0,0,0
2024,8,5.8377304471659395,1,0,4,5,0.0,0.035398230088495575,2,1,0,0,0
2024,9,5.752572638825633,3,1,19,5,0.42105263157894735,0.0008724915866882712,2,1,0,0,0
2021,1,7.413970290190444,1,0,1,0,0.0,0.0002492833104823632,0,1,0,0,0
2019,6,7.70796153183549,1,0,28,5,0.2857142857142857,0.0023681914495824507,0,1,0,0,0
2019,2,7.768956044538332,1,0,1,0,0.0,0.0008724915866882712,0,1,0,0,0
2023,9,6.51025834052315,2,1,2,2,1.0,0.0002492833104823632,0,1,0,0,0
2018,1,7.919719760924575,1,0,1,0,0.0,0.0007478499314470896,0,1,0,0,0
2025,1,5.337538079701318,1,0,11,5,0.2727272727272727,0.0012464165524118161,0,1,0,0,0
2022,9,6.963189985870238,2,1,1,0,1.0,0.0001246416552411816,0,1,0,0,0
2023,9,6.522092798170152,1,0,5,5,0.4,0.0007478499314470896,0,1,0,0,0
2018,11,7.806696372521179,1,0,1,0,0.0,0.0001246416552411816,0,1,0,0,0
2024,10,5.641907070938114,2,1,22,5,0.5,0.0028667580705471767,0,1,0,0,0
2024,11,5.556828061699537,1,0,1,0,0.0,0.0001246416552411816,0,1,0,0,0
2021,7,7.302496423727326,1,0,15,5,0.13333333333333333,0.0012464165524118161,0,1,0,0,0
2023,11,6.436150368369428,1,0,7,5,0.0,0.002243549794341269,0,1,0,0,0
2019,4,7.745002803515839,1,0,19,5,0.21052631578947367,0.0034899663467530847,0,1,0,0,0
2021,4,7.349873704738337,1,0,63,6,0.09523809523809523,0.0026174747600648134,0,1,0,0,0
2023,12,6.376726947898627,1,0,7,5,0.0,0.0023681914495824507,0,0,1,0,0
2024,9,5.707110264748875,1,0,3,2,0.0,0.008724915866882713,0,0,1,0,0
2019,8,7.67275789664251,1,0,12,5,0.5,0.035398230088495575,5,1,0,0,0
2018,1,7.918264686095274,3,1,15,5,0.26666666666666666,0.01171631559267107,5,1,0,0,0
2017,12,7.931644021454311,1,0,6,5,0.16666666666666666,0.0013710582076529975,5,1,0,0,0
2017,2,8.028129059431759,2,1,1,5,1.0,0.006855291038264988,5,1,0,0,0
2020,2,7.584264818389059,2,1,19,5,0.3157894736842105,0.006855291038264988,5,1,0,0,0
2018,11,7.792348924113037,1,0,8,5,0.25,0.0023681914495824507,5,1,0,0,0
2019,2,7.76046702921342,1,0,2,5,0.5,0.0001246416552411816,5,1,0,0,0
2023,2,6.774223886357614,2,1,2,5,1.0,0.035398230088495575,5,1,0,0,0
2024,11,5.480638923341991,1,0,3,5,0.0,0.002243549794341269,5,1,0,0,0
2020,3,7.580189417944541,1,0,87,5,0.25287356321839083,0.019693381528106693,2,1,0,0,0
2018,2,7.909489492673759,1,0,1,0,0.0,0.0006232082762059081,0,1,0,0,0
2016,6,8.111328003286733,1,0,45,5,0.2222222222222222,0.013710582076529976,0,1,0,0,0
2020,10,7.455876687491824,1,0,4,0,0.0,0.0004985666209647265,0,1,0,0,0
2021,6,7.316548177182976,1,0,5,2,0.0,0.0034899663467530847,0,1,0,0,0
2021,6,7.311886164077165,2,1,1,0,1.0,0.0001246416552411816,0,1,0,0,0
2021,11,7.204892510204673,1,0,5,5,0.0,0.02492833104823632,0,1,0,0,0
2022,7,7.00850518208228,1,0,1,0,0.0,0.035398230088495575,0,1,0,0,0
2023,3,6.759255270663693,1,0,4,0,0.0,0.0004985666209647265,0,1,0,0,0
2023,11,6.39024066706535,1,0,4,2,0.0,0.0023681914495824507,0,1,0,0,0
2024,6,5.998936561946683,1,0,5,5,0.0,0.0006232082762059081,0,1,0,0,0
2010,8,8.60392119492606,1,0,3,0,0.0,0.0001246416552411816,0,1,0,0,0
2023,12,6.376726947898627,2,1,22,5,0.5,0.0028667580705471767,3,0,1,0,0
2021,9,7.249215057114389,1,0,23,5,0.391304347826087,0.035398230088495575,2,0,1,0,0
2024,10,5.634789603169249,1,0,21,7,0.14285714285714285,0.013835223731771158,2,0,1,0,0
2024,6,5.953243334287785,1,0,2,5,0.0,0.035398230088495575,0,0,1,0,0
2020,6,7.518064181233078,1,0,9,5,0.1111111111111111,0.000997133241929453,5,1,0,0,0
2021,10,7.229113877793302,1,0,10,5,0.0,0.008724915866882713,5,1,0,0,0
2022,7,6.9985096422506015,1,0,1,5,0.0,0.0014956998628941791,5,1,0,0,0
2022,12,6.837332814685591,1,0,3,5,0.3333333333333333,0.0002492833104823632,5,1,0,0,0
2024,4,6.089044875446846,1,0,1,5,0.0,0.0001246416552411816,5,1,0,0,0
2024,7,5.8971538676367405,1,0,2,5,0.0,0.0007478499314470896,5,1,0,0,0
2024,9,5.634789603169249,1,0,5,5,0.4,0.0001246416552411816,5,1,0,0,0
2019,11,7.632885505395133,1,0,10,5,0.0,0.010594540695500436,3,0,1,0,0
2019,3,7.739359202689098,1,0,19,5,0.3684210526315789,0.01171631559267107,2,1,0,0,0
2018,4,7.880804344674901,1,0,19,5,0.21052631578947367,0.013710582076529976,2,1,0,0,0
2021,10,7.203405521083095,2,1,6,2,0.6666666666666666,0.0008724915866882712,2,1,0,0,0
2024,9,5.638354669333745,2,1,25,5,0.32,0.0021189081391000874,2,1,0,0,0
2017,1,8.037220031133012,1,0,1,0,0.0,0.0001246416552411816,0,1,0,0,0
2017,7,7.971776122880628,1,0,23,5,0.043478260869565216,0.035398230088495575,0,1,0,0,0
2019,3,7.748028524432376,2,1,3,2,0.6666666666666666,0.006855291038264988,0,1,0,0,0
2019,9,7.659642954564682,1,0,42,5,0.19047619047619047,0.005608874485853172,0,1,0,0,0
2022,9,6.931471805599453,3,1,10,5,0.3,0.0002492833104823632,0,1,0,0,0
2022,9,6.915723448631314,1,0,20,5,0.55,0.01246416552411816,0,1,0,0,0
2023,6,6.5998704992128365,1,0,87,5,0.25287356321839083,0.019693381528106693,0,1,0,0,0
2024,1,6.253828811575473,1,0,87,5,0.25287356321839083,0.019693381528106693,0,1,0,0,0
2025,2,4.897839799950911,2,1,9,5,0.2222222222222222,0.0011217748971706345,0,1,0,0,0
2014,10,8.267705664762426,1,0,22,5,0.045454545454545456,0.035398230088495575,5,1,0,0,0
2017,4,8.002694162283937,1,0,13,2,0.0,0.010594540695500436,2,0,1,0,0
2024,1,6.249975242259483,1,0,42,5,0.19047619047619047,0.005608874485853172,4,0,1,0,0
2024,11,5.442417710521793,1,0,15,2,0.0,0.035398230088495575,0,0,1,0,0
2016,1,8.142645185942795,1,0,8,5,0.125,0.035398230088495575,5,1,0,0,0
2016,2,8.13622555490846,1,0,9,5,0.1111111111111111,0.008724915866882713,5,1,0,0,0
2020,7,7.506591780070841,2,1,2,5,1.0,0.0034899663467530847,5,1,0,0,0
2016,9,8.072779333169498,1,0,50,7,0.0,0.004487099588682538,5,1,0,0,0
2021,3,7.347943823148687,1,0,48,5,0.020833333333333332,0.0026174747600648134,5,1,0,0,0
2023,12,6.327936783729195,2,1,22,5,0.18181818181818182,0.0003739249657235448,5,1,0,0,0
2024,6,5.934894195619588,1,0,11,5,0.18181818181818182,0.01246416552411816,5,1,0,0,0
2025,1,5.153291594497779,1,0,11,5,0.2727272727272727,0.0012464165524118161,5,1,0,0,0
2024,3,6.154858094016418,1,0,5,5,0.0,0.0006232082762059081,5,1,0,0,0
2019,4,7.72356247227797,1,0,15,5,0.13333333333333333,0.0003739249657235448,2,1,0,0,0
2020,10,7.443663683115591,2,1,38,5,0.34210526315789475,0.0016203415181353608,2,1,0,0,0
2022,11,6.8679744089702925,2,1,20,5,0.4,0.019693381528106693,2,1,0,0,0
2023,8,6.499787040655854,2,1,5,2,0.4,0.0001246416552411816,2,1,0,0,0
2017,9,7.952966790923131,1,0,9,5,0.0,0.035398230088495575,0,1,0,0,0
2016,1,8.14060704285845,1,0,8,5,0.125,0.035398230088495575,0,1,0,0,0
2020,2,7.577121930876679,1,0,5,2,0.2,0.0001246416552411816,0,1,0,0,0
2019,3,7.732807530422021,1,0,4,2,0.0,0.0004985666209647265,0,1,0,0,0
2020,6,7.51479976048867,1,0,6,5,0.0,0.01171631559267107,0,1,0,0,0
2021,3,7.344072850573066,1,0,4,2,0.0,0.0003739249657235448,0,1,0,0,0
2021,6,7.298445101508147,1,0,17,5,0.5882352941176471,0.013710582076529976,0,1,0,0,0
2021,12,7.16703787691222,1,0,1,0,0.0,0.006855291038264988,0,1,0,0,0
2023,1,6.776506992372183,1,0,1,0,0.0,0.0001246416552411816,0,1,0,0,0
2023,3,6.733401891837359,1,0,48,5,0.020833333333333332,0.0026174747600648134,0,1,0,0,0
2023,6,6.580639137284949,3,1,3,2,0.3333333333333333,0.01246416552411816,0,1,0,0,0
2024,2,6.222576268071369,1,0,11,5,0.2727272727272727,0.01246416552411816,0,1,0,0,0
2025,1,4.941642422609304,1,0,27,5,0.25925925925925924,0.035398230088495575,2,0,1,0,0
2019,6,7.685703061234547,1,0,20,5,0.4,0.019693381528106693,5,1,0,0,0
2020,3,7.555905093611346,2,1,87,5,0.25287356321839083,0.0013710582076529975,5,1,0,0,0
2016,7,8.092239406724211,1,0,12,5,0.16666666666666666,0.013710582076529976,5,1,0,0,0
2022,5,7.033506484287697,1,0,19,5,0.42105263157894735,0.002243549794341269,5,1,0,0,0
2022,10,6.8658910748834385,1,0,37,5,0.24324324324324326,0.0002492833104823632,5,1,0,0,0
2024,5,5.934894195619588,1,0,3,2,0.0,0.005982799451576717,2,1,0,0,0
2016,8,8.074960359115858,1,0,2,2,0.5,0.0024928331048236323,2,1,0,0,0
2024,11,5.37989735354046,1,0,22,5,0.5,0.0028667580705471767,2,1,0,0,0
2025,5,3.7376696182833684,1,0,15,2,0.13333333333333333,0.0012464165524118161,2,1,0,0,0
2019,2,7.745435610274381,2,1,3,5,1.0,0.01246416552411816,2,1,0,0,0
2023,5,6.628041376179533,1,0,4,2,0.0,0.02492833104823632,2,1,0,0,0
2024,10,5.472270673671475,1,0,1,2,0.0,0.035398230088495575,2,1,0,0,0
2021,2,7.355641102974253,2,1,1,2,1.0,0.005982799451576717,2,1,0,0,0
2021,4,7.321188556739478,3,1,3,2,0.6666666666666666,0.0003739249657235448,2,1,0,0,0
2020,12,7.389563953677635,1,0,1,2,0.0,0.035398230088495575,2,1,0,0,0
2016,11,8.0507033814703,1,0,1,2,0.0,0.0001246416552411816,2,1,0,0,0
2023,5,6.628041376179533,1,0,6,5,0.16666666666666666,0.01246416552411816,2,1,0,0,0
2020,2,7.57353126274595,2,1,1,0,1.0,0.0024928331048236323,0,1,0,0,0
2020,4,7.5406215286571525,1,0,1,0,0.0,0.029664713947401222,0,1,0,0,0
2020,3,7.559038255443384,1,0,8,5,0.0,0.006855291038264988,0,1,0,0,0
2020,7,7.491087593534876,1,0,10,5,0.3,0.019693381528106693,0,1,0,0,0
2020,6,7.507141079727608,1,0,6,5,0.0,0.01171631559267107,0,1,0,0,0
2017,9,7.939871576361883,2,1,11,2,0.09090909090909091,0.0043624579334413565,0,1,0,0,0
2021,7,7.259819610363186,1,0,7,2,0.14285714285714285,0.01171631559267107,0,1,0,0,0
2020,12,7.405495663199472,1,0,2,0,0.5,0.0012464165524118161,0,1,0,0,0
2022,4,7.045776576879511,1,0,5,2,0.4,0.013710582076529976,0,1,0,0,0
2022,7,6.96979066990159,1,0,8,5,0.0,0.005982799451576717,0,1,0,0,0
2023,12,6.315358001522335,2,1,22,5,0.5,0.0028667580705471767,0,1,0,0,0
2024,3,6.075346031088684,1,0,1,0,0.0,0.0001246416552411816,0,1,0,0,0
2024,7,5.7745515455444085,1,0,1,0,0.0,0.0007478499314470896,0,1,0,0,0
2024,8,5.707110264748875,1,0,1,0,0.0,0.004736382899164901,0,1,0,0,0
2024,11,5.241747015059643,2,1,10,5,0.3,0.035398230088495575,0,1,0,0,0
2021,4,7.307202314764738,1,0,1,0,0.0,0.0001246416552411816,0,0,1,0,0
2023,10,6.400257445308821,1,0,23,5,0.391304347826087,0.035398230088495575,0,0,1,0,0
2024,10,5.442417710521793,1,0,1,0,0.0,0.0007478499314470896,0,0,1,0,0
2024,12,5.1647859739235145,1,0,3,5,0.3333333333333333,0.005982799451576717,0,0,1,0,0
2020,6,7.504391559161238,2,1,1,5,1.0,0.013710582076529976,5,1,0,0,0
2019,7,7.671360923190644,1,0,45,5,0.2222222222222222,0.01171631559267107,5,1,0,0,0
2019,3,7.729735331385051,1,0,2,5,0.0,0.0017449831733765424,5,1,0,0,0
2019,4,7.717351272185329,1,0,19,5,0.21052631578947367,0.0034899663467530847,5,1,0,0,0
2022,12,6.805722553416985,1,0,4,5,0.0,0.0004985666209647265,5,1,0,0,0
2023,3,6.699500340161678,2,1,1,5,1.0,0.0007478499314470896,5,1,0,0,0
2023,7,6.522092798170152,1,0,23,5,0.043478260869565216,0.035398230088495575,5,1,0,0,0
2023,10,6.352629396319567,2,1,3,5,0.3333333333333333,0.0002492833104823632,5,1,0,0,0
2024,5,5.8805329864007,1,0,1,5,0.0,0.035398230088495575,5,1,0,0,0
2018,3,7.878534196140362,1,0,42,5,0.19047619047619047,0.005608874485853172,2,1,0,0,0
2016,10,8.052933036797567,1,0,21,6,0.047619047619047616,0.019693381528106693,2,1,0,0,0
2020,11,7.413970290190444,1,0,8,5,0.125,0.029664713947401222,2,1,0,0,0
2020,11,7.40184157874383,1,0,18,5,0.2222222222222222,0.0021189081391000874,2,1,0,0,0
2021,11,7.168579897264035,1,0,25,5,0.32,0.0021189081391000874,2,1,0,0,0
2023,3,6.682108597449809,2,1,6,2,0.6666666666666666,0.0008724915866882712,2,1,0,0,0
2023,4,6.6293632534374485,1,0,4,2,0.0,0.0004985666209647265,2,1,0,0,0
2023,8,6.45833828334479,1,0,8,5,0.0,0.0004985666209647265,2,1,0,0,0
2024,6,5.817111159963204,2,1,7,5,0.14285714285714285,0.0003739249657235448,2,1,0,0,0
2017,5,7.980023592310645,1,0,2,0,0.5,0.035398230088495575,0,1,0,0,0
2020,1,7.569927655242652,1,0,6,5,0.16666666666666666,0.0006232082762059081,0,1,0,0,0
2019,11,7.605392364814935,1,0,5,0,0.0,0.0011217748971706345,0,1,0,0,0
2018,10,7.783640596221253,2,1,40,5,0.225,0.019693381528106693,0,1,0,0,0
2020,11,7.40184157874383,1,0,18,5,0.2222222222222222,0.0021189081391000874,0,1,0,0,0
2021,2,7.344719054149673,1,0,3,0,0.3333333333333333,0.0003739249657235448,0,1,0,0,0
2021,1,7.373374309910049,1,0,4,2,0.0,0.02492833104823632,0,1,0,0,0
2021,7,7.254177846456518,2,1,5,5,0.4,0.001869624828617724,0,1,0,0,0
2021,7,7.259116128097101,1,0,1,0,0.0,0.006855291038264988,0,1,0,0,0
2022,6,6.96979066990159,1,0,13,2,0.07692307692307693,0.01246416552411816,0,1,0,0,0
2023,12,6.282266746896006,1,0,1,0,0.0,0.0011217748971706345,0,1,0,0,0
2023,12,6.244166900663736,1,0,1,0,0.0,0.008724915866882713,0,1,0,0,0
2024,10,5.3471075307174685,1,0,12,7,0.3333333333333333,0.035398230088495575,0,1,0,0,0
2024,10,5.3230099791384085,1,0,40,5,0.125,0.000997133241929453,0,1,0,0,0
2025,2,4.499809670330265,1,0,20,5,0.55,0.01246416552411816,0,1,0,0,0
2025,2,4.653960350157523,1,0,1,0,0.0,0.0001246416552411816,0,1,0,0,0
2015,5,8.206583614320753,1,0,15,2,0.13333333333333333,0.0012464165524118161,0,1,0,0,0
2018,10,7.783640596221253,1,0,40,5,0.125,0.019693381528106693,4,0,1,0,0
2016,3,8.11552088154677,1,0,2,2,0.0,0.003739249657235448,0,1,0,0,0
2020,9,7.434847875211999,1,0,1,0,0.0,0.0021189081391000874,0,1,0,0,0
1991,6,9.42512911890764,1,0,4,5,0.0,0.0021189081391000874,5,1,0,0,0
2020,12,7.37650812632622,1,0,1,0,0.0,0.0001246416552411816,0,1,0,0,0
2023,3,6.682108597449809,2,1,1,0,1.0,0.01246416552411816,0,1,0,0,0
2023,2,6.693323668269949,2,1,2,0,0.5,0.0008724915866882712,0,1,0,0,0
2023,6,6.532334292222349,1,0,5,5,0.0,0.0001246416552411816,0,1,0,0,0
2023,6,6.520621127558696,1,0,87,5,0.25287356321839083,0.019693381528106693,0,1,0,0,0
2023,11,6.2766434893416445,1,0,112,5,0.125,0.010345257385018073,0,1,0,0,0
2024,5,5.863631175598097,2,1,3,5,0.3333333333333333,0.0001246416552411816,0,1,0,0,0
2008,8,8.717190933223135,1,0,12,7,0.3333333333333333,0.005110307864888446,7,0,1,0,0
2018,8,7.8009820712577405,1,0,17,5,0.17647058823529413,0.02492833104823632,2,0,1,0,0
2024,3,6.056784013228625,1,0,14,5,0.07142857142857142,0.02492833104823632,2,0,1,0,0
2020,2,7.559038255443384,1,0,2,0,0.5,0.0013710582076529975,0,0,1,0,0
2024,10,5.37989735354046,1,0,9,3,0.0,0.0012464165524118161,0,0,1,0,0
2017,9,7.939515260662406,1,0,4,5,0.25,0.0001246416552411816,5,1,0,0,0
2019,8,7.643003635560718,2,1,5,5,0.2,0.0004985666209647265,5,1,0,0,0
2016,10,8.046229101075378,1,0,87,5,0.25287356321839083,0.019693381528106693,5,1,0,0,0
2018,3,7.8674885686991285,1,0,15,5,0.13333333333333333,0.0036146080019942664,5,1,0,0,0
2023,9,6.400257445308821,1,0,5,5,0.0,0.008724915866882713,5,1,0,0,0
2024,3,6.023447592961033,1,0,3,5,0.0,0.035398230088495575,5,1,0,0,0
2018,8,7.8009820712577405,1,0,17,5,0.17647058823529413,0.005110307864888446,2,1,0,0,0
2017,7,7.955425088912672,1,0,19,5,0.3157894736842105,0.006855291038264988,2,1,0,0,0
2020,9,7.438971592395862,2,1,10,5,0.3,0.0008724915866882712,2,1,0,0,0
2022,3,7.045776576879511,1,0,19,5,0.05263157894736842,0.0017449831733765424,2,1,0,0,0
2022,11,6.79794041297493,1,0,13,2,0.07692307692307693,0.01246416552411816,2,1,0,0,0
2024,2,6.089044875446846,1,0,1,2,0.0,0.006107441106817898,2,1,0,0,0
2024,3,6.025865973825314,1,0,4,5,0.0,0.0003739249657235448,2,1,0,0,0
2024,6,5.796057750765372,1,0,29,5,0.0,0.00461174124392372,2,1,0,0,0
2024,3,6.056784013228625,1,0,14,5,0.07142857142857142,0.035398230088495575,2,1,0,0,0
2021,11,7.138866999945524,2,1,6,5,0.16666666666666666,0.01246416552411816,0,1,0,0,0
2021,6,7.249215057114389,1,0,1,0,0.0,0.0001246416552411816,0,1,0,0,0
2021,12,7.122866658599083,1,0,1,0,0.0,0.0024928331048236323,0,1,0,0,0
2022,7,6.915723448631314,1,0,10,5,0.0,0.0007478499314470896,0,1,0,0,0
2023,2,6.682108597449809,2,1,19,5,0.05263157894736842,0.0017449831733765424,0,1,0,0,0
2024,6,5.802118375377063,1,0,17,5,0.11764705882352941,0.0008724915866882712,0,1,0,0,0
2025,1,4.51085950651685,1,0,27,5,0.25925925925925924,0.035398230088495575,0,1,0,0,0
2019,11,7.601901959875166,1,0,3,3,0.0,0.004736382899164901,3,0,1,0,0
2022,4,7.01571242048723,1,0,5,5,0.2,0.010220615729776892,0,0,1,0,0
2023,8,6.411818267709897,1,0,5,5,0.0,0.008724915866882713,0,0,1,0,0
2020,3,7.529406457837013,1,0,3,5,0.0,0.002243549794341269,5,1,0,0,0
2017,3,7.993282328101591,2,1,9,5,0.3333333333333333,0.013835223731771158,5,1,0,0,0
2019,3,7.704811922932594,3,1,3,5,1.0,0.01246416552411816,5,1,0,0,0
2024,1,6.12029741895095,2,1,40,5,0.225,0.0034899663467530847,5,1,0,0,0
2017,2,8.00736706798333,1,0,1,2,0.0,0.035398230088495575,2,1,0,0,0
2016,1,8.127995055771946,1,0,2,2,0.0,0.0001246416552411816,2,1,0,0,0
2016,6,8.085794701281568,3,1,3,2,0.6666666666666666,0.0002492833104823632,2,1,0,0,0
2020,10,7.418780882750794,2,1,13,6,0.5384615384615384,0.0001246416552411816,2,1,0,0,0
2020,10,7.409741954080923,2,1,17,5,0.11764705882352941,0.01246416552411816,2,1,0,0,0
2020,11,7.392647520721623,1,0,40,5,0.225,0.019693381528106693,2,1,0,0,0
2021,9,7.187657164114956,1,0,13,5,0.0,0.0013710582076529975,2,1,0,0,0
2022,5,6.96979066990159,1,0,19,5,0.42105263157894735,0.002243549794341269,2,1,0,0,0
2022,12,6.774223886357614,1,0,25,5,0.32,0.0021189081391000874,2,1,0,0,0
2022,12,6.775366090936392,3,1,25,5,0.32,0.0021189081391000874,2,1,0,0,0
2024,2,6.073044534100405,1,0,37,5,0.24324324324324326,0.0023681914495824507,2,1,0,0,0
2024,7,5.5909869805108565,1,0,2,5,0.0,0.01246416552411816,2,1,0,0,0
2021,1,7.348587530927593,1,0,6,2,0.3333333333333333,0.010220615729776892,0,1,0,0,0
2021,9,7.182352111885263,1,0,20,5,0.4,0.0034899663467530847,0,1,0,0,0
2022,3,7.033506484287697,2,1,17,5,0.23529411764705882,0.0034899663467530847,0,1,0,0,0
2022,5,6.984716320118266,1,0,37,5,0.24324324324324326,0.0034899663467530847,0,1,0,0,0
2018,4,7.840312983320164,1,0,17,5,0.11764705882352941,0.01171631559267107,0,0,1,0,0
2023,10,6.315358001522335,1,0,3,2,0.0,0.0004985666209647265,0,0,1,0,0
2024,12,4.77912349311153,1,0,3,0,0.0,0.004736382899164901,0,0,1,0,0
2018,3,7.8567067930958405,1,0,13,5,0.0,0.0013710582076529975,5,1,0,0,0
2021,3,7.302496423727326,2,1,40,5,0.125,0.019693381528106693,5,1,0,0,0
2021,9,7.182352111885263,1,0,7,5,0.5714285714285714,0.005982799451576717,5,1,0,0,0
2023,5,6.55250788703459,2,1,2,5,1.0,0.0002492833104823632,5,1,0,0,0
2024,5,5.820082930352362,2,1,2,5,0.5,0.0013710582076529975,5,1,0,0,0
2024,7,5.583496308781699,1,0,20,5,0.4,0.0034899663467530847,5,1,0,0,0
2019,4,7.6953031349635665,1,0,3,2,0.0,0.010594540695500436,2,1,0,0,0
2020,7,7.44716835960004,1,0,5,2,0.0,0.0024928331048236323,2,1,0,0,0
2023,2,6.655440350367647,1,0,3,2,0.3333333333333333,0.01246416552411816,2,1,0,0,0
2024,2,6.008813185442595,2,1,26,5,0.23076923076923078,0.0006232082762059081,2,1,0,0,0
2024,4,5.869296913133774,1,0,6,2,0.0,0.0008724915866882712,2,1,0,0,0
2024,9,5.2832037287379885,1,0,20,5,0.55,0.01246416552411816,2,1,0,0,0
2017,9,7.92443418488756,1,0,112,5,0.125,0.010345257385018073,0,1,0,0,0
2017,9,7.92443418488756,1,0,112,5,0.125,0.010345257385018073,0,1,0,0,0
2023,5,6.530877627725885,1,0,5,5,0.0,0.02492833104823632,2,1,0,0,0
2019,12,7.577121930876679,1,0,112,5,0.125,0.010345257385018073,0,1,0,0,0
2020,3,7.529406457837013,4,1,3,0,0.3333333333333333,0.0023681914495824507,0,1,0,0,0
2020,10,7.397561535524052,2,1,4,0,0.25,0.0003739249657235448,0,1,0,0,0
2021,1,7.348587530927593,1,0,9,5,0.1111111111111111,0.000997133241929453,0,1,0,0,0
2021,6,7.234898420314831,1,0,3,2,0.3333333333333333,0.0001246416552411816,0,1,0,0,0
2021,12,7.1049654482698426,1,0,10,5,0.0,0.003988532967717812,0,1,0,0,0
2022,11,6.78332520060396,1,0,25,5,0.32,0.0021189081391000874,0,1,0,0,0
2022,12,6.75110146893676,1,0,1,0,0.0,0.0004985666209647265,0,1,0,0,0
2023,5,6.530877627725885,1,0,10,5,0.0,0.0017449831733765424,0,1,0,0,0
2024,6,5.720311776607412,2,1,2,0,0.5,0.005982799451576717,0,1,0,0,0
2024,8,5.529429087511423,1,0,2,5,0.0,0.0007478499314470896,0,1,0,0,0
2024,9,5.2832037287379885,2,1,25,5,0.32,0.0021189081391000874,0,1,0,0,0
2023,2,6.650279048587422,1,0,17,5,0.11764705882352941,0.01246416552411816,0,0,1,0,0
2018,10,7.763446388727362,2,1,12,5,0.5,0.035398230088495575,5,1,0,0,0
2018,12,7.741967899820685,1,0,112,5,0.125,0.010345257385018073,5,1,0,0,0
2021,7,7.208600337960199,2,1,15,5,0.13333333333333333,0.0012464165524118161,5,1,0,0,0
2017,8,7.927324360309794,1,0,22,5,0.045454545454545456,0.035398230088495575,2,1,0,0,0
2018,6,7.815207062189088,1,0,112,5,0.125,0.010345257385018073,2,1,0,0,0
2020,7,7.451241684987676,2,1,8,2,0.375,0.0003739249657235448,2,1,0,0,0
2018,10,7.763021309018518,1,0,40,5,0.125,0.019693381528106693,2,1,0,0,0
2016,10,8.03268487596762,1,0,87,5,0.25287356321839083,0.019693381528106693,2,1,0,0,0
2022,5,6.943122422819428,1,0,19,5,0.42105263157894735,0.002243549794341269,2,1,0,0,0
2024,4,5.857933154483459,1,0,2,2,0.0,0.0002492833104823632,2,1,0,0,0
2020,7,7.443078374348516,1,0,22,5,0.045454545454545456,0.035398230088495575,0,1,0,0,0
2019,8,7.619233416226805,2,1,1,0,1.0,0.0001246416552411816,0,1,0,0,0
2019,12,7.569927655242652,1,0,112,5,0.125,0.010345257385018073,0,1,0,0,0
2018,9,7.771910256435763,1,0,6,5,0.5,0.002243549794341269,0,1,0,0,0
2021,11,7.122059881629142,2,1,12,5,0.5,0.035398230088495575,0,1,0,0,0
2019,12,7.566311014772463,1,0,3,2,0.0,0.0004985666209647265,0,1,0,0,0
2023,5,6.522092798170152,2,1,7,5,0.5714285714285714,0.005982799451576717,0,1,0,0,0
2024,1,6.059123195581797,1,0,14,5,0.35714285714285715,0.013710582076529976,0,1,0,0,0
2024,4,5.817111159963204,2,1,6,2,0.5,0.01246416552411816,0,1,0,0,0
2024,5,5.755742213586912,4,1,1,0,1.0,0.0002492833104823632,0,1,0,0,0
2024,10,5.017279836814924,1,0,1,0,0.0,0.0002492833104823632,0,1,0,0,0
2004,1,8.954802752850968,1,0,6,5,0.16666666666666666,0.035398230088495575,2,1,0,0,0
2020,2,7.529406457837013,1,0,23,5,0.043478260869565216,0.035398230088495575,2,1,0,0,0
2019,1,7.7279755421055585,1,0,87,5,0.25287356321839083,0.019693381528106693,2,1,0,0,0
2017,9,7.914617709040679,1,0,45,5,0.2222222222222222,0.01171631559267107,2,1,0,0,0
2022,5,6.937314081223682,1,0,1,2,0.0,0.0024928331048236323,2,1,0,0,0
2022,5,6.9363427358340495,1,0,2,2,0.0,0.0002492833104823632,2,1,0,0,0
2016,6,8.075271546297458,3,1,2,4,0.5,0.010594540695500436,0,1,0,0,0
2017,10,7.906915488678587,1,0,4,2,0.0,0.0006232082762059081,0,1,0,0,0
2023,3,6.5722825426940075,3,1,5,5,0.8,0.013835223731771158,5,1,0,0,0
2017,8,7.922261058353247,1,0,10,5,0.0,0.008724915866882713,2,1,0,0,0
2019,11,7.579167967396076,1,0,7,5,0.0,0.006855291038264988,2,1,0,0,0
2017,9,7.917171988845776,2,1,87,5,0.25287356321839083,0.019693381528106693,2,1,0,0,0
2020,7,7.437206366871292,2,1,8,5,0.125,0.035398230088495575,2,1,0,0,0
2020,1,7.533158807455563,2,1,7,2,0.5714285714285714,0.0001246416552411816,2,1,0,0,0
2021,3,7.283448228756631,1,0,4,5,0.5,0.0003739249657235448,2,1,0,0,0
2022,12,6.716594773520978,1,0,1,2,0.0,0.0001246416552411816,2,1,0,0,0
2023,2,6.628041376179533,1,0,15,2,0.13333333333333333,0.0012464165524118161,2,1,0,0,0
2023,10,6.249975242259483,1,0,2,5,0.0,0.02492833104823632,2,1,0,0,0
2019,10,7.588829878307813,1,0,6,2,0.5,0.035398230088495575,0,1,0,0,0
2020,7,7.44716835960004,1,0,1,0,0.0,0.0001246416552411816,0,1,0,0,0
2022,12,6.725033642166843,3,1,14,5,0.14285714285714285,0.0004985666209647265,0,1,0,0,0
2023,3,6.590301048196686,1,0,19,5,0.21052631578947367,0.0034899663467530847,0,1,0,0,0
2023,11,6.19644412779452,1,0,3,0,0.0,0.0002492833104823632,0,1,0,0,0
2023,12,6.135564891081739,2,1,19,5,0.21052631578947367,0.0001246416552411816,0,1,0,0,0
2024,3,5.8971538676367405,1,0,1,0,0.0,0.029664713947401222,0,1,0,0,0
2024,7,5.472270673671475,1,0,5,5,0.0,0.0006232082762059081,0,1,0,0,0
2024,12,4.584967478670572,2,1,112,5,0.125,0.010345257385018073,0,1,0,0,0
2021,4,7.2640301428995295,1,0,25,5,0.32,0.0021189081391000874,4,0,1,0,0
2018,4,7.826443135456014,1,0,19,5,0.3157894736842105,0.006855291038264988,3,0,1,0,0
2020,11,7.366445148327599,1,0,7,2,0.0,0.0002492833104823632,0,0,1,0,0
2023,11,6.180016653652572,1,0,2,5,0.0,0.0011217748971706345,0,0,1,0,0
2024,2,5.988961416889864,1,0,9,5,0.1111111111111111,0.0002492833104823632,0,0,1,0,0
2024,6,5.60947179518496,1,0,2,0,0.5,0.005982799451576717,0,0,1,0,0
2019,5,7.659642954564682,2,1,4,5,1.0,0.029664713947401222,2,0,1,0,0
2016,3,8.09437844497296,1,0,7,5,0.0,0.0002492833104823632,2,0,1,0,0
2018,8,7.781138509845015,1,0,19,5,0.3684210526315789,0.01171631559267107,5,1,0,0,0
2020,7,7.443078374348516,1,0,13,5,0.0,0.0013710582076529975,5,1,0,0,0
2024,11,4.718498871295094,2,1,63,6,0.09523809523809523,0.0026174747600648134,5,1,0,0,0
2016,5,8.074960359115858,1,0,9,5,0.1111111111111111,0.006481366072541443,0,1,0,0,0
2021,6,7.204892510204673,3,1,2,2,1.0,0.0001246416552411816,0,1,0,0,0
2021,5,7.2254814727822945,1,0,25,5,0.32,0.0021189081391000874,0,1,0,0,0
2022,5,6.9363427358340495,2,1,1,0,1.0,0.0001246416552411816,0,1,0,0,0
2023,9,6.302618975744905,1,0,6,5,0.0,0.010220615729776892,0,1,0,0,0
2023,9,6.249975242259483,1,0,6,2,0.0,0.0007478499314470896,0,1,0,0,0
2023,12,6.12029741895095,2,1,22,5,0.5,0.0028667580705471767,0,1,0,0,0
2024,7,5.442417710521793,1,0,1,0,0.0,0.0007478499314470896,0,1,0,0,0
2024,11,4.584967478670572,2,1,14,5,0.21428571428571427,0.0006232082762059081,0,1,0,0,0
2020,10,7.366445148327599,1,0,2,5,0.0,0.0006232082762059081,2,0,1,0,0
2017,12,7.878155336503324,1,0,2,2,0.5,0.0001246416552411816,2,0,1,0,0
2021,3,7.273786317844895,1,0,5,5,0.8,0.0034899663467530847,2,0,1,0,0
2024,11,4.430816798843313,1,0,22,5,0.5,0.0028667580705471767,2,0,1,0,0
2020,4,7.479299637782834,1,0,20,5,0.4,0.019693381528106693,0,0,1,0,0
2021,6,7.198183577101943,2,1,4,5,1.0,0.029664713947401222,0,0,1,0,0
2022,7,6.859614903654202,1,0,2,0,0.0,0.0001246416552411816,0,0,1,0,0
2024,9,5.123963979403259,1,0,1,0,0.0,0.0007478499314470896,0,0,1,0,0
2019,3,7.679713639966372,1,0,87,5,0.25287356321839083,0.019693381528106693,5,1,0,0,0
2020,11,7.357556200910353,1,0,2,5,0.0,0.004736382899164901,5,1,0,0,0
2021,7,7.187657164114956,2,1,5,5,0.4,0.0001246416552411816,5,1,0,0,0
2024,10,4.836281906951478,2,1,3,5,0.3333333333333333,0.005982799451576717,5,1,0,0,0
2017,4,7.962067308753666,1,0,10,5,0.3,0.035398230088495575,2,1,0,0,0
2018,11,7.741967899820685,2,1,6,5,0.6666666666666666,0.035398230088495575,2,1,0,0,0
2018,9,7.763446388727362,1,0,5,2,0.2,0.0003739249657235448,2,1,0,0,0
2018,12,7.7266536648476425,1,0,6,5,0.0,0.0017449831733765424,2,1,0,0,0
2020,2,7.506591780070841,1,0,19,5,0.3157894736842105,0.006855291038264988,2,1,0,0,0
2018,10,7.754052639035757,1,0,21,5,0.047619047619047616,0.0004985666209647265,2,1,0,0,0
2020,9,7.388946097618437,1,0,7,2,0.0,0.035398230088495575,2,1,0,0,0
2022,12,6.70073110954781,1,0,25,5,0.32,0.0021189081391000874,2,1,0,0,0
2023,11,6.152732694704104,3,1,17,5,0.23529411764705882,0.0026174747600648134,2,1,0,0,0
2017,2,7.976595409316577,1,0,6,5,0.16666666666666666,0.0013710582076529975,0,1,0,0,0
2019,6,7.633853559681768,1,0,1,0,0.0,0.0001246416552411816,0,1,0,0,0
2020,1,7.533158807455563,1,0,6,5,0.5,0.002243549794341269,0,1,0,0,0
2019,6,7.6362696033793735,1,0,8,5,0.0,0.0003739249657235448,0,1,0,0,0
2018,7,7.786551806428712,1,0,2,2,0.5,0.0043624579334413565,0,1,0,0,0
2019,9,7.591357046698551,2,1,42,5,0.19047619047619047,0.005608874485853172,0,1,0,0,0
2019,11,7.563200592358071,1,0,21,5,0.047619047619047616,0.0002492833104823632,0,1,0,0,0
2021,2,7.293017679772782,1,0,4,5,0.5,0.005982799451576717,0,1,0,0,0
2022,9,6.776506992372183,1,0,40,5,0.225,0.019693381528106693,0,1,0,0,0
2022,10,6.741700694652055,1,0,22,5,0.045454545454545456,0.035398230088495575,0,1,0,0,0
2023,1,6.646390514847729,1,0,1,0,0.0,0.035398230088495575,0,1,0,0,0
2023,6,6.434546518787453,1,0,1,0,0.0,0.035398230088495575,0,1,0,0,0
2023,6,6.423246963533519,2,1,112,5,0.125,0.010345257385018073,0,1,0,0,0
2024,2,5.8805329864007,2,1,4,0,0.5,0.006855291038264988,0,1,0,0,0
2024,6,5.529429087511423,1,0,112,5,0.125,0.010345257385018073,0,1,0,0,0
2014,8,8.247743887225516,1,0,21,7,0.14285714285714285,0.009472765798329803,2,1,0,0,0
2020,7,7.422373700986824,1,0,3,0,0.0,0.035398230088495575,0,0,1,0,0
2023,4,6.478509642208569,1,0,11,5,0.18181818181818182,0.0003739249657235448,0,0,1,0,0
2023,10,6.16541785423142,1,0,20,5,0.4,0.0034899663467530847,0,0,1,0,0
2021,7,7.160845906664299,1,0,23,5,0.043478260869565216,0.005110307864888446,3,0,1,0,0
2023,6,6.411818267709897,1,0,112,5,0.125,0.010345257385018073,3,0,1,0,0
2023,6,6.400257445308821,1,0,3,4,0.0,0.0026174747600648134,2,0,1,0,0
2024,12,4.143134726391533,1,0,112,5,0.125,0.010345257385018073,2,0,1,0,0
2020,1,7.519149957669823,1,0,1,5,0.0,0.0007478499314470896,5,1,0,0,0
2018,6,7.789454566086673,1,0,112,5,0.125,0.010345257385018073,5,1,0,0,0
2017,6,7.937374696163295,1,0,19,5,0.05263157894736842,0.0007478499314470896,5,1,0,0,0
2018,4,7.815207062189088,1,0,18,5,0.2222222222222222,0.0021189081391000874,5,1,0,0,0
2020,10,7.367077059881012,2,1,21,7,0.14285714285714285,0.013835223731771158,5,1,0,0,0
2021,8,7.144407180321139,1,0,1,5,0.0,0.035398230088495575,5,1,0,0,0
2022,5,6.918695219020472,1,0,12,7,0.3333333333333333,0.02492833104823632,5,1,0,0,0
2023,3,6.541029999189903,1,0,37,5,0.24324324324324326,0.0034899663467530847,2,1,0,0,0
2024,10,4.653960350157523,1,0,20,5,0.55,0.01246416552411816,2,1,0,0,0
2020,7,7.406103381237015,1,0,22,5,0.18181818181818182,0.004736382899164901,0,1,0,0,0
2018,6,7.791935956938058,1,0,6,2,0.16666666666666666,0.0008724915866882712,0,1,0,0,0
2018,4,7.818832443803404,1,0,5,5,0.4,0.0004985666209647265,0,1,0,0,0
2017,4,7.952966790923131,1,0,2,0,0.0,0.0001246416552411816,0,1,0,0,0
2019,7,7.612336837167746,1,0,50,7,0.0,0.004487099588682538,0,1,0,0,0
2019,3,7.679251425953058,1,0,15,2,0.13333333333333333,0.019693381528106693,0,1,0,0,0
2018,6,7.798112628829788,1,0,28,5,0.2857142857142857,0.000997133241929453,0,1,0,0,0
2019,11,7.550661243105336,1,0,33,5,0.42424242424242425,0.0006232082762059081,0,1,0,0,0
2017,3,7.960672608388117,1,0,1,0,0.0,0.0001246416552411816,0,1,0,0,0
2022,3,6.951772164398911,1,0,4,2,0.0,0.0004985666209647265,0,1,0,0,0
2022,5,6.90875477931522,2,1,11,5,0.2727272727272727,0.0012464165524118161,0,1,0,0,0
2022,6,6.880384082186005,1,0,112,5,0.125,0.010345257385018073,0,1,0,0,0
2022,7,6.840546529288687,1,0,4,2,0.25,0.0008724915866882712,0,1,0,0,0
2024,4,5.662960480135946,3,1,17,5,0.7647058823529411,0.000997133241929453,0,1,0,0,0
2024,6,5.4116460518550396,2,1,1,0,1.0,0.0001246416552411816,0,1,0,0,0
2023,1,6.5998704992128365,1,0,13,2,0.07692307692307693,0.01246416552411816,0,1,0,0,0
2013,11,8.316789127071518,1,0,6,3,0.0,0.00311604138102954,3,0,1,0,0
2023,9,6.236369590203704,1,0,10,5,0.0,0.0017449831733765424,2,0,1,0,0
2023,10,6.135564891081739,1,0,3,2,0.0,0.0003739249657235448,0,0,1,0,0
2018,12,7.711101251840158,1,0,4,0,0.25,0.0002492833104823632,0,0,1,0,0
2020,6,7.431299675155903,2,1,8,5,0.25,0.0001246416552411816,5,1,0,0,0
2017,3,7.957177323459475,2,1,38,5,0.34210526315789475,0.013710582076529976,5,1,0,0,0
2016,6,8.055157731819678,1,0,3,5,0.0,0.004736382899164901,5,1,0,0,0
2023,9,6.194405391104672,1,0,37,5,0.24324324324324326,0.0034899663467530847,2,0,1,0,0
2018,12,7.7142311448490855,1,0,15,5,0.13333333333333333,0.0012464165524118161,5,1,0,0,0
2021,1,7.283448228756631,1,0,10,5,0.0,0.0017449831733765424,5,1,0,0,0
2024,8,5.081404364984463,2,1,12,7,0.3333333333333333,0.035398230088495575,5,1,0,0,0
2017,11,7.870165946469845,1,0,33,5,0.42424242424242425,0.0006232082762059081,2,1,0,0,0
2020,9,7.370860166536716,2,1,1,0,1.0,0.0001246416552411816,0,1,0,0,0
2020,12,7.307202314764738,2,1,112,5,0.125,0.010345257385018073,0,1,0,0,0
2021,9,7.116394144093465,2,1,23,5,0.391304347826087,0.035398230088495575,0,1,0,0,0
2022,5,6.894670039433482,1,0,11,5,0.2727272727272727,0.0012464165524118161,0,1,0,0,0
2024,2,5.860786223465865,2,1,42,5,0.19047619047619047,0.005608874485853172,0,1,0,0,0
2024,2,5.817111159963204,3,1,37,5,0.24324324324324326,0.0023681914495824507,0,1,0,0,0
2024,5,5.501258210544727,2,1,38,5,0.34210526315789475,0.0016203415181353608,0,1,0,0,0
2020,11,7.316548177182976,1,0,6,5,0.0,0.0017449831733765424,3,0,1,0,0
2019,1,7.688913336864796,1,0,8,5,0.25,0.019693381528106693,2,0,1,0,0
2022,12,6.638567789166521,1,0,4,5,0.0,0.0004985666209647265,2,0,1,0,0
2024,2,5.820082930352362,1,0,54,5,0.14814814814814814,0.004861024554406083,2,0,1,0,0
2021,5,7.187657164114956,1,0,2,0,0.0,0.004736382899164901,0,0,1,0,0
2018,10,7.729735331385051,1,0,13,5,0.5384615384615384,0.0001246416552411816,0,0,1,0,0
2023,10,6.089044875446846,1,0,3,5,0.3333333333333333,0.029664713947401222,0,0,1,0,0
2023,11,6.073044534100405,1,0,4,0,0.5,0.006855291038264988,0,1,0,0,0
2024,2,5.777652323222656,1,0,2,0,0.0,0.0001246416552411816,0,0,1,0,0
2018,8,7.76046702921342,1,0,45,5,0.2222222222222222,0.01171631559267107,5,1,0,0,0
2024,3,5.683579767338681,1,0,2,5,0.0,0.0002492833104823632,5,1,0,0,0
2024,4,5.634789603169249,2,1,22,5,0.5,0.008724915866882713,5,1,0,0,0
2023,11,6.0330862217988015,1,0,5,5,0.0,0.0006232082762059081,5,1,0,0,0
2019,6,7.615791072035833,1,0,17,5,0.11764705882352941,0.0004985666209647265,2,1,0,0,0
2019,7,7.60887062919126,1,0,14,5,0.14285714285714285,0.0002492833104823632,2,1,0,0,0
2019,10,7.562681246721884,1,0,4,2,0.25,0.0003739249657235448,2,1,0,0,0
2024,10,4.343805421853684,1,0,5,5,0.4,0.01246416552411816,2,1,0,0,0
2016,4,8.072779333169498,1,0,7,0,0.14285714285714285,0.035398230088495575,0,1,0,0,0
2017,11,7.866722285136729,2,1,1,0,1.0,0.0002492833104823632,0,1,0,0,0
2018,3,7.815207062189088,1,0,18,5,0.2222222222222222,0.0021189081391000874,0,1,0,0,0
2018,3,7.818027938530729,1,0,20,5,0.55,0.01246416552411816,0,1,0,0,0
2019,11,7.5406215286571525,1,0,69,5,0.0,0.0014956998628941791,0,1,0,0,0
2020,12,7.302496423727326,3,1,3,0,0.3333333333333333,0.0003739249657235448,0,1,0,0,0
2014,10,8.219864741912652,1,0,22,5,0.045454545454545456,0.035398230088495575,2,1,0,0,0
2016,10,8.005033344637111,1,0,21,6,0.047619047619047616,0.019693381528106693,6,0,1,0,0
2018,10,7.729735331385051,1,0,42,5,0.19047619047619047,0.005608874485853172,4,0,1,0,0
2021,12,7.014814351275545,1,0,38,5,0.34210526315789475,0.0016203415181353608,2,0,1,0,0
2024,11,3.8918202981106265,1,0,10,5,0.1,0.029664713947401222,2,0,1,0,0
2018,5,7.789454566086673,1,0,17,2,0.0,0.010594540695500436,0,0,1,0,0
2020,10,7.325807502595773,1,0,1,0,0.0,0.0001246416552411816,0,0,1,0,0
2022,2,6.9440872082295275,1,0,2,0,0.0,0.0002492833104823632,0,0,1,0,0
2023,3,6.489204931325317,1,0,4,0,0.0,0.0004985666209647265,0,0,1,0,0
2024,2,5.7745515455444085,1,0,11,2,0.09090909090909091,0.002243549794341269,0,0,1,0,0
2024,6,5.204006687076795,1,0,19,5,0.0,0.035398230088495575,0,0,1,0,0
2024,11,4.02535169073515,1,0,3,0,0.0,0.035398230088495575,0,0,1,0,0
2019,5,7.629489916393995,2,1,12,5,0.16666666666666666,0.01171631559267107,5,1,0,0,0
2019,3,7.653020413804189,1,0,48,5,0.020833333333333332,0.0023681914495824507,5,1,0,0,0
2024,5,5.4116460518550396,1,0,23,5,0.043478260869565216,0.035398230088495575,5,1,0,0,0
2024,6,5.204006687076795,3,1,1,5,1.0,0.0001246416552411816,5,1,0,0,0
2024,9,4.5217885770490405,1,0,25,5,0.32,0.0021189081391000874,5,1,0,0,0
2019,4,7.6362696033793735,3,1,20,5,0.55,0.01246416552411816,2,1,0,0,0
2022,8,6.7661917146603505,1,0,4,2,0.25,0.0008724915866882712,2,1,0,0,0
2024,3,5.659482215759621,1,0,1,2,0.0,0.01632805683659479,2,1,0,0,0
2019,8,7.57353126274595,1,0,3,3,0.0,0.004736382899164901,0,1,0,0,0
2018,9,7.732807530422021,1,0,8,2,0.0,0.010594540695500436,0,1,0,0,0
2018,10,7.72356247227797,1,0,40,5,0.125,0.019693381528106693,0,1,0,0,0
2017,12,7.853993087224244,1,0,32,3,0.0,0.01632805683659479,0,1,0,0,0
2020,2,7.475339236566737,2,1,19,5,0.3157894736842105,0.006855291038264988,0,1,0,0,0
2020,12,7.288244401020124,1,0,2,0,0.0,0.035398230088495575,0,1,0,0,0
2021,7,7.144407180321139,1,0,23,5,0.043478260869565216,0.035398230088495575,0,1,0,0,0
2021,9,7.081708586105575,2,1,6,2,0.3333333333333333,0.010220615729776892,0,1,0,0,0
2022,5,6.8690144506657065,1,0,4,2,0.0,0.0004985666209647265,0,1,0,0,0
2022,6,6.843749949006225,1,0,112,5,0.125,0.010345257385018073,0,1,0,0,0
2022,8,6.7580945044277305,1,0,1,0,0.0,0.01632805683659479,0,1,0,0,0
2023,2,6.532334292222349,1,0,4,0,0.0,0.0004985666209647265,0,1,0,0,0
2018,10,7.7142311448490855,1,0,9,3,0.1111111111111111,0.07291536831609123,3,1,0,0,0
2024,10,4.248495242049359,1,0,21,7,0.14285714285714285,0.013835223731771158,0,0,1,0,0
2018,3,7.803843303538772,1,0,87,5,0.25287356321839083,0.019693381528106693,5,1,0,0,0
2019,4,7.632885505395133,2,1,19,5,0.3684210526315789,0.01171631559267107,0,1,0,0,0
2016,12,7.98139158158007,1,0,15,5,0.13333333333333333,0.0012464165524118161,5,1,0,0,0
2020,9,7.3453648404168685,1,0,1,5,0.0,0.0001246416552411816,5,1,0,0,0
2023,8,6.194405391104672,3,1,1,5,1.0,0.0007478499314470896,5,1,0,0,0
2024,2,5.752572638825633,3,1,1,5,1.0,0.001869624828617724,5,1,0,0,0
2016,5,8.052933036797567,1,0,11,5,0.2727272727272727,0.013710582076529976,2,1,0,0,0
2018,3,7.81237820598861,1,0,5,5,0.0,0.029664713947401222,2,1,0,0,0
2018,4,7.791522819150732,4,1,6,5,0.5,0.002243549794341269,2,1,0,0,0
2021,1,7.259819610363186,1,0,2,2,0.0,0.004736382899164901,2,1,0,0,0
2021,11,7.02108396428914,2,1,33,6,0.2727272727272727,0.00311604138102954,2,1,0,0,0
2019,9,7.562681246721884,1,0,3,2,0.0,0.010594540695500436,0,1,0,0,0
2017,6,7.912789220690681,1,0,1,0,0.0,0.003739249657235448,0,1,0,0,0
2017,1,7.96693349840484,1,0,20,5,0.15,0.01171631559267107,0,1,0,0,0
2017,11,7.853993087224244,1,0,7,5,0.5714285714285714,0.006855291038264988,0,1,0,0,0
2017,10,7.87359778968554,1,0,2,0,0.0,0.0017449831733765424,0,1,0,0,0
2020,1,7.487173694213739,1,0,18,5,0.2222222222222222,0.0021189081391000874,0,1,0,0,0
2019,12,7.51425465281641,1,0,48,5,0.020833333333333332,0.0007478499314470896,0,1,0,0,0
2021,11,7.02108396428914,1,0,1,0,0.0,0.0014956998628941791,0,1,0,0,0
2021,12,7.003065458786462,1,0,1,0,0.0,0.0016203415181353608,0,1,0,0,0
2022,12,6.610696044717759,1,0,25,5,0.32,0.0021189081391000874,0,1,0,0,0
2024,2,5.707110264748875,1,0,37,5,0.24324324324324326,0.0023681914495824507,0,1,0,0,0
2024,6,5.204006687076795,2,1,13,5,0.15384615384615385,0.0001246416552411816,0,1,0,0,0
2024,7,5.0369526024136295,1,0,2,2,0.0,0.0002492833104823632,0,1,0,0,0
2024,9,4.584967478670572,3,1,87,5,0.25287356321839083,0.0004985666209647265,0,1,0,0,0
2024,11,2.0794415416798357,1,0,22,5,0.0,0.0002492833104823632,5,0,0,1,0
2024,7,4.941642422609304,2,1,87,5,0.25287356321839083,0.0004985666209647265,5,1,0,0,0
2018,1,7.83241092718792,2,1,10,5,0.3,0.035398230088495575,2,1,0,0,0
2023,2,6.478509642208569,1,0,15,2,0.13333333333333333,0.0012464165524118161,2,1,0,0,0
2023,6,6.302618975744905,3,1,27,5,0.25925925925925924,0.035398230088495575,2,1,0,0,0
2023,7,6.194405391104672,3,1,1,2,1.0,0.0001246416552411816,2,1,0,0,0
2024,6,5.0369526024136295,5,1,1,2,1.0,0.0001246416552411816,2,1,0,0,0
2019,2,7.653020413804189,1,0,13,2,0.07692307692307693,0.001869624828617724,0,1,0,0,0
2017,6,7.909856667269403,1,0,112,5,0.125,0.010345257385018073,0,1,0,0,0
2019,3,7.639642287858013,1,0,48,5,0.020833333333333332,0.0023681914495824507,0,1,0,0,0
2024,2,5.652489180268651,2,1,5,2,0.4,0.0004985666209647265,0,1,0,0,0
2021,6,7.138866999945524,1,0,10,5,0.0,0.0017449831733765424,0,1,0,0,0
2021,11,7.002155954403621,1,0,2,2,0.0,0.0002492833104823632,0,1,0,0,0
2021,12,6.982862751468942,1,0,1,0,0.0,0.0004985666209647265,0,1,0,0,0
2022,4,6.874198495453294,2,1,12,5,0.3333333333333333,0.013835223731771158,0,1,0,0,0
2022,6,6.790097235513905,2,1,1,0,1.0,0.0001246416552411816,0,1,0,0,0
2022,7,6.782192056006791,1,0,22,5,0.5,0.0028667580705471767,0,1,0,0,0
2023,3,6.4457198193855785,2,1,28,5,0.2857142857142857,0.000997133241929453,0,1,0,0,0
2023,12,5.877735781779639,2,1,112,5,0.125,0.010345257385018073,0,1,0,0,0
2024,2,5.71042701737487,2,1,17,5,0.5882352941176471,0.0006232082762059081,0,1,0,0,0
2024,5,5.241747015059643,1,0,20,5,0.4,0.019693381528106693,0,1,0,0,0
2024,6,5.081404364984463,1,0,3,5,0.0,0.002243549794341269,0,1,0,0,0
2024,8,4.663439094112067,1,0,9,3,0.0,0.0012464165524118161,0,1,0,0,0
2014,2,8.280204233279974,1,0,5,3,0.0,0.0004985666209647265,3,0,1,0,0
2021,11,7.014814351275545,1,0,4,2,0.0,0.003988532967717812,2,0,1,0,0
2023,6,6.251903883165888,1,0,5,5,0.0,0.0003739249657235448,2,0,1,0,0
2017,12,7.837554360881084,1,0,1,0,0.0,0.0001246416552411816,0,0,1,0,0
2021,11,7.002155954403621,1,0,5,1,0.0,0.0001246416552411816,0,0,1,0,0
2023,11,5.916202062607435,1,0,10,2,0.0,0.010594540695500436,0,0,1,0,0
2024,7,4.897839799950911,1,0,9,5,0.2222222222222222,0.0011217748971706345,5,1,0,0,0
2017,5,7.9157131993821155,1,0,2,5,0.0,0.0002492833104823632,2,1,0,0,0
2024,2,5.60947179518496,2,1,37,5,0.24324324324324326,0.0034899663467530847,2,1,0,0,0
2017,12,7.832014180505469,1,0,1,0,0.0,0.01171631559267107,0,1,0,0,0
2018,12,7.6760099320288875,1,0,5,2,0.0,0.006855291038264988,0,1,0,0,0
2017,11,7.843064016692054,1,0,69,5,0.0,0.0014956998628941791,0,1,0,0,0
2017,3,7.932362154339751,1,0,38,5,0.34210526315789475,0.013710582076529976,0,1,0,0,0
2021,3,7.192182058713246,1,0,48,5,0.020833333333333332,0.0026174747600648134,0,1,0,0,0
2022,6,6.79794041297493,1,0,37,5,0.24324324324324326,0.0034899663467530847,0,1,0,0,0
2022,11,6.590301048196686,1,0,40,5,0.125,0.019693381528106693,0,1,0,0,0
2023,5,6.289715570908998,1,0,112,5,0.125,0.010345257385018073,0,1,0,0,0
2023,6,6.236369590203704,1,0,3,5,0.3333333333333333,0.000997133241929453,0,1,0,0,0
2024,5,5.241747015059643,1,0,1,0,0.0,0.0001246416552411816,0,1,0,0,0
2015,10,8.104099056143582,1,0,38,5,0.34210526315789475,0.013710582076529976,5,1,0,0,0
2016,5,8.041734711487537,1,0,48,5,0.020833333333333332,0.0026174747600648134,4,0,1,0,0
2023,3,6.413458957167357,1,0,37,5,0.24324324324324326,0.0034899663467530847,4,0,1,0,0
2020,10,7.293017679772782,1,0,14,5,0.07142857142857142,0.013835223731771158,2,0,1,0,0
2022,12,6.561030665896573,1,0,6,5,0.6666666666666666,0.035398230088495575,2,0,1,0,0
2020,12,7.271008538280992,1,0,17,5,0.11764705882352941,0.01246416552411816,5,1,0,0,0
2017,6,7.899153483343097,1,0,3,5,0.0,0.0001246416552411816,5,1,0,0,0
2018,12,7.679251425953058,1,0,32,5,0.125,0.0014956998628941791,5,1,0,0,0
2021,7,7.110696122978827,2,1,18,5,0.2222222222222222,0.0021189081391000874,5,1,0,0,0
2021,12,6.976348070447749,1,0,87,5,0.25287356321839083,0.019693381528106693,5,1,0,0,0
2020,11,7.278628942320682,2,1,8,2,0.25,0.0001246416552411816,2,1,0,0,0
2022,10,6.637258031284457,1,0,1,2,0.0,0.02492833104823632,2,1,0,0,0
2023,1,6.478509642208569,2,1,40,5,0.225,0.019693381528106693,2,1,0,0,0
2020,2,7.459914766241105,1,0,2,0,0.0,0.005110307864888446,0,1,0,0,0
2020,10,7.29776828253138,2,1,3,5,1.0,0.01246416552411816,0,1,0,0,0
2020,11,7.283448228756631,1,0,40,5,0.225,0.019693381528106693,0,1,0,0,0
2017,5,7.917171988845776,1,0,40,5,0.125,0.01171631559267107,0,1,0,0,0
2019,4,7.617267813628347,4,1,1,0,1.0,0.0001246416552411816,0,1,0,0,0
2019,11,7.510977752014095,1,0,21,5,0.047619047619047616,0.0002492833104823632,0,1,0,0,0
2024,5,4.990432586778736,1,0,40,5,0.125,0.000997133241929453,2,0,1,0,0
2017,12,7.829232537543592,1,0,6,5,0.0,0.010220615729776892,0,0,1,0,0
2016,10,7.98139158158007,2,1,87,5,0.25287356321839083,0.019693381528106693,5,1,0,0,0
2023,2,6.413458957167357,1,0,37,5,0.24324324324324326,0.0034899663467530847,5,1,0,0,0
2023,11,5.857933154483459,1,0,1,5,0.0,0.0007478499314470896,5,1,0,0,0
2024,2,5.556828061699537,1,0,10,5,0.0,0.0007478499314470896,5,1,0,0,0
2019,12,7.487173694213739,1,0,48,5,0.020833333333333332,0.0007478499314470896,2,1,0,0,0
2021,11,6.982862751468942,1,0,10,5,0.0,0.008724915866882713,2,1,0,0,0
2021,12,6.963189985870238,1,0,87,5,0.25287356321839083,0.019693381528106693,2,1,0,0,0
2023,2,6.423246963533519,1,0,15,2,0.13333333333333333,0.0012464165524118161,2,1,0,0,0
2024,3,5.472270673671475,1,0,7,5,0.14285714285714285,0.0003739249657235448,2,1,0,0,0
2024,3,5.37989735354046,1,0,2,5,0.0,0.0002492833104823632,2,1,0,0,0
2020,3,7.422971251049421,1,0,1,0,0.0,0.003988532967717812,0,1,0,0,0
2018,3,7.792348924113037,1,0,5,5,0.0,0.029664713947401222,0,1,0,0,0
2019,9,7.533158807455563,1,0,42,5,0.19047619047619047,0.005608874485853172,0,1,0,0,0
2016,9,7.9909154630913255,1,0,2,2,0.0,0.0001246416552411816,0,1,0,0,0
2020,11,7.264730177929867,1,0,18,5,0.2222222222222222,0.0021189081391000874,0,1,0,0,0
2021,2,7.20414929203594,1,0,5,2,0.4,0.0004985666209647265,0,1,0,0,0
2021,3,7.183111701743281,1,0,25,5,0.32,0.0021189081391000874,0,1,0,0,0
2021,12,6.9584483932976555,1,0,1,0,0.0,0.0001246416552411816,0,1,0,0,0
2022,9,6.646390514847729,2,1,3,0,0.6666666666666666,0.035398230088495575,0,1,0,0,0
2022,9,6.646390514847729,1,0,6,2,0.0,0.035398230088495575,0,1,0,0,0
2023,7,6.1224928095143865,1,0,1,0,0.0,0.0001246416552411816,0,1,0,0,0
2024,1,5.634789603169249,1,0,112,5,0.125,0.010345257385018073,0,1,0,0,0
2024,4,5.278114659230517,1,0,2,2,0.0,0.0002492833104823632,0,1,0,0,0
2010,4,8.57922858233569,1,0,2,5,0.5,0.004736382899164901,5,1,0,0,0
2013,1,8.36985260351753,1,0,2,5,0.0,0.0006232082762059081,5,1,0,0,0
2012,1,8.45126704130007,2,1,54,5,0.14814814814814814,0.004861024554406083,5,1,0,0,0
2023,3,6.364750756851911,1,0,9,5,0.1111111111111111,0.008724915866882713,2,0,1,0,0
2022,7,6.733401891837359,1,0,22,5,0.5,0.0028667580705471767,5,1,0,0,0
2022,5,6.7912214627261855,2,1,11,5,0.18181818181818182,0.0012464165524118161,0,1,0,0,0
2022,1,6.901737206656574,1,0,6,2,0.0,0.0007478499314470896,0,1,0,0,0
2018,10,7.688913336864796,1,0,40,5,0.125,0.019693381528106693,0,1,0,0,0
2017,7,7.881559917056899,1,0,1,0,0.0,0.0001246416552411816,0,1,0,0,0
2017,6,7.893945138235959,1,0,4,5,0.0,0.0004985666209647265,0,1,0,0,0
2017,4,7.917171988845776,1,0,4,2,0.0,0.0003739249657235448,0,1,0,0,0
2019,3,7.619233416226805,2,1,12,5,0.3333333333333333,0.013835223731771158,0,1,0,0,0
2022,12,6.51025834052315,3,1,4,5,0.5,0.0003739249657235448,0,1,0,0,0
2024,4,5.241747015059643,1,0,4,2,0.75,0.01632805683659479,0,1,0,0,0
2019,10,7.502738210754851,1,0,2,0,0.0,0.01246416552411816,0,1,0,0,0
2021,5,7.1284959456800365,1,0,1,0,0.0,0.0002492833104823632,0,1,0,0,0
2012,9,8.388450315523512,1,0,54,5,0.14814814814814814,0.004861024554406083,0,1,0,0,0
2017,4,7.912056888179006,1,0,4,2,0.0,0.0006232082762059081,2,1,0,0,0
2018,5,7.751045117971802,1,0,6,5,0.16666666666666666,0.01246416552411816,0,0,1,0,0
2021,4,7.144407180321139,1,0,1,0,0.0,0.003739249657235448,0,0,1,0,0
2024,2,5.44673737166631,1,0,14,5,0.35714285714285715,0.013710582076529976,0,0,1,0,0
2016,1,8.068402958569699,2,1,21,7,0.14285714285714285,0.013835223731771158,5,1,0,0,0
2019,12,7.475339236566737,1,0,112,5,0.125,0.010345257385018073,5,1,0,0,0
2021,5,7.1180162044653335,2,1,25,5,0.32,0.0001246416552411816,5,1,0,0,0
2021,12,6.93828448401696,1,0,21,5,0.047619047619047616,0.0004985666209647265,5,1,0,0,0
2024,4,5.1647859739235145,1,0,4,5,0.0,0.035398230088495575,5,1,0,0,0
2024,4,5.056245805348308,1,0,2,5,0.0,0.0002492833104823632,5,1,0,0,0
2024,5,5.0369526024136295,2,1,1,5,1.0,0.0002492833104823632,5,1,0,0,0
2019,7,7.559038255443384,2,1,12,5,0.5,0.035398230088495575,2,1,0,0,0
2016,11,7.962067308753666,1,0,27,5,0.25925925925925924,0.035398230088495575,2,1,0,0,0
2018,9,7.704811922932594,1,0,1,2,0.0,0.035398230088495575,2,1,0,0,0
2019,9,7.521859252201629,1,0,42,5,0.19047619047619047,0.005608874485853172,2,1,0,0,0
2019,11,7.491645473605133,1,0,21,5,0.047619047619047616,0.0004985666209647265,2,1,0,0,0
2018,12,7.6638772587034705,1,0,15,5,0.13333333333333333,0.0012464165524118161,2,1,0,0,0
2020,12,7.234177179749849,1,0,19,5,0.21052631578947367,0.0034899663467530847,2,1,0,0,0
2019,6,7.559038255443384,1,0,37,6,0.2972972972972973,0.0007478499314470896,2,1,0,0,0
2019,4,7.592870287844818,1,0,2,2,0.0,0.0002492833104823632,2,1,0,0,0
2019,4,7.587817219993427,1,0,5,5,0.0,0.0003739249657235448,2,1,0,0,0
2022,11,6.499787040655854,1,0,11,5,0.18181818181818182,0.0001246416552411816,0,1,0,0,0
2022,9,6.618738983517219,1,0,2,5,0.0,0.035398230088495575,2,1,0,0,0
2022,9,6.590301048196686,1,0,2,5,0.5,0.0013710582076529975,2,1,0,0,0
2023,11,5.720311776607412,1,0,5,5,0.0,0.0006232082762059081,2,1,0,0,0
2022,12,6.478509642208569,1,0,112,5,0.125,0.010345257385018073,0,1,0,0,0
2023,5,6.180016653652572,2,1,5,5,0.4,0.0004985666209647265,0,1,0,0,0
2023,11,5.730099782973574,2,1,9,5,0.2222222222222222,0.0011217748971706345,0,1,0,0,0
2024,4,5.087596335232384,1,0,8,5,0.125,0.01632805683659479,0,1,0,0,0
2017,1,7.938445551164788,1,0,87,5,0.25287356321839083,0.019693381528106693,0,1,0,0,0
2019,12,7.459338895220296,1,0,15,2,0.13333333333333333,0.019693381528106693,0,1,0,0,0
2017,6,7.878155336503324,1,0,112,5,0.125,0.010345257385018073,0,1,0,0,0
2020,8,7.302496423727326,1,0,42,5,0.19047619047619047,0.005608874485853172,0,1,0,0,0
2019,6,7.559038255443384,1,0,17,5,0.11764705882352941,0.0004985666209647265,0,1,0,0,0
2021,3,7.161622002939187,1,0,1,0,0.0,0.013710582076529976,0,1,0,0,0
2021,9,6.9957661563048505,1,0,1,0,0.0,0.0001246416552411816,0,1,0,0,0
2022,6,6.733401891837359,1,0,37,5,0.24324324324324326,0.0034899663467530847,0,1,0,0,0
2018,8,7.701652362642226,1,0,21,7,0.14285714285714285,0.013835223731771158,5,0,1,0,0
2017,6,7.881182202227102,1,0,19,5,0.0,0.005110307864888446,5,0,1,0,0
2020,2,7.418180822726788,1,0,19,5,0.3157894736842105,0.006855291038264988,3,0,1,0,0
2023,11,5.752572638825633,1,0,17,5,0.23529411764705882,0.0026174747600648134,3,0,1,0,0
2024,2,5.37989735354046,2,1,33,5,0.42424242424242425,0.0006232082762059081,2,0,1,0,0
2023,7,6.089044875446846,1,0,22,5,0.045454545454545456,0.035398230088495575,0,0,1,0,0
2024,4,5.081404364984463,1,0,14,5,0.0,0.0017449831733765424,0,0,1,0,0
2024,4,5.123963979403259,1,0,4,5,0.0,0.01632805683659479,0,1,0,0,0
2020,1,7.443078374348516,1,0,1,5,0.0,0.010220615729776892,5,1,0,0,0
2014,10,8.196987927258897,1,0,3,5,0.0,0.035398230088495575,2,0,1,0,0
2019,3,7.60887062919126,1,0,8,3,0.125,0.0023681914495824507,2,0,1,0,0
2020,7,7.311886164077165,1,0,1,5,0.0,0.0001246416552411816,5,1,0,0,0
2020,3,7.405495663199472,1,0,19,5,0.05263157894736842,0.0017449831733765424,2,1,0,0,0
2022,4,6.7580945044277305,2,1,11,5,0.2727272727272727,0.01246416552411816,2,1,0,0,0
2022,9,6.601230118728877,2,1,12,5,0.08333333333333333,0.013710582076529976,2,1,0,0,0
2022,11,6.481577129276431,1,0,45,5,0.2222222222222222,0.01171631559267107,2,1,0,0,0
2023,6,6.137727054086234,2,1,3,2,0.6666666666666666,0.0003739249657235448,2,1,0,0,0
2024,1,5.442417710521793,2,1,17,5,0.7647058823529411,0.000997133241929453,2,1,0,0,0
2016,1,8.058327306580958,1,0,6,2,0.16666666666666666,0.0007478499314470896,0,1,0,0,0
2020,2,7.411556287811163,1,0,15,5,0.13333333333333333,0.0012464165524118161,0,1,0,0,0
2020,9,7.288927694521257,2,1,22,5,0.18181818181818182,0.0003739249657235448,0,1,0,0,0
2020,5,7.367077059881012,1,0,17,5,0.23529411764705882,0.0026174747600648134,0,1,0,0,0
2020,11,7.229113877793302,1,0,5,5,0.4,0.0004985666209647265,0,1,0,0,0
2021,3,7.156176637480615,1,0,54,5,0.14814814814814814,0.004861024554406083,0,1,0,0,0
2021,7,7.039660349862076,2,1,4,2,0.75,0.0001246416552411816,0,1,0,0,0
2022,5,6.725033642166843,1,0,19,5,0.42105263157894735,0.002243549794341269,0,1,0,0,0
2023,6,6.089044875446846,3,1,2,5,0.5,0.0001246416552411816,0,1,0,0,0
2024,2,5.313205979041787,2,1,37,5,0.24324324324324326,0.0034899663467530847,0,1,0,0,0
2017,4,7.898782356970309,1,0,10,5,0.0,0.010594540695500436,5,1,0,0,0
2020,2,7.413970290190444,1,0,3,0,0.0,0.004736382899164901,0,0,1,0,0
2016,2,8.046869510959576,1,0,1,0,0.0,0.0001246416552411816,0,0,1,0,0
2018,11,7.656337166430183,1,0,2,5,0.0,0.01632805683659479,0,0,1,0,0
2023,1,6.364750756851911,1,0,13,2,0.07692307692307693,0.01246416552411816,0,0,1,0,0
2016,12,7.944846711001996,1,0,40,5,0.125,0.01171631559267107,5,1,0,0,0
2018,9,7.682943169878292,1,0,21,5,0.047619047619047616,0.0004985666209647265,5,1,0,0,0
2019,4,7.588829878307813,1,0,50,7,0.0,0.004487099588682538,5,1,0,0,0
2021,12,6.887552571664617,2,1,1,5,1.0,0.0001246416552411816,5,1,0,0,0
2022,5,6.716594773520978,2,1,19,5,0.42105263157894735,0.002243549794341269,5,1,0,0,0
2016,5,8.016647877057803,1,0,45,5,0.2222222222222222,0.013710582076529976,2,1,0,0,0
2017,1,7.928406026180535,1,0,4,2,0.0,0.0003739249657235448,2,1,0,0,0
2022,9,6.55250788703459,2,1,3,2,0.3333333333333333,0.004736382899164901,2,1,0,0,0
2021,3,7.133295954896068,1,0,6,5,0.0,0.0023681914495824507,5,1,0,0,0
2022,1,6.866933284461882,1,0,6,5,0.0,0.01171631559267107,5,1,0,0,0
2023,8,5.953243334287785,1,0,1,5,0.0,0.0001246416552411816,5,1,0,0,0
2004,3,8.91811465947453,1,0,7,5,0.0,0.0001246416552411816,0,1,0,0,0
2023,12,5.556828061699537,2,1,112,5,0.125,0.010345257385018073,5,1,0,0,0
2024,4,4.787491742782046,2,1,14,5,0.21428571428571427,0.0006232082762059081,5,1,0,0,0
2022,1,6.836259277277067,2,1,22,5,0.18181818181818182,0.0003739249657235448,0,0,1,0,0
2023,6,6.075346031088684,1,0,3,2,0.6666666666666666,0.0003739249657235448,0,0,1,0,0
2017,9,7.832014180505469,1,0,12,5,0.08333333333333333,0.013710582076529976,5,1,0,0,0
2018,11,7.643482907077201,1,0,26,5,0.23076923076923078,0.01171631559267107,5,1,0,0,0
2017,3,7.902857191280582,1,0,3,5,0.0,0.0003739249657235448,5,1,0,0,0
2017,4,7.888709524182015,1,0,63,6,0.09523809523809523,0.0013710582076529975,5,1,0,0,0
2023,3,6.222576268071369,1,0,1,5,0.0,0.0001246416552411816,5,1,0,0,0
2023,9,5.796057750765372,1,0,37,5,0.24324324324324326,0.0034899663467530847,5,1,0,0,0
2018,10,7.65728279297819,1,0,17,5,0.058823529411764705,0.02492833104823632,2,1,0,0,0
2023,11,5.564520407322694,1,0,40,5,0.125,0.019693381528106693,2,1,0,0,0
2022,8,6.5998704992128365,1,0,1,2,0.0,0.006855291038264988,2,1,0,0,0
2024,4,4.890349128221754,2,1,22,5,0.5,0.008724915866882713,2,1,0,0,0
2020,5,7.348587530927593,2,1,17,5,0.7647058823529411,0.000997133241929453,0,1,0,0,0
2020,2,7.409741954080923,1,0,1,0,0.0,0.035398230088495575,0,1,0,0,0
2021,2,7.153833801578843,1,0,1,0,0.0,0.0001246416552411816,0,1,0,0,0
2021,7,7.027314514039777,1,0,6,2,0.0,0.0007478499314470896,0,1,0,0,0
2021,12,6.880384082186005,1,0,3,2,0.0,0.0003739249657235448,0,1,0,0,0
2022,4,6.733401891837359,1,0,27,5,0.25925925925925924,0.035398230088495575,0,1,0,0,0
2023,5,6.142037405587356,1,0,23,5,0.043478260869565216,0.035398230088495575,0,1,0,0,0
2023,6,6.07993319509559,1,0,112,5,0.125,0.010345257385018073,0,1,0,0,0
2023,9,5.8289456176102075,1,0,7,2,0.0,0.0003739249657235448,0,1,0,0,0
2023,9,5.808142489980444,1,0,15,6,0.0,0.013835223731771158,0,1,0,0,0
2024,3,5.017279836814924,1,0,2,5,0.0,0.0002492833104823632,0,1,0,0,0
2023,5,6.104793232414985,1,0,13,2,0.0,0.010594540695500436,0,0,1,0,0
2023,11,5.556828061699537,1,0,9,5,0.2222222222222222,0.0011217748971706345,0,0,1,0,0
2018,3,7.754052639035757,1,0,63,6,0.09523809523809523,0.0013710582076529975,2,1,0,0,0
2019,3,7.580699752224563,2,1,87,5,0.25287356321839083,0.019693381528106693,2,1,0,0,0
2021,5,7.063903961472068,1,0,3,2,0.0,0.0004985666209647265,2,1,0,0,0
2023,4,6.135564891081739,1,0,1,2,0.0,0.0007478499314470896,2,1,0,0,0
2023,9,5.730099782973574,3,1,1,2,1.0,0.006855291038264988,2,1,0,0,0
2020,8,7.275172319452771,1,0,6,5,0.0,0.004736382899164901,5,1,0,0,0
2018,2,7.768110378525988,1,0,7,5,0.0,0.006855291038264988,5,1,0,0,0
2018,2,7.769800996003896,1,0,32,5,0.125,0.0014956998628941791,5,1,0,0,0
2021,8,6.976348070447749,2,1,10,5,0.3,0.0002492833104823632,5,1,0,0,0
2021,11,6.898714534329988,1,0,1,5,0.0,0.0001246416552411816,5,1,0,0,0
2023,2,6.302618975744905,2,1,19,5,0.21052631578947367,0.0034899663467530847,5,1,0,0,0
2023,11,5.5909869805108565,1,0,12,5,0.08333333333333333,0.0001246416552411816,5,1,0,0,0
2024,2,5.170483995038151,2,1,54,5,0.14814814814814814,0.004861024554406083,5,1,0,0,0
2020,7,7.307202314764738,2,1,2,5,1.0,0.019693381528106693,0,1,0,0,0
2020,10,7.234898420314831,1,0,38,5,0.34210526315789475,0.0016203415181353608,0,1,0,0,0
2017,11,7.806696372521179,1,0,1,0,0.0,0.02492833104823632,0,1,0,0,0
2019,4,7.569927655242652,2,1,12,5,0.3333333333333333,0.013835223731771158,0,1,0,0,0
2021,3,7.116394144093465,1,0,1,0,0.0,0.0002492833104823632,0,1,0,0,0
2022,11,6.437751649736401,1,0,40,5,0.125,0.019693381528106693,0,1,0,0,0
2023,2,6.263398262591624,2,1,9,5,0.5555555555555556,0.006855291038264988,0,1,0,0,0
2023,6,6.056784013228625,1,0,1,0,0.0,0.0007478499314470896,0,1,0,0,0
2024,4,4.795790545596741,1,0,19,5,0.0,0.02492833104823632,0,1,0,0,0
2021,11,6.901737206656574,1,0,45,5,0.2222222222222222,0.01171631559267107,4,0,1,0,0
2018,3,7.745002803515839,1,0,42,5,0.19047619047619047,0.005608874485853172,2,0,1,0,0
2016,1,8.03947991910045,1,0,10,5,0.2,0.0002492833104823632,2,0,1,0,0
2024,1,5.241747015059643,1,0,112,5,0.125,0.010345257385018073,2,0,1,0,0
2019,6,7.529406457837013,1,0,2,2,0.0,0.0002492833104823632,0,0,1,0,0
2018,11,7.646353722445999,1,0,6,5,0.6666666666666666,0.02492833104823632,0,0,1,0,0
2023,3,6.186208623900494,1,0,7,2,0.14285714285714285,0.01171631559267107,0,1,0,0,0
2022,12,6.38856140554563,1,0,20,5,0.55,0.01246416552411816,2,0,1,0,0
2018,2,7.76004068088038,1,0,3,0,0.6666666666666666,0.02492833104823632,0,0,1,0,0
2018,5,7.72356247227797,1,0,3,5,0.0,0.005982799451576717,0,0,1,0,0
2021,10,6.915723448631314,1,0,5,5,0.8,0.029664713947401222,0,0,1,0,0
2022,11,6.434546518787453,1,0,1,0,0.0,0.0002492833104823632,0,0,1,0,0
2023,11,5.556828061699537,1,0,1,0,0.0,0.02492833104823632,0,0,1,0,0
2020,2,7.3796321526095525,1,0,15,5,0.13333333333333333,0.0012464165524118161,3,0,1,0,0
2017,5,7.870547844507712,1,0,9,5,0.2222222222222222,0.000997133241929453,5,1,0,0,0
2016,5,8.005033344637111,1,0,48,5,0.020833333333333332,0.0026174747600648134,5,1,0,0,0
2021,11,6.894670039433482,1,0,45,5,0.2222222222222222,0.01171631559267107,5,1,0,0,0
2021,11,6.880384082186005,1,0,17,5,0.11764705882352941,0.01246416552411816,5,1,0,0,0
2017,9,7.820840879907344,2,1,45,5,0.2222222222222222,0.01171631559267107,2,1,0,0,0
2019,12,7.430707082545968,1,0,112,5,0.125,0.010345257385018073,2,1,0,0,0
2020,9,7.240649694255466,2,1,19,5,0.3684210526315789,0.01171631559267107,2,1,0,0,0
2023,5,6.068425588244111,2,1,3,2,0.6666666666666666,0.0003739249657235448,2,1,0,0,0
2017,3,7.89655270164304,1,0,1,0,0.0,0.005110307864888446,0,1,0,0,0
2017,12,7.783640596221253,1,0,2,5,0.0,0.0002492833104823632,0,1,0,0,0
2017,6,7.8567067930958405,1,0,1,0,0.0,0.0024928331048236323,0,1,0,0,0
2017,5,7.872836175025724,4,1,15,5,0.26666666666666666,0.01171631559267107,0,1,0,0,0
2021,3,7.099201743553092,2,1,1,0,1.0,0.0001246416552411816,0,1,0,0,0
2020,3,7.362010551259734,1,0,27,5,0.25925925925925924,0.02492833104823632,5,0,1,0,0
2019,6,7.528869256642251,1,0,12,3,0.16666666666666666,0.010594540695500436,2,0,1,0,0
2019,1,7.598399329323964,1,0,22,5,0.18181818181818182,0.004736382899164901,2,0,1,0,0
2017,5,7.870165946469845,1,0,4,0,0.0,0.004736382899164901,0,0,1,0,0
2018,2,7.76004068088038,1,0,5,2,0.0,0.029664713947401222,0,0,1,0,0
2023,9,5.659482215759621,1,0,6,2,0.0,0.0007478499314470896,0,0,1,0,0
2016,11,7.934871565945177,1,0,23,5,0.043478260869565216,0.02492833104823632,5,1,0,0,0
2019,1,7.598399329323964,1,0,22,5,0.18181818181818182,0.004736382899164901,5,1,0,0,0
2019,6,7.5310163320779155,1,0,1,5,0.0,0.02492833104823632,5,1,0,0,0
2020,4,7.3395376954076745,1,0,7,5,0.0,0.0023681914495824507,5,1,0,0,0
2020,10,7.214504414151143,2,1,38,5,0.34210526315789475,0.0016203415181353608,5,1,0,0,0
2021,5,7.034387929915503,1,0,40,5,0.225,0.019693381528106693,5,1,0,0,0
2019,2,7.591357046698551,1,0,6,2,0.16666666666666666,0.004736382899164901,2,1,0,0,0
2018,1,7.763021309018518,1,0,8,5,0.0,0.0003739249657235448,2,1,0,0,0
2020,10,7.203405521083095,1,0,17,5,0.23529411764705882,0.0026174747600648134,2,1,0,0,0
2021,5,7.034387929915503,2,1,5,2,0.4,0.013710582076529976,2,1,0,0,0
2021,6,7.02197642307216,1,0,4,2,0.0,0.0004985666209647265,2,1,0,0,0
2021,10,6.8885724595653635,1,0,25,5,0.32,0.013710582076529976,2,1,0,0,0
2023,4,6.073044534100405,2,1,4,2,0.75,0.0002492833104823632,2,1,0,0,0
2024,5,4.02535169073515,2,1,20,5,0.55,0.01246416552411816,2,1,0,0,0
2017,12,7.780720886117918,2,1,5,0,0.6,0.035398230088495575,0,1,0,0,0
2017,11,7.795234929002173,1,0,15,6,0.0,0.013835223731771158,0,1,0,0,0
2017,11,7.795234929002173,1,0,22,5,0.045454545454545456,0.035398230088495575,0,1,0,0,0
2017,6,7.853216388156072,2,1,42,5,0.19047619047619047,0.005608874485853172,0,1,0,0,0
2018,7,7.685703061234547,1,0,40,5,0.125,0.019693381528106693,0,1,0,0,0
2018,12,7.619233416226805,1,0,112,5,0.125,0.010345257385018073,0,1,0,0,0
2016,7,7.980365765111246,1,0,112,5,0.125,0.010345257385018073,0,1,0,0,0
2020,12,7.166265974133638,1,0,8,3,0.125,0.0007478499314470896,0,1,0,0,0
2021,7,6.996681488176539,1,0,2,0,0.0,0.0001246416552411816,0,1,0,0,0
2022,2,6.782192056006791,5,1,1,0,1.0,0.035398230088495575,0,1,0,0,0
2022,3,6.741700694652055,2,1,1,0,1.0,0.0001246416552411816,0,1,0,0,0
2022,3,6.727431724850855,1,0,4,2,0.0,0.0004985666209647265,0,1,0,0,0
2023,1,6.2766434893416445,1,0,8,5,0.0,0.006855291038264988,0,1,0,0,0
2023,9,5.71042701737487,1,0,8,4,0.125,0.0001246416552411816,0,1,0,0,0
2024,3,4.820281565605037,1,0,19,5,0.42105263157894735,0.0008724915866882712,0,1,0,0,0
2016,11,7.929846429742503,1,0,1,2,0.0,0.009472765798329803,2,1,0,0,0
2021,11,6.854354502255021,1,0,9,5,0.1111111111111111,0.009846690764053347,5,1,0,0,0
2015,5,8.112527763478637,1,0,38,5,0.34210526315789475,0.013710582076529976,0,1,0,0,0
2021,3,7.086737934510577,1,0,48,5,0.020833333333333332,0.0007478499314470896,4,0,1,0,0
2015,11,8.047509510981422,1,0,38,5,0.34210526315789475,0.013710582076529976,0,1,0,0,0
2019,11,7.430707082545968,1,0,9,5,0.1111111111111111,0.07291536831609123,0,1,0,0,0
2019,6,7.51425465281641,2,1,112,5,0.125,0.010345257385018073,0,1,0,0,0
2020,6,7.293697720601438,1,0,14,5,0.35714285714285715,0.013710582076529976,0,1,0,0,0
2020,3,7.344072850573066,1,0,4,2,0.0,0.003988532967717812,0,1,0,0,0
2020,11,7.187657164114956,1,0,8,5,0.125,0.029664713947401222,0,1,0,0,0
2021,2,7.10002716662926,1,0,3,0,0.3333333333333333,0.0003739249657235448,0,1,0,0,0
2021,9,6.922643891475888,1,0,13,5,0.0,0.0013710582076529975,0,1,0,0,0
2021,10,6.894670039433482,4,1,28,5,0.2857142857142857,0.000997133241929453,0,1,0,0,0
2021,12,6.828712071641684,1,0,112,5,0.125,0.010345257385018073,0,1,0,0,0
2022,5,6.660575149839686,1,0,1,0,0.0,0.009846690764053347,0,1,0,0,0
2022,11,6.38856140554563,2,1,18,5,0.2222222222222222,0.0021189081391000874,0,1,0,0,0
2022,9,6.483107351457199,2,1,9,5,0.5555555555555556,0.006855291038264988,0,1,0,0,0
2023,11,5.442417710521793,1,0,112,5,0.125,0.010345257385018073,0,1,0,0,0
2020,12,7.149916836132109,1,0,9,5,0.1111111111111111,0.005982799451576717,0,1,0,0,0
2016,2,8.016647877057803,1,0,13,4,0.0,0.01632805683659479,0,1,0,0,0
2014,6,8.201385955238608,1,0,1,2,0.0,0.0001246416552411816,2,1,0,0,0
2017,4,7.870165946469845,1,0,10,5,0.3,0.02492833104823632,3,0,1,0,0
2020,11,7.16703787691222,1,0,18,5,0.2222222222222222,0.0021189081391000874,3,0,1,0,0
2019,11,7.418180822726788,1,0,3,2,0.0,0.0003739249657235448,2,0,1,0,0
2022,4,6.674561391814426,1,0,5,2,0.4,0.013710582076529976,2,0,1,0,0
2023,12,5.1647859739235145,1,0,3,5,0.0,0.0003739249657235448,0,0,1,0,0
2016,10,7.932362154339751,1,0,9,5,0.2222222222222222,0.0007478499314470896,5,1,0,0,0
2023,6,5.857933154483459,2,1,87,5,0.25287356321839083,0.019693381528106693,5,1,0,0,0
2023,11,5.384495062789089,1,0,8,5,0.125,0.01632805683659479,5,1,0,0,0
2018,11,7.622663951323595,3,1,2,2,0.5,0.0004985666209647265,2,1,0,0,0
2019,11,7.418180822726788,1,0,40,5,0.125,0.019693381528106693,2,1,0,0,0
2019,10,7.44716835960004,1,0,4,2,0.25,0.0003739249657235448,2,1,0,0,0
2021,1,7.133295954896068,1,0,5,5,0.2,0.005608874485853172,2,1,0,0,0
2019,3,7.5652752818989315,1,0,5,2,0.0,0.0024928331048236323,0,1,0,0,0
2020,10,7.182352111885263,1,0,17,5,0.23529411764705882,0.0026174747600648134,0,1,0,0,0
2023,4,6.0063531596017325,1,0,1,0,0.0,0.0007478499314470896,0,1,0,0,0
2015,10,8.0507033814703,1,0,5,5,0.0,0.029664713947401222,2,1,0,0,0
2023,9,5.572154032177765,1,0,7,2,0.0,0.0003739249657235448,2,0,1,0,0
2020,4,7.321188556739478,1,0,2,0,0.0,0.0001246416552411816,0,0,1,0,0
2017,11,7.77779262633883,1,0,7,2,0.0,0.010594540695500436,0,0,1,0,0
2020,7,7.264730177929867,1,0,25,5,0.32,0.013710582076529976,5,1,0,0,0
2016,1,8.025516386489008,2,1,1,5,1.0,0.0001246416552411816,5,1,0,0,0
2020,2,7.365180126021013,1,0,1,5,0.0,0.02492833104823632,5,1,0,0,0
2022,10,6.364750756851911,1,0,8,5,0.125,0.02492833104823632,5,1,0,0,0
2024,1,4.897839799950911,1,0,4,5,0.0,0.0003739249657235448,5,1,0,0,0
2017,9,7.806696372521179,1,0,87,5,0.25287356321839083,0.019693381528106693,2,1,0,0,0
2018,4,7.70796153183549,1,0,19,5,0.3157894736842105,0.006855291038264988,2,1,0,0,0
2022,4,6.656726524178391,2,1,5,2,0.4,0.013710582076529976,2,1,0,0,0
2022,10,6.38856140554563,2,1,87,5,0.25287356321839083,0.0001246416552411816,2,1,0,0,0
2019,7,7.487173694213739,1,0,12,5,0.3333333333333333,0.013835223731771158,0,1,0,0,0
2017,9,7.801800401908973,2,1,2,0,0.5,0.0001246416552411816,0,1,0,0,0
2017,2,7.891330757661889,1,0,2,2,0.0,0.0001246416552411816,0,1,0,0,0
2019,3,7.5443321080536885,1,0,23,5,0.043478260869565216,0.005110307864888446,0,1,0,0,0
2020,10,7.1929342212158,1,0,9,3,0.0,0.0012464165524118161,0,1,0,0,0
2019,4,7.528869256642251,1,0,1,0,0.0,0.0001246416552411816,0,1,0,0,0
2021,8,6.930494765951626,2,1,5,0,0.6,0.005982799451576717,0,1,0,0,0
2022,9,6.424869023905388,1,0,1,0,0.0,0.02492833104823632,0,1,0,0,0
2023,5,5.926926025970411,1,0,87,5,0.25287356321839083,0.019693381528106693,0,1,0,0,0
2023,11,5.313205979041787,1,0,4,0,0.0,0.0004985666209647265,0,1,0,0,0
2020,8,7.21890970761906,1,0,42,5,0.19047619047619047,0.005608874485853172,5,0,1,0,0
2018,8,7.6586995582682995,1,0,9,5,0.2222222222222222,0.000997133241929453,3,0,1,0,0
2016,5,7.98139158158007,1,0,17,5,0.11764705882352941,0.013835223731771158,3,0,1,0,0
2017,5,7.848153086199526,1,0,15,5,0.26666666666666666,0.01171631559267107,3,1,0,0,0
2020,6,7.274479558773871,1,0,6,5,0.0,0.01171631559267107,2,0,1,0,0
2019,5,7.51425465281641,1,0,12,5,0.16666666666666666,0.01171631559267107,0,1,0,0,0
2017,3,7.870165946469845,1,0,48,5,0.020833333333333332,0.0026174747600648134,0,1,0,0,0
2020,10,7.182352111885263,1,0,9,3,0.0,0.0012464165524118161,0,1,0,0,0
2022,4,6.6293632534374485,1,0,1,0,0.0,0.035398230088495575,0,1,0,0,0
2012,12,8.338066525518801,1,0,1,2,0.0,0.009846690764053347,2,1,0,0,0
2023,10,5.313205979041787,1,0,22,5,0.045454545454545456,0.035398230088495575,2,0,1,0,0
2021,4,7.014814351275545,1,0,8,5,0.0,0.006855291038264988,0,0,1,0,0
2021,8,6.901737206656574,1,0,2,5,0.0,0.004736382899164901,0,0,1,0,0
2020,7,7.249215057114389,1,0,42,5,0.19047619047619047,0.005608874485853172,5,1,0,0,0
2019,4,7.529406457837013,2,1,15,5,0.13333333333333333,0.0003739249657235448,5,1,0,0,0
2019,6,7.499423290592229,1,0,37,6,0.2972972972972973,0.0007478499314470896,5,1,0,0,0
2020,9,7.198931240688173,1,0,63,6,0.09523809523809523,0.0026174747600648134,5,1,0,0,0
2023,1,6.212606095751519,1,0,1,5,0.0,0.0001246416552411816,5,1,0,0,0
2019,2,7.552237287560802,1,0,17,5,0.11764705882352941,0.013835223731771158,2,1,0,0,0
2017,9,7.8009820712577405,1,0,13,5,0.15384615384615385,0.0006232082762059081,2,1,0,0,0
2017,12,7.756623334538858,2,1,1,2,1.0,0.0002492833104823632,2,1,0,0,0
2018,6,7.679251425953058,1,0,63,6,0.09523809523809523,0.0013710582076529975,2,1,0,0,0
2019,10,7.419380582918692,1,0,3,0,0.3333333333333333,0.035398230088495575,0,1,0,0,0
2017,2,7.878155336503324,1,0,23,5,0.043478260869565216,0.035398230088495575,0,1,0,0,0
2016,11,7.912423121473705,2,1,9,5,0.1111111111111111,0.005982799451576717,5,1,0,0,0
2024,2,4.532599493153256,1,0,3,5,0.0,0.029664713947401222,5,1,0,0,0
2018,10,7.622663951323595,1,0,19,5,0.21052631578947367,0.0034899663467530847,5,1,0,0,0
2022,7,6.520621127558696,1,0,19,5,0.0,0.005110307864888446,2,1,0,0,0
2023,3,6.073044534100405,1,0,48,5,0.020833333333333332,0.0026174747600648134,5,1,0,0,0
2016,9,7.939871576361883,1,0,1,2,0.0,0.0036146080019942664,2,1,0,0,0
2016,11,7.909489492673759,1,0,17,5,0.23529411764705882,0.0011217748971706345,5,1,0,0,0
2015,6,8.089175678837561,1,0,37,6,0.2972972972972973,0.0013710582076529975,6,0,1,0,0
2018,1,7.736743682453495,1,0,1,0,0.0,0.005110307864888446,0,1,0,0,0
2018,6,7.669495251007694,1,0,3,2,0.6666666666666666,0.009098840832606257,0,0,1,0,0
2023,11,5.123963979403259,1,0,2,0,0.0,0.01246416552411816,0,0,1,0,0
2017,2,7.874358824729881,1,0,48,5,0.020833333333333332,0.0011217748971706345,5,1,0,0,0
2014,3,8.213381737034572,1,0,1,0,0.0,0.0001246416552411816,0,1,0,0,0
2018,10,7.60887062919126,1,0,40,5,0.125,0.019693381528106693,5,1,0,0,0
2000,5,9.077951183930438,1,0,1,2,0.0,0.035398230088495575,2,1,0,0,0
2023,3,6.040254711277414,1,0,12,5,0.16666666666666666,0.0001246416552411816,2,1,0,0,0
2019,8,7.443078374348516,1,0,22,5,0.045454545454545456,0.013835223731771158,2,0,1,0,0
2023,3,6.023447592961033,1,0,37,5,0.24324324324324326,0.0034899663467530847,5,1,0,0,0
2018,2,7.730174795246222,1,0,1,2,0.0,0.02492833104823632,2,1,0,0,0
2017,7,7.818027938530729,1,0,3,5,0.0,0.004736382899164901,0,0,1,0,0
2019,8,7.443078374348516,1,0,5,5,0.2,0.0004985666209647265,2,0,1,0,0
2018,6,7.6760099320288875,1,0,28,5,0.2857142857142857,0.0004985666209647265,0,1,0,0,0
2020,11,7.133295954896068,2,1,19,5,0.21052631578947367,0.0034899663467530847,0,1,0,0,0
2020,12,7.110696122978827,1,0,19,5,0.21052631578947367,0.0034899663467530847,0,1,0,0,0
2016,5,7.971776122880628,2,1,17,5,0.11764705882352941,0.013835223731771158,0,1,0,0,0
2017,5,7.837948916025283,1,0,3,0,0.3333333333333333,0.02492833104823632,0,1,0,0,0
2018,3,7.70796153183549,1,0,24,5,0.375,0.01246416552411816,0,1,0,0,0
2021,7,6.9363427358340495,1,0,17,5,0.23529411764705882,0.019693381528106693,0,1,0,0,0
2017,6,7.823645930834952,3,1,1,0,1.0,0.004736382899164901,0,1,0,0,0
2021,10,6.822197390620491,1,0,7,2,0.14285714285714285,0.01171631559267107,0,1,0,0,0
2021,11,6.790097235513905,1,0,9,5,0.2222222222222222,0.0011217748971706345,0,1,0,0,0
2023,1,6.16541785423142,1,0,5,0,0.6,0.0001246416552411816,0,1,0,0,0
2018,3,7.70796153183549,1,0,10,5,0.0,0.0017449831733765424,4,0,1,0,0
2018,3,7.704811922932594,1,0,27,5,0.25925925925925924,0.013835223731771158,2,1,0,0,0
2015,9,8.052933036797567,1,0,45,5,0.2222222222222222,0.01171631559267107,5,1,0,0,0
2023,5,5.820082930352362,1,0,8,5,0.125,0.005982799451576717,5,1,0,0,0
2018,11,7.584264818389059,1,0,5,0,0.0,0.0011217748971706345,0,0,1,0,0
2019,11,7.383989457978509,1,0,12,2,0.0,0.004736382899164901,0,0,1,0,0
2023,12,4.941642422609304,1,0,59,7,0.0,0.0007478499314470896,0,0,1,0,0
2018,5,7.675081857716334,1,0,1,0,0.0,0.0001246416552411816,0,0,1,0,0
2023,2,6.089044875446846,2,1,7,2,0.42857142857142855,0.005608874485853172,0,1,0,0,0
2023,3,5.953243334287785,2,1,6,5,0.16666666666666666,0.0001246416552411816,5,1,0,0,0
2021,1,7.081708586105575,1,0,2,2,0.0,0.0001246416552411816,2,1,0,0,0
2021,12,6.734591659972948,1,0,19,5,0.42105263157894735,0.002243549794341269,5,1,0,0,0
2022,6,6.499787040655854,2,1,28,5,0.2857142857142857,0.000997133241929453,5,1,0,0,0
2018,4,7.688913336864796,1,0,14,5,0.07142857142857142,0.013835223731771158,5,1,0,0,0
2022,11,6.236369590203704,1,0,2,2,0.0,0.0026174747600648134,2,1,0,0,0
2022,9,6.376726947898627,1,0,9,5,0.5555555555555556,0.006855291038264988,0,0,1,0,0
2020,8,7.187657164114956,1,0,42,5,0.19047619047619047,0.0021189081391000874,2,1,0,0,0
2017,1,7.875499292445208,1,0,14,5,0.21428571428571427,0.0006232082762059081,0,1,0,0,0
2021,10,6.813444599510896,1,0,6,2,0.0,0.0008724915866882712,0,1,0,0,0
2016,11,7.902117546276448,1,0,23,5,0.043478260869565216,0.02492833104823632,0,1,0,0,0
2016,12,7.893945138235959,1,0,17,5,0.11764705882352941,0.013710582076529976,0,1,0,0,0
2017,3,7.8567067930958405,1,0,1,0,0.0,0.013835223731771158,0,1,0,0,0
2020,11,7.116394144093465,1,0,3,0,0.3333333333333333,0.0023681914495824507,0,1,0,0,0
2021,3,7.027314514039777,2,1,5,5,0.8,0.0034899663467530847,0,1,0,0,0
2021,4,6.984716320118266,1,0,63,6,0.09523809523809523,0.0026174747600648134,0,1,0,0,0
2022,10,6.297109319933935,1,0,1,0,0.0,0.0004985666209647265,0,1,0,0,0
2023,4,5.932245187448011,1,0,2,0,0.0,0.029664713947401222,0,1,0,0,0
2019,2,7.5480289699350145,1,0,42,5,0.19047619047619047,0.005608874485853172,5,1,0,0,0
2019,3,7.5256399750415355,1,0,24,5,0.375,0.01246416552411816,2,1,0,0,0
2020,11,7.1276936993473985,2,1,40,5,0.225,0.0034899663467530847,2,1,0,0,0
2011,1,8.481980435660493,1,0,7,2,0.5714285714285714,0.0049856662096472645,0,1,0,0,0
2021,11,6.782192056006791,1,0,3,5,0.0,0.0012464165524118161,5,1,0,0,0
2022,9,6.366470447731438,1,0,12,5,0.08333333333333333,0.013710582076529976,3,0,1,0,0
2017,4,7.837948916025283,1,0,63,6,0.09523809523809523,0.0013710582076529975,6,0,1,0,0
2018,10,7.59488438721652,2,1,9,3,0.1111111111111111,0.0008724915866882712,2,1,0,0,0
2020,3,7.306531398939505,2,1,87,5,0.25287356321839083,0.019693381528106693,2,1,0,0,0
2019,6,7.463363045520021,2,1,11,5,0.45454545454545453,0.0021189081391000874,5,1,0,0,0
2023,1,6.073044534100405,1,0,17,5,0.11764705882352941,0.0011217748971706345,0,0,1,0,0
2019,11,7.372118028337787,1,0,27,5,0.25925925925925924,0.013835223731771158,0,1,0,0,0
2019,10,7.381501894506707,1,0,48,5,0.020833333333333332,0.0007478499314470896,2,1,0,0,0
2023,12,4.718498871295094,1,0,1,2,0.0,0.0028667580705471767,2,0,1,0,0
2017,11,7.745002803515839,1,0,33,5,0.42424242424242425,0.013710582076529976,5,1,0,0,0
2021,2,7.033506484287697,1,0,10,5,0.2,0.005982799451576717,0,0,1,0,0
2018,6,7.646353722445999,1,0,112,5,0.125,0.010345257385018073,0,1,0,0,0
2018,9,7.602900462204755,2,1,1,0,1.0,0.0007478499314470896,0,1,0,0,0
2019,6,7.455298485683291,1,0,1,0,0.0,0.02492833104823632,0,1,0,0,0
2017,9,7.768956044538332,1,0,11,2,0.09090909090909091,0.0043624579334413565,0,1,0,0,0
2019,8,7.422373700986824,1,0,5,5,0.2,0.0004985666209647265,2,1,0,0,0
2022,4,6.541029999189903,1,0,4,2,0.0,0.0036146080019942664,2,0,1,0,0
2019,10,7.388327859577107,1,0,8,2,0.375,0.006107441106817898,2,1,0,0,0
2022,3,6.590301048196686,2,1,1,2,1.0,0.0001246416552411816,2,1,0,0,0
2017,5,7.823645930834952,1,0,28,5,0.2857142857142857,0.0004985666209647265,4,0,1,0,0
2017,6,7.80954132465341,1,0,15,6,0.0,0.013835223731771158,5,1,0,0,0
2023,3,5.934894195619588,2,1,37,5,0.24324324324324326,0.0034899663467530847,2,1,0,0,0
1973,7,9.825634113331263,1,0,2,5,0.0,0.0002492833104823632,0,1,0,0,0
2020,10,7.133295954896068,2,1,9,5,0.1111111111111111,0.0001246416552411816,0,1,0,0,0
2023,12,4.584967478670572,1,0,112,5,0.125,0.010345257385018073,0,1,0,0,0
2019,6,7.459338895220296,1,0,22,5,0.045454545454545456,0.013835223731771158,0,1,0,0,0
2019,4,7.498869733976931,1,0,14,5,0.35714285714285715,0.013710582076529976,0,1,0,0,0
2022,12,6.152732694704104,2,1,25,5,0.32,0.013710582076529976,0,1,0,0,0
2020,3,7.284134806195205,2,1,17,5,0.5882352941176471,0.013710582076529976,0,1,0,0,0
2020,1,7.3310603052186325,1,0,3,0,0.0,0.0001246416552411816,0,1,0,0,0
2019,12,7.348587530927593,1,0,17,5,0.11764705882352941,0.009098840832606257,0,1,0,0,0
2021,1,7.039660349862076,1,0,19,5,0.05263157894736842,0.0017449831733765424,0,1,0,0,0
2021,3,6.9957661563048505,2,1,40,5,0.125,0.019693381528106693,0,1,0,0,0
2023,2,5.971261839790462,2,1,15,2,0.13333333333333333,0.0012464165524118161,0,1,0,0,0
2023,2,5.988961416889864,1,0,14,5,0.0,0.0017449831733765424,0,1,0,0,0
2017,2,7.853993087224244,3,1,11,5,0.8181818181818182,0.029664713947401222,5,1,0,0,0
2018,8,7.612336837167746,2,1,6,5,0.16666666666666666,0.029664713947401222,5,1,0,0,0
2016,4,7.971776122880628,1,0,7,0,0.14285714285714285,0.013835223731771158,0,1,0,0,0
2022,5,6.489204931325317,1,0,1,0,0.0,0.013710582076529976,0,1,0,0,0
2022,7,6.38856140554563,4,1,3,5,1.0,0.013835223731771158,0,1,0,0,0
2020,4,7.2640301428995295,1,0,1,5,0.0,0.0003739249657235448,5,1,0,0,0
2022,9,6.2766434893416445,1,0,32,5,0.125,0.0014956998628941791,5,1,0,0,0
2023,5,5.68697535633982,3,1,3,5,1.0,0.0004985666209647265,5,1,0,0,0
2016,11,7.891330757661889,1,0,3,2,0.0,0.0001246416552411816,2,1,0,0,0
2021,7,6.8658910748834385,1,0,15,5,0.13333333333333333,0.0006232082762059081,2,1,0,0,0
2017,6,7.803843303538772,2,1,3,2,1.0,0.006855291038264988,2,1,0,0,0
2019,9,7.388327859577107,1,0,4,0,0.0,0.003739249657235448,0,0,1,0,0
2022,9,6.2766434893416445,1,0,4,4,0.0,0.002243549794341269,0,0,1,0,0
2020,9,7.138866999945524,1,0,5,5,0.4,0.001869624828617724,5,1,0,0,0
2022,10,6.19644412779452,2,1,4,0,0.5,0.0006232082762059081,0,1,0,0,0
2016,4,7.965198290612176,1,0,45,5,0.2222222222222222,0.013710582076529976,0,1,0,0,0
2019,6,7.443078374348516,3,1,1,0,1.0,0.019693381528106693,0,1,0,0,0
2020,7,7.1770187659099,2,1,20,5,0.4,0.019693381528106693,0,1,0,0,0
2021,1,7.045776576879511,1,0,1,0,0.0,0.0001246416552411816,0,1,0,0,0
2011,10,8.417593826193484,1,0,2,2,0.5,0.0021189081391000874,2,1,0,0,0
2023,8,5.2832037287379885,1,0,40,5,0.225,0.019693381528106693,0,1,0,0,0
2022,11,6.182084906716632,1,0,18,5,0.2222222222222222,0.0021189081391000874,2,0,1,0,0
2023,3,5.8971538676367405,1,0,48,5,0.020833333333333332,0.0026174747600648134,2,1,0,0,0
2021,2,7.0192966537150445,1,0,1,2,0.0,0.0034899663467530847,2,1,0,0,0
2022,8,6.315358001522335,1,0,2,2,0.0,0.01632805683659479,2,0,1,0,0
2023,3,5.817111159963204,1,0,22,6,0.13636363636363635,0.0034899663467530847,2,1,0,0,0
2023,10,4.770684624465665,1,0,19,5,0.05263157894736842,0.0017449831733765424,0,0,1,0,0
2021,11,6.733401891837359,2,1,45,5,0.2222222222222222,0.01171631559267107,2,1,0,0,0
2018,6,7.637234388789473,1,0,5,5,0.2,0.005608874485853172,0,1,0,0,0
2018,8,7.606387389772652,1,0,19,5,0.05263157894736842,0.0007478499314470896,0,1,0,0,0
2021,6,6.880384082186005,1,0,112,5,0.125,0.010345257385018073,0,1,0,0,0
2018,8,7.601901959875166,1,0,1,0,0.0,0.029664713947401222,0,1,0,0,0
2017,5,7.80954132465341,1,0,14,5,0.0,0.0017449831733765424,0,1,0,0,0
2022,3,6.551080335043404,1,0,19,5,0.05263157894736842,0.0017449831733765424,0,1,0,0,0
2021,11,6.716594773520978,1,0,7,2,0.14285714285714285,0.01171631559267107,0,1,0,0,0
2015,2,8.09346227450118,1,0,54,5,0.14814814814814814,0.004861024554406083,0,1,0,0,0
2018,9,7.585281078639126,2,1,18,5,0.16666666666666666,0.013710582076529976,5,1,0,0,0
2022,1,6.60934924316738,1,0,6,2,0.3333333333333333,0.010220615729776892,2,0,1,0,0
2017,11,7.735870319952567,1,0,17,5,0.7647058823529411,0.002243549794341269,2,0,1,0,0
2017,4,7.818027938530729,1,0,69,5,0.0,0.0014956998628941791,2,0,1,0,0
2020,12,7.051855622955894,1,0,22,5,0.045454545454545456,0.013835223731771158,0,0,1,0,0
2023,9,4.941642422609304,2,1,37,5,0.24324324324324326,0.0023681914495824507,0,1,0,0,0
2016,10,7.888709524182015,1,0,13,5,0.15384615384615385,0.0011217748971706345,0,1,0,0,0
2023,6,5.442417710521793,2,1,8,5,0.125,0.0001246416552411816,0,1,0,0,0
2019,7,7.422373700986824,2,1,2,0,0.5,0.013710582076529976,0,1,0,0,0
2018,6,7.6362696033793735,2,1,4,5,0.25,0.01246416552411816,2,1,0,0,0
2019,11,7.334981878871814,1,0,40,5,0.125,0.019693381528106693,0,1,0,0,0
2022,9,6.236369590203704,2,1,1,0,1.0,0.01632805683659479,0,1,0,0,0
2023,9,4.990432586778736,2,1,3,5,0.3333333333333333,0.0007478499314470896,5,1,0,0,0
2023,6,5.4116460518550396,1,0,87,5,0.25287356321839083,0.019693381528106693,0,1,0,0,0
2023,4,5.707110264748875,1,0,42,5,0.19047619047619047,0.005608874485853172,5,1,0,0,0
2021,2,7.002155954403621,2,1,9,5,0.1111111111111111,0.07291536831609123,2,1,0,0,0
2020,4,7.234898420314831,1,0,6,2,0.16666666666666666,0.0001246416552411816,2,1,0,0,0
2019,8,7.392647520721623,2,1,13,6,0.5384615384615384,0.009098840832606257,6,0,1,0,0
2016,11,7.875499292445208,1,0,2,2,0.0,0.0001246416552411816,0,0,1,0,0
2016,9,7.901377353792616,1,0,9,5,0.2222222222222222,0.000997133241929453,2,0,1,0,0
2023,2,5.857933154483459,1,0,4,2,0.0,0.0023681914495824507,0,0,1,0,0
2022,1,6.60934924316738,2,1,4,2,0.75,0.0002492833104823632,0,1,0,0,0
2017,2,7.845807502637805,1,0,1,0,0.0,0.0001246416552411816,0,1,0,0,0
2019,12,7.325807502595773,1,0,6,5,0.5,0.002243549794341269,0,1,0,0,0
2017,4,7.815207062189088,1,0,1,0,0.0,0.0001246416552411816,0,1,0,0,0
2022,6,6.38856140554563,2,1,23,5,0.391304347826087,0.0001246416552411816,0,1,0,0,0
2019,9,7.3758821482150125,1,0,45,5,0.2222222222222222,0.01171631559267107,0,1,0,0,0
2019,9,7.3758821482150125,2,1,45,5,0.2222222222222222,0.01171631559267107,0,1,0,0,0
2017,6,7.780720886117918,1,0,23,5,0.043478260869565216,0.0002492833104823632,0,1,0,0,0
2019,8,7.383989457978509,1,0,5,5,0.2,0.0004985666209647265,0,1,0,0,0
2020,9,7.1049654482698426,1,0,8,5,0.25,0.0001246416552411816,0,1,0,0,0
2021,3,6.93537044601511,1,0,48,5,0.020833333333333332,0.0026174747600648134,0,1,0,0,0
2021,7,6.821107472256465,1,0,15,5,0.13333333333333333,0.0006232082762059081,0,1,0,0,0
2022,4,6.483107351457199,1,0,27,5,0.25925925925925924,0.013835223731771158,0,1,0,0,0
2022,4,6.4457198193855785,2,1,1,0,1.0,0.0034899663467530847,0,1,0,0,0
2021,4,6.927557906278317,1,0,1,2,0.0,0.01246416552411816,2,1,0,0,0
2023,4,5.60947179518496,1,0,42,5,0.19047619047619047,0.005608874485853172,5,1,0,0,0
2023,9,4.836281906951478,1,0,14,5,0.21428571428571427,0.0006232082762059081,5,1,0,0,0
2017,5,7.794823152179389,1,0,8,2,0.25,0.013710582076529976,2,1,0,0,0
2022,12,5.973809611869261,1,0,2,5,0.0,0.0011217748971706345,5,1,0,0,0
2023,4,5.60947179518496,1,0,1,5,0.0,0.004736382899164901,5,1,0,0,0
2023,2,5.817111159963204,1,0,1,5,0.0,0.0001246416552411816,5,1,0,0,0
2019,4,7.459338895220296,1,0,1,0,0.0,0.0002492833104823632,0,0,1,0,0
2020,8,7.1180162044653335,1,0,4,2,0.0,0.0003739249657235448,0,1,0,0,0
2017,4,7.80954132465341,1,0,2,0,0.0,0.0002492833104823632,0,1,0,0,0
2020,9,7.1049654482698426,1,0,7,2,0.0,0.0002492833104823632,0,1,0,0,0
2020,7,7.155396301896734,2,1,8,2,0.375,0.0003739249657235448,0,1,0,0,0
2019,10,7.353081920515432,1,0,4,2,0.25,0.0003739249657235448,0,1,0,0,0
2020,9,7.099201743553092,2,1,8,5,0.125,0.013835223731771158,0,1,0,0,0
2021,12,6.639875833826536,1,0,21,5,0.047619047619047616,0.003988532967717812,0,1,0,0,0
2022,8,6.2166061010848646,1,0,9,5,0.1111111111111111,0.0008724915866882712,0,1,0,0,0
2018,12,7.529406457837013,1,0,32,5,0.125,0.0003739249657235448,5,1,0,0,0
2021,8,6.790097235513905,1,0,27,5,0.25925925925925924,0.013835223731771158,5,1,0,0,0
2020,9,7.10002716662926,1,0,63,6,0.09523809523809523,0.0026174747600648134,2,1,0,0,0
2020,9,7.10002716662926,1,0,63,6,0.09523809523809523,0.0026174747600648134,2,1,0,0,0
2022,9,6.208590026096629,1,0,12,5,0.08333333333333333,0.013710582076529976,5,1,0,0,0
2021,10,6.690842277418564,2,1,17,5,0.23529411764705882,0.0026174747600648134,0,1,0,0,0
2022,5,6.368187186350492,1,0,21,6,0.047619047619047616,0.019693381528106693,0,1,0,0,0
2022,10,6.073044534100405,1,0,1,0,0.0,0.010220615729776892,0,1,0,0,0
2022,6,6.352629396319567,1,0,37,5,0.24324324324324326,0.0001246416552411816,5,1,0,0,0
2023,7,5.0369526024136295,2,1,11,5,0.8181818181818182,0.029664713947401222,0,1,0,0,0
2021,4,6.903747257584598,4,1,2,0,0.5,0.004736382899164901,0,1,0,0,0
2012,11,8.31164394850298,1,0,4,0,0.0,0.0001246416552411816,0,1,0,0,0
2017,10,7.722234744709607,1,0,112,5,0.125,0.010345257385018073,2,1,0,0,0
2019,5,7.423568444259167,1,0,2,2,0.0,0.0001246416552411816,2,1,0,0,0
2022,9,6.150602768446279,1,0,32,5,0.125,0.0014956998628941791,2,1,0,0,0
2022,11,6.0063531596017325,1,0,15,5,0.0,0.029664713947401222,2,0,1,0,0
2021,9,6.70073110954781,1,0,19,5,0.3157894736842105,0.013710582076529976,0,1,0,0,0
2022,3,6.490723534502507,1,0,5,8,0.0,0.02492833104823632,0,1,0,0,0
2021,11,6.646390514847729,1,0,42,5,0.19047619047619047,0.0012464165524118161,0,1,0,0,0
2020,10,7.069874128458572,1,0,8,5,0.0,0.006855291038264988,0,1,0,0,0
2023,2,5.703782474656201,1,0,2,5,0.0,0.02492833104823632,5,1,0,0,0
2021,6,6.828712071641684,1,0,5,2,0.4,0.013710582076529976,0,0,1,0,0
2021,2,6.949856455000773,1,0,5,2,0.0,0.0034899663467530847,2,1,0,0,0
2021,7,6.805722553416985,2,1,6,5,0.5,0.013835223731771158,2,1,0,0,0
2013,4,8.266164436612492,1,0,5,3,0.0,0.0004985666209647265,2,1,0,0,0
2018,12,7.510430556378006,1,0,7,2,0.0,0.009098840832606257,2,1,0,0,0
2016,5,7.932362154339751,1,0,23,5,0.391304347826087,0.013835223731771158,2,1,0,0,0
2016,1,7.9672801789422,1,0,8,5,0.125,0.035398230088495575,4,0,1,0,0
2021,9,6.733401891837359,1,0,19,5,0.0,0.005110307864888446,4,0,1,0,0
2023,10,4.143134726391533,1,0,13,3,0.0,0.0036146080019942664,2,0,1,0,0
2017,11,7.7142311448490855,1,0,2,0,0.0,0.02492833104823632,0,0,1,0,0
2023,8,4.77912349311153,1,0,3,3,0.0,0.004736382899164901,0,0,1,0,0
2022,11,6.023447592961033,1,0,69,5,0.0,0.0001246416552411816,0,0,1,0,0
2019,12,7.29776828253138,1,0,2,2,0.0,0.005982799451576717,0,0,1,0,0
2023,11,3.5553480614894135,1,0,59,7,0.0,0.008724915866882713,0,0,1,0,0
2023,3,5.556828061699537,3,1,17,5,0.7647058823529411,0.000997133241929453,0,1,0,0,0
2021,5,6.851184927493743,1,0,4,5,0.0,0.02492833104823632,5,1,0,0,0
2013,11,8.208219383496834,1,0,54,5,0.14814814814814814,0.004861024554406083,4,0,1,0,0
2018,6,7.60887062919126,1,0,6,5,0.5,0.0007478499314470896,2,0,1,0,0
2017,9,7.729735331385051,2,1,8,5,0.125,0.029664713947401222,2,1,0,0,0
2019,9,7.344072850573066,3,1,2,5,0.5,0.0003739249657235448,2,1,0,0,0
2018,9,7.559038255443384,1,0,4,2,0.75,0.0007478499314470896,0,0,1,0,0
2020,6,7.13966033596492,1,0,10,5,0.1,0.006107441106817898,2,1,0,0,0
2018,12,7.510430556378006,1,0,112,5,0.125,0.010345257385018073,0,1,0,0,0
2022,9,6.124683390894205,1,0,10,5,0.0,0.003988532967717812,0,1,0,0,0
2023,6,5.081404364984463,1,0,87,5,0.25287356321839083,0.019693381528106693,0,1,0,0,0
2018,3,7.643003635560718,1,0,12,5,0.3333333333333333,0.013835223731771158,0,1,0,0,0
2021,5,6.836259277277067,1,0,4,5,0.0,0.02492833104823632,0,1,0,0,0
2016,2,7.957877358489813,1,0,1,0,0.0,0.010594540695500436,0,1,0,0,0
2018,1,7.669495251007694,2,1,15,5,0.26666666666666666,0.01171631559267107,0,1,0,0,0
2017,5,7.780720886117918,1,0,1,0,0.0,0.0006232082762059081,0,1,0,0,0
2020,5,7.182352111885263,1,0,1,0,0.0,0.0001246416552411816,0,1,0,0,0
2016,10,7.86480400332846,1,0,1,0,0.0,0.0023681914495824507,0,1,0,0,0
2023,3,5.537334267018537,1,0,26,5,0.23076923076923078,0.013710582076529976,2,0,1,0,0
2022,3,6.447305862541213,1,0,3,2,0.0,0.0012464165524118161,2,0,1,0,0
2022,5,6.327936783729195,3,1,19,5,0.42105263157894735,0.002243549794341269,5,1,0,0,0
2012,8,8.326758814511733,1,0,5,5,0.0,0.0001246416552411816,5,1,0,0,0
2013,2,8.281977058867758,1,0,7,2,0.5714285714285714,0.0049856662096472645,0,1,0,0,0
2018,9,7.543802867501509,1,0,9,5,0.0,0.003988532967717812,5,1,0,0,0
2021,10,6.637258031284457,2,1,1,2,1.0,0.01632805683659479,2,1,0,0,0
2016,9,7.876258882303226,1,0,50,7,0.0,0.004487099588682538,5,1,0,0,0
2023,2,5.638354669333745,1,0,7,2,0.14285714285714285,0.01171631559267107,0,0,1,0,0
2023,7,4.890349128221754,1,0,32,3,0.0,0.005982799451576717,0,0,1,0,0
2018,5,7.617759576608505,1,0,14,5,0.21428571428571427,0.0006232082762059081,0,1,0,0,0
2023,3,5.556828061699537,2,1,6,2,0.6666666666666666,0.0001246416552411816,0,1,0,0,0
2018,11,7.507141079727608,1,0,12,5,0.16666666666666666,0.01171631559267107,0,1,0,0,0
2017,7,7.7437032581737535,1,0,1,0,0.0,0.0002492833104823632,0,1,0,0,0
2020,2,7.21890970761906,1,0,15,5,0.13333333333333333,0.0006232082762059081,0,1,0,0,0
2021,12,6.573680166960646,2,1,38,5,0.34210526315789475,0.0016203415181353608,0,1,0,0,0
2020,3,7.213031659834869,1,0,87,5,0.25287356321839083,0.019693381528106693,2,1,0,0,0
2019,3,7.451241684987676,2,1,11,5,0.18181818181818182,0.003365324691511903,2,1,0,0,0
2017,10,7.711101251840158,1,0,15,6,0.0,0.013835223731771158,5,1,0,0,0
2022,9,6.073044534100405,1,0,32,5,0.125,0.0014956998628941791,4,0,1,0,0
2018,9,7.5443321080536885,2,1,17,5,0.23529411764705882,0.019693381528106693,2,1,0,0,0
2017,11,7.68937110752969,1,0,54,5,0.14814814814814814,0.004861024554406083,2,1,0,0,0
2016,11,7.848543482456679,1,0,9,5,0.1111111111111111,0.009846690764053347,4,0,1,0,0
2017,12,7.679251425953058,1,0,23,5,0.043478260869565216,0.0002492833104823632,2,1,0,0,0
2022,7,6.180016653652572,1,0,10,5,0.0,0.0007478499314470896,2,0,1,0,0
2020,2,7.227662498728654,1,0,1,2,0.0,0.0038638913124766296,2,1,0,0,0
2017,10,7.707062655370473,1,0,1,0,0.0,0.0001246416552411816,0,1,0,0,0
2022,4,6.376726947898627,1,0,1,2,0.0,0.0006232082762059081,2,1,0,0,0
2023,6,5.049856007249537,3,1,1,0,1.0,0.0001246416552411816,0,1,0,0,0
2021,5,6.828712071641684,1,0,5,2,0.0,0.0034899663467530847,0,1,0,0,0
2022,4,6.340359303727752,1,0,27,5,0.25925925925925924,0.013835223731771158,0,1,0,0,0
2022,2,6.467698726104354,1,0,1,0,0.0,0.0003739249657235448,0,1,0,0,0
2022,10,5.991464547107982,1,0,54,5,0.14814814814814814,0.004861024554406083,0,1,0,0,0
2023,6,4.990432586778736,3,1,1,0,1.0,0.005982799451576717,0,1,0,0,0
2021,5,6.805722553416985,1,0,25,5,0.0,0.008724915866882713,2,0,1,0,0
2023,4,5.37989735354046,1,0,42,5,0.19047619047619047,0.0012464165524118161,2,0,1,0,0
2022,2,6.478509642208569,1,0,20,5,0.15,0.0006232082762059081,3,0,1,0,0
2021,1,6.937314081223682,1,0,1,5,0.0,0.0036146080019942664,5,1,0,0,0
2021,7,6.734591659972948,2,1,13,5,0.3076923076923077,0.0012464165524118161,5,1,0,0,0
2017,7,7.7458682297922685,1,0,42,5,0.19047619047619047,0.005608874485853172,0,1,0,0,0
2019,2,7.459338895220296,1,0,38,5,0.34210526315789475,0.0016203415181353608,2,0,1,0,0
2022,10,5.988961416889864,1,0,6,5,0.0,0.0001246416552411816,5,1,0,0,0
2018,6,7.591357046698551,2,1,28,5,0.2857142857142857,0.0004985666209647265,0,1,0,0,0
2020,1,7.229113877793302,1,0,15,5,0.13333333333333333,0.0012464165524118161,0,1,0,0,0
2018,12,7.4821189235521155,2,1,2,2,0.5,0.0002492833104823632,0,1,0,0,0
2018,1,7.653020413804189,1,0,2,0,0.5,0.013710582076529976,0,1,0,0,0
2014,1,8.18646442942209,1,0,22,5,0.18181818181818182,0.0036146080019942664,2,1,0,0,0
2018,9,7.526178913346146,1,0,8,5,0.0,0.0003739249657235448,2,1,0,0,0
2022,5,6.26530121273771,1,0,112,5,0.125,0.010345257385018073,5,1,0,0,0
2018,6,7.580699752224563,1,0,63,6,0.09523809523809523,0.009098840832606257,5,0,1,0,0
2016,7,7.888709524182015,1,0,63,6,0.09523809523809523,0.013710582076529976,4,0,1,0,0
2023,7,4.727387818712341,2,1,17,5,0.5882352941176471,0.0006232082762059081,5,1,0,0,0
2022,10,5.8971538676367405,1,0,4,0,0.5,0.0006232082762059081,0,0,1,0,0
2018,3,7.629489916393995,1,0,1,0,0.0,0.0026174747600648134,0,1,0,0,0
2018,3,7.632885505395133,1,0,15,5,0.13333333333333333,0.004736382899164901,5,1,0,0,0
2019,6,7.3752557780097545,1,0,112,5,0.125,0.010345257385018073,0,1,0,0,0
2020,12,6.949856455000773,1,0,112,5,0.125,0.010345257385018073,0,1,0,0,0
2016,3,7.926241523170962,1,0,7,0,0.14285714285714285,0.013835223731771158,0,1,0,0,0
2022,11,5.877735781779639,1,0,8,5,0.0,0.0012464165524118161,0,1,0,0,0
2021,6,6.759255270663693,1,0,11,5,0.18181818181818182,0.02492833104823632,0,1,0,0,0
2021,6,6.74993119378857,2,1,5,5,0.4,0.0007478499314470896,0,1,0,0,0
2021,8,6.673297967767654,2,1,5,5,0.8,0.0002492833104823632,0,1,0,0,0
2022,7,6.150602768446279,1,0,4,2,0.25,0.005982799451576717,2,1,0,0,0
2020,2,7.213768308118642,1,0,8,5,0.125,0.013835223731771158,2,1,0,0,0
2020,2,7.198183577101943,2,1,15,5,0.13333333333333333,0.0006232082762059081,2,1,0,0,0
2018,10,7.510430556378006,1,0,40,5,0.225,0.019693381528106693,2,1,0,0,0
2019,4,7.419380582918692,1,0,50,7,0.0,0.0013710582076529975,5,1,0,0,0
2017,11,7.682943169878292,2,1,38,5,0.34210526315789475,0.013710582076529976,5,1,0,0,0
2021,4,6.836259277277067,1,0,2,0,0.0,0.0002492833104823632,0,0,1,0,0
2018,12,7.48324441607385,1,0,15,5,0.13333333333333333,0.0012464165524118161,0,0,1,0,0
2021,9,6.655440350367647,1,0,21,6,0.047619047619047616,0.0034899663467530847,4,0,1,0,0
2023,4,5.241747015059643,1,0,8,2,0.0,0.004736382899164901,0,0,1,0,0
2022,5,6.238324625039508,1,0,33,5,0.42424242424242425,0.013710582076529976,2,0,1,0,0
2022,1,6.434546518787453,2,1,5,5,0.8,0.029664713947401222,2,1,0,0,0
2021,3,6.836259277277067,1,0,8,5,0.125,0.013835223731771158,2,0,1,0,0
2015,11,7.962067308753666,1,0,13,5,0.3076923076923077,0.01171631559267107,0,1,0,0,0
2022,11,5.817111159963204,1,0,4,2,0.25,0.0008724915866882712,0,0,1,0,0
2004,3,8.874028122556336,1,0,7,5,0.0,0.009472765798329803,2,1,0,0,0
2021,7,6.690842277418564,1,0,2,2,0.0,0.029664713947401222,0,0,1,0,0
2022,7,6.12029741895095,1,0,8,5,0.0,0.005982799451576717,0,0,1,0,0
2017,4,7.771910256435763,1,0,17,5,0.058823529411764705,0.0024928331048236323,2,1,0,0,0
2020,11,6.96979066990159,1,0,4,2,0.0,0.0003739249657235448,0,1,0,0,0
2020,12,6.943122422819428,2,1,2,0,0.5,0.0012464165524118161,0,1,0,0,0
2021,6,6.726233402358747,1,0,3,2,0.3333333333333333,0.0002492833104823632,0,1,0,0,0
2022,2,6.38856140554563,1,0,2,0,0.5,0.0008724915866882712,0,1,0,0,0
2021,10,6.559615237493242,1,0,3,2,0.0,0.0003739249657235448,0,1,0,0,0
2016,6,7.886081401775745,1,0,112,5,0.125,0.010345257385018073,5,0,1,0,0
2016,6,7.88344635413774,2,1,8,5,0.375,0.013835223731771158,5,1,0,0,0
2018,8,7.529406457837013,1,0,7,5,0.0,0.029664713947401222,3,0,1,0,0
2020,11,6.943122422819428,1,0,5,2,0.0,0.006855291038264988,0,0,1,0,0
2022,10,5.857933154483459,1,0,1,0,0.0,0.0001246416552411816,0,1,0,0,0
2015,11,7.959625305098115,1,0,13,5,0.3076923076923077,0.01171631559267107,3,0,1,0,0
2019,5,7.3752557780097545,1,0,5,2,0.0,0.0024928331048236323,0,1,0,0,0
2020,8,7.027314514039777,2,1,42,5,0.19047619047619047,0.005608874485853172,5,1,0,0,0
2020,5,7.1276936993473985,2,1,23,5,0.391304347826087,0.013835223731771158,0,1,0,0,0
2019,8,7.311886164077165,1,0,14,5,0.14285714285714285,0.003988532967717812,0,1,0,0,0
2021,3,6.828712071641684,1,0,40,5,0.125,0.0034899663467530847,0,1,0,0,0
2016,7,7.878155336503324,1,0,1,0,0.0,0.013710582076529976,0,1,0,0,0
2021,2,6.851184927493743,3,1,22,5,0.5,0.0028667580705471767,0,1,0,0,0
2021,10,6.551080335043404,1,0,1,0,0.0,0.013835223731771158,0,1,0,0,0
2022,12,5.683579767338681,2,1,6,2,0.3333333333333333,0.010220615729776892,0,1,0,0,0
2023,6,4.736198448394496,1,0,87,5,0.25287356321839083,0.019693381528106693,0,1,0,0,0
2020,11,6.943122422819428,1,0,19,5,0.21052631578947367,0.0034899663467530847,3,0,1,0,0
2017,7,7.72356247227797,2,1,38,5,0.34210526315789475,0.009098840832606257,5,1,0,0,0
2021,11,6.502790045915623,1,0,33,6,0.2727272727272727,0.0003739249657235448,5,1,0,0,0
1998,11,9.113719333371757,1,0,3,0,0.0,0.0012464165524118161,0,1,0,0,0
2012,3,8.343791731996841,1,0,1,0,0.0,0.0001246416552411816,0,0,1,0,0
2015,8,7.988542982737695,1,0,1,0,0.0,0.004736382899164901,0,0,1,0,0
2021,11,6.504288173536645,2,1,7,2,0.14285714285714285,0.01171631559267107,0,1,0,0,0
2019,10,7.251344983372214,1,0,1,0,0.0,0.029664713947401222,0,1,0,0,0
2016,11,7.815207062189088,2,1,27,5,0.25925925925925924,0.013835223731771158,0,1,0,0,0
2019,6,7.3395376954076745,1,0,37,6,0.2972972972972973,0.0036146080019942664,0,1,0,0,0
2017,10,7.6760099320288875,3,1,5,5,0.8,0.029664713947401222,2,1,0,0,0
2022,3,6.289715570908998,1,0,19,5,0.05263157894736842,0.0017449831733765424,5,1,0,0,0
2022,10,5.7745515455444085,1,0,1,5,0.0,0.0004985666209647265,5,1,0,0,0
2018,2,7.621195162809845,1,0,1,5,0.0,0.029664713947401222,5,1,0,0,0
2021,10,6.541029999189903,1,0,42,5,0.19047619047619047,0.005608874485853172,2,1,0,0,0
2022,6,6.095824562432225,1,0,10,5,0.0,0.0007478499314470896,2,1,0,0,0
2017,7,7.719573989259581,1,0,2,2,0.5,0.0001246416552411816,2,1,0,0,0
2022,6,6.135564891081739,1,0,37,5,0.24324324324324326,0.0034899663467530847,2,0,1,0,0
2020,10,6.96979066990159,1,0,9,3,0.0,0.0012464165524118161,0,1,0,0,0
2020,4,7.1316985104669115,1,0,2,0,0.0,0.0002492833104823632,0,1,0,0,0
2021,7,6.650279048587422,1,0,9,5,0.0,0.003988532967717812,0,1,0,0,0
2019,2,7.421177528595393,1,0,4,0,0.0,0.0003739249657235448,0,1,0,0,0
2018,12,7.455298485683291,1,0,4,0,0.0,0.0003739249657235448,0,1,0,0,0
2021,4,6.760414691083428,1,0,63,6,0.09523809523809523,0.0026174747600648134,0,1,0,0,0
2021,7,6.665683717782408,1,0,54,5,0.14814814814814814,0.004861024554406083,0,1,0,0,0
2022,5,6.150602768446279,2,1,17,5,0.5882352941176471,0.013710582076529976,0,1,0,0,0
2020,9,6.983789965258135,1,0,63,6,0.09523809523809523,0.0026174747600648134,5,0,1,0,0
2022,7,6.0112671744041615,1,0,48,5,0.020833333333333332,0.0026174747600648134,2,1,0,0,0
2016,11,7.820840879907344,1,0,7,2,0.42857142857142855,0.005608874485853172,2,1,0,0,0
2022,12,5.60947179518496,3,1,6,5,0.6666666666666666,0.013835223731771158,5,1,0,0,0
2017,10,7.662937850461535,1,0,10,5,0.0,0.0008724915866882712,0,1,0,0,0
2018,3,7.587817219993427,1,0,87,5,0.25287356321839083,0.019693381528106693,0,1,0,0,0
2019,5,7.357556200910353,1,0,12,5,0.16666666666666666,0.01171631559267107,2,0,1,0,0
2019,6,7.330405211844402,1,0,37,6,0.2972972972972973,0.02492833104823632,5,1,0,0,0
2021,11,6.467698726104354,1,0,33,6,0.2727272727272727,0.00311604138102954,2,1,0,0,0
2020,12,6.895682697747868,1,0,48,5,0.020833333333333332,0.0026174747600648134,2,1,0,0,0
2019,11,7.234177179749849,1,0,45,5,0.2222222222222222,0.005982799451576717,2,1,0,0,0
2021,1,6.836259277277067,1,0,11,5,0.18181818181818182,0.02492833104823632,2,1,0,0,0
2022,6,6.073044534100405,1,0,6,2,0.16666666666666666,0.02492833104823632,2,0,1,0,0
2015,9,7.96693349840484,1,0,7,2,0.0,0.0002492833104823632,2,0,1,0,0
2017,4,7.741533589281828,1,0,7,5,0.0,0.004487099588682538,2,1,0,0,0
2016,11,7.806696372521179,1,0,27,5,0.25925925925925924,0.013835223731771158,5,1,0,0,0
2020,11,6.901737206656574,2,1,3,0,0.3333333333333333,0.0023681914495824507,0,1,0,0,0
2018,5,7.559038255443384,1,0,1,2,0.0,0.0001246416552411816,2,1,0,0,0
2023,5,4.59511985013459,1,0,87,5,0.25287356321839083,0.019693381528106693,0,1,0,0,0
2022,3,6.248042874508429,1,0,1,5,0.0,0.029664713947401222,5,1,0,0,0
2004,1,8.877521453852872,1,0,6,5,0.16666666666666666,0.035398230088495575,0,1,0,0,0
2015,4,8.022568946988255,1,0,54,5,0.14814814814814814,0.003365324691511903,3,0,1,0,0
2022,11,5.556828061699537,1,0,6,5,0.0,0.0017449831733765424,2,0,1,0,0
2022,1,6.340359303727752,1,0,4,2,0.25,0.004736382899164901,0,0,1,0,0
2017,3,7.76004068088038,1,0,5,0,0.0,0.0011217748971706345,0,0,1,0,0
2019,6,7.325807502595773,1,0,14,2,0.0,0.029664713947401222,0,0,1,0,0
2022,3,6.26530121273771,1,0,17,5,0.11764705882352941,0.0008724915866882712,5,1,0,0,0
2018,4,7.570443252057374,1,0,19,5,0.05263157894736842,0.0007478499314470896,5,1,0,0,0
2019,6,7.3310603052186325,1,0,37,6,0.2972972972972973,0.0007478499314470896,2,1,0,0,0
2018,3,7.580699752224563,1,0,87,5,0.25287356321839083,0.019693381528106693,0,1,0,0,0
2023,2,5.10594547390058,1,0,42,5,0.19047619047619047,0.005608874485853172,0,1,0,0,0
2022,8,5.860786223465865,2,1,19,5,0.3157894736842105,0.0012464165524118161,0,1,0,0,0
2021,12,6.424869023905388,1,0,25,5,0.32,0.013710582076529976,0,1,0,0,0
2021,6,6.656726524178391,1,0,112,5,0.125,0.010345257385018073,0,1,0,0,0
2017,10,7.659642954564682,2,1,1,2,1.0,0.0003739249657235448,2,1,0,0,0
2023,3,4.890349128221754,1,0,19,5,0.21052631578947367,0.0034899663467530847,0,1,0,0,0
2020,11,6.894670039433482,1,0,40,5,0.225,0.019693381528106693,0,1,0,0,0
2020,9,6.950814768442584,2,1,63,6,0.09523809523809523,0.0026174747600648134,0,1,0,0,0
2018,11,7.43955930913332,1,0,26,5,0.23076923076923078,0.01171631559267107,0,1,0,0,0
2017,3,7.757051142032013,1,0,22,6,0.13636363636363635,0.0004985666209647265,0,1,0,0,0
2019,4,7.362010551259734,1,0,19,5,0.21052631578947367,0.0034899663467530847,0,1,0,0,0
2018,11,7.455298485683291,1,0,15,5,0.0,0.029664713947401222,0,1,0,0,0
2017,10,7.660585461703256,1,0,1,0,0.0,0.07291536831609123,0,1,0,0,0
2015,11,7.938802248154481,1,0,21,7,0.14285714285714285,0.013835223731771158,5,1,0,0,0
2022,5,6.040254711277414,1,0,19,5,0.42105263157894735,0.002243549794341269,0,1,0,0,0
2021,1,6.807934943699926,2,1,1,0,1.0,0.0006232082762059081,0,1,0,0,0
2023,1,5.2832037287379885,1,0,26,5,0.23076923076923078,0.013710582076529976,2,1,0,0,0
2019,4,7.353081920515432,3,1,2,2,1.0,0.0001246416552411816,2,1,0,0,0
2022,7,5.877735781779639,1,0,10,5,0.0,0.029664713947401222,5,1,0,0,0
2022,12,5.44673737166631,1,0,25,5,0.32,0.013710582076529976,5,1,0,0,0
2002,1,8.97094039814245,2,1,54,5,0.14814814814814814,0.004861024554406083,0,1,0,0,0
2019,11,7.210079628170788,2,1,6,5,0.16666666666666666,0.0006232082762059081,5,1,0,0,0
2016,4,7.88344635413774,1,0,2,2,0.0,0.013835223731771158,2,1,0,0,0
2021,3,6.741700694652055,1,0,17,5,0.11764705882352941,0.0008724915866882712,2,0,1,0,0
2019,10,7.229113877793302,1,0,7,5,0.0,0.004487099588682538,2,0,1,0,0
2020,8,6.970730078143525,1,0,14,5,0.14285714285714285,0.0008724915866882712,2,0,1,0,0
2020,7,7.00850518208228,1,0,3,4,0.0,0.01246416552411816,2,1,0,0,0
2018,4,7.559038255443384,1,0,21,7,0.14285714285714285,0.013835223731771158,0,1,0,0,0
2018,6,7.521859252201629,1,0,112,5,0.125,0.010345257385018073,0,1,0,0,0
2018,11,7.443078374348516,1,0,33,6,0.2727272727272727,0.0014956998628941791,0,1,0,0,0
2020,7,7.00850518208228,1,0,10,5,0.3,0.019693381528106693,0,1,0,0,0
2019,12,7.187657164114956,1,0,112,5,0.125,0.010345257385018073,0,1,0,0,0
2022,11,5.537334267018537,1,0,26,5,0.23076923076923078,0.0006232082762059081,5,1,0,0,0
2020,10,6.915723448631314,1,0,11,5,0.18181818181818182,0.02492833104823632,0,1,0,0,0
2023,5,4.189654742026425,1,0,87,5,0.25287356321839083,0.019693381528106693,0,1,0,0,0
2020,10,6.901737206656574,1,0,11,5,0.18181818181818182,0.02492833104823632,2,0,1,0,0
2021,11,6.38856140554563,1,0,4,5,0.0,0.029664713947401222,2,1,0,0,0
2021,12,6.364750756851911,1,0,87,5,0.25287356321839083,0.019693381528106693,2,1,0,0,0
2014,6,8.106514516255185,1,0,1,0,0.0,0.009098840832606257,0,0,1,0,0
2017,7,7.67786350067821,1,0,1,5,0.0,0.0007478499314470896,5,1,0,0,0
2020,10,6.8885724595653635,1,0,15,6,0.0,0.013835223731771158,2,1,0,0,0
2015,4,8.006367567650246,1,0,54,5,0.14814814814814814,0.004861024554406083,0,1,0,0,0
2021,7,6.580639137284949,1,0,5,5,0.4,0.0001246416552411816,0,0,1,0,0
2018,8,7.491087593534876,1,0,3,0,0.0,0.01632805683659479,0,0,1,0,0
2016,4,7.880804344674901,1,0,2,5,0.0,0.02492833104823632,0,0,1,0,0
2019,5,7.307872780763706,1,0,1,2,0.0,0.013710582076529976,2,1,0,0,0
2017,8,7.666221925662725,2,1,40,5,0.225,0.019693381528106693,0,1,0,0,0
2019,10,7.198931240688173,1,0,33,5,0.42424242424242425,0.0006232082762059081,0,1,0,0,0
2019,3,7.358193752733032,1,0,17,5,0.5882352941176471,0.013710582076529976,0,1,0,0,0
2017,11,7.622663951323595,1,0,3,5,0.0,0.0002492833104823632,0,1,0,0,0
2021,4,6.674561391814426,1,0,23,5,0.043478260869565216,0.02492833104823632,0,1,0,0,0
2022,4,6.089044875446846,1,0,1,0,0.0,0.013835223731771158,0,1,0,0,0
2023,1,5.1298987149230735,1,0,15,2,0.13333333333333333,0.0012464165524118161,0,1,0,0,0
2023,1,5.0369526024136295,1,0,6,5,0.16666666666666666,0.029664713947401222,0,1,0,0,0
2016,12,7.784057002639929,1,0,20,5,0.15,0.009098840832606257,5,1,0,0,0
2015,6,7.982757702011113,1,0,7,5,0.0,0.029664713947401222,5,1,0,0,0
2022,8,5.730099782973574,1,0,2,3,0.0,0.002243549794341269,2,0,1,0,0
2022,9,5.659482215759621,1,0,32,5,0.125,0.0014956998628941791,5,1,0,0,0
2022,5,5.981414211254481,1,0,22,5,0.5,0.0028667580705471767,5,1,0,0,0
2021,3,6.725033642166843,1,0,40,5,0.125,0.019693381528106693,2,1,0,0,0
2016,10,7.807510042216193,1,0,28,5,0.2857142857142857,0.0002492833104823632,2,1,0,0,0
2020,1,7.1276936993473985,1,0,6,5,0.16666666666666666,0.0006232082762059081,2,1,0,0,0
2006,1,8.761863373274727,1,0,1,2,0.0,0.0001246416552411816,2,1,0,0,0
2016,3,7.880804344674901,1,0,4,5,0.5,0.0023681914495824507,0,0,1,0,0
2018,1,7.59488438721652,1,0,7,5,0.0,0.006855291038264988,0,1,0,0,0
2017,7,7.682482446534506,1,0,17,5,0.11764705882352941,0.013710582076529976,0,1,0,0,0
2021,10,6.39024066706535,1,0,8,5,0.375,0.013835223731771158,0,1,0,0,0
2021,12,6.329720905522696,1,0,9,5,0.1111111111111111,0.013835223731771158,0,1,0,0,0
2022,9,5.60947179518496,1,0,32,5,0.125,0.0014956998628941791,0,1,0,0,0
2021,3,6.70808408385307,1,0,40,5,0.125,0.0002492833104823632,0,1,0,0,0
2021,4,6.658011045870748,1,0,63,6,0.09523809523809523,0.0026174747600648134,2,1,0,0,0
2022,3,6.152732694704104,1,0,5,8,0.0,0.02492833104823632,0,1,0,0,0
2009,2,8.561210076833012,1,0,22,5,0.045454545454545456,0.035398230088495575,0,1,0,0,0
2020,11,6.829793737512425,2,1,18,5,0.2222222222222222,0.0021189081391000874,2,1,0,0,0
2019,7,7.269616749608169,1,0,14,5,0.14285714285714285,0.0004985666209647265,2,1,0,0,0
2022,10,5.5053315359323625,1,0,13,2,0.15384615384615385,0.013710582076529976,0,0,1,0,0
2022,12,5.241747015059643,1,0,20,5,0.55,0.01246416552411816,0,0,1,0,0
2022,6,5.8971538676367405,3,1,6,2,0.16666666666666666,0.0012464165524118161,0,1,0,0,0
2020,7,6.977281341630747,1,0,15,6,0.0,0.013835223731771158,0,1,0,0,0
2019,6,7.283448228756631,1,0,10,5,0.0,0.013710582076529976,0,1,0,0,0
2019,6,7.283448228756631,2,1,1,0,1.0,0.013710582076529976,0,1,0,0,0
2016,8,7.815207062189088,1,0,8,5,0.125,0.0017449831733765424,0,1,0,0,0
2018,10,7.434847875211999,1,0,40,5,0.125,0.0002492833104823632,0,1,0,0,0
2019,11,7.171656822768514,1,0,69,5,0.0,0.0012464165524118161,0,1,0,0,0
2021,2,6.726233402358747,1,0,22,5,0.5,0.0028667580705471767,0,1,0,0,0
2021,9,6.467698726104354,2,1,23,5,0.391304347826087,0.0002492833104823632,0,1,0,0,0
2021,1,6.782192056006791,1,0,1,2,0.0,0.0001246416552411816,2,1,0,0,0
2016,10,7.795234929002173,1,0,13,4,0.0,0.0008724915866882712,2,0,1,0,0
2021,12,6.302618975744905,2,1,25,5,0.32,0.013710582076529976,5,1,0,0,0
2022,2,6.184148890937483,5,1,1,5,1.0,0.0002492833104823632,5,1,0,0,0
2021,1,6.774223886357614,1,0,9,5,0.1111111111111111,0.000997133241929453,2,0,1,0,0
2016,7,7.832014180505469,1,0,63,6,0.09523809523809523,0.013710582076529976,2,1,0,0,0
2019,12,7.149916836132109,1,0,5,5,0.0,0.029664713947401222,2,1,0,0,0
2018,1,7.580189417944541,1,0,2,0,0.5,0.01246416552411816,0,1,0,0,0
2022,5,5.877735781779639,1,0,19,5,0.42105263157894735,0.002243549794341269,5,1,0,0,0
2022,3,6.073044534100405,1,0,19,5,0.0,0.005110307864888446,5,1,0,0,0
2022,2,6.1224928095143865,1,0,8,5,0.375,0.013835223731771158,5,1,0,0,0
2021,11,6.302618975744905,1,0,33,6,0.2727272727272727,0.00311604138102954,5,1,0,0,0
2021,4,6.646390514847729,2,1,5,5,0.4,0.0004985666209647265,5,1,0,0,0
2021,1,6.7580945044277305,2,1,9,5,0.5555555555555556,0.006855291038264988,5,1,0,0,0
2019,9,7.20934025660291,1,0,45,5,0.2222222222222222,0.01171631559267107,5,1,0,0,0
2016,11,7.771910256435763,1,0,1,5,0.0,0.011217748971706343,5,1,0,0,0
2021,5,6.593044534142437,1,0,7,2,0.14285714285714285,0.01171631559267107,2,1,0,0,0
2021,5,6.612041034833092,1,0,5,5,0.0,0.02492833104823632,2,1,0,0,0
2020,11,6.813444599510896,1,0,4,2,0.0,0.003988532967717812,2,1,0,0,0
2019,3,7.334981878871814,1,0,5,2,0.4,0.0036146080019942664,2,1,0,0,0
2019,7,7.249215057114389,3,1,22,6,0.13636363636363635,0.0001246416552411816,2,1,0,0,0
2019,3,7.325807502595773,1,0,87,5,0.25287356321839083,0.019693381528106693,2,1,0,0,0
2023,2,4.51085950651685,2,1,15,2,0.13333333333333333,0.0012464165524118161,0,1,0,0,0
2022,5,5.934894195619588,3,1,4,5,0.5,0.013710582076529976,0,1,0,0,0
2022,4,6.0063531596017325,1,0,4,0,0.0,0.0004985666209647265,0,1,0,0,0
2021,7,6.493753839851686,1,0,9,5,0.0,0.003988532967717812,0,1,0,0,0
2021,3,6.663132695990803,1,0,48,5,0.020833333333333332,0.0026174747600648134,0,1,0,0,0
2019,3,7.321188556739478,1,0,23,5,0.043478260869565216,0.005110307864888446,0,1,0,0,0
2010,12,8.41913925094085,1,0,7,2,0.5714285714285714,0.0049856662096472645,0,1,0,0,0
2017,7,7.665753431861699,1,0,17,5,0.11764705882352941,0.013710582076529976,2,0,1,0,0
2021,9,6.400257445308821,1,0,8,5,0.0,0.029664713947401222,2,0,1,0,0
2022,11,5.123963979403259,1,0,59,7,0.0,0.0021189081391000874,0,0,1,0,0
2021,11,6.289715570908998,1,0,14,5,0.07142857142857142,0.02492833104823632,0,0,1,0,0
2021,5,6.5998704992128365,1,0,1,5,0.0,0.0007478499314470896,5,1,0,0,0
2020,3,7.057897937411856,2,1,8,5,0.25,0.019693381528106693,5,1,0,0,0
2019,6,7.254177846456518,1,0,28,5,0.2857142857142857,0.0023681914495824507,5,1,0,0,0
2020,1,7.1049654482698426,1,0,1,5,0.0,0.0001246416552411816,5,1,0,0,0
2018,11,7.408530566894626,1,0,14,5,0.07142857142857142,0.013835223731771158,5,1,0,0,0
2020,7,6.917705609835305,1,0,7,5,0.5714285714285714,0.005982799451576717,2,1,0,0,0
2016,4,7.848543482456679,1,0,12,5,0.5,0.013835223731771158,0,1,0,0,0
2020,5,6.98933526597456,1,0,6,5,0.16666666666666666,0.0006232082762059081,0,1,0,0,0
2018,10,7.418180822726788,1,0,42,5,0.19047619047619047,0.0012464165524118161,0,1,0,0,0
2021,7,6.478509642208569,1,0,17,5,0.11764705882352941,0.0011217748971706345,0,1,0,0,0
2016,3,7.862112211662748,1,0,7,5,0.0,0.0013710582076529975,5,1,0,0,0
2018,4,7.518607216815252,1,0,1,2,0.0,0.029664713947401222,2,1,0,0,0
2018,6,7.4770384723196965,2,1,63,6,0.09523809523809523,0.005982799451576717,5,1,0,0,0
2019,6,7.260522598089852,1,0,50,7,0.0,0.004487099588682538,5,1,0,0,0
2019,4,7.29776828253138,1,0,19,5,0.21052631578947367,0.0034899663467530847,2,1,0,0,0
2020,2,7.045776576879511,1,0,12,7,0.3333333333333333,0.02492833104823632,2,1,0,0,0
2022,1,6.150602768446279,1,0,20,5,0.15,0.0006232082762059081,2,1,0,0,0
2020,10,6.836259277277067,1,0,6,2,0.0,0.02492833104823632,0,0,1,0,0
2020,4,7.00850518208228,1,0,4,0,0.0,0.0036146080019942664,0,0,1,0,0
2021,8,6.400257445308821,1,0,17,5,0.23529411764705882,0.019693381528106693,0,0,1,0,0
2022,3,5.988961416889864,1,0,8,5,0.375,0.013835223731771158,0,0,1,0,0
2018,1,7.559038255443384,1,0,1,2,0.0,0.01246416552411816,2,1,0,0,0
2018,3,7.529406457837013,1,0,63,6,0.09523809523809523,0.013710582076529976,0,1,0,0,0
2016,5,7.831220214604293,1,0,4,0,0.25,0.0001246416552411816,0,1,0,0,0
2019,11,7.122059881629142,1,0,40,5,0.125,0.019693381528106693,0,1,0,0,0
2018,3,7.529406457837013,1,0,15,5,0.13333333333333333,0.0036146080019942664,0,1,0,0,0
2020,7,6.92951677076365,1,0,8,5,0.125,0.013835223731771158,0,1,0,0,0
2018,3,7.529406457837013,1,0,15,5,0.13333333333333333,0.0036146080019942664,4,0,1,0,0
2022,8,5.556828061699537,3,1,1,2,1.0,0.013835223731771158,2,1,0,0,0
2005,6,8.780172651227646,1,0,1,0,0.0,0.0001246416552411816,0,0,1,0,0
2019,9,7.187657164114956,1,0,12,5,0.5,0.013835223731771158,2,0,1,0,0
2021,6,6.501289670540389,1,0,21,6,0.047619047619047616,0.019693381528106693,2,1,0,0,0
2019,7,7.229113877793302,1,0,13,5,0.0,0.0008724915866882712,2,0,1,0,0
2018,12,7.3752557780097545,1,0,18,5,0.2222222222222222,0.0021189081391000874,5,1,0,0,0
2017,2,7.716906135298388,1,0,4,2,0.0,0.0012464165524118161,2,1,0,0,0
2018,12,7.362645270417825,1,0,22,5,0.18181818181818182,0.0036146080019942664,0,1,0,0,0
2007,2,8.68270762989381,1,0,13,6,0.5384615384615384,0.013835223731771158,5,1,0,0,0
2021,10,6.249975242259483,1,0,22,6,0.13636363636363635,0.0004985666209647265,4,0,1,0,0
2019,3,7.293017679772782,1,0,1,5,0.0,0.003988532967717812,5,1,0,0,0
2020,12,6.733401891837359,1,0,22,5,0.5,0.0028667580705471767,2,1,0,0,0
2019,6,7.229113877793302,1,0,37,6,0.2972972972972973,0.0001246416552411816,2,1,0,0,0
2018,8,7.425953657077541,1,0,21,7,0.14285714285714285,0.013835223731771158,5,1,0,0,0
2016,11,7.748028524432376,2,1,4,5,0.75,0.009098840832606257,2,1,0,0,0
2019,6,7.229113877793302,1,0,37,6,0.2972972972972973,0.0036146080019942664,2,1,0,0,0
2018,10,7.401231264413015,2,1,12,7,0.3333333333333333,0.02492833104823632,5,1,0,0,0
2019,10,7.134890851565884,1,0,7,5,0.0,0.0004985666209647265,2,1,0,0,0
2018,2,7.533158807455563,3,1,1,2,1.0,0.0002492833104823632,2,1,0,0,0
2016,2,7.859413154693583,1,0,23,5,0.0,0.0021189081391000874,0,0,1,0,0
2018,9,7.4109518755836366,1,0,18,5,0.16666666666666666,0.013710582076529976,0,1,0,0,0
2016,11,7.757051142032013,1,0,17,5,0.11764705882352941,0.013710582076529976,0,1,0,0,0
2018,2,7.537430036586509,1,0,1,0,0.0,0.02492833104823632,0,1,0,0,0
2016,10,7.76004068088038,1,0,1,0,0.0,0.0017449831733765424,0,1,0,0,0
2019,3,7.302496423727326,1,0,8,3,0.125,0.0001246416552411816,0,1,0,0,0
2019,10,7.134093721192866,1,0,20,4,0.0,0.0006232082762059081,0,1,0,0,0
2020,12,6.725033642166843,1,0,19,5,0.21052631578947367,0.0034899663467530847,0,1,0,0,0
2022,5,5.755742213586912,1,0,17,5,0.058823529411764705,0.02492833104823632,0,1,0,0,0
2022,5,5.717027701406222,1,0,7,5,0.7142857142857143,0.013710582076529976,0,1,0,0,0
2020,7,6.887552571664617,1,0,2,2,0.0,0.0038638913124766296,2,1,0,0,0
2019,9,7.149916836132109,1,0,3,5,0.3333333333333333,0.005110307864888446,2,1,0,0,0
2018,5,7.476472381163905,1,0,3,0,0.0,0.02492833104823632,0,0,1,0,0
2021,6,6.456769655572163,1,0,3,5,0.0,0.0036146080019942664,0,0,1,0,0
2021,12,6.16541785423142,1,0,5,2,0.2,0.009098840832606257,0,0,1,0,0
2019,7,7.216709486709457,2,1,4,2,0.25,0.013835223731771158,0,1,0,0,0
2019,3,7.288244401020124,1,0,48,5,0.020833333333333332,0.0023681914495824507,0,1,0,0,0
2018,4,7.498869733976931,1,0,1,0,0.0,0.0013710582076529975,0,1,0,0,0
2021,6,6.46302945692067,1,0,112,5,0.125,0.010345257385018073,5,1,0,0,0
2016,6,7.806696372521179,1,0,7,2,0.0,0.0012464165524118161,2,0,1,0,0
2017,1,7.714677473800927,2,1,20,5,0.15,0.0017449831733765424,5,1,0,0,0
2020,2,7.002155954403621,1,0,19,5,0.3157894736842105,0.006855291038264988,0,1,0,0,0
2018,6,7.449498005382849,1,0,1,0,0.0,0.0007478499314470896,0,1,0,0,0
2020,7,6.874198495453294,1,0,17,5,0.11764705882352941,0.0011217748971706345,0,1,0,0,0
2022,8,5.241747015059643,2,1,22,5,0.5,0.0006232082762059081,5,1,0,0,0
2018,9,7.392647520721623,2,1,17,5,0.23529411764705882,0.019693381528106693,5,1,0,0,0
2020,10,6.7661917146603505,1,0,10,5,0.0,0.008724915866882713,3,0,1,0,0
2019,4,7.254177846456518,1,0,1,5,0.0,0.0003739249657235448,5,1,0,0,0
2016,2,7.8567067930958405,1,0,2,2,0.5,0.02492833104823632,0,0,1,0,0
2022,5,5.69035945432406,1,0,22,5,0.5,0.0028667580705471767,5,1,0,0,0
2018,7,7.4318919168078,3,1,1,0,1.0,0.0001246416552411816,0,1,0,0,0
2022,7,5.472270673671475,2,1,22,5,0.5,0.0028667580705471767,5,1,0,0,0
2019,10,7.117205503164344,1,0,1,5,0.0,0.0001246416552411816,5,1,0,0,0
2016,10,7.751045117971802,1,0,10,5,0.1,0.029664713947401222,5,1,0,0,0
2021,11,6.156978985585555,1,0,2,5,0.0,0.0011217748971706345,5,1,0,0,0
2021,9,6.263398262591624,2,1,20,5,0.4,0.019693381528106693,5,1,0,0,0
2014,9,8.036249942132116,1,0,21,7,0.14285714285714285,0.013835223731771158,7,0,1,0,0
2016,7,7.785305182539862,1,0,54,5,0.14814814814814814,0.013710582076529976,5,1,0,0,0
2018,1,7.5256399750415355,2,1,6,2,0.5,0.013710582076529976,2,1,0,0,0
2018,9,7.396948602621014,2,1,4,2,0.75,0.0007478499314470896,2,1,0,0,0
2018,2,7.510430556378006,1,0,14,5,0.14285714285714285,0.003988532967717812,0,1,0,0,0
2021,5,6.459904454377535,2,1,25,5,0.32,0.013710582076529976,0,1,0,0,0
2021,11,6.16541785423142,1,0,3,5,0.0,0.0012464165524118161,0,1,0,0,0
2018,8,7.401231264413015,1,0,40,5,0.125,0.003988532967717812,5,1,0,0,0
2021,3,6.570882962339584,1,0,19,5,0.0,0.005110307864888446,5,1,0,0,0
2020,6,6.880384082186005,1,0,9,5,0.1111111111111111,0.000997133241929453,2,1,0,0,0
2018,8,7.40184157874383,2,1,21,7,0.14285714285714285,0.013835223731771158,0,1,0,0,0
2017,1,7.708410667257367,1,0,17,5,0.23529411764705882,0.0001246416552411816,5,1,0,0,0
2022,1,5.983936280687191,1,0,5,8,0.0,0.0001246416552411816,5,1,0,0,0
2021,3,6.519147287940395,1,0,48,5,0.020833333333333332,0.0026174747600648134,2,1,0,0,0
2017,9,7.587817219993427,1,0,42,5,0.19047619047619047,0.005608874485853172,0,0,1,0,0
2016,11,7.729735331385051,1,0,12,5,0.16666666666666666,0.013710582076529976,0,1,0,0,0
2018,4,7.476472381163905,1,0,1,0,0.0,0.0004985666209647265,0,1,0,0,0
2017,6,7.632885505395133,1,0,3,2,0.0,0.02492833104823632,0,1,0,0,0
2020,9,6.767343125265392,1,0,63,6,0.09523809523809523,0.0026174747600648134,0,1,0,0,0
2021,4,6.470799503782602,1,0,63,6,0.09523809523809523,0.0026174747600648134,0,1,0,0,0
2022,6,5.476463551931511,1,0,6,2,0.16666666666666666,0.005608874485853172,0,1,0,0,0
2020,11,6.710523109452428,1,0,2,2,0.0,0.029664713947401222,2,1,0,0,0
2022,8,5.081404364984463,2,1,4,0,0.5,0.0006232082762059081,0,1,0,0,0
2018,12,7.313220387090301,1,0,1,2,0.0,0.0001246416552411816,2,1,0,0,0
2020,7,6.851184927493743,1,0,8,5,0.125,0.013835223731771158,5,1,0,0,0
2017,4,7.662937850461535,1,0,8,5,0.625,0.0001246416552411816,2,0,1,0,0
2016,6,7.789454566086673,2,1,112,5,0.125,0.010345257385018073,2,1,0,0,0
2021,10,6.16541785423142,1,0,19,5,0.3157894736842105,0.0012464165524118161,2,0,1,0,0
2021,4,6.501289670540389,2,1,5,5,0.4,0.0007478499314470896,5,1,0,0,0
2021,2,6.5638555265321274,1,0,48,5,0.020833333333333332,0.0026174747600648134,5,1,0,0,0
2018,1,7.522400231387125,1,0,1,0,0.0,0.010594540695500436,0,1,0,0,0
2022,5,5.501258210544727,1,0,5,5,0.0,0.02492833104823632,5,1,0,0,0
2018,3,7.475339236566737,2,1,87,5,0.25287356321839083,0.003988532967717812,2,1,0,0,0
2020,9,6.759255270663693,1,0,63,6,0.09523809523809523,0.0026174747600648134,5,1,0,0,0
2016,5,7.803843303538772,1,0,17,5,0.7647058823529411,0.002243549794341269,2,0,1,0,0
2020,7,6.829793737512425,1,0,5,2,0.4,0.0004985666209647265,2,1,0,0,0
2018,6,7.426549072397305,1,0,10,5,0.0,0.0001246416552411816,2,1,0,0,0
2021,3,6.542471960506805,1,0,54,5,0.14814814814814814,0.004861024554406083,0,1,0,0,0
2021,11,6.073044534100405,2,1,33,6,0.2727272727272727,0.0003739249657235448,0,1,0,0,0
2017,9,7.578145472419466,1,0,8,5,0.125,0.029664713947401222,2,0,1,0,0
2018,10,7.354362330421477,1,0,9,2,0.0,0.02492833104823632,0,0,1,0,0
2021,12,6.0063531596017325,1,0,112,5,0.125,0.010345257385018073,5,1,0,0,0
2018,4,7.44716835960004,1,0,3,0,0.0,0.0034899663467530847,0,0,1,0,0
2021,10,6.135564891081739,1,0,3,5,0.0,0.002243549794341269,0,0,1,0,0
2016,5,7.798112628829788,1,0,48,5,0.020833333333333332,0.0026174747600648134,0,1,0,0,0
2017,9,7.569927655242652,1,0,28,5,0.2857142857142857,0.0002492833104823632,0,1,0,0,0
2020,11,6.647688373563329,1,0,18,5,0.2222222222222222,0.0012464165524118161,0,1,0,0,0
2019,9,7.105786129481271,1,0,2,0,0.0,0.0002492833104823632,0,1,0,0,0
2021,2,6.520621127558696,1,0,1,0,0.0,0.0034899663467530847,0,1,0,0,0
2021,10,6.089044875446846,2,1,6,2,0.5,0.0036146080019942664,0,1,0,0,0
2021,12,5.988961416889864,1,0,87,5,0.25287356321839083,0.019693381528106693,2,1,0,0,0
2018,5,7.430707082545968,1,0,7,5,0.0,0.006855291038264988,3,0,1,0,0
2018,2,7.4949862339505335,1,0,20,5,0.15,0.01171631559267107,4,0,1,0,0
2021,4,6.42648845745769,1,0,63,6,0.09523809523809523,0.0026174747600648134,2,1,0,0,0
2016,11,7.70796153183549,1,0,27,5,0.25925925925925924,0.013835223731771158,4,0,1,0,0
2019,3,7.22402480828583,1,0,23,5,0.043478260869565216,0.005110307864888446,4,0,1,0,0
2016,4,7.80954132465341,1,0,5,3,0.0,0.0004985666209647265,0,0,1,0,0
2021,2,6.520621127558696,1,0,6,2,0.0,0.0001246416552411816,0,0,1,0,0
2021,11,6.040254711277414,1,0,4,2,0.0,0.003988532967717812,0,0,1,0,0
2022,11,4.02535169073515,1,0,6,5,0.0,0.010594540695500436,0,0,1,0,0
2022,11,3.7376696182833684,1,0,5,1,0.0,0.008724915866882713,0,0,1,0,0
2022,7,5.1647859739235145,1,0,9,2,0.0,0.008724915866882713,0,0,1,0,0
2017,4,7.635786861395585,1,0,45,5,0.2222222222222222,0.01171631559267107,5,1,0,0,0
2017,6,7.615791072035833,2,1,22,5,0.5,0.008724915866882713,5,1,0,0,0
2018,3,7.460490305825338,1,0,87,5,0.25287356321839083,0.019693381528106693,2,1,0,0,0
2021,11,6.042632833682381,1,0,1,2,0.0,0.0001246416552411816,2,1,0,0,0
2020,9,6.726233402358747,1,0,63,6,0.09523809523809523,0.0026174747600648134,0,1,0,0,0
2020,10,6.683360945766275,1,0,3,5,0.3333333333333333,0.0002492833104823632,0,1,0,0,0
2020,11,6.638567789166521,2,1,18,5,0.2222222222222222,0.0021189081391000874,0,1,0,0,0
2021,3,6.489204931325317,1,0,9,2,0.0,0.008724915866882713,0,1,0,0,0
2018,11,7.317876198626496,1,0,6,2,0.5,0.0002492833104823632,0,1,0,0,0
2019,7,7.146772179452637,2,1,6,2,0.16666666666666666,0.07291536831609123,0,1,0,0,0
2021,7,6.222576268071369,3,1,3,5,1.0,0.0004985666209647265,2,1,0,0,0
2022,5,5.3471075307174685,2,1,33,5,0.42424242424242425,0.013710582076529976,2,1,0,0,0
2017,6,7.598399329323964,1,0,1,5,0.0,0.005982799451576717,5,1,0,0,0
2012,10,8.217978203150732,1,0,5,5,0.2,0.0011217748971706345,5,1,0,0,0
2021,11,5.988961416889864,1,0,45,5,0.2222222222222222,0.01171631559267107,2,1,0,0,0
2017,3,7.653020413804189,1,0,5,2,0.2,0.002243549794341269,0,0,1,0,0
2020,1,6.96979066990159,1,0,5,5,0.2,0.0004985666209647265,0,1,0,0,0
2022,3,5.634789603169249,1,0,4,0,0.25,0.005110307864888446,0,1,0,0,0
2017,4,7.632885505395133,1,0,10,5,0.3,0.02492833104823632,0,1,0,0,0
2017,12,7.506591780070841,1,0,1,0,0.0,0.0001246416552411816,0,1,0,0,0
2019,2,7.249215057114389,1,0,6,2,0.16666666666666666,0.013835223731771158,0,1,0,0,0
2019,11,7.028201432058005,1,0,21,5,0.047619047619047616,0.0011217748971706345,0,1,0,0,0
2016,11,7.70796153183549,2,1,7,2,0.42857142857142855,0.0012464165524118161,0,1,0,0,0
2021,3,6.432940092739179,1,0,1,0,0.0,0.0002492833104823632,0,1,0,0,0
2022,5,5.318119993844216,1,0,3,5,0.0,0.0024928331048236323,0,1,0,0,0
2014,1,8.090708716083997,1,0,38,5,0.34210526315789475,0.0021189081391000874,0,1,0,0,0
2019,3,7.213768308118642,2,1,87,5,0.25287356321839083,0.003988532967717812,5,1,0,0,0
2015,6,7.91862865334224,1,0,21,7,0.14285714285714285,0.009472765798329803,0,1,0,0,0
2017,3,7.646353722445999,1,0,9,5,0.3333333333333333,0.013835223731771158,0,1,0,0,0
2022,2,5.683579767338681,1,0,2,2,0.0,0.0016203415181353608,2,1,0,0,0
2022,6,5.123963979403259,1,0,1,5,0.0,0.0006232082762059081,5,1,0,0,0
2021,6,6.315358001522335,1,0,4,2,0.25,0.002243549794341269,2,0,1,0,0
2020,5,6.851184927493743,1,0,19,5,0.21052631578947367,0.0034899663467530847,2,1,0,0,0
2019,4,7.182352111885263,1,0,7,5,0.0,0.004487099588682538,5,1,0,0,0
2013,11,8.101980731853192,1,0,12,2,0.0,0.004736382899164901,0,0,1,0,0
2019,12,6.9957661563048505,1,0,5,5,0.2,0.002243549794341269,0,0,1,0,0
2018,2,7.475905969367397,2,1,20,5,0.15,0.01171631559267107,2,1,0,0,0
2017,9,7.55171221535131,1,0,2,0,0.0,0.0004985666209647265,0,0,1,0,0
2018,10,7.325807502595773,2,1,13,2,0.07692307692307693,0.001869624828617724,0,1,0,0,0
2018,2,7.463363045520021,1,0,9,5,0.0,0.003988532967717812,0,1,0,0,0
2018,3,7.451241684987676,2,1,28,5,0.2857142857142857,0.0004985666209647265,5,1,0,0,0
2017,9,7.544861068658458,1,0,45,5,0.2222222222222222,0.0004985666209647265,2,1,0,0,0
2015,12,7.841099765422119,1,0,6,3,0.0,0.00311604138102954,2,1,0,0,0
2018,11,7.293017679772782,1,0,17,5,0.23529411764705882,0.0026174747600648134,2,0,1,0,0
2019,3,7.21081845347222,1,0,9,5,0.1111111111111111,0.0008724915866882712,5,1,0,0,0
2019,8,7.081708586105575,2,1,3,5,0.3333333333333333,0.0002492833104823632,5,1,0,0,0
2019,3,7.198183577101943,1,0,48,5,0.020833333333333332,0.0007478499314470896,4,0,1,0,0
2004,8,8.804024902413179,1,0,2,5,0.0,0.0006232082762059081,0,1,0,0,0
2019,11,6.990256500493881,1,0,18,5,0.2222222222222222,0.0021189081391000874,2,0,1,0,0
2021,5,6.327936783729195,1,0,7,2,0.42857142857142855,0.0012464165524118161,0,0,1,0,0
2022,4,5.313205979041787,1,0,3,2,0.0,0.013835223731771158,0,0,1,0,0
2020,7,6.74993119378857,2,1,13,5,0.23076923076923078,0.0001246416552411816,0,1,0,0,0
2017,3,7.643003635560718,1,0,1,0,0.0,0.0001246416552411816,0,1,0,0,0
2020,8,6.695798917058491,1,0,1,0,0.0,0.0017449831733765424,0,1,0,0,0
2019,5,7.144407180321139,1,0,1,0,0.0,0.0003739249657235448,0,1,0,0,0
2021,5,6.302618975744905,2,1,4,2,0.25,0.002243549794341269,0,1,0,0,0
2016,7,7.751045117971802,1,0,63,6,0.09523809523809523,0.013710582076529976,0,1,0,0,0
2018,6,7.396948602621014,1,0,12,5,0.3333333333333333,0.013835223731771158,0,1,0,0,0
2020,10,6.618738983517219,2,1,3,5,1.0,0.013835223731771158,0,1,0,0,0
2018,11,7.278628942320682,1,0,5,2,0.2,0.0001246416552411816,2,1,0,0,0
2022,1,5.730099782973574,1,0,27,5,0.25925925925925924,0.013835223731771158,2,0,1,0,0
2015,11,7.848543482456679,1,0,38,5,0.34210526315789475,0.013710582076529976,0,1,0,0,0
2020,4,6.858565034791365,1,0,8,5,0.25,0.019693381528106693,2,0,1,0,0
2020,11,6.583409222158765,1,0,8,3,0.125,0.0007478499314470896,0,1,0,0,0
2021,11,5.8971538676367405,2,1,42,5,0.19047619047619047,0.0012464165524118161,0,1,0,0,0
2017,6,7.59488438721652,1,0,2,0,0.0,0.0001246416552411816,0,1,0,0,0
2019,12,6.964135612418245,1,0,2,2,0.5,0.013710582076529976,0,1,0,0,0
2020,2,6.915723448631314,1,0,8,5,0.125,0.013835223731771158,0,1,0,0,0
2020,10,6.60934924316738,1,0,87,5,0.25287356321839083,0.019693381528106693,0,1,0,0,0
2022,1,5.666426688112432,2,1,2,5,1.0,0.013835223731771158,0,1,0,0,0
2021,5,6.251903883165888,1,0,18,5,0.16666666666666666,0.013710582076529976,5,1,0,0,0
2020,12,6.54534966033442,1,0,17,5,0.11764705882352941,0.0038638913124766296,2,1,0,0,0
2020,7,6.734591659972948,1,0,17,5,0.11764705882352941,0.0011217748971706345,2,0,1,0,0
2021,3,6.352629396319567,3,1,13,5,0.5384615384615384,0.0006232082762059081,0,1,0,0,0
2018,6,7.370860166536716,1,0,6,2,0.0,0.02492833104823632,0,1,0,0,0
2019,11,6.964135612418245,1,0,18,5,0.2222222222222222,0.0021189081391000874,0,1,0,0,0
2017,9,7.527255919373784,2,1,4,2,0.25,0.0002492833104823632,0,1,0,0,0
2016,10,7.688913336864796,1,0,8,2,0.25,0.013710582076529976,0,1,0,0,0
2022,5,4.990432586778736,2,1,17,5,0.5882352941176471,0.013710582076529976,5,1,0,0,0
2021,9,6.0063531596017325,1,0,13,5,0.0,0.0013710582076529975,2,0,1,0,0
2019,5,7.133295954896068,1,0,4,5,0.0,0.0036146080019942664,5,1,0,0,0
2016,4,7.769800996003896,1,0,63,6,0.09523809523809523,0.005982799451576717,5,1,0,0,0
2020,9,6.647688373563329,1,0,10,5,0.3,0.009472765798329803,5,1,0,0,0
2016,2,7.795234929002173,1,0,11,5,0.0,0.02492833104823632,0,0,1,0,0
2020,11,6.561030665896573,1,0,13,5,0.15384615384615385,0.0001246416552411816,0,1,0,0,0
2022,6,4.836281906951478,1,0,4,0,0.5,0.0006232082762059081,0,1,0,0,0
2018,6,7.370860166536716,1,0,3,5,0.3333333333333333,0.0001246416552411816,2,0,1,0,0
2018,8,7.325807502595773,1,0,1,5,0.0,0.0011217748971706345,5,1,0,0,0
2018,3,7.413970290190444,1,0,87,5,0.25287356321839083,0.003988532967717812,2,1,0,0,0
2017,4,7.59890045687141,1,0,63,6,0.09523809523809523,0.0017449831733765424,2,1,0,0,0
2020,3,6.858565034791365,1,0,3,0,0.3333333333333333,0.0023681914495824507,0,1,0,0,0
2019,10,6.994849985833071,2,1,1,0,1.0,0.0002492833104823632,0,1,0,0,0
2017,4,7.605392364814935,1,0,4,2,0.0,0.0036146080019942664,0,1,0,0,0
2021,8,6.056784013228625,4,1,2,5,1.0,0.0034899663467530847,0,1,0,0,0
2016,10,7.685703061234547,1,0,2,5,0.0,0.0013710582076529975,2,0,1,0,0
2021,11,5.796057750765372,2,1,22,5,0.5,0.0028667580705471767,5,1,0,0,0
2021,9,5.971261839790462,1,0,20,5,0.4,0.019693381528106693,2,0,1,0,0
2022,7,4.653960350157523,1,0,22,5,0.5,0.0028667580705471767,5,1,0,0,0
2014,11,7.969357742016346,1,0,13,5,0.3076923076923077,0.01171631559267107,0,1,0,0,0
2021,3,6.3784261836515865,2,1,7,5,0.7142857142857143,0.013710582076529976,2,1,0,0,0
2020,9,6.628041376179533,2,1,10,5,0.1,0.029664713947401222,0,1,0,0,0
2018,6,7.366445148327599,1,0,4,0,0.0,0.0036146080019942664,0,1,0,0,0
2021,3,6.354370040797351,2,1,54,5,0.14814814814814814,0.004861024554406083,0,1,0,0,0
2021,4,6.26530121273771,3,1,8,5,0.25,0.013710582076529976,0,1,0,0,0
2019,6,7.094234845924755,1,0,37,6,0.2972972972972973,0.0036146080019942664,2,1,0,0,0
2020,6,6.727431724850855,1,0,6,2,0.3333333333333333,0.010220615729776892,0,1,0,0,0
2021,1,6.4457198193855785,1,0,48,5,0.020833333333333332,0.0026174747600648134,0,1,0,0,0
2017,5,7.580699752224563,1,0,28,5,0.2857142857142857,0.0004985666209647265,2,1,0,0,0
2020,10,6.541029999189903,1,0,33,5,0.42424242424242425,0.013710582076529976,0,1,0,0,0
2016,11,7.662937850461535,1,0,21,7,0.14285714285714285,0.013835223731771158,0,1,0,0,0
2019,5,7.122059881629142,1,0,8,5,0.0,0.006855291038264988,0,1,0,0,0
2018,10,7.280697195384741,1,0,54,5,0.14814814814814814,0.004861024554406083,5,1,0,0,0
2022,6,4.51085950651685,3,1,1,5,1.0,0.0001246416552411816,5,1,0,0,0
2022,6,4.653960350157523,1,0,6,2,0.16666666666666666,0.0036146080019942664,2,0,1,0,0
2019,4,7.133295954896068,1,0,19,5,0.3684210526315789,0.01171631559267107,3,0,1,0,0
2017,10,7.4949862339505335,1,0,33,6,0.2727272727272727,0.00311604138102954,5,1,0,0,0
2020,3,6.835184586147301,1,0,87,5,0.25287356321839083,0.019693381528106693,5,1,0,0,0
2021,6,6.135564891081739,3,1,3,5,1.0,0.0004985666209647265,5,1,0,0,0
2018,10,7.265429723253953,1,0,23,5,0.043478260869565216,0.02492833104823632,5,1,0,0,0
2021,12,5.659482215759621,1,0,87,5,0.25287356321839083,0.019693381528106693,5,1,0,0,0
2021,11,5.707110264748875,1,0,9,5,0.2222222222222222,0.0011217748971706345,0,0,1,0,0
2021,12,5.659482215759621,1,0,22,5,0.0,0.029664713947401222,0,0,1,0,0
2005,1,8.774467601446593,1,0,54,5,0.14814814814814814,0.004861024554406083,0,1,0,0,0
2020,11,6.520621127558696,1,0,8,5,0.125,0.029664713947401222,0,1,0,0,0
2018,4,7.393263094763838,1,0,1,0,0.0,0.0002492833104823632,0,1,0,0,0
2018,1,7.43955930913332,1,0,8,5,0.25,0.019693381528106693,0,1,0,0,0
2017,5,7.57353126274595,1,0,7,2,0.5714285714285714,0.0003739249657235448,0,1,0,0,0
2018,8,7.2991214627108,1,0,9,3,0.1111111111111111,0.07291536831609123,0,1,0,0,0
2019,6,7.075808863978387,1,0,37,6,0.2972972972972973,0.0036146080019942664,0,1,0,0,0
2021,6,6.152732694704104,3,1,19,5,0.3684210526315789,0.01171631559267107,0,1,0,0,0
2018,8,7.288244401020124,1,0,24,5,0.375,0.01246416552411816,2,1,0,0,0
2018,7,7.313220387090301,1,0,19,5,0.0,0.005110307864888446,2,1,0,0,0
2017,3,7.59488438721652,1,0,48,5,0.020833333333333332,0.0001246416552411816,0,1,0,0,0
2018,2,7.418180822726788,1,0,20,5,0.15,0.01171631559267107,0,1,0,0,0
2021,3,6.263398262591624,1,0,40,5,0.125,0.019693381528106693,0,1,0,0,0
2021,7,6.023447592961033,2,1,10,5,0.2,0.0001246416552411816,2,1,0,0,0
2021,12,5.583496308781699,1,0,1,0,0.0,0.0017449831733765424,0,1,0,0,0
2019,1,7.191429330036379,1,0,1,2,0.0,0.013710582076529976,2,1,0,0,0
2015,10,7.820840879907344,1,0,3,0,0.0,0.0002492833104823632,0,1,0,0,0
2019,5,7.10002716662926,2,1,24,5,0.375,0.01246416552411816,5,1,0,0,0
2017,1,7.615791072035833,2,1,5,5,0.8,0.0002492833104823632,5,1,0,0,0
2018,4,7.371489295214277,2,1,17,5,0.7647058823529411,0.000997133241929453,0,1,0,0,0
2018,9,7.265429723253953,2,1,4,2,0.5,0.029664713947401222,2,1,0,0,0
2019,6,7.051855622955894,1,0,37,6,0.2972972972972973,0.0036146080019942664,2,1,0,0,0
2022,3,4.948759890378168,1,0,5,5,0.0,0.029664713947401222,5,1,0,0,0
2015,11,7.80954132465341,1,0,54,5,0.14814814814814814,0.004861024554406083,0,1,0,0,0
2020,10,6.490723534502507,1,0,19,5,0.3684210526315789,0.01171631559267107,2,0,1,0,0
2016,1,7.780720886117918,1,0,10,5,0.0,0.006481366072541443,5,1,0,0,0
2019,4,7.112327444710911,1,0,50,7,0.0,0.004487099588682538,5,1,0,0,0
2021,10,5.71042701737487,1,0,4,5,0.0,0.029664713947401222,5,1,0,0,0
2019,9,6.9726062513017535,1,0,112,5,0.125,0.010345257385018073,2,1,0,0,0
2020,5,6.693323668269949,1,0,112,5,0.125,0.010345257385018073,2,1,0,0,0
2017,1,7.621195162809845,1,0,21,6,0.047619047619047616,0.019693381528106693,2,1,0,0,0
2020,6,6.673297967767654,1,0,8,3,0.125,0.0007478499314470896,2,1,0,0,0
2019,1,7.1631723908466425,1,0,19,5,0.3684210526315789,0.01171631559267107,0,1,0,0,0
2019,7,7.028201432058005,2,1,1,0,1.0,0.029664713947401222,0,1,0,0,0
2017,9,7.488852955733459,2,1,4,5,0.75,0.0001246416552411816,0,1,0,0,0
2018,5,7.353081920515432,1,0,1,0,0.0,0.0002492833104823632,0,1,0,0,0
2019,9,6.956545443151569,2,1,1,0,1.0,0.0001246416552411816,0,1,0,0,0
2021,5,6.077642243349034,1,0,13,5,0.0,0.0013710582076529975,0,1,0,0,0
2021,11,5.556828061699537,2,1,6,5,1.0,0.0006232082762059081,0,1,0,0,0
2017,5,7.549082710812286,1,0,112,5,0.125,0.010345257385018073,2,1,0,0,0
2019,7,7.00850518208228,1,0,1,2,0.0,0.01246416552411816,2,1,0,0,0
2016,5,7.72356247227797,1,0,1,2,0.0,0.0002492833104823632,2,1,0,0,0
2017,10,7.463363045520021,1,0,33,6,0.2727272727272727,0.00311604138102954,2,1,0,0,0
2020,12,6.376726947898627,2,1,112,5,0.125,0.010345257385018073,5,1,0,0,0
2019,3,7.117205503164344,1,0,2,5,0.0,0.02492833104823632,5,1,0,0,0
2019,8,6.976348070447749,1,0,13,2,0.15384615384615385,0.013710582076529976,0,1,0,0,0
2018,2,7.383989457978509,1,0,1,0,0.0,0.0013710582076529975,0,1,0,0,0
2020,11,6.401917196727186,1,0,18,5,0.2222222222222222,0.0012464165524118161,0,1,0,0,0
2016,12,7.62608275807238,1,0,37,6,0.2972972972972973,0.0036146080019942664,5,1,0,0,0
2021,5,6.063785208687608,1,0,7,2,0.0,0.002243549794341269,0,1,0,0,0
2021,2,6.267200548541362,1,0,1,0,0.0,0.029664713947401222,0,1,0,0,0
2019,4,7.095064377287131,1,0,50,7,0.0,0.004487099588682538,2,1,0,0,0
2022,5,4.143134726391533,1,0,17,5,0.11764705882352941,0.0008724915866882712,5,1,0,0,0
2021,10,5.58724865840025,1,0,19,5,0.0,0.005110307864888446,5,1,0,0,0
2010,1,8.428361977709622,1,0,1,0,0.0,0.0001246416552411816,0,1,0,0,0
2017,12,7.434847875211999,1,0,54,5,0.14814814814814814,0.004861024554406083,5,0,1,0,0
2019,11,6.873163834212518,2,1,40,5,0.125,0.019693381528106693,5,1,0,0,0
2021,12,5.4116460518550396,1,0,1,5,0.0,0.0001246416552411816,5,1,0,0,0
2019,4,7.081708586105575,1,0,4,2,0.25,0.01632805683659479,0,0,1,0,0
2021,4,6.16541785423142,1,0,6,5,0.0,0.01171631559267107,0,0,1,0,0
2021,5,6.066108090103747,4,1,1,2,1.0,0.0001246416552411816,2,1,0,0,0
2015,7,7.851271997109883,1,0,3,0,0.0,0.0021189081391000874,0,1,0,0,0
2020,12,6.364750756851911,1,0,29,5,0.0,0.0004985666209647265,3,0,1,0,0
2018,11,7.198183577101943,1,0,8,5,0.0,0.0001246416552411816,5,1,0,0,0
2018,2,7.3796321526095525,1,0,14,5,0.14285714285714285,0.0004985666209647265,3,0,1,0,0
2016,5,7.717351272185329,1,0,40,5,0.125,0.013710582076529976,2,1,0,0,0
2019,4,7.069874128458572,1,0,4,2,0.0,0.002243549794341269,0,0,1,0,0
2019,4,7.083387847625295,1,0,50,7,0.0,0.0013710582076529975,5,1,0,0,0
2020,11,6.376726947898627,2,1,7,5,0.5714285714285714,0.0001246416552411816,2,1,0,0,0
2019,11,6.873163834212518,1,0,9,5,0.1111111111111111,0.0008724915866882712,5,1,0,0,0
2020,9,6.478509642208569,1,0,1,2,0.0,0.0043624579334413565,2,0,1,0,0
2022,2,4.948759890378168,2,1,19,5,0.3157894736842105,0.0012464165524118161,5,1,0,0,0
2016,5,7.70796153183549,1,0,40,5,0.125,0.01171631559267107,5,1,0,0,0
2019,11,6.874198495453294,1,0,40,5,0.125,0.019693381528106693,2,1,0,0,0
2016,9,7.656810091480378,1,0,50,7,0.0,0.004487099588682538,2,1,0,0,0
2021,9,5.707110264748875,1,0,23,5,0.391304347826087,0.013835223731771158,0,0,1,0,0
2019,12,6.821107472256465,2,1,2,0,1.0,0.000997133241929453,0,1,0,0,0
2019,12,6.821107472256465,3,1,2,0,1.0,0.000997133241929453,0,1,0,0,0
2017,5,7.529406457837013,1,0,2,0,0.0,0.0013710582076529975,0,1,0,0,0
2019,12,6.838405200847344,1,0,15,5,0.13333333333333333,0.0006232082762059081,0,1,0,0,0
2020,3,6.742880635791903,1,0,1,0,0.0,0.009846690764053347,0,1,0,0,0
2021,11,5.44673737166631,1,0,6,5,0.16666666666666666,0.029664713947401222,5,1,0,0,0
2021,8,5.730099782973574,2,1,17,5,0.23529411764705882,0.019693381528106693,5,1,0,0,0
2017,8,7.475905969367397,1,0,17,5,0.11764705882352941,0.002243549794341269,5,1,0,0,0
2021,7,5.796057750765372,1,0,4,5,0.5,0.0003739249657235448,5,1,0,0,0
2019,1,7.144407180321139,1,0,4,2,0.25,0.0001246416552411816,2,1,0,0,0
2020,7,6.570882962339584,1,0,10,5,0.3,0.019693381528106693,2,0,1,0,0
2017,5,7.537430036586509,1,0,40,5,0.125,0.0002492833104823632,2,1,0,0,0
2017,8,7.487173694213739,1,0,9,5,0.0,0.003988532967717812,5,1,0,0,0
2019,11,6.858565034791365,1,0,33,5,0.42424242424242425,0.02492833104823632,5,0,1,0,0
2016,9,7.659642954564682,1,0,2,5,0.0,0.010220615729776892,0,1,0,0,0
2020,7,6.541029999189903,1,0,1,0,0.0,0.0001246416552411816,0,1,0,0,0
2019,10,6.880384082186005,1,0,40,5,0.225,0.019693381528106693,2,1,0,0,0
2021,11,5.37989735354046,1,0,33,6,0.2727272727272727,0.0003739249657235448,5,1,0,0,0
2019,2,7.122059881629142,1,0,42,5,0.19047619047619047,0.005608874485853172,5,1,0,0,0
2016,12,7.6128310304073565,2,1,37,6,0.2972972972972973,0.0036146080019942664,2,1,0,0,0
2021,8,5.683579767338681,1,0,1,5,0.0,0.0013710582076529975,5,1,0,0,0
2021,6,5.902633333401366,2,1,33,5,0.42424242424242425,0.02492833104823632,5,1,0,0,0
2021,6,5.840641657373398,1,0,5,5,0.4,0.0007478499314470896,5,1,0,0,0
2018,3,7.347943823148687,3,1,3,2,0.6666666666666666,0.0001246416552411816,2,1,0,0,0
2021,7,5.796057750765372,1,0,6,2,0.5,0.01171631559267107,2,1,0,0,0
2018,1,7.370860166536716,1,0,1,0,0.0,0.0023681914495824507,0,0,1,0,0
2020,3,6.683360945766275,1,0,6,5,0.5,0.013835223731771158,0,1,0,0,0
2016,7,7.67275789664251,1,0,12,5,0.08333333333333333,0.013710582076529976,0,1,0,0,0
2022,2,4.59511985013459,1,0,1,0,0.0,0.01171631559267107,0,1,0,0,0
2017,3,7.555381944240273,1,0,9,5,0.2222222222222222,0.0007478499314470896,0,1,0,0,0
2020,7,6.523562306149512,1,0,3,5,0.3333333333333333,0.0002492833104823632,0,1,0,0,0
2016,7,7.67275789664251,1,0,63,6,0.09523809523809523,0.013710582076529976,0,1,0,0,0
2020,9,6.411818267709897,1,0,6,5,0.0,0.0036146080019942664,0,1,0,0,0
2016,5,7.692113339595466,1,0,17,5,0.11764705882352941,0.0001246416552411816,0,1,0,0,0
2021,8,5.666426688112432,1,0,20,5,0.4,0.019693381528106693,0,1,0,0,0
2021,9,5.564520407322694,1,0,13,5,0.0,0.0013710582076529975,0,1,0,0,0
2021,11,5.241747015059643,1,0,33,6,0.2727272727272727,0.00311604138102954,0,1,0,0,0
2021,11,5.278114659230517,1,0,10,2,0.0,0.003988532967717812,2,0,1,0,0
2019,2,7.099201743553092,2,1,3,5,1.0,0.013835223731771158,5,1,0,0,0
2017,5,7.521859252201629,1,0,13,6,0.5384615384615384,0.01246416552411816,3,0,1,0,0
2020,1,6.741700694652055,2,1,7,2,0.5714285714285714,0.0002492833104823632,2,1,0,0,0
2018,4,7.316548177182976,1,0,14,5,0.21428571428571427,0.0006232082762059081,5,1,0,0,0
2017,3,7.55171221535131,1,0,48,5,0.020833333333333332,0.0011217748971706345,2,1,0,0,0
2018,11,7.171656822768514,2,1,40,5,0.225,0.003988532967717812,5,1,0,0,0
2015,10,7.780720886117918,1,0,50,7,0.0,0.004487099588682538,5,0,1,0,0
2014,3,8.001689978099135,1,0,2,0,0.0,0.009846690764053347,0,1,0,0,0
2017,6,7.487173694213739,1,0,112,5,0.125,0.010345257385018073,4,0,1,0,0
2019,5,7.014814351275545,1,0,1,0,0.0,0.0002492833104823632,0,1,0,0,0
2019,7,6.93828448401696,2,1,8,5,0.625,0.0003739249657235448,0,1,0,0,0
2018,5,7.293017679772782,1,0,32,5,0.125,0.0014956998628941791,0,1,0,0,0
2021,9,5.472270673671475,1,0,22,6,0.13636363636363635,0.01632805683659479,5,1,0,0,0
2019,11,6.790097235513905,3,1,14,5,0.14285714285714285,0.0008724915866882712,2,1,0,0,0
2019,4,7.014814351275545,2,1,1,5,1.0,0.0007478499314470896,5,1,0,0,0
2020,10,6.352629396319567,1,0,9,3,0.0,0.0002492833104823632,3,0,1,0,0
2021,5,5.8971538676367405,1,0,3,5,0.0,0.0001246416552411816,5,1,0,0,0
2018,11,7.133295954896068,2,1,3,2,0.6666666666666666,0.0002492833104823632,2,1,0,0,0
2019,6,6.96979066990159,1,0,37,6,0.2972972972972973,0.0036146080019942664,5,1,0,0,0
2021,2,6.089044875446846,1,0,6,5,0.0,0.01246416552411816,0,1,0,0,0
2021,1,6.169610732491456,1,0,8,4,0.125,0.003988532967717812,0,1,0,0,0
2020,2,6.698268054115413,2,1,1,5,1.0,0.029664713947401222,5,1,0,0,0
2016,10,7.615791072035833,1,0,13,2,0.07692307692307693,0.001869624828617724,0,1,0,0,0
2017,2,7.5443321080536885,1,0,5,5,0.4,0.0002492833104823632,5,1,0,0,0
2017,12,7.3796321526095525,1,0,6,5,0.0,0.0023681914495824507,5,1,0,0,0
2020,2,6.673297967767654,1,0,19,5,0.3157894736842105,0.006855291038264988,0,1,0,0,0
2020,5,6.586171654854675,1,0,3,2,0.6666666666666666,0.0002492833104823632,0,1,0,0,0
2021,10,5.278114659230517,1,0,20,4,0.0,0.008724915866882713,2,0,1,0,0
2021,1,6.150602768446279,1,0,2,5,0.5,0.0001246416552411816,5,1,0,0,0
2020,10,6.342121418721152,1,0,21,7,0.14285714285714285,0.013835223731771158,4,0,1,0,0
2021,4,5.902633333401366,1,0,63,6,0.09523809523809523,0.0026174747600648134,5,1,0,0,0
2017,5,7.498869733976931,1,0,8,2,0.25,0.009098840832606257,2,0,1,0,0
2016,9,7.62608275807238,1,0,1,2,0.0,0.0036146080019942664,2,1,0,0,0
2018,8,7.203405521083095,1,0,14,5,0.07142857142857142,0.035398230088495575,2,0,1,0,0
2020,12,6.194405391104672,1,0,1,0,0.0,0.0001246416552411816,0,0,1,0,0
2018,4,7.293017679772782,1,0,19,5,0.3157894736842105,0.006855291038264988,0,1,0,0,0
2019,6,6.9363427358340495,1,0,28,5,0.2857142857142857,0.0023681914495824507,0,1,0,0,0
2020,9,6.364750756851911,2,1,17,5,0.7647058823529411,0.0023681914495824507,0,1,0,0,0
2021,11,5.0369526024136295,1,0,17,5,0.11764705882352941,0.01246416552411816,2,1,0,0,0
2010,10,8.345455428161928,2,1,2,2,0.5,0.0021189081391000874,0,1,0,0,0
2017,4,7.507141079727608,1,0,63,6,0.09523809523809523,0.0017449831733765424,5,1,0,0,0
2021,11,5.0369526024136295,1,0,33,6,0.2727272727272727,0.00311604138102954,0,1,0,0,0
2018,6,7.22402480828583,1,0,112,5,0.125,0.010345257385018073,5,1,0,0,0
2020,10,6.26530121273771,1,0,19,5,0.3684210526315789,0.01171631559267107,5,1,0,0,0
2020,5,6.511745329644728,1,0,13,2,0.15384615384615385,0.013710582076529976,0,1,0,0,0
2020,9,6.329720905522696,1,0,63,6,0.09523809523809523,0.0026174747600648134,0,1,0,0,0
2020,1,6.682108597449809,1,0,2,0,0.0,0.0021189081391000874,0,0,1,0,0
2019,10,6.813444599510896,1,0,8,3,0.125,0.0038638913124766296,0,1,0,0,0
2019,4,6.9975959829819265,1,0,50,7,0.0,0.0013710582076529975,2,1,0,0,0
2020,1,6.678342114654332,1,0,13,5,0.15384615384615385,0.0038638913124766296,0,1,0,0,0
2021,9,5.247024072160486,1,0,22,5,0.0,0.013710582076529976,2,0,1,0,0
2021,2,5.991464547107982,1,0,5,0,0.0,0.0001246416552411816,0,0,1,0,0
2021,7,5.560681631015528,2,1,14,5,0.35714285714285715,0.013710582076529976,0,1,0,0,0
2021,3,5.918893854273146,1,0,8,5,0.125,0.013835223731771158,5,1,0,0,0
2021,12,4.727387818712341,1,0,87,5,0.25287356321839083,0.019693381528106693,5,1,0,0,0
2017,1,7.5406215286571525,1,0,14,5,0.21428571428571427,0.0013710582076529975,2,0,1,0,0
2020,4,6.580639137284949,1,0,8,5,0.25,0.009846690764053347,0,1,0,0,0
2020,10,6.2766434893416445,1,0,9,3,0.0,0.0038638913124766296,0,1,0,0,0
2018,4,7.2640301428995295,1,0,3,0,0.0,0.009846690764053347,0,1,0,0,0
2018,10,7.138866999945524,1,0,21,5,0.047619047619047616,0.003988532967717812,2,1,0,0,0
2017,9,7.409741954080923,1,0,87,5,0.25287356321839083,0.019693381528106693,5,0,1,0,0
2020,8,6.3835066348840055,1,0,1,0,0.0,0.009846690764053347,0,1,0,0,0
2019,8,6.852242569051878,1,0,6,5,0.16666666666666666,0.006107441106817898,0,1,0,0,0
2019,3,6.993932975223189,1,0,2,0,0.0,0.006107441106817898,0,1,0,0,0
2020,10,6.222576268071369,1,0,69,5,0.0,0.0007478499314470896,0,1,0,0,0
2018,6,7.213768308118642,2,1,23,5,0.391304347826087,0.0003739249657235448,0,1,0,0,0
2019,6,6.90875477931522,1,0,37,6,0.2972972972972973,0.0036146080019942664,0,1,0,0,0
2020,10,6.2422232654551655,1,0,1,0,0.0,0.013835223731771158,0,1,0,0,0
2020,12,6.135564891081739,1,0,59,7,0.0,0.0007478499314470896,0,1,0,0,0
2020,3,6.60934924316738,1,0,8,5,0.0,0.006855291038264988,2,0,1,0,0
2019,4,6.984716320118266,1,0,50,7,0.0,0.0013710582076529975,5,1,0,0,0
2020,8,6.340359303727752,1,0,42,5,0.19047619047619047,0.005608874485853172,2,1,0,0,0
2017,4,7.475339236566737,1,0,63,6,0.09523809523809523,0.013710582076529976,5,1,0,0,0
2019,4,6.9440872082295275,1,0,4,0,0.0,0.02492833104823632,0,1,0,0,0
2020,1,6.6293632534374485,1,0,2,0,0.0,0.02492833104823632,0,1,0,0,0
2019,7,6.873163834212518,1,0,50,7,0.0,0.0038638913124766296,0,1,0,0,0
2020,9,6.26530121273771,1,0,63,6,0.09523809523809523,0.0026174747600648134,5,1,0,0,0
2019,4,6.9440872082295275,1,0,4,0,0.0,0.009472765798329803,0,1,0,0,0
2019,11,6.716594773520978,1,0,1,0,0.0,0.0038638913124766296,0,1,0,0,0
2020,1,6.6293632534374485,1,0,2,0,0.0,0.009472765798329803,0,1,0,0,0
2019,10,6.7580945044277305,1,0,8,2,0.375,0.0003739249657235448,2,0,1,0,0
2021,6,5.501258210544727,1,0,112,5,0.125,0.010345257385018073,5,1,0,0,0
2018,9,7.144407180321139,1,0,4,2,0.0,0.0038638913124766296,0,0,1,0,0
2021,9,5.1647859739235145,1,0,5,0,0.0,0.008724915866882713,0,0,1,0,0
2021,3,5.8805329864007,1,0,54,5,0.14814814814814814,0.004861024554406083,0,1,0,0,0
2021,5,5.683579767338681,1,0,1,0,0.0,0.01246416552411816,0,1,0,0,0
2021,3,5.823045895483019,1,0,21,6,0.047619047619047616,0.019693381528106693,0,1,0,0,0
2020,5,6.480044561926653,1,0,1,2,0.0,0.009472765798329803,2,1,0,0,0
2017,10,7.362010551259734,1,0,6,5,0.6666666666666666,0.0034899663467530847,2,1,0,0,0
2019,6,6.880384082186005,1,0,37,6,0.2972972972972973,0.009472765798329803,0,1,0,0,0
2016,10,7.581209826196346,1,0,4,2,0.0,0.009472765798329803,0,1,0,0,0
2016,10,7.581209826196346,1,0,4,2,0.0,0.013835223731771158,0,1,0,0,0
2018,9,7.134093721192866,1,0,13,2,0.15384615384615385,0.0006232082762059081,0,1,0,0,0
2019,6,6.880384082186005,2,1,37,6,0.2972972972972973,0.0007478499314470896,0,1,0,0,0
2019,9,6.799055862058796,1,0,45,5,0.2222222222222222,0.01171631559267107,0,1,0,0,0
2019,9,6.799055862058796,1,0,45,5,0.2222222222222222,0.009472765798329803,0,1,0,0,0
2018,9,7.134093721192866,1,0,13,2,0.15384615384615385,0.009472765798329803,0,1,0,0,0
2020,4,6.530877627725885,1,0,4,2,0.25,0.006107441106817898,0,1,0,0,0
2017,6,7.434847875211999,1,0,32,5,0.125,0.0007478499314470896,0,1,0,0,0
2021,12,4.248495242049359,1,0,87,5,0.25287356321839083,0.019693381528106693,5,1,0,0,0
2020,8,6.2766434893416445,1,0,42,5,0.19047619047619047,0.0021189081391000874,0,1,0,0,0
2018,9,7.1276936993473985,1,0,1,0,0.0,0.009846690764053347,0,1,0,0,0
2019,9,6.775366090936392,1,0,45,5,0.2222222222222222,0.009472765798329803,0,1,0,0,0
2021,6,5.365976015021851,1,0,2,0,0.0,0.0036146080019942664,0,1,0,0,0
2021,5,5.560681631015528,1,0,15,5,0.26666666666666666,0.013710582076529976,0,1,0,0,0
2021,5,5.529429087511423,1,0,8,5,0.375,0.013835223731771158,5,1,0,0,0
2021,7,5.241747015059643,1,0,8,5,0.0,0.029664713947401222,5,1,0,0,0
2021,6,5.384495062789089,1,0,3,5,0.0,0.00461174124392372,5,1,0,0,0
2018,9,7.1049654482698426,1,0,17,5,0.23529411764705882,0.019693381528106693,2,0,1,0,0
2016,10,7.553810852008231,1,0,17,5,0.23529411764705882,0.0026174747600648134,0,1,0,0,0
2019,5,6.895682697747868,1,0,12,5,0.16666666666666666,0.009472765798329803,0,1,0,0,0
2019,6,6.851184927493743,1,0,8,5,0.0,0.006107441106817898,0,1,0,0,0
2021,6,5.3471075307174685,1,0,112,5,0.125,0.010345257385018073,0,1,0,0,0
2019,5,6.895682697747868,1,0,12,5,0.16666666666666666,0.01171631559267107,0,1,0,0,0
2018,9,7.110696122978827,1,0,19,5,0.05263157894736842,0.0007478499314470896,5,1,0,0,0
2018,5,7.203405521083095,1,0,6,2,0.16666666666666666,0.009472765798329803,0,0,1,0,0
2019,4,6.90875477931522,1,0,14,5,0.07142857142857142,0.01246416552411816,5,1,0,0,0
2016,10,7.553810852008231,1,0,17,5,0.23529411764705882,0.0021189081391000874,0,1,0,0,0
2021,11,4.248495242049359,1,0,32,3,0.0,0.0007478499314470896,0,0,1,0,0
2021,5,5.53338948872752,1,0,54,5,0.14814814814814814,0.004861024554406083,0,1,0,0,0
2020,10,6.104793232414985,1,0,3,5,0.0,0.006107441106817898,2,1,0,0,0
2019,8,6.774223886357614,1,0,14,5,0.14285714285714285,0.003988532967717812,2,1,0,0,0
2020,9,6.1675164908883415,1,0,3,0,0.0,0.0038638913124766296,0,1,0,0,0
2017,3,7.475339236566737,1,0,48,5,0.020833333333333332,0.0038638913124766296,0,1,0,0,0
2020,12,5.991464547107982,1,0,14,5,0.14285714285714285,0.009472765798329803,5,1,0,0,0
2021,7,5.1647859739235145,1,0,17,5,0.058823529411764705,0.00461174124392372,0,1,0,0,0
2021,7,5.204006687076795,1,0,17,5,0.11764705882352941,0.01246416552411816,0,1,0,0,0
2020,12,5.991464547107982,1,0,14,5,0.14285714285714285,0.0008724915866882712,5,1,0,0,0
2019,7,6.805722553416985,1,0,10,5,0.0,0.006107441106817898,0,1,0,0,0
2017,11,7.312553498102598,1,0,2,0,0.0,0.009472765798329803,0,1,0,0,0
2017,11,7.312553498102598,1,0,2,0,0.0,0.0036146080019942664,0,1,0,0,0
2017,6,7.416378479192928,1,0,40,5,0.225,0.009846690764053347,0,1,0,0,0
2020,12,5.8971538676367405,1,0,112,5,0.125,0.0038638913124766296,0,1,0,0,0
2017,11,7.311886164077165,1,0,15,6,0.0,0.013835223731771158,5,0,1,0,0
2019,9,6.727431724850855,1,0,9,5,0.1111111111111111,0.009846690764053347,0,1,0,0,0
2021,11,3.5553480614894135,1,0,10,2,0.0,0.003988532967717812,0,0,1,0,0
2019,12,6.591673732008658,1,0,15,2,0.13333333333333333,0.019693381528106693,0,0,1,0,0
2018,3,7.21890970761906,1,0,24,5,0.375,0.01246416552411816,2,1,0,0,0
2010,11,8.3030093814735,1,0,6,5,0.16666666666666666,0.005110307864888446,2,1,0,0,0
2019,3,6.922643891475888,2,1,5,2,0.4,0.0038638913124766296,0,1,0,0,0
2021,3,5.60947179518496,2,1,5,5,0.8,0.006107441106817898,5,1,0,0,0
2020,1,6.546785410760524,1,0,29,5,0.0,0.006107441106817898,0,1,0,0,0
2021,3,5.638354669333745,1,0,54,5,0.14814814814814814,0.004861024554406083,0,1,0,0,0
2021,3,5.60947179518496,2,1,5,5,0.8,0.0034899663467530847,5,1,0,0,0
2020,4,6.39024066706535,1,0,13,3,0.0,0.009472765798329803,0,1,0,0,0
2016,3,7.640123172695364,1,0,59,7,0.0,0.009472765798329803,0,0,1,0,0
2021,6,5.123963979403259,1,0,22,6,0.13636363636363635,0.005982799451576717,5,1,0,0,0
2016,1,7.669961995473577,1,0,10,5,0.2,0.0002492833104823632,5,1,0,0,0
2017,11,7.307202314764738,1,0,5,2,0.0,0.006107441106817898,0,1,0,0,0
2019,7,6.7580945044277305,1,0,8,5,0.125,0.013835223731771158,5,1,0,0,0
2017,8,7.366445148327599,1,0,1,0,0.0,0.006107441106817898,0,1,0,0,0
2018,3,7.21890970761906,1,0,28,5,0.2857142857142857,0.000997133241929453,3,0,1,0,0
2019,11,6.621405651764134,1,0,4,0,0.0,0.005608874485853172,0,0,1,0,0
2021,10,3.7376696182833684,1,0,3,5,0.0,0.0012464165524118161,0,1,0,0,0
2020,10,6.0063531596017325,1,0,15,6,0.0,0.013835223731771158,2,0,1,0,0
2019,7,6.767343125265392,1,0,17,5,0.058823529411764705,0.009472765798329803,0,1,0,0,0
2020,10,5.988961416889864,1,0,17,5,0.23529411764705882,0.0011217748971706345,4,0,1,0,0
2020,10,5.991464547107982,1,0,8,5,0.25,0.009472765798329803,5,1,0,0,0
2010,7,8.329416783939319,1,0,1,2,0.0,0.0021189081391000874,2,1,0,0,0
2019,12,6.580639137284949,1,0,17,5,0.11764705882352941,0.0004985666209647265,2,0,1,0,0
2018,6,7.144407180321139,1,0,63,6,0.09523809523809523,0.009098840832606257,5,1,0,0,0
2019,6,6.79794041297493,1,0,10,5,0.0,0.013710582076529976,5,1,0,0,0
2019,10,6.618738983517219,1,0,7,5,0.0,0.0003739249657235448,2,1,0,0,0
2014,1,7.962763930168115,1,0,38,5,0.34210526315789475,0.013710582076529976,0,1,0,0,0
2021,6,4.997212273764115,1,0,19,5,0.3684210526315789,0.01171631559267107,5,1,0,0,0
2020,4,6.352629396319567,1,0,6,5,0.5,0.0003739249657235448,0,0,1,0,0
2017,10,7.302496423727326,1,0,33,6,0.2727272727272727,0.00311604138102954,5,1,0,0,0
2016,1,7.656337166430183,1,0,1,0,0.0,0.0021189081391000874,0,1,0,0,0
2020,10,5.953243334287785,1,0,8,5,0.0,0.009846690764053347,0,1,0,0,0
2008,11,8.462948176563842,1,0,54,5,0.14814814814814814,0.004861024554406083,2,0,1,0,0
2021,4,5.3471075307174685,1,0,10,5,0.4,0.019693381528106693,0,1,0,0,0
2016,1,7.653494909661253,1,0,8,5,0.125,0.0001246416552411816,5,1,0,0,0
2018,3,7.20414929203594,1,0,8,4,0.125,0.009472765798329803,0,1,0,0,0
2018,6,7.133295954896068,1,0,6,5,0.5,0.0023681914495824507,5,1,0,0,0
2018,11,6.983789965258135,1,0,4,3,0.25,0.0021189081391000874,0,1,0,0,0
2018,10,7.020190708311925,1,0,12,5,0.08333333333333333,0.009472765798329803,0,1,0,0,0
2019,11,6.561030665896573,1,0,112,5,0.125,0.0038638913124766296,0,1,0,0,0
2016,2,7.639642287858013,1,0,1,0,0.0,0.009472765798329803,0,0,1,0,0
2021,3,5.4116460518550396,1,0,1,5,0.0,0.001869624828617724,5,1,0,0,0
2020,9,6.025865973825314,1,0,63,6,0.09523809523809523,0.009472765798329803,0,1,0,0,0
2019,8,6.673297967767654,1,0,6,5,0.0,0.013835223731771158,3,0,1,0,0
2020,1,6.472346294500901,1,0,4,0,0.0,0.009846690764053347,0,1,0,0,0
2019,10,6.6293632534374485,1,0,13,5,0.3076923076923077,0.013710582076529976,2,1,0,0,0
2019,3,6.858565034791365,1,0,87,5,0.25287356321839083,0.019693381528106693,5,1,0,0,0
2016,12,7.487173694213739,1,0,12,5,0.16666666666666666,0.013710582076529976,2,1,0,0,0
2018,3,7.171656822768514,1,0,87,5,0.25287356321839083,0.009846690764053347,0,1,0,0,0
2021,2,5.5053315359323625,1,0,6,5,0.0,0.0036146080019942664,0,1,0,0,0
2016,6,7.577121930876679,1,0,1,0,0.0,0.006107441106817898,0,1,0,0,0
2019,6,6.7580945044277305,1,0,112,5,0.125,0.010345257385018073,4,0,1,0,0
2021,1,5.659482215759621,1,0,9,5,0.1111111111111111,0.000997133241929453,0,1,0,0,0
2017,4,7.396948602621014,1,0,1,0,0.0,0.0003739249657235448,0,0,1,0,0
2019,1,6.873163834212518,1,0,8,5,0.25,0.0023681914495824507,3,0,1,0,0
2020,11,5.752572638825633,1,0,24,5,0.375,0.006107441106817898,2,1,0,0,0
2018,2,7.182352111885263,2,1,2,2,0.5,0.0016203415181353608,2,1,0,0,0
2019,11,6.511745329644728,1,0,33,5,0.42424242424242425,0.009472765798329803,0,1,0,0,0
2021,2,5.313205979041787,1,0,22,5,0.5,0.0028667580705471767,5,1,0,0,0
2020,12,5.634789603169249,1,0,2,2,0.0,0.0038638913124766296,0,1,0,0,0
2017,3,7.413970290190444,1,0,1,0,0.0,0.0001246416552411816,0,1,0,0,0
2021,4,5.081404364984463,2,1,1,0,1.0,0.0007478499314470896,0,1,0,0,0
2019,9,6.60934924316738,1,0,45,5,0.2222222222222222,0.01171631559267107,4,0,1,0,0
2021,2,5.3471075307174685,1,0,12,2,0.0,0.01246416552411816,0,0,1,0,0
2020,5,6.194405391104672,1,0,14,5,0.07142857142857142,0.009472765798329803,0,1,0,0,0
2020,11,5.707110264748875,1,0,1,2,0.0,0.01246416552411816,2,0,1,0,0
2016,5,7.577121930876679,1,0,48,5,0.020833333333333332,0.0001246416552411816,2,1,0,0,0
2019,4,6.7661917146603505,1,0,2,5,0.0,0.029664713947401222,0,1,0,0,0
2019,11,6.489204931325317,1,0,4,3,0.25,0.0021189081391000874,0,0,1,0,0
2019,6,6.71295620067707,1,0,1,2,0.0,0.006107441106817898,2,1,0,0,0
2020,11,5.69035945432406,1,0,8,5,0.0,0.006107441106817898,0,1,0,0,0
2019,6,6.690842277418564,1,0,37,6,0.2972972972972973,0.009472765798329803,0,1,0,0,0
2019,1,6.873163834212518,1,0,14,5,0.14285714285714285,0.0012464165524118161,5,1,0,0,0
2020,2,6.327936783729195,1,0,19,5,0.3157894736842105,0.009846690764053347,0,1,0,0,0
2019,3,6.814542897259958,1,0,2,5,0.0,0.009472765798329803,2,1,0,0,0
2018,3,7.138866999945524,1,0,24,5,0.375,0.01246416552411816,2,1,0,0,0
2020,5,6.180016653652572,1,0,9,5,0.5555555555555556,0.006855291038264988,5,1,0,0,0
2018,11,6.92951677076365,1,0,2,2,0.0,0.006107441106817898,0,0,1,0,0
2020,5,6.163314804034641,1,0,112,5,0.125,0.0038638913124766296,0,1,0,0,0
2019,6,6.682108597449809,1,0,2,5,0.0,0.0006232082762059081,2,0,1,0,0
2016,5,7.569927655242652,1,0,11,5,0.2727272727272727,0.013710582076529976,2,0,1,0,0
2020,1,6.352629396319567,1,0,9,3,0.0,0.0007478499314470896,0,1,0,0,0
2017,6,7.334981878871814,1,0,1,0,0.0,0.009846690764053347,0,0,1,0,0
2020,3,6.249975242259483,1,0,8,5,0.125,0.009846690764053347,5,1,0,0,0
2019,11,6.4425401664681985,1,0,5,5,0.0,0.029664713947401222,5,1,0,0,0
2019,5,6.682108597449809,1,0,1,0,0.0,0.009472765798329803,0,1,0,0,0
2019,9,6.553933404025811,1,0,5,5,0.2,0.006107441106817898,0,1,0,0,0
2019,9,6.520621127558696,1,0,19,5,0.3684210526315789,0.013710582076529976,2,1,0,0,0
2019,6,6.646390514847729,1,0,20,5,0.4,0.019693381528106693,5,1,0,0,0
2019,9,6.543911845564792,1,0,13,5,0.5384615384615384,0.0006232082762059081,5,1,0,0,0
2017,8,7.27931883541462,1,0,87,5,0.25287356321839083,0.019693381528106693,2,1,0,0,0
2021,3,5.043425116919247,1,0,54,5,0.14814814814814814,0.004861024554406083,5,1,0,0,0
2016,10,7.463363045520021,1,0,3,5,0.0,0.006107441106817898,0,0,1,0,0
2020,10,5.707110264748875,1,0,9,3,0.0,0.0038638913124766296,0,1,0,0,0
2017,9,7.268920128193722,1,0,3,3,0.0,0.006107441106817898,0,1,0,0,0
2016,10,7.473637108496206,1,0,28,5,0.2857142857142857,0.0038638913124766296,0,1,0,0,0
2018,10,6.915723448631314,1,0,40,5,0.225,0.009846690764053347,0,1,0,0,0
2017,6,7.311886164077165,1,0,3,5,0.0,0.0036146080019942664,2,1,0,0,0
2020,4,6.142037405587356,1,0,1,0,0.0,0.006107441106817898,0,1,0,0,0
2017,11,7.208600337960199,1,0,38,5,0.34210526315789475,0.013710582076529976,2,1,0,0,0
2020,7,5.908082938168931,1,0,7,2,0.0,0.009472765798329803,0,1,0,0,0
2021,3,4.852030263919617,1,0,8,5,0.0,0.029664713947401222,5,1,0,0,0
2020,3,6.19644412779452,1,0,17,5,0.5882352941176471,0.0001246416552411816,2,0,1,0,0
2018,11,6.874198495453294,1,0,26,5,0.23076923076923078,0.009472765798329803,0,1,0,0,0
2018,7,7.00850518208228,1,0,17,5,0.23529411764705882,0.019693381528106693,2,1,0,0,0
2018,4,7.075808863978387,1,0,18,5,0.2222222222222222,0.009472765798329803,0,0,1,0,0
2017,11,7.213768308118642,1,0,22,5,0.18181818181818182,0.0036146080019942664,5,1,0,0,0
2019,7,6.5998704992128365,1,0,7,2,0.0,0.009472765798329803,0,1,0,0,0
2018,7,6.98933526597456,1,0,2,5,0.0,0.029664713947401222,5,1,0,0,0
2018,2,7.122866658599083,1,0,5,5,0.8,0.0001246416552411816,2,1,0,0,0
2020,11,5.501258210544727,2,1,7,4,0.14285714285714285,0.0038638913124766296,2,0,1,0,0
2020,3,6.180016653652572,1,0,27,5,0.25925925925925924,0.009472765798329803,5,1,0,0,0
2018,3,7.110696122978827,1,0,11,5,0.18181818181818182,0.003739249657235448,2,1,0,0,0
2017,4,7.340186835320115,1,0,9,5,0.1111111111111111,0.013835223731771158,5,1,0,0,0
2017,10,7.208600337960199,1,0,2,2,0.0,0.009846690764053347,0,0,1,0,0
2017,8,7.239214973779806,1,0,40,5,0.225,0.009846690764053347,0,1,0,0,0
2019,10,6.411818267709897,1,0,6,5,0.5,0.010220615729776892,5,1,0,0,0
2020,4,6.073044534100405,1,0,4,2,0.25,0.002243549794341269,0,0,1,0,0
2020,1,6.236369590203704,1,0,10,5,0.3,0.019693381528106693,5,1,0,0,0
2018,5,7.029972911706386,1,0,2,0,0.5,0.009472765798329803,0,1,0,0,0
2016,1,7.584264818389059,1,0,1,0,0.0,0.0001246416552411816,0,0,1,0,0
2018,6,6.98933526597456,1,0,112,5,0.125,0.0038638913124766296,0,1,0,0,0
2020,2,6.180016653652572,1,0,8,5,0.125,0.009472765798329803,0,1,0,0,0
2018,10,6.858565034791365,1,0,14,5,0.14285714285714285,0.0012464165524118161,2,1,0,0,0
2019,11,6.336825731146441,1,0,33,5,0.42424242424242425,0.009472765798329803,0,1,0,0,0
2017,4,7.316548177182976,1,0,87,5,0.25287356321839083,0.019693381528106693,2,1,0,0,0
2020,12,5.10594547390058,1,0,54,5,0.14814814814814814,0.009472765798329803,0,1,0,0,0
2017,4,7.326465613840322,1,0,4,2,0.0,0.009472765798329803,0,1,0,0,0
2019,4,6.675823221634848,1,0,50,7,0.0,0.0013710582076529975,5,1,0,0,0
2019,12,6.302618975744905,1,0,9,3,0.0,0.006107441106817898,0,0,1,0,0
2016,9,7.451241684987676,1,0,9,5,0.2222222222222222,0.010220615729776892,5,1,0,0,0
2018,12,6.799055862058796,1,0,69,5,0.0,0.009472765798329803,0,1,0,0,0
2019,6,6.582025138892826,1,0,5,2,0.4,0.009472765798329803,0,1,0,0,0
2019,2,6.725033642166843,1,0,3,2,0.0,0.0002492833104823632,2,1,0,0,0
2018,3,7.0587581525186645,1,0,9,5,0.0,0.009472765798329803,0,1,0,0,0
2018,2,7.081708586105575,1,0,14,5,0.14285714285714285,0.003988532967717812,2,1,0,0,0
2018,2,7.081708586105575,1,0,14,5,0.14285714285714285,0.003988532967717812,2,1,0,0,0
2019,4,6.646390514847729,1,0,9,5,0.0,0.003988532967717812,3,0,1,0,0
2020,10,5.472270673671475,1,0,11,2,0.09090909090909091,0.0043624579334413565,2,0,1,0,0
2020,6,5.799092654460526,1,0,7,5,0.14285714285714285,0.013710582076529976,5,1,0,0,0
2016,12,7.392647520721623,1,0,3,5,0.0,0.006855291038264988,3,0,1,0,0
2019,8,6.480044561926653,1,0,3,5,0.0,0.0002492833104823632,2,1,0,0,0
2019,6,6.541029999189903,1,0,6,3,0.16666666666666666,0.000997133241929453,2,1,0,0,0
2016,7,7.483806687665835,1,0,63,6,0.09523809523809523,0.009472765798329803,0,1,0,0,0
2016,2,7.5443321080536885,1,0,6,5,0.0,0.0007478499314470896,2,0,1,0,0
2020,7,5.634789603169249,1,0,8,2,0.375,0.006107441106817898,0,1,0,0,0
2020,8,5.442417710521793,1,0,29,5,0.0,0.0004985666209647265,3,0,1,0,0
2020,8,5.442417710521793,1,0,42,5,0.19047619047619047,0.005608874485853172,5,1,0,0,0
2018,2,7.0587581525186645,1,0,20,5,0.15,0.009472765798329803,0,1,0,0,0
2018,4,7.002155954403621,1,0,9,5,0.0,0.003988532967717812,4,0,1,0,0
2018,10,6.799055862058796,1,0,15,5,0.13333333333333333,0.0017449831733765424,2,1,0,0,0
2019,4,6.5998704992128365,1,0,19,5,0.21052631578947367,0.006107441106817898,0,1,0,0,0
2017,5,7.264730177929867,1,0,3,0,0.3333333333333333,0.006107441106817898,0,1,0,0,0
2020,6,5.683579767338681,1,0,10,5,0.3,0.0008724915866882712,5,1,0,0,0
2018,12,6.74993119378857,1,0,32,5,0.125,0.0003739249657235448,5,0,1,0,0
2019,9,6.352629396319567,1,0,42,5,0.19047619047619047,0.0012464165524118161,5,1,0,0,0
2018,2,7.057897937411856,1,0,5,5,0.2,0.0021189081391000874,0,1,0,0,0
2016,11,7.383989457978509,1,0,7,2,0.42857142857142855,0.0012464165524118161,2,0,1,0,0
2020,5,5.786897381366708,1,0,54,5,0.14814814814814814,0.013710582076529976,5,1,0,0,0
2019,6,6.498282149476434,1,0,3,0,0.0,0.006107441106817898,0,1,0,0,0
2020,6,5.68697535633982,1,0,14,5,0.35714285714285715,0.013710582076529976,5,1,0,0,0
2021,3,3.295836866004329,1,0,29,5,0.0,0.0001246416552411816,4,0,1,0,0
2020,12,4.718498871295094,2,1,112,5,0.125,0.0038638913124766296,2,1,0,0,0
2018,10,6.805722553416985,1,0,42,5,0.19047619047619047,0.0021189081391000874,0,1,0,0,0
2018,9,6.822197390620491,1,0,13,2,0.15384615384615385,0.009472765798329803,0,1,0,0,0
2017,4,7.278628942320682,1,0,10,5,0.0,0.003988532967717812,3,0,1,0,0
2017,5,7.253470382684528,1,0,17,5,0.058823529411764705,0.02492833104823632,2,1,0,0,0
2017,3,7.288927694521257,1,0,9,5,0.0,0.009472765798329803,0,1,0,0,0
2017,9,7.166265974133638,1,0,1,0,0.0,0.006107441106817898,0,1,0,0,0
2020,6,5.638354669333745,1,0,5,5,0.0,0.009472765798329803,0,1,0,0,0
2020,7,5.583496308781699,1,0,13,5,0.0,0.0013710582076529975,5,1,0,0,0
2009,6,8.369157112588834,1,0,6,5,0.16666666666666666,0.005110307864888446,0,1,0,0,0
2017,3,7.284820912568604,1,0,1,0,0.0,0.0021189081391000874,0,1,0,0,0
2019,3,6.618738983517219,1,0,21,6,0.047619047619047616,0.009846690764053347,0,0,1,0,0
2020,6,5.5053315359323625,1,0,4,2,0.0,0.02492833104823632,2,0,1,0,0
2020,11,4.653960350157523,1,0,20,4,0.0,0.029664713947401222,3,0,1,0,0
2018,4,6.964135612418245,1,0,13,5,0.15384615384615385,0.0006232082762059081,2,1,0,0,0
2020,10,4.941642422609304,1,0,9,3,0.0,0.0038638913124766296,0,1,0,0,0
2020,12,4.343805421853684,1,0,22,5,0.0,0.0003739249657235448,2,0,1,0,0
2018,9,6.774223886357614,1,0,13,6,0.5384615384615384,0.009846690764053347,0,1,0,0,0
2019,7,6.38856140554563,1,0,14,5,0.14285714285714285,0.0012464165524118161,3,0,1,0,0
2018,12,6.690842277418564,1,0,32,5,0.125,0.0007478499314470896,0,1,0,0,0
2016,7,7.424165281042028,1,0,63,6,0.09523809523809523,0.013710582076529976,5,1,0,0,0
2018,3,6.976348070447749,1,0,10,5,0.0,0.006107441106817898,0,1,0,0,0
2020,7,5.318119993844216,1,0,3,5,0.0,0.009846690764053347,0,1,0,0,0
2019,6,6.436150368369428,1,0,37,6,0.2972972972972973,0.02492833104823632,5,1,0,0,0
2020,1,5.971261839790462,1,0,9,3,0.0,0.0001246416552411816,0,0,1,0,0
2009,6,8.360539381370861,1,0,6,5,0.16666666666666666,0.005110307864888446,5,1,0,0,0
2020,4,5.733341276897746,1,0,5,5,0.0,0.02492833104823632,5,1,0,0,0
2019,10,6.208590026096629,1,0,19,5,0.3157894736842105,0.009846690764053347,0,1,0,0,0
2020,7,5.4116460518550396,1,0,14,5,0.14285714285714285,0.009472765798329803,0,1,0,0,0
2017,6,7.1929342212158,1,0,17,5,0.058823529411764705,0.009472765798329803,0,1,0,0,0
2020,6,5.5093883366279774,1,0,6,2,0.3333333333333333,0.006107441106817898,0,1,0,0,0
2020,1,5.937536205082426,1,0,11,5,0.18181818181818182,0.009472765798329803,0,1,0,0,0
2020,9,4.955827057601261,1,0,19,5,0.3684210526315789,0.009472765798329803,0,1,0,0,0
2020,1,5.953243334287785,1,0,17,5,0.23529411764705882,0.019693381528106693,0,0,1,0,0
2020,4,5.69035945432406,1,0,6,5,0.0,0.0036146080019942664,5,1,0,0,0
2020,2,5.877735781779639,1,0,5,2,0.2,0.013835223731771158,2,0,1,0,0
2018,7,6.834108738813838,1,0,4,2,0.25,0.0036146080019942664,2,1,0,0,0
2018,10,6.74993119378857,1,0,21,5,0.047619047619047616,0.003988532967717812,5,1,0,0,0
2018,10,6.725033642166843,1,0,40,5,0.225,0.019693381528106693,2,1,0,0,0
2019,4,6.478509642208569,1,0,5,2,0.0,0.009846690764053347,0,1,0,0,0
2018,7,6.851184927493743,1,0,11,5,0.45454545454545453,0.013710582076529976,2,1,0,0,0
2020,4,5.683579767338681,1,0,3,5,0.3333333333333333,0.0012464165524118161,5,1,0,0,0
2014,2,7.836369760545124,1,0,1,0,0.0,0.0007478499314470896,0,1,0,0,0
2019,6,6.352629396319567,1,0,2,0,0.0,0.009846690764053347,0,1,0,0,0
2016,7,7.405495663199472,1,0,12,5,0.08333333333333333,0.013710582076529976,4,0,1,0,0
2018,12,6.637258031284457,1,0,32,5,0.125,0.0003739249657235448,2,1,0,0,0
2017,3,7.239214973779806,1,0,9,5,0.3333333333333333,0.013835223731771158,2,1,0,0,0
2018,11,6.673297967767654,1,0,19,5,0.0,0.005110307864888446,3,0,1,0,0
2017,10,7.069874128458572,1,0,33,6,0.2727272727272727,0.00311604138102954,2,1,0,0,0
2017,10,7.069874128458572,1,0,33,6,0.2727272727272727,0.00311604138102954,5,1,0,0,0
2018,11,6.664409020350408,1,0,33,6,0.2727272727272727,0.00311604138102954,5,1,0,0,0
2018,8,6.7580945044277305,1,0,6,5,0.16666666666666666,0.029664713947401222,2,0,1,0,0
2017,6,7.160845906664299,1,0,32,5,0.125,0.0007478499314470896,0,1,0,0,0
2009,1,8.385716828627851,1,0,2,5,0.0,0.011217748971706343,5,0,1,0,0
2007,1,8.539932678385727,1,0,7,5,0.0,0.0004985666209647265,0,0,1,0,0
2006,3,8.593227877692234,1,0,10,5,0.3,0.0008724915866882712,5,0,1,0,0
2008,3,8.446770727119691,1,0,10,5,0.3,0.0008724915866882712,3,0,1,0,0
2010,10,8.22389538017882,1,0,10,5,0.3,0.0008724915866882712,2,1,0,0,0
2013,10,7.872073979866873,1,0,10,5,0.3,0.0008724915866882712,2,0,1,0,0
2009,6,8.350666240520924,1,0,4,0,0.0,0.0021189081391000874,0,1,0,0,0
2013,9,7.8826922062890254,1,0,1,2,0.0,0.035398230088495575,2,0,1,0,0
2006,6,8.57583938684897,1,0,1,2,0.0,0.02492833104823632,2,0,1,0,0
1998,6,9.017119634313227,1,0,7,5,0.0,0.0004985666209647265,5,0,1,0,0
2001,3,8.884748726451182,1,0,7,5,0.0,0.0004985666209647265,2,0,1,0,0
2004,10,8.687273461787838,1,0,7,5,0.0,0.0004985666209647265,2,0,1,0,0
2006,5,8.58260632996447,1,0,2,5,0.0,0.0001246416552411816,5,0,1,0,0
2007,8,8.492285555710053,1,0,5,5,0.0,0.010594540695500436,5,0,1,0,0
2011,11,8.114922974204593,1,0,2,4,0.5,0.004736382899164901,4,0,1,0,0
2015,12,7.526178913346146,1,0,2,4,0.0,0.0021189081391000874,4,0,1,0,0
2009,11,8.30844552038576,1,0,5,5,0.0,0.010594540695500436,4,0,1,0,0
2020,9,4.74493212836325,1,0,2,0,0.0,0.0038638913124766296,0,1,0,0,0
2020,9,4.736198448394496,1,0,4,2,0.0,0.0038638913124766296,0,1,0,0,0
2020,12,3.332204510175204,1,0,1,0,0.0,0.0038638913124766296,0,1,0,0,0
2017,11,7.046647277848756,2,1,3,0,0.3333333333333333,0.0038638913124766296,0,1,0,0,0
2017,10,7.074963197966044,1,0,22,5,0.18181818181818182,0.009472765798329803,0,1,0,0,0
2016,5,7.430114138561801,1,0,32,3,0.0,0.009846690764053347,0,1,0,0,0
2009,9,8.325063693631197,1,0,23,5,0.0,0.009472765798329803,0,0,1,0,0
2002,4,8.831565879121063,1,0,69,5,0.0,0.009472765798329803,0,0,1,0,0
2002,7,8.81537000096066,1,0,6,5,0.0,0.009472765798329803,0,0,1,0,0
2008,10,8.403352374992478,1,0,9,2,0.0,0.009472765798329803,0,0,1,0,0
2010,7,8.251924713801357,1,0,6,5,0.0,0.009472765798329803,0,0,1,0,0
2018,8,6.759255270663693,1,0,13,2,0.15384615384615385,0.009472765798329803,0,1,0,0,0
2006,8,8.56522116042682,1,0,1,0,0.0,0.0001246416552411816,0,0,1,0,0
2018,10,6.706862336602747,1,0,4,5,0.0,0.009846690764053347,0,0,1,0,0
2018,10,6.706862336602747,2,1,3,0,0.3333333333333333,0.006107441106817898,0,0,1,0,0
2019,9,6.135564891081739,1,0,5,5,0.0,0.009472765798329803,5,1,0,0,0
2020,12,2.5649493574615367,1,0,9,5,0.1111111111111111,0.009846690764053347,3,0,1,0,0
2016,8,7.370230641807081,1,0,5,2,0.2,0.006107441106817898,0,1,0,0,0
2017,1,7.2682230211595655,1,0,3,5,0.3333333333333333,0.006107441106817898,0,1,0,0,0
2018,10,6.6895992691789665,1,0,1,0,0.0,0.0038638913124766296,0,0,1,0,0
2020,10,3.912023005428146,1,0,4,2,0.0,0.0021189081391000874,0,0,1,0,0
2017,3,7.234898420314831,1,0,5,2,0.2,0.0003739249657235448,0,1,0,0,0
2020,8,4.727387818712341,2,1,42,5,0.19047619047619047,0.005608874485853172,0,1,0,0,0
2019,10,6.042632833682381,1,0,32,5,0.125,0.0014956998628941791,0,1,0,0,0
2017,12,7.003065458786462,1,0,1,0,0.0,0.0007478499314470896,0,1,0,0,0
2018,11,6.656726524178391,1,0,40,5,0.225,0.019693381528106693,0,1,0,0,0
2020,11,3.58351893845611,2,1,40,5,0.225,0.019693381528106693,0,1,0,0,0
2019,10,6.059123195581797,1,0,15,5,0.06666666666666667,0.008724915866882713,3,0,1,0,0
2020,10,3.912023005428146,1,0,87,5,0.25287356321839083,0.019693381528106693,0,1,0,0,0
2019,2,6.492239835020471,4,1,1,0,1.0,0.005110307864888446,0,1,0,0,0
2019,11,5.996452088619021,1,0,2,0,0.5,0.0002492833104823632,0,1,0,0,0
2020,10,4.04305126783455,1,0,59,7,0.0,0.008724915866882713,0,0,0,1,0
2020,10,4.356708826689592,1,0,2,0,0.0,0.029664713947401222,0,0,0,1,0
2019,1,6.55250788703459,1,0,2,5,0.0,0.02492833104823632,5,1,0,0,0
2019,12,5.860786223465865,2,1,6,5,0.5,0.002243549794341269,5,1,0,0,0
2017,11,7.028201432058005,1,0,14,5,0.07142857142857142,0.000997133241929453,2,0,0,1,0
2020,7,4.912654885736052,1,0,48,5,0.020833333333333332,0.0003739249657235448,0,1,0,0,0
2020,3,5.641907070938114,3,1,9,5,0.2222222222222222,0.0007478499314470896,0,1,0,0,0
2019,9,6.091309882077698,1,0,19,5,0.3684210526315789,0.009098840832606257,0,1,0,0,0
2017,11,7.014814351275545,2,1,33,5,0.42424242424242425,0.003365324691511903,0,1,0,0,0
1987,2,9.421087402953841,1,0,59,7,0.0,0.000997133241929453,5,1,0,0,0
2020,5,5.384495062789089,3,1,9,5,0.5555555555555556,0.006855291038264988,2,1,0,0,0
2018,10,6.682108597449809,1,0,21,5,0.047619047619047616,0.0011217748971706345,2,1,0,0,0
2017,10,7.0587581525186645,1,0,13,5,0.23076923076923078,0.003739249657235448,5,1,0,0,0
2020,8,4.59511985013459,2,1,20,5,0.4,0.019693381528106693,2,1,0,0,0
2020,8,4.59511985013459,2,1,42,5,0.19047619047619047,0.005608874485853172,2,1,0,0,0
2016,6,7.40184157874383,1,0,1,2,0.0,0.0002492833104823632,2,1,0,0,0
2020,3,5.560681631015528,1,0,27,5,0.25925925925925924,0.0001246416552411816,2,1,0,0,0
2020,4,5.5053315359323625,1,0,23,5,0.391304347826087,0.035398230088495575,2,1,0,0,0
2020,10,3.7612001156935624,1,0,59,7,0.0,0.008724915866882713,2,0,1,0,0
2017,6,7.1284959456800365,1,0,8,5,0.125,0.0001246416552411816,5,1,0,0,0
2019,9,6.042632833682381,1,0,1,5,0.0,0.0001246416552411816,5,1,0,0,0
2018,8,6.683360945766275,4,1,7,5,0.5714285714285714,0.0001246416552411816,0,1,0,0,0
2020,3,5.420534999272286,2,1,17,5,0.5882352941176471,0.005982799451576717,0,1,0,0,0
2020,6,4.852030263919617,2,1,13,2,0.15384615384615385,0.013710582076529976,0,1,0,0,0
2017,5,7.13966033596492,1,0,9,5,0.3333333333333333,0.005110307864888446,2,0,1,0,0
2015,3,7.633369649679584,1,0,13,5,0.5384615384615384,0.0006232082762059081,5,1,0,0,0
2015,3,7.620214770574455,1,0,13,5,0.5384615384615384,0.0006232082762059081,5,1,0,0,0
2015,3,7.622174594817622,1,0,13,5,0.5384615384615384,0.0006232082762059081,2,1,0,0,0
2018,10,6.591673732008658,1,0,1,0,0.0,0.0016203415181353608,0,1,0,0,0
2019,4,6.329720905522696,1,0,9,5,0.5555555555555556,0.0002492833104823632,0,1,0,0,0
2019,6,6.198478716492308,1,0,8,5,0.0,0.0002492833104823632,0,1,0,0,0
2019,11,5.857933154483459,3,1,1,0,1.0,0.0001246416552411816,0,1,0,0,0
2020,1,5.655991810819852,1,0,1,0,0.0,0.0002492833104823632,0,1,0,0,0
2019,9,6.028278520230698,1,0,45,5,0.2222222222222222,0.005982799451576717,5,1,0,0,0
2020,4,5.209486152841421,3,1,1,5,1.0,0.006855291038264988,5,1,0,0,0
2016,9,7.312553498102598,1,0,3,5,0.0,0.0043624579334413565,5,1,0,0,0
2019,11,5.840641657373398,1,0,3,5,0.3333333333333333,0.0007478499314470896,5,1,0,0,0
1984,10,9.483720659717104,1,0,21,5,0.0,0.035398230088495575,3,0,1,0,0
2016,12,7.249925536717988,1,0,69,5,0.0,0.0021189081391000874,0,0,1,0,0
2018,6,6.767343125265392,1,0,12,5,0.3333333333333333,0.013835223731771158,3,0,1,0,0
2017,12,6.950814768442584,1,0,5,2,0.0,0.006855291038264988,0,1,0,0,0
2019,5,6.251903883165888,1,0,1,0,0.0,0.0024928331048236323,0,1,0,0,0
2020,4,5.1647859739235145,2,1,38,5,0.34210526315789475,0.0016203415181353608,0,1,0,0,0
2019,1,6.45833828334479,1,0,7,2,0.0,0.009098840832606257,2,1,0,0,0
2016,10,7.27931883541462,1,0,69,5,0.0,0.0021189081391000874,0,0,1,0,0
2018,3,6.859614903654202,1,0,26,5,0.23076923076923078,0.0001246416552411816,0,0,1,0,0
2018,3,6.852242569051878,1,0,28,5,0.2857142857142857,0.0004985666209647265,0,1,0,0,0
2018,3,6.859614903654202,1,0,40,5,0.225,0.019693381528106693,0,1,0,0,0
2020,5,4.948759890378168,2,1,12,7,0.3333333333333333,0.02492833104823632,0,1,0,0,0
2018,5,6.742880635791903,2,1,6,5,0.6666666666666666,0.0034899663467530847,5,1,0,0,0
2018,12,6.4692503167957724,1,0,8,5,0.25,0.0007478499314470896,5,1,0,0,0
2017,5,7.10002716662926,1,0,1,0,0.0,0.0001246416552411816,0,1,0,0,0
2017,6,7.065613363597717,1,0,112,5,0.125,0.0017449831733765424,5,1,0,0,0
2019,7,6.042632833682381,1,0,42,5,0.19047619047619047,0.005608874485853172,5,1,0,0,0
2019,11,5.673323267171493,2,1,1,2,1.0,0.0001246416552411816,2,1,0,0,0
2017,2,7.170119543449628,1,0,15,5,0.13333333333333333,0.0003739249657235448,2,1,0,0,0
1997,4,9.053101595549691,1,0,6,5,0.0,0.0008724915866882712,5,1,0,0,0
2019,7,6.059123195581797,1,0,13,5,0.0,0.0013710582076529975,0,1,0,0,0
2018,4,6.7912214627261855,3,1,4,5,0.5,0.0013710582076529975,5,1,0,0,0
2017,11,6.937314081223682,1,0,33,5,0.42424242424242425,0.003365324691511903,2,1,0,0,0
2019,11,5.638354669333745,1,0,13,5,0.3076923076923077,0.01171631559267107,2,0,1,0,0
2016,7,7.321849713788356,1,0,4,3,0.0,0.0043624579334413565,0,0,1,0,0
2018,5,6.71901315438526,2,1,9,5,0.3333333333333333,0.005110307864888446,5,1,0,0,0
2017,12,6.913737350659685,1,0,2,0,0.5,0.0003739249657235448,0,1,0,0,0
2019,7,6.025865973825314,1,0,2,0,0.0,0.0003739249657235448,0,1,0,0,0
2018,3,6.814542897259958,2,1,11,5,0.18181818181818182,0.0004985666209647265,0,1,0,0,0
2018,6,6.683360945766275,1,0,10,5,0.4,0.003988532967717812,0,1,0,0,0
2017,6,7.064759027791802,1,0,17,5,0.058823529411764705,0.003365324691511903,0,1,0,0,0
2019,4,6.202535517187923,2,1,13,6,0.5384615384615384,0.013835223731771158,0,1,0,0,0
2019,4,6.251903883165888,1,0,3,2,0.0,0.000997133241929453,0,1,0,0,0
2018,2,6.829793737512425,2,1,6,2,0.16666666666666666,0.0007478499314470896,0,1,0,0,0
2019,9,5.883322388488279,2,1,6,2,0.5,0.01171631559267107,0,1,0,0,0
2018,11,6.511745329644728,1,0,17,5,0.5882352941176471,0.005982799451576717,0,1,0,0,0
2020,1,5.4510384535657,1,0,26,5,0.23076923076923078,0.005982799451576717,0,1,0,0,0
2019,7,6.008813185442595,1,0,1,0,0.0,0.000997133241929453,0,1,0,0,0
2018,9,6.582025138892826,1,0,19,5,0.05263157894736842,0.0007478499314470896,2,1,0,0,0
2012,3,8.036573409707312,1,0,3,2,0.0,0.02492833104823632,2,1,0,0,0
2019,3,6.251903883165888,1,0,2,2,0.0,0.0008724915866882712,0,0,1,0,0
2019,5,6.093569770045136,2,1,4,5,0.5,0.005982799451576717,0,1,0,0,0
2019,6,6.016157159698354,1,0,7,5,0.0,0.0004985666209647265,5,1,0,0,0
2019,11,5.616771097666572,1,0,5,5,0.4,0.0007478499314470896,2,1,0,0,0
2019,12,5.488937726156687,2,1,17,5,0.11764705882352941,0.0004985666209647265,0,1,0,0,0
2020,2,5.087596335232384,2,1,19,5,0.3157894736842105,0.006855291038264988,0,1,0,0,0
2020,4,4.74493212836325,1,0,6,5,0.0,0.0001246416552411816,2,1,0,0,0
2020,5,4.48863636973214,2,1,54,5,0.14814814814814814,0.004861024554406083,2,1,0,0,0
2019,5,6.091309882077698,1,0,4,5,0.0,0.009472765798329803,0,0,1,0,0
2016,5,7.335633981927201,1,0,69,5,0.0,0.009472765798329803,0,0,1,0,0
2017,1,7.161622002939187,1,0,20,5,0.15,0.01171631559267107,3,0,1,0,0
2020,2,5.093750200806762,2,1,28,5,0.2857142857142857,0.000997133241929453,5,1,0,0,0
2017,2,7.1372784372603855,1,0,9,5,0.0,0.0011217748971706345,0,1,0,0,0
2018,5,6.684611727667927,1,0,7,5,0.0,0.029664713947401222,5,1,0,0,0
2018,6,6.656726524178391,1,0,63,6,0.09523809523809523,0.005982799451576717,0,1,0,0,0
2018,8,6.5722825426940075,2,1,11,5,0.8181818181818182,0.029664713947401222,5,1,0,0,0
2019,3,6.238324625039508,3,1,1,0,1.0,0.0003739249657235448,0,1,0,0,0
2019,7,5.918893854273146,1,0,8,5,0.125,0.0001246416552411816,0,1,0,0,0
2019,10,5.703782474656201,1,0,9,5,0.2222222222222222,0.0001246416552411816,2,1,0,0,0
2020,2,5.176149732573829,2,1,17,5,0.5882352941176471,0.005982799451576717,5,1,0,0,0
2020,3,4.990432586778736,1,0,87,5,0.25287356321839083,0.019693381528106693,2,1,0,0,0
2020,3,4.844187086458591,1,0,3,5,0.0,0.0013710582076529975,5,1,0,0,0
2017,9,6.937314081223682,1,0,13,5,0.15384615384615385,0.0008724915866882712,2,0,1,0,0
2016,5,7.335633981927201,1,0,112,5,0.125,0.010345257385018073,2,1,0,0,0
2018,8,6.543911845564792,1,0,42,5,0.19047619047619047,0.005608874485853172,0,1,0,0,0
2018,8,6.55250788703459,2,1,13,6,0.5384615384615384,0.0007478499314470896,5,1,0,0,0
2019,4,6.171700597410915,1,0,50,7,0.0,0.004487099588682538,2,1,0,0,0
2019,9,5.717027701406222,1,0,13,5,0.15384615384615385,0.0001246416552411816,5,1,0,0,0
2019,7,5.955837369464831,2,1,3,2,0.6666666666666666,0.006855291038264988,0,1,0,0,0
2019,7,5.958424693029782,1,0,1,0,0.0,0.0002492833104823632,0,1,0,0,0
2020,1,5.25227342804663,2,1,26,5,0.23076923076923078,0.005982799451576717,5,1,0,0,0
2018,8,6.522092798170152,1,0,3,5,0.0,0.005982799451576717,5,1,0,0,0
2018,10,6.447305862541213,1,0,12,7,0.3333333333333333,0.005110307864888446,5,0,1,0,0
2019,7,5.860786223465865,2,1,11,5,0.45454545454545453,0.0021189081391000874,0,1,0,0,0
2019,9,5.69035945432406,1,0,45,5,0.2222222222222222,0.005982799451576717,0,1,0,0,0
2016,7,7.262628600974241,1,0,1,5,0.0,0.0003739249657235448,5,1,0,0,0
2015,10,7.43955930913332,1,0,9,2,0.0,0.0002492833104823632,2,1,0,0,0
2018,5,6.648984550024776,4,1,3,2,1.0,0.0002492833104823632,2,1,0,0,0
2018,1,6.78332520060396,4,1,1,5,1.0,0.0034899663467530847,5,1,0,0,0
2018,8,6.501289670540389,1,0,7,5,0.0,0.029664713947401222,2,1,0,0,0
2020,4,4.356708826689592,2,1,8,5,0.25,0.019693381528106693,0,1,0,0,0
2020,3,4.532599493153256,1,0,6,5,0.0,0.02492833104823632,0,1,0,0,0
2020,1,5.049856007249537,2,1,26,5,0.23076923076923078,0.01171631559267107,5,1,0,0,0
2020,3,4.5217885770490405,1,0,87,5,0.25287356321839083,0.019693381528106693,5,1,0,0,0
2017,11,6.837332814685591,1,0,7,5,0.5714285714285714,0.0002492833104823632,2,1,0,0,0
2018,6,6.591673732008658,1,0,63,6,0.09523809523809523,0.005982799451576717,0,1,0,0,0
2018,6,6.591673732008658,1,0,63,6,0.09523809523809523,0.005982799451576717,0,1,0,0,0
2016,8,7.249925536717988,1,0,4,2,0.0,0.005982799451576717,2,0,1,0,0
2018,4,6.674561391814426,1,0,8,2,0.375,0.0049856662096472645,0,0,1,0,0
2020,3,4.51085950651685,2,1,87,5,0.25287356321839083,0.019693381528106693,0,1,0,0,0
2018,10,6.415096959171596,1,0,1,0,0.0,0.009098840832606257,0,1,0,0,0
2019,7,5.755742213586912,2,1,6,5,0.5,0.002243549794341269,0,1,0,0,0
2019,7,5.755742213586912,1,0,1,5,0.0,0.0003739249657235448,5,1,0,0,0
2016,11,7.177782416195197,1,0,8,5,0.375,0.013835223731771158,3,0,1,0,0
2018,11,6.3473892096560105,1,0,19,5,0.0,0.005110307864888446,2,1,0,0,0
2017,4,7.046647277848756,3,1,4,3,0.25,0.00311604138102954,3,0,1,0,0
2016,10,7.183111701743281,1,0,87,5,0.25287356321839083,0.0002492833104823632,5,1,0,0,0
2019,7,5.755742213586912,1,0,22,6,0.13636363636363635,0.0004985666209647265,2,0,1,0,0
2018,3,6.665683717782408,1,0,87,5,0.25287356321839083,0.003988532967717812,5,1,0,0,0
2017,8,6.90975328164481,1,0,15,5,0.13333333333333333,0.0003739249657235448,2,0,1,0,0
2015,7,7.463936604468925,2,1,6,5,1.0,0.0001246416552411816,5,1,0,0,0
2016,5,7.264730177929867,1,0,69,5,0.0,0.0021189081391000874,0,0,1,0,0
2016,11,7.1284959456800365,1,0,23,5,0.043478260869565216,0.009472765798329803,0,1,0,0,0
2019,1,6.152732694704104,1,0,1,0,0.0,0.01246416552411816,0,1,0,0,0
2016,10,7.156176637480615,1,0,21,6,0.047619047619047616,0.0034899663467530847,5,1,0,0,0
2019,4,5.860786223465865,2,1,24,5,0.375,0.01246416552411816,2,1,0,0,0
2018,7,6.450470422144176,2,1,1,0,1.0,0.005110307864888446,0,1,0,0,0
2019,4,5.905361848054571,2,1,5,2,0.4,0.0011217748971706345,0,1,0,0,0
2019,10,5.209486152841421,1,0,1,0,0.0,0.0011217748971706345,0,1,0,0,0
2019,10,5.204006687076795,2,1,6,5,0.16666666666666666,0.0007478499314470896,2,1,0,0,0
2019,10,5.093750200806762,1,0,26,5,0.23076923076923078,0.01171631559267107,2,1,0,0,0
2019,5,5.799092654460526,1,0,4,5,0.0,0.0001246416552411816,5,1,0,0,0
2019,11,4.948759890378168,1,0,3,2,0.0,0.0014956998628941791,0,0,1,0,0
2019,6,5.641907070938114,1,0,33,5,0.42424242424242425,0.02492833104823632,5,1,0,0,0
2018,6,6.478509642208569,2,1,6,2,0.16666666666666666,0.0012464165524118161,0,1,0,0,0
2019,11,4.997212273764115,3,1,5,5,0.4,0.008724915866882713,5,0,0,1,0
2019,11,4.787491742782046,1,0,27,5,0.25925925925925924,0.0001246416552411816,5,1,0,0,0
2019,11,4.844187086458591,1,0,20,4,0.0,0.008724915866882713,2,0,1,0,0
2019,9,5.293304824724492,3,1,13,5,0.5384615384615384,0.003739249657235448,2,1,0,0,0
2018,3,6.601230118728877,1,0,10,5,0.0,0.0001246416552411816,0,1,0,0,0
2018,10,6.238324625039508,1,0,40,5,0.225,0.019693381528106693,5,1,0,0,0
2020,1,4.1588830833596715,2,1,10,5,0.3,0.019693381528106693,2,1,0,0,0
2018,9,6.304448802421981,2,1,3,5,0.3333333333333333,0.003739249657235448,0,1,0,0,0
2019,3,5.883322388488279,1,0,1,0,0.0,0.0011217748971706345,0,1,0,0,0
2018,5,6.511745329644728,1,0,1,2,0.0,0.0001246416552411816,2,1,0,0,0
2018,11,6.22455842927536,1,0,40,5,0.225,0.019693381528106693,0,1,0,0,0
2018,7,6.405228458030842,2,1,18,5,0.16666666666666666,0.009098840832606257,5,1,0,0,0
2019,10,5.087596335232384,1,0,112,5,0.125,0.0001246416552411816,0,1,0,0,0
2018,8,6.329720905522696,1,0,6,5,0.16666666666666666,0.0001246416552411816,0,1,0,0,0
2019,9,5.170483995038151,1,0,9,5,0.3333333333333333,0.02492833104823632,2,1,0,0,0
2018,4,6.522092798170152,1,0,9,5,0.0,0.0011217748971706345,3,0,1,0,0
2017,3,6.950814768442584,1,0,38,5,0.34210526315789475,0.0016203415181353608,4,0,1,0,0
2019,8,5.209486152841421,1,0,10,5,0.3,0.019693381528106693,5,1,0,0,0
2019,3,5.777652323222656,2,1,87,5,0.25287356321839083,0.003988532967717812,2,1,0,0,0
2019,11,4.442651256490317,1,0,3,2,0.0,0.008724915866882713,2,0,1,0,0
2019,4,5.71042701737487,1,0,17,5,0.11764705882352941,0.002243549794341269,0,0,1,0,0
2017,5,6.9167150203536085,1,0,69,5,0.0,0.0001246416552411816,0,0,1,0,0
2019,6,5.5053315359323625,1,0,2,0,0.0,0.0001246416552411816,0,1,0,0,0
2017,11,6.70073110954781,1,0,24,5,0.375,0.01246416552411816,5,1,0,0,0
2016,11,7.064759027791802,1,0,69,5,0.0,0.0021189081391000874,0,0,1,0,0
2019,9,5.003946305945459,2,1,45,5,0.2222222222222222,0.005982799451576717,2,1,0,0,0
2019,9,4.948759890378168,1,0,42,5,0.19047619047619047,0.005608874485853172,2,1,0,0,0
2018,6,6.403574197934815,2,1,37,6,0.2972972972972973,0.0036146080019942664,2,1,0,0,0
2018,7,6.342121418721152,1,0,11,5,0.45454545454545453,0.009098840832606257,2,0,1,0,0
2017,12,6.647688373563329,1,0,17,5,0.17647058823529413,0.0002492833104823632,2,0,1,0,0
2019,3,5.733341276897746,2,1,87,5,0.25287356321839083,0.003988532967717812,2,1,0,0,0
2017,11,6.675823221634848,2,1,33,5,0.42424242424242425,0.003365324691511903,5,1,0,0,0
2019,9,4.859812404361672,1,0,13,2,0.0,0.008724915866882713,0,0,1,0,0
2019,8,5.099866427824199,1,0,48,5,0.020833333333333332,0.0003739249657235448,0,1,0,0,0
2017,11,6.692083742506628,1,0,4,2,0.25,0.0003739249657235448,0,1,0,0,0
2018,3,6.532334292222349,1,0,8,4,0.125,0.0011217748971706345,4,0,1,0,0
2017,1,6.996681488176539,1,0,5,5,0.4,0.0024928331048236323,0,0,1,0,0
2019,11,3.912023005428146,1,0,29,5,0.0,0.029664713947401222,0,0,1,0,0
2015,8,7.393263094763838,1,0,2,5,0.0,0.0013710582076529975,5,1,0,0,0
2019,8,4.997212273764115,1,0,14,5,0.14285714285714285,0.0012464165524118161,0,1,0,0,0
2019,3,5.71042701737487,1,0,87,5,0.25287356321839083,0.003988532967717812,5,1,0,0,0
2016,12,7.01571242048723,1,0,69,5,0.0,0.0021189081391000874,0,0,1,0,0
2019,6,5.351858133476067,1,0,13,5,0.0,0.0013710582076529975,0,1,0,0,0
2019,10,4.356708826689592,1,0,9,5,0.1111111111111111,0.008724915866882713,2,0,1,0,0
2018,9,6.198478716492308,4,1,1,0,1.0,0.029664713947401222,0,1,0,0,0
2019,3,5.638354669333745,1,0,48,5,0.020833333333333332,0.0003739249657235448,2,1,0,0,0
2018,11,5.991464547107982,1,0,21,6,0.047619047619047616,0.019693381528106693,5,0,1,0,0
2016,6,7.156176637480615,1,0,2,2,0.0,0.0001246416552411816,0,0,1,0,0
2014,2,7.6586995582682995,1,0,112,5,0.125,0.0006232082762059081,2,0,1,0,0
2019,7,4.997212273764115,5,1,1,0,1.0,0.0001246416552411816,0,1,0,0,0
2019,10,3.912023005428146,1,0,40,5,0.225,0.019693381528106693,0,1,0,0,0
2018,10,6.042632833682381,1,0,6,2,0.0,0.0008724915866882712,0,0,1,0,0
2019,4,5.476463551931511,1,0,6,2,0.16666666666666666,0.0002492833104823632,0,0,1,0,0
2018,11,5.955837369464831,1,0,13,3,0.0,0.000997133241929453,0,0,0,1,0
2019,11,2.0794415416798357,1,0,25,5,0.0,0.008724915866882713,2,0,1,0,0
2016,10,7.052721049232323,1,0,7,2,0.0,0.009472765798329803,2,0,1,0,0
2010,2,8.183118079394745,1,0,1,2,0.0,0.0003739249657235448,2,1,0,0,0
2019,7,4.804021044733257,1,0,54,5,0.14814814814814814,0.004861024554406083,0,1,0,0,0
2019,7,4.997212273764115,1,0,14,5,0.14285714285714285,0.0008724915866882712,2,0,1,0,0
2019,1,5.736572297479192,2,1,2,5,0.5,0.0003739249657235448,5,1,0,0,0
2017,8,6.717804695023691,1,0,15,5,0.13333333333333333,0.0003739249657235448,2,1,0,0,0
2019,1,5.733341276897746,1,0,4,3,0.25,0.00311604138102954,2,0,1,0,0
2017,11,6.6293632534374485,1,0,22,5,0.18181818181818182,0.0003739249657235448,5,1,0,0,0
2019,8,4.736198448394496,1,0,3,5,0.0,0.0001246416552411816,5,1,0,0,0
2017,10,6.643789733147672,1,0,21,5,0.047619047619047616,0.0001246416552411816,2,1,0,0,0
2018,9,6.075346031088684,1,0,7,4,0.14285714285714285,0.0008724915866882712,0,0,1,0,0
2017,9,6.683360945766275,1,0,2,2,0.0,0.0049856662096472645,2,0,1,0,0
2016,9,7.057036981697891,1,0,10,5,0.0,0.0004985666209647265,0,1,0,0,0
2017,4,6.859614903654202,1,0,9,5,0.0,0.0011217748971706345,0,1,0,0,0
2018,10,5.978885764901122,1,0,1,0,0.0,0.02492833104823632,0,1,0,0,0
2017,12,6.582025138892826,1,0,1,2,0.0,0.0001246416552411816,2,1,0,0,0
2019,6,5.087596335232384,3,1,7,5,0.7142857142857143,0.0001246416552411816,5,1,0,0,0
2018,5,6.317164686747284,1,0,1,0,0.0,0.0001246416552411816,0,1,0,0,0
2019,6,4.997212273764115,1,0,37,6,0.2972972972972973,0.0036146080019942664,0,1,0,0,0
2016,5,7.118826249062078,1,0,23,5,0.391304347826087,0.0003739249657235448,3,0,1,0,0
2018,10,5.840641657373398,1,0,1,0,0.0,0.00311604138102954,0,0,1,0,0
2018,3,6.318968113746434,1,0,9,5,0.1111111111111111,0.035398230088495575,0,1,0,0,0
2019,7,4.356708826689592,1,0,50,7,0.0,0.004487099588682538,0,1,0,0,0
2019,6,4.59511985013459,3,1,1,0,1.0,0.0001246416552411816,0,1,0,0,0
2017,9,6.582025138892826,1,0,11,2,0.09090909090909091,0.0043624579334413565,2,0,1,0,0
2012,10,7.8328075165248645,1,0,22,5,0.045454545454545456,0.009472765798329803,0,0,1,0,0
2015,10,7.257707677160043,1,0,50,7,0.0,0.0013710582076529975,4,0,1,0,0
2015,10,7.257707677160043,1,0,50,7,0.0,0.0013710582076529975,2,1,0,0,0
2015,10,7.257707677160043,1,0,50,7,0.0,0.0013710582076529975,2,1,0,0,0
2015,10,7.257707677160043,1,0,50,7,0.0,0.0013710582076529975,2,1,0,0,0
2015,3,7.414572881350589,1,0,50,7,0.0,0.0013710582076529975,0,1,0,0,0
2015,10,7.257707677160043,1,0,50,7,0.0,0.0013710582076529975,0,1,0,0,0
2015,10,7.257707677160043,1,0,50,7,0.0,0.0013710582076529975,0,1,0,0,0
2015,10,7.257707677160043,1,0,50,7,0.0,0.0013710582076529975,0,1,0,0,0
2015,10,7.257707677160043,1,0,50,7,0.0,0.0013710582076529975,0,1,0,0,0
2015,10,7.257707677160043,1,0,50,7,0.0,0.0013710582076529975,0,1,0,0,0
2015,10,7.257707677160043,1,0,50,7,0.0,0.0013710582076529975,0,1,0,0,0
2014,10,7.48605261786314,1,0,22,5,0.045454545454545456,0.0008724915866882712,2,0,1,0,0
2018,3,6.280395838960195,1,0,2,2,0.0,0.035398230088495575,0,1,0,0,0
2019,1,5.4680601411351315,2,1,11,5,0.8181818181818182,0.029664713947401222,2,1,0,0,0
2016,5,7.097548850614793,1,0,4,5,0.0,0.0002492833104823632,0,1,0,0,0
1992,2,9.21602418844448,1,0,11,5,0.0,0.0003739249657235448,0,1,0,0,0
2019,3,5.1298987149230735,1,0,87,5,0.25287356321839083,0.003988532967717812,0,1,0,0,0
2018,3,6.293419278846481,1,0,15,5,0.13333333333333333,0.0002492833104823632,0,1,0,0,0
2019,3,5.087596335232384,1,0,87,5,0.25287356321839083,0.003988532967717812,0,1,0,0,0
2017,11,6.456769655572163,2,1,33,5,0.42424242424242425,0.003365324691511903,5,1,0,0,0
2017,5,6.717804695023691,1,0,4,2,0.0,0.02492833104823632,0,0,1,0,0
2017,12,6.447305862541213,1,0,32,5,0.125,0.0014956998628941791,0,1,0,0,0
2016,8,7.01571242048723,1,0,7,5,0.7142857142857143,0.02492833104823632,2,0,1,0,0
2014,12,7.415175109613295,1,0,1,0,0.0,0.0001246416552411816,0,1,0,0,0
2019,3,4.5217885770490405,1,0,87,5,0.25287356321839083,0.003988532967717812,2,1,0,0,0
2018,11,5.351858133476067,1,0,23,5,0.0,0.0021189081391000874,0,0,1,0,0
2017,9,6.45833828334479,1,0,4,0,0.0,0.0007478499314470896,0,0,1,0,0
2018,9,5.58724865840025,4,1,7,5,0.7142857142857143,0.005110307864888446,5,1,0,0,0
2018,8,5.783825182329737,1,0,1,0,0.0,0.0016203415181353608,0,1,0,0,0
2019,4,4.2626798770413155,2,1,45,5,0.2222222222222222,0.01171631559267107,2,1,0,0,0
2018,1,6.240275845170769,1,0,2,5,0.5,0.0003739249657235448,0,1,0,0,0
2018,11,5.41610040220442,1,0,17,5,0.5882352941176471,0.0002492833104823632,2,0,1,0,0
2018,8,5.736572297479192,4,1,3,2,1.0,0.0001246416552411816,2,1,0,0,0
2018,10,5.501258210544727,1,0,21,5,0.047619047619047616,0.0011217748971706345,5,1,0,0,0
2018,10,5.41610040220442,1,0,14,5,0.14285714285714285,0.0008724915866882712,0,1,0,0,0
2019,1,5.0369526024136295,1,0,2,0,0.0,0.0001246416552411816,0,1,0,0,0
2014,2,7.562161631225652,1,0,112,5,0.125,0.0006232082762059081,4,0,1,0,0
2019,3,4.2626798770413155,2,1,87,5,0.25287356321839083,0.003988532967717812,2,1,0,0,0
2018,11,5.247024072160486,1,0,8,2,0.25,0.0001246416552411816,0,0,1,0,0
2018,7,5.736572297479192,2,1,22,5,0.5,0.0004985666209647265,0,1,0,0,0
2017,3,6.699500340161678,1,0,54,5,0.14814814814814814,0.0012464165524118161,0,1,0,0,0
2018,10,5.484796933490655,1,0,33,5,0.42424242424242425,0.02492833104823632,5,1,0,0,0
2017,10,6.366470447731438,1,0,10,5,0.0,0.006481366072541443,4,0,1,0,0
2019,3,4.2626798770413155,1,0,50,7,0.0,0.004487099588682538,5,1,0,0,0
2015,7,7.249925536717988,1,0,3,0,0.0,0.0001246416552411816,0,0,1,0,0
2018,11,5.318119993844216,1,0,21,6,0.047619047619047616,0.019693381528106693,0,1,0,0,0
2018,12,5.1298987149230735,2,1,32,5,0.125,0.0014956998628941791,0,1,0,0,0
2018,10,5.384495062789089,1,0,59,7,0.0,0.006481366072541443,7,0,1,0,0
2018,9,5.476463551931511,1,0,19,5,0.3684210526315789,0.001994266483858906,2,0,1,0,0
2017,10,6.368187186350492,2,1,33,6,0.2727272727272727,0.0014956998628941791,2,1,0,0,0
2018,5,5.937536205082426,2,1,6,5,0.5,0.0007478499314470896,2,1,0,0,0
2018,4,5.955837369464831,1,0,5,0,0.0,0.0003739249657235448,0,0,1,0,0
2017,11,6.29156913955832,1,0,19,5,0.0,0.02492833104823632,0,0,0,1,0
2017,8,6.3784261836515865,1,0,59,7,0.0,0.006481366072541443,0,0,1,0,0
2016,2,7.02197642307216,1,0,17,2,0.0,0.000997133241929453,0,0,1,0,0
2017,12,6.133398042996649,1,0,5,5,0.2,0.0004985666209647265,0,1,0,0,0
2018,12,4.5217885770490405,1,0,7,2,0.0,0.0001246416552411816,0,0,1,0,0
2019,2,3.1354942159291497,1,0,87,5,0.25287356321839083,0.003988532967717812,0,1,0,0,0
2018,6,5.6131281063880705,2,1,17,5,0.7647058823529411,0.0002492833104823632,0,1,0,0,0
2018,7,5.455321115357702,2,1,9,5,0.2222222222222222,0.0007478499314470896,5,1,0,0,0
2018,8,5.2832037287379885,1,0,40,5,0.225,0.003988532967717812,5,1,0,0,0
2016,2,7.010311867307229,1,0,2,5,0.0,0.035398230088495575,0,0,0,1,0
2019,1,3.7612001156935624,1,0,8,5,0.25,0.0007478499314470896,0,0,1,0,0
2018,10,4.90527477843843,4,1,15,5,0.13333333333333333,0.0001246416552411816,0,1,0,0,0
2018,6,5.5053315359323625,1,0,4,2,0.0,0.004113174622958993,0,1,0,0,0
2018,5,5.645446897643238,1,0,2,2,0.0,0.0001246416552411816,0,1,0,0,0
2019,1,3.912023005428146,2,1,14,5,0.14285714285714285,0.0008724915866882712,0,1,0,0,0
2017,6,6.439350371100098,1,0,32,5,0.125,0.0014956998628941791,5,1,0,0,0
2018,11,4.795790545596741,2,1,2,2,0.5,0.009098840832606257,2,1,0,0,0
2018,4,5.733341276897746,2,1,14,5,0.07142857142857142,0.0002492833104823632,0,0,1,0,0
2018,7,5.442417710521793,1,0,11,5,0.45454545454545453,0.005982799451576717,0,1,0,0,0
2017,12,6.1070228877422545,2,1,32,5,0.125,0.0014956998628941791,0,1,0,0,0
2018,10,4.787491742782046,1,0,59,7,0.0,0.006481366072541443,3,0,0,1,0
2018,9,5.087596335232384,1,0,8,2,0.0,0.0002492833104823632,2,0,1,0,0
2018,10,4.844187086458591,1,0,2,0,0.0,0.0002492833104823632,0,0,1,0,0
2018,8,5.170483995038151,2,1,24,5,0.375,0.01246416552411816,0,1,0,0,0
2017,11,6.104793232414985,1,0,33,5,0.42424242424242425,0.003365324691511903,0,1,0,0,0
2018,9,5.0238805208462765,2,1,32,5,0.125,0.0014956998628941791,2,1,0,0,0
2018,12,4.2626798770413155,1,0,3,5,0.0,0.01246416552411816,2,0,1,0,0
2018,5,5.5909869805108565,2,1,1,0,1.0,0.0002492833104823632,0,1,0,0,0
2018,5,5.54907608489522,1,0,1,0,0.0,0.0003739249657235448,0,1,0,0,0
2018,11,4.59511985013459,1,0,40,5,0.225,0.019693381528106693,0,1,0,0,0
2018,11,3.367295829986474,1,0,8,2,0.0,0.010594540695500436,2,0,1,0,0
2018,9,4.663439094112067,1,0,5,2,0.0,0.0003739249657235448,0,0,1,0,0
2018,11,3.912023005428146,1,0,3,2,0.0,0.0021189081391000874,0,0,1,0,0
2000,11,8.796490207333578,1,0,21,5,0.0,0.0008724915866882712,3,0,1,0,0
2018,9,4.356708826689592,1,0,22,5,0.0,0.0003739249657235448,3,0,1,0,0
2018,11,3.7612001156935624,1,0,5,0,0.0,0.0021189081391000874,0,0,0,1,0
2018,11,3.7612001156935624,1,0,5,0,0.0,0.0021189081391000874,0,0,0,1,0
2018,11,3.7612001156935624,1,0,10,5,0.0,0.0008724915866882712,0,1,0,0,0
2018,1,5.777652323222656,1,0,12,5,0.3333333333333333,0.0003739249657235448,0,1,0,0,0
2018,8,4.897839799950911,1,0,12,5,0.3333333333333333,0.0003739249657235448,5,1,0,0,0
2017,3,6.447305862541213,1,0,2,0,0.5,0.010594540695500436,0,0,1,0,0
2018,6,5.247024072160486,1,0,3,0,0.0,0.0002492833104823632,0,0,1,0,0
2017,12,5.918893854273146,1,0,32,5,0.125,0.0014956998628941791,0,1,0,0,0
2018,8,4.727387818712341,1,0,2,2,0.0,0.0017449831733765424,2,0,1,0,0
2015,11,7.026426808699636,1,0,7,5,0.0,0.029664713947401222,5,0,1,0,0
2014,6,7.392031567514591,1,0,112,5,0.125,0.0006232082762059081,2,0,1,0,0
2018,4,5.41610040220442,1,0,45,5,0.2222222222222222,0.003988532967717812,0,1,0,0,0
2018,5,5.247024072160486,3,1,4,2,1.0,0.0011217748971706345,0,1,0,0,0
2018,9,4.2626798770413155,1,0,17,5,0.23529411764705882,0.019693381528106693,0,0,1,0,0
2018,1,5.777652323222656,1,0,59,7,0.0,0.0021189081391000874,0,0,0,1,0
2018,7,4.8283137373023015,3,1,4,2,0.25,0.0003739249657235448,0,1,0,0,0
2018,4,5.384495062789089,1,0,48,5,0.020833333333333332,0.0001246416552411816,2,0,1,0,0
2018,5,5.318119993844216,1,0,12,5,0.5,0.002243549794341269,0,0,1,0,0
2018,4,5.351858133476067,1,0,1,0,0.0,0.019693381528106693,0,0,1,0,0
2013,11,7.505492274737424,1,0,59,7,0.0,0.006481366072541443,0,0,0,1,0
2017,11,5.8805329864007,1,0,32,5,0.125,0.0014956998628941791,0,1,0,0,0
2018,3,5.5053315359323625,1,0,15,5,0.13333333333333333,0.0002492833104823632,2,1,0,0,0
2018,6,5.043425116919247,1,0,63,6,0.09523809523809523,0.009098840832606257,2,1,0,0,0
2014,8,7.342131730584722,1,0,14,5,0.07142857142857142,0.009472765798329803,2,0,1,0,0
2015,5,7.164720378771857,1,0,37,6,0.2972972972972973,0.0036146080019942664,5,1,0,0,0
2016,12,6.436150368369428,1,0,17,5,0.11764705882352941,0.003365324691511903,2,0,1,0,0
2016,5,6.726233402358747,1,0,13,2,0.07692307692307693,0.0014956998628941791,0,1,0,0,0
2018,4,4.941642422609304,1,0,23,5,0.391304347826087,0.0003739249657235448,0,1,0,0,0
2016,4,6.742880635791903,1,0,10,5,0.0,0.006481366072541443,4,0,1,0,0
2018,4,4.897839799950911,1,0,69,5,0.0,0.009098840832606257,2,0,1,0,0
2018,1,5.384495062789089,1,0,59,7,0.0,0.009472765798329803,0,0,0,1,0
2018,1,5.3471075307174685,1,0,23,5,0.391304347826087,0.0001246416552411816,5,1,0,0,0
2018,5,4.51085950651685,1,0,11,5,0.45454545454545453,0.009098840832606257,2,1,0,0,0
2013,11,7.450079569807499,1,0,23,5,0.0,0.0021189081391000874,0,0,0,1,0
2018,1,5.351858133476067,1,0,59,7,0.0,0.0021189081391000874,2,0,0,1,0
2018,5,4.2626798770413155,1,0,15,2,0.0,0.02492833104823632,2,0,1,0,0
2018,2,5.1298987149230735,1,0,69,5,0.0,0.0003739249657235448,0,0,1,0,0
2017,3,6.238324625039508,1,0,9,5,0.2222222222222222,0.0007478499314470896,2,0,1,0,0
2018,2,5.049856007249537,1,0,1,0,0.0,0.0001246416552411816,0,1,0,0,0
2018,3,4.897839799950911,2,1,24,5,0.375,0.01246416552411816,5,1,0,0,0
2018,2,4.844187086458591,2,1,13,5,0.23076923076923078,0.003739249657235448,5,1,0,0,0
2016,10,6.424869023905388,1,0,1,0,0.0,0.006481366072541443,0,0,0,1,0
2016,3,6.734591659972948,1,0,1,0,0.0,0.0021189081391000874,0,1,0,0,0
2018,1,5.1298987149230735,1,0,59,7,0.0,0.0021189081391000874,4,0,1,0,0
2017,1,6.249975242259483,1,0,6,2,0.5,0.0001246416552411816,0,0,1,0,0
2017,2,6.210600077024653,1,0,3,0,0.3333333333333333,0.0001246416552411816,0,0,1,0,0
2017,7,5.820082930352362,1,0,4,2,0.0,0.005110307864888446,0,0,1,0,0
2016,4,6.665683717782408,1,0,23,5,0.391304347826087,0.0001246416552411816,2,1,0,0,0
2015,11,6.844815479208263,5,1,13,5,0.5384615384615384,0.003739249657235448,0,1,0,0,0
2017,11,5.4116460518550396,1,0,3,2,0.0,0.0013710582076529975,0,0,1,0,0
2017,11,5.37989735354046,1,0,5,0,0.0,0.0003739249657235448,0,0,1,0,0
2018,2,4.59511985013459,1,0,6,2,0.16666666666666666,0.001994266483858906,0,0,1,0,0
2016,4,6.641182169740591,1,0,6,2,0.16666666666666666,0.0013710582076529975,0,0,1,0,0
2018,3,4.442651256490317,1,0,28,5,0.2857142857142857,0.0004985666209647265,2,0,1,0,0
2017,11,4.955827057601261,2,1,38,5,0.34210526315789475,0.002243549794341269,0,1,0,0,0
2018,1,4.5217885770490405,2,1,2,0,1.0,0.009098840832606257,0,1,0,0,0
2018,3,3.4011973816621555,2,1,24,5,0.375,0.01246416552411816,0,1,0,0,0
2016,12,6.180016653652572,1,0,1,0,0.0,0.0001246416552411816,0,1,0,0,0
2017,12,4.844187086458591,1,0,112,5,0.125,0.0017449831733765424,0,1,0,0,0
2017,9,5.351858133476067,1,0,87,5,0.25287356321839083,0.0034899663467530847,4,0,1,0,0
2017,9,5.2832037287379885,2,1,10,5,0.4,0.0034899663467530847,5,1,0,0,0
2018,3,3.091042453358316,1,0,29,5,0.0,0.029664713947401222,3,0,1,0,0
2016,10,6.251903883165888,2,1,6,2,0.5,0.0002492833104823632,2,1,0,0,0
2017,12,4.787491742782046,2,1,2,2,0.5,0.006107441106817898,0,1,0,0,0
2017,7,5.53338948872752,1,0,1,0,0.0,0.009472765798329803,0,1,0,0,0
2017,2,5.993961427306569,5,1,1,5,1.0,0.0012464165524118161,5,1,0,0,0
2016,10,6.26530121273771,1,0,20,5,0.15,0.005982799451576717,0,1,0,0,0
2017,11,4.948759890378168,1,0,33,5,0.42424242424242425,0.003365324691511903,0,1,0,0,0
2016,12,6.152732694704104,1,0,28,5,0.2857142857142857,0.0001246416552411816,0,1,0,0,0
2016,1,6.674561391814426,1,0,22,5,0.5,0.0001246416552411816,5,1,0,0,0
2018,1,4.442651256490317,1,0,20,5,0.15,0.005982799451576717,5,1,0,0,0
2016,3,6.63200177739563,3,1,1,2,1.0,0.0001246416552411816,2,1,0,0,0
2015,10,6.795705775173514,1,0,4,0,0.0,0.0003739249657235448,0,0,0,1,0
2013,9,7.402451520818244,1,0,2,0,0.0,0.0003739249657235448,0,0,0,1,0
2016,11,6.198478716492308,1,0,1,2,0.0,0.0001246416552411816,2,0,0,1,0
2016,6,6.45833828334479,1,0,112,5,0.125,0.0002492833104823632,0,1,0,0,0
2016,10,6.238324625039508,2,1,5,5,0.2,0.0049856662096472645,0,1,0,0,0
2017,3,5.883322388488279,3,1,3,5,0.6666666666666666,0.003365324691511903,0,1,0,0,0
2017,6,5.638354669333745,1,0,1,0,0.0,0.0002492833104823632,0,1,0,0,0
2017,9,5.2832037287379885,1,0,20,5,0.15,0.01171631559267107,0,1,0,0,0
2017,9,5.2832037287379885,1,0,87,5,0.25287356321839083,0.0002492833104823632,0,1,0,0,0
2016,10,6.251903883165888,1,0,9,3,0.0,0.029664713947401222,0,0,1,0,0
2016,6,6.436150368369428,1,0,112,5,0.125,0.0017449831733765424,0,1,0,0,0
2017,9,5.209486152841421,1,0,2,5,0.0,0.008724915866882713,5,0,0,1,0
2017,4,5.762051382780177,1,0,63,6,0.09523809523809523,0.0017449831733765424,5,1,0,0,0
2016,10,6.22455842927536,1,0,59,7,0.0,0.006481366072541443,5,0,0,1,0
2017,9,5.087596335232384,1,0,3,3,0.0,0.029664713947401222,3,0,0,1,0
2017,9,5.170483995038151,1,0,26,5,0.0,0.000997133241929453,2,0,0,1,0
2009,11,8.01829613851552,1,0,59,7,0.0,0.006481366072541443,2,0,0,1,0
2015,10,6.779921907472252,1,0,59,7,0.0,0.0021189081391000874,2,0,0,1,0
2017,9,5.117993812416755,2,1,17,5,0.7647058823529411,0.0002492833104823632,2,1,0,0,0
2017,10,4.997212273764115,1,0,4,2,0.0,0.0023681914495824507,2,0,1,0,0
2016,2,6.620073206530356,2,1,3,5,0.6666666666666666,0.0013710582076529975,5,1,0,0,0
2016,11,6.19644412779452,1,0,13,5,0.23076923076923078,0.003739249657235448,2,1,0,0,0
2017,7,5.44673737166631,1,0,17,5,0.23529411764705882,0.0034899663467530847,5,1,0,0,0
2017,9,5.135798437050262,1,0,45,5,0.2222222222222222,0.009098840832606257,5,1,0,0,0
2017,2,5.940171252720432,2,1,2,2,1.0,0.07291536831609123,0,1,0,0,0
2016,6,6.45833828334479,1,0,6,2,0.16666666666666666,0.0036146080019942664,0,1,0,0,0
2017,2,5.918893854273146,2,1,11,5,0.2727272727272727,0.005982799451576717,0,1,0,0,0
2017,7,5.44673737166631,1,0,11,5,0.45454545454545453,0.005982799451576717,0,1,0,0,0
2017,6,5.537334267018537,1,0,17,5,0.058823529411764705,0.02492833104823632,5,1,0,0,0
2017,5,5.697093486505405,1,0,13,5,0.23076923076923078,0.003739249657235448,0,1,0,0,0
2016,12,6.091309882077698,4,1,16,5,0.0625,0.0002492833104823632,0,1,0,0,0
2017,6,5.58724865840025,1,0,3,2,0.0,0.0007478499314470896,2,0,1,0,0
2017,6,5.564520407322694,2,1,4,5,0.75,0.0002492833104823632,5,1,0,0,0
2016,5,6.470799503782602,2,1,14,5,0.07142857142857142,0.009472765798329803,2,1,0,0,0
2017,9,5.056245805348308,1,0,33,6,0.2727272727272727,0.0014956998628941791,5,1,0,0,0
2017,3,5.840641657373398,2,1,6,5,0.6666666666666666,0.0034899663467530847,5,1,0,0,0
2017,8,5.247024072160486,1,0,6,5,0.0,0.0017449831733765424,4,0,1,0,0
2017,11,4.59511985013459,1,0,1,0,0.0,0.003739249657235448,0,0,1,0,0
2016,11,6.169610732491456,1,0,9,5,0.1111111111111111,0.0004985666209647265,0,1,0,0,0
2017,11,4.532599493153256,4,1,22,5,0.5,0.0004985666209647265,0,1,0,0,0
2017,3,5.777652323222656,1,0,15,4,0.0,0.029664713947401222,2,0,1,0,0
2017,1,5.955837369464831,1,0,1,5,0.0,0.035398230088495575,5,1,0,0,0
2017,11,4.532599493153256,3,1,22,5,0.18181818181818182,0.002243549794341269,2,1,0,0,0
2017,4,5.616771097666572,1,0,63,6,0.09523809523809523,0.0017449831733765424,5,1,0,0,0
2017,10,4.727387818712341,1,0,2,2,0.0,0.010594540695500436,0,0,1,0,0
2017,9,4.897839799950911,1,0,1,0,0.0,0.009098840832606257,0,1,0,0,0
2017,8,5.043425116919247,1,0,22,5,0.045454545454545456,0.035398230088495575,0,1,0,0,0
2016,6,6.366470447731438,1,0,17,5,0.058823529411764705,0.02492833104823632,0,1,0,0,0
2017,10,4.727387818712341,1,0,2,2,0.0,0.009846690764053347,2,1,0,0,0
2017,5,5.53338948872752,1,0,7,2,0.5714285714285714,0.0003739249657235448,2,0,1,0,0
2017,9,4.948759890378168,2,1,87,5,0.25287356321839083,0.008724915866882713,5,1,0,0,0
2013,11,7.332369205929062,1,0,6,3,0.0,0.00311604138102954,2,0,1,0,0
2014,10,7.084226422097916,1,0,17,5,0.23529411764705882,0.0011217748971706345,3,0,1,0,0
2017,9,4.844187086458591,1,0,2,2,0.0,0.0001246416552411816,2,1,0,0,0
2016,5,6.436150368369428,1,0,48,5,0.020833333333333332,0.0011217748971706345,5,1,0,0,0
2017,3,5.733341276897746,2,1,17,5,0.11764705882352941,0.0021189081391000874,2,1,0,0,0
2017,9,4.897839799950911,1,0,7,2,0.0,0.009098840832606257,2,1,0,0,0
2017,11,4.356708826689592,1,0,7,2,0.0,0.009098840832606257,0,0,1,0,0
2017,11,4.1588830833596715,1,0,3,3,0.0,0.029664713947401222,0,0,1,0,0
2017,9,4.897839799950911,1,0,4,5,0.25,0.0007478499314470896,0,1,0,0,0
2017,6,5.37989735354046,1,0,1,0,0.0,0.004861024554406083,0,1,0,0,0
2017,6,5.44673737166631,1,0,17,5,0.058823529411764705,0.003365324691511903,0,1,0,0,0
2016,6,6.39024066706535,1,0,1,0,0.0,0.0007478499314470896,0,1,0,0,0
2017,9,4.897839799950911,1,0,87,5,0.25287356321839083,0.0034899663467530847,0,1,0,0,0
2017,2,5.840641657373398,1,0,3,0,0.0,0.0034899663467530847,0,1,0,0,0
2016,12,6.028278520230698,2,1,37,6,0.2972972972972973,0.0036146080019942664,0,1,0,0,0
2016,12,6.028278520230698,1,0,112,5,0.125,0.0002492833104823632,0,1,0,0,0
2017,11,4.2626798770413155,1,0,15,2,0.0,0.02492833104823632,2,0,1,0,0
2016,10,6.137727054086234,1,0,10,5,0.1,0.029664713947401222,5,0,1,0,0
2017,5,5.424950017481403,1,0,1,2,0.0,0.0011217748971706345,2,1,0,0,0
1981,11,9.487138427825885,1,0,20,4,0.0,0.01632805683659479,0,0,1,0,0
2017,11,3.58351893845611,1,0,33,5,0.42424242424242425,0.003365324691511903,0,1,0,0,0
2016,11,6.042632833682381,2,1,11,5,0.45454545454545453,0.003365324691511903,0,1,0,0,0
2016,4,6.45833828334479,1,0,18,5,0.16666666666666666,0.005982799451576717,0,1,0,0,0
2017,1,5.8944028342648505,1,0,23,5,0.391304347826087,0.0001246416552411816,0,1,0,0,0
2017,3,5.6131281063880705,2,1,38,5,0.34210526315789475,0.0003739249657235448,0,1,0,0,0
2017,4,5.58724865840025,1,0,5,5,0.0,0.029664713947401222,2,1,0,0,0
2016,5,6.371611847231857,1,0,50,5,0.0,0.0001246416552411816,5,1,0,0,0
2017,11,3.7612001156935624,1,0,69,5,0.0,0.0012464165524118161,4,0,1,0,0
2017,2,5.777652323222656,1,0,3,5,0.0,0.0001246416552411816,4,0,1,0,0
2017,7,5.170483995038151,1,0,54,5,0.14814814814814814,0.005982799451576717,2,1,0,0,0
2017,1,5.863631175598097,1,0,8,5,0.625,0.006107441106817898,2,1,0,0,0
2017,3,5.71042701737487,1,0,22,6,0.13636363636363635,0.0034899663467530847,5,1,0,0,0
2017,9,4.5217885770490405,1,0,45,5,0.2222222222222222,0.005982799451576717,2,1,0,0,0
2016,11,5.973809611869261,1,0,69,5,0.0,0.0014956998628941791,2,0,1,0,0
2016,11,6.008813185442595,1,0,22,5,0.18181818181818182,0.001994266483858906,3,0,1,0,0
2016,11,5.993961427306569,1,0,10,5,0.2,0.0001246416552411816,2,1,0,0,0
2017,10,4.2626798770413155,1,0,4,2,0.0,0.01246416552411816,2,0,1,0,0
2017,6,5.170483995038151,1,0,33,5,0.42424242424242425,0.02492833104823632,5,1,0,0,0
2016,12,5.955837369464831,1,0,37,6,0.2972972972972973,0.0036146080019942664,2,1,0,0,0
2017,6,5.170483995038151,3,1,1,5,1.0,0.009098840832606257,5,1,0,0,0
2017,11,3.58351893845611,1,0,13,2,0.0,0.0021189081391000874,0,0,1,0,0
2017,11,3.7612001156935624,1,0,10,5,0.1,0.0004985666209647265,0,0,1,0,0
2017,11,3.58351893845611,1,0,3,4,0.0,0.0026174747600648134,0,0,1,0,0
2017,12,3.091042453358316,1,0,29,5,0.0,0.0001246416552411816,0,0,1,0,0
2017,11,3.58351893845611,1,0,13,2,0.0,0.006481366072541443,0,0,1,0,0
2016,10,6.059123195581797,1,0,59,7,0.0,0.009846690764053347,2,0,1,0,0
2016,10,6.075346031088684,1,0,9,5,0.3333333333333333,0.005110307864888446,0,1,0,0,0
2017,5,5.41610040220442,1,0,13,5,0.15384615384615385,0.0011217748971706345,0,1,0,0,0
2017,5,5.3230099791384085,1,0,6,2,0.16666666666666666,0.0003739249657235448,2,1,0,0,0
2017,5,5.247024072160486,3,1,1,2,1.0,0.0016203415181353608,2,1,0,0,0
2017,6,5.1298987149230735,1,0,6,2,0.5,0.009098840832606257,0,0,1,0,0
2017,9,4.174387269895637,2,1,45,5,0.2222222222222222,0.009098840832606257,0,1,0,0,0
2017,6,4.997212273764115,1,0,17,5,0.11764705882352941,0.001994266483858906,0,1,0,0,0
2017,4,5.356586274672012,1,0,63,6,0.09523809523809523,0.0017449831733765424,0,1,0,0,0
2017,3,5.537334267018537,2,1,2,0,0.5,0.0003739249657235448,0,1,0,0,0
2017,10,3.6109179126442243,3,1,33,6,0.2727272727272727,0.0014956998628941791,0,1,0,0,0
2017,1,5.71042701737487,1,0,6,2,0.5,0.003739249657235448,0,1,0,0,0
2017,10,3.6109179126442243,2,1,33,6,0.2727272727272727,0.0014956998628941791,0,1,0,0,0
2016,3,6.421622267806518,3,1,2,0,0.5,0.0008724915866882712,0,1,0,0,0
2017,2,5.594711379601839,2,1,8,5,0.625,0.0001246416552411816,5,1,0,0,0
2017,10,3.7612001156935624,2,1,11,5,0.2727272727272727,0.009098840832606257,5,1,0,0,0
2016,7,6.19644412779452,1,0,6,5,0.0,0.0006232082762059081,5,0,1,0,0
2017,6,5.043425116919247,4,1,11,5,0.8181818181818182,0.029664713947401222,5,1,0,0,0
2017,9,4.060443010546419,1,0,45,5,0.2222222222222222,0.0004985666209647265,0,1,0,0,0
2017,4,5.313205979041787,1,0,15,5,0.26666666666666666,0.0004985666209647265,0,1,0,0,0
2017,9,4.060443010546419,1,0,45,5,0.2222222222222222,0.0004985666209647265,0,1,0,0,0
2016,3,6.431331081933479,1,0,6,5,0.16666666666666666,0.029664713947401222,2,0,1,0,0
2017,4,5.3230099791384085,1,0,63,6,0.09523809523809523,0.0017449831733765424,2,1,0,0,0
2017,3,5.41610040220442,1,0,3,5,0.6666666666666666,0.009098840832606257,0,0,1,0,0
2017,4,5.318119993844216,1,0,5,2,0.0,0.0024928331048236323,0,1,0,0,0
2016,10,5.973809611869261,1,0,1,0,0.0,0.0043624579334413565,0,1,0,0,0
2017,9,3.9318256327243257,2,1,45,5,0.2222222222222222,0.009098840832606257,0,1,0,0,0
2016,12,5.799092654460526,2,1,15,5,0.26666666666666666,0.0011217748971706345,0,1,0,0,0
2016,10,5.991464547107982,1,0,2,0,0.0,0.0006232082762059081,0,1,0,0,0
2016,5,6.304448802421981,1,0,6,5,0.0,0.0017449831733765424,5,1,0,0,0
2016,7,6.152732694704104,2,1,8,5,0.625,0.029664713947401222,5,1,0,0,0
2017,5,5.153291594497779,2,1,6,5,1.0,0.0001246416552411816,2,1,0,0,0
2017,5,5.003946305945459,2,1,8,2,0.25,0.001994266483858906,0,1,0,0,0
2017,9,3.367295829986474,2,1,10,5,0.4,0.0034899663467530847,0,1,0,0,0
2016,10,5.929589143389895,1,0,1,0,0.0,0.0004985666209647265,0,1,0,0,0
2017,5,5.043425116919247,1,0,10,5,0.4,0.0034899663467530847,0,1,0,0,0
2017,5,4.997212273764115,1,0,28,5,0.2857142857142857,0.0002492833104823632,0,1,0,0,0
2016,5,6.26530121273771,1,0,48,5,0.020833333333333332,0.0011217748971706345,0,1,0,0,0
2017,3,5.365976015021851,1,0,48,5,0.020833333333333332,0.0011217748971706345,0,1,0,0,0
2017,3,5.3471075307174685,1,0,23,5,0.391304347826087,0.0021189081391000874,2,1,0,0,0
2016,6,6.210600077024653,1,0,45,5,0.2222222222222222,0.005982799451576717,2,0,1,0,0
2016,11,5.840641657373398,1,0,4,3,0.0,0.0043624579334413565,3,0,1,0,0
2017,2,5.44673737166631,3,1,7,5,0.5714285714285714,0.0001246416552411816,5,1,0,0,0
2013,9,7.29505641646263,1,0,1,0,0.0,0.008724915866882713,0,0,1,0,0
2016,11,5.755742213586912,1,0,13,5,0.3076923076923077,0.01171631559267107,2,0,1,0,0
2017,5,4.897839799950911,2,1,5,5,0.8,0.006107441106817898,0,1,0,0,0
2017,5,4.948759890378168,2,1,2,0,1.0,0.009098840832606257,0,1,0,0,0
2017,9,3.367295829986474,1,0,87,5,0.25287356321839083,0.0034899663467530847,0,1,0,0,0
2017,7,4.356708826689592,2,1,1,5,1.0,0.0001246416552411816,5,1,0,0,0
2017,5,4.997212273764115,2,1,4,2,1.0,0.0002492833104823632,2,1,0,0,0
2017,4,5.049856007249537,1,0,63,6,0.09523809523809523,0.0017449831733765424,5,1,0,0,0
2016,10,5.820082930352362,2,1,17,5,0.058823529411764705,0.0049856662096472645,5,1,0,0,0
2016,9,5.8998973535824915,1,0,1,0,0.0,0.0002492833104823632,0,1,0,0,0
2017,9,3.091042453358316,1,0,87,5,0.25287356321839083,0.003988532967717812,0,1,0,0,0
2016,11,5.777652323222656,1,0,15,5,0.26666666666666666,0.0004985666209647265,0,1,0,0,0
2016,9,5.940171252720432,1,0,50,7,0.0,0.004487099588682538,5,1,0,0,0
2017,4,5.043425116919247,1,0,3,5,0.0,0.0001246416552411816,5,1,0,0,0
2016,6,6.156978985585555,2,1,1,5,1.0,0.01632805683659479,5,1,0,0,0
2016,8,5.973809611869261,2,1,1,2,1.0,0.000997133241929453,2,1,0,0,0
2017,5,4.844187086458591,1,0,7,5,0.0,0.004487099588682538,0,0,1,0,0
2017,6,4.5217885770490405,1,0,17,5,0.058823529411764705,0.003365324691511903,0,1,0,0,0
2016,5,6.19644412779452,2,1,4,5,0.75,0.0053595911753708085,0,1,0,0,0
2017,4,4.919980925828125,1,0,4,2,0.0,0.0013710582076529975,0,1,0,0,0
2016,1,6.354370040797351,1,0,63,6,0.09523809523809523,0.013710582076529976,0,1,0,0,0
2016,12,5.53338948872752,1,0,13,5,0.23076923076923078,0.003739249657235448,2,0,1,0,0
2017,3,5.1298987149230735,1,0,22,6,0.13636363636363635,0.0034899663467530847,2,1,0,0,0
2016,12,5.560681631015528,1,0,37,6,0.2972972972972973,0.0036146080019942664,5,1,0,0,0
2016,8,5.849324779946859,1,0,5,2,0.0,0.0001246416552411816,0,1,0,0,0
2016,5,6.1070228877422545,1,0,12,5,0.08333333333333333,0.004861024554406083,2,1,0,0,0
2016,12,5.5053315359323625,2,1,2,5,1.0,0.0011217748971706345,5,1,0,0,0
2016,12,5.5053315359323625,1,0,5,0,0.0,0.0011217748971706345,0,0,1,0,0
2017,5,4.356708826689592,2,1,17,5,0.7647058823529411,0.0043624579334413565,5,1,0,0,0
2016,1,6.317164686747284,1,0,10,5,0.2,0.0002492833104823632,0,1,0,0,0
2016,9,5.820082930352362,1,0,50,7,0.0,0.004487099588682538,5,1,0,0,0
2016,12,5.5093883366279774,2,1,37,6,0.2972972972972973,0.0036146080019942664,0,1,0,0,0
2017,1,5.247024072160486,1,0,14,5,0.21428571428571427,0.0008724915866882712,0,1,0,0,0
2017,4,4.727387818712341,1,0,32,3,0.0,0.0007478499314470896,0,0,1,0,0
2017,6,3.7612001156935624,1,0,1,0,0.0,0.0007478499314470896,0,0,1,0,0
2017,4,4.663439094112067,1,0,15,5,0.26666666666666666,0.0004985666209647265,2,1,0,0,0
2016,4,6.1224928095143865,2,1,24,5,0.375,0.0049856662096472645,0,1,0,0,0
2016,8,5.82600010738045,3,1,14,5,0.35714285714285715,0.0003739249657235448,0,1,0,0,0
2017,5,4.276666119016055,3,1,7,2,0.5714285714285714,0.0001246416552411816,0,1,0,0,0
2017,4,4.5217885770490405,2,1,6,2,0.5,0.005982799451576717,0,1,0,0,0
2016,5,6.075346031088684,1,0,2,2,0.0,0.0049856662096472645,2,1,0,0,0
2016,11,5.560681631015528,1,0,22,5,0.18181818181818182,0.0021189081391000874,2,1,0,0,0
2016,9,5.68697535633982,2,1,13,5,0.5384615384615384,0.0016203415181353608,0,1,0,0,0
2016,3,6.22455842927536,1,0,13,5,0.23076923076923078,0.0002492833104823632,2,0,1,0,0
2017,7,2.6390573296152584,1,0,12,5,0.08333333333333333,0.004861024554406083,3,0,1,0,0
2016,8,5.793013608384144,1,0,2,5,0.0,0.0002492833104823632,2,0,1,0,0
2016,9,5.713732805509369,1,0,50,7,0.0,0.004487099588682538,2,1,0,0,0
2017,2,4.997212273764115,1,0,2,5,0.0,0.0007478499314470896,5,1,0,0,0
2016,5,5.991464547107982,1,0,5,5,0.0,0.003365324691511903,0,1,0,0,0
2017,2,4.787491742782046,1,0,38,5,0.34210526315789475,0.001994266483858906,2,1,0,0,0
2016,11,5.288267030694535,4,1,13,5,0.3076923076923077,0.005982799451576717,2,1,0,0,0
2016,9,5.594711379601839,1,0,50,7,0.0,0.004487099588682538,2,1,0,0,0
2017,2,4.7535901911063645,2,1,9,5,0.3333333333333333,0.005110307864888446,0,1,0,0,0
2016,4,6.075346031088684,1,0,1,2,0.0,0.0001246416552411816,2,1,0,0,0
2016,5,5.991464547107982,1,0,11,5,0.2727272727272727,0.009098840832606257,0,1,0,0,0
2017,1,5.0689042022202315,1,0,22,6,0.13636363636363635,0.0034899663467530847,2,1,0,0,0
2017,2,4.663439094112067,1,0,18,5,0.16666666666666666,0.003365324691511903,2,1,0,0,0
2015,12,6.311734809152915,1,0,112,5,0.125,0.0038638913124766296,5,0,1,0,0
2016,6,5.8805329864007,1,0,1,2,0.0,0.0036146080019942664,2,1,0,0,0
2016,6,5.840641657373398,1,0,112,5,0.125,0.0017449831733765424,0,1,0,0,0
2017,3,4.343805421853684,1,0,37,6,0.2972972972972973,0.0036146080019942664,0,1,0,0,0
2015,9,6.432940092739179,1,0,2,0,0.0,0.009098840832606257,0,1,0,0,0
2015,3,6.710523109452428,1,0,15,6,0.0,0.0007478499314470896,6,0,1,0,0
2014,3,7.060476365999801,1,0,3,5,0.0,0.010594540695500436,5,1,0,0,0
2017,4,3.367295829986474,1,0,1,5,0.0,0.0003739249657235448,5,1,0,0,0
2016,8,5.69035945432406,1,0,2,0,0.0,0.003365324691511903,0,1,0,0,0
2016,3,6.1070228877422545,1,0,13,5,0.23076923076923078,0.0001246416552411816,0,1,0,0,0
2017,1,4.844187086458591,1,0,69,5,0.0,0.005110307864888446,2,0,1,0,0
2016,9,5.5053315359323625,1,0,10,5,0.1,0.029664713947401222,2,1,0,0,0
2016,12,5.135798437050262,1,0,112,5,0.125,0.0001246416552411816,0,1,0,0,0
2016,6,5.817111159963204,1,0,112,5,0.125,0.0017449831733765424,0,1,0,0,0
2017,4,3.091042453358316,1,0,63,6,0.09523809523809523,0.0017449831733765424,0,1,0,0,0
2016,6,5.799092654460526,2,1,3,2,0.3333333333333333,0.006481366072541443,2,1,0,0,0
2017,1,4.844187086458591,2,1,2,5,0.5,0.0002492833104823632,5,1,0,0,0
2016,11,5.209486152841421,1,0,13,3,0.0,0.000997133241929453,3,0,0,1,0
2017,1,4.6443908991413725,1,0,24,5,0.375,0.0001246416552411816,2,1,0,0,0
2016,5,5.918893854273146,1,0,48,5,0.020833333333333332,0.0011217748971706345,0,1,0,0,0
2016,1,6.163314804034641,2,1,1,5,1.0,0.009846690764053347,5,1,0,0,0
2016,11,5.087596335232384,1,0,11,5,0.45454545454545453,0.003365324691511903,0,0,1,0,0
2016,10,5.1298987149230735,1,0,5,5,0.2,0.006107441106817898,0,1,0,0,0
2015,12,6.2166061010848646,5,1,37,6,0.2972972972972973,0.0036146080019942664,0,1,0,0,0
2016,7,5.575949103146316,2,1,63,6,0.09523809523809523,0.005982799451576717,2,1,0,0,0
2016,10,5.153291594497779,1,0,17,5,0.23529411764705882,0.0026174747600648134,5,1,0,0,0
2016,10,5.1298987149230735,1,0,10,5,0.1,0.0004985666209647265,5,0,1,0,0
2016,11,4.997212273764115,1,0,13,5,0.3076923076923077,0.005982799451576717,0,1,0,0,0
2016,11,5.043425116919247,1,0,23,5,0.391304347826087,0.0021189081391000874,0,1,0,0,0
2016,8,5.44673737166631,1,0,6,5,0.0,0.0017449831733765424,5,0,1,0,0
2016,9,5.247024072160486,2,1,8,5,0.625,0.006107441106817898,0,1,0,0,0
2016,3,5.918893854273146,1,0,2,2,0.0,0.0017449831733765424,2,1,0,0,0
2016,7,5.529429087511423,3,1,13,5,0.5384615384615384,0.003739249657235448,5,1,0,0,0
2017,1,4.465908118654584,1,0,54,5,0.14814814814814814,0.005982799451576717,0,1,0,0,0
2016,1,6.0844994130751715,1,0,1,0,0.0,0.0001246416552411816,0,1,0,0,0
2016,7,5.58724865840025,1,0,3,5,0.0,0.0001246416552411816,5,1,0,0,0
2016,9,5.25227342804663,1,0,50,7,0.0,0.004487099588682538,5,1,0,0,0
2016,4,5.820082930352362,1,0,18,5,0.16666666666666666,0.003365324691511903,3,0,1,0,0
2017,3,2.70805020110221,1,0,29,5,0.0,0.029664713947401222,3,0,1,0,0
2016,1,6.0330862217988015,1,0,25,5,0.0,0.008724915866882713,0,1,0,0,0
2016,3,5.937536205082426,1,0,18,5,0.16666666666666666,0.005982799451576717,0,1,0,0,0
2016,10,5.043425116919247,1,0,1,0,0.0,0.0003739249657235448,0,1,0,0,0
2016,9,5.170483995038151,2,1,1,5,1.0,0.0016203415181353608,5,1,0,0,0
2016,9,5.176149732573829,1,0,50,7,0.0,0.004487099588682538,5,1,0,0,0
2016,8,5.351858133476067,2,1,1,2,1.0,0.009472765798329803,2,1,0,0,0
2017,1,4.110873864173311,1,0,22,6,0.13636363636363635,0.0034899663467530847,5,1,0,0,0
2016,2,5.973809611869261,2,1,8,5,0.625,0.006107441106817898,5,1,0,0,0
2016,3,5.8998973535824915,1,0,29,5,0.0,0.029664713947401222,5,0,0,1,0
2016,9,5.1298987149230735,1,0,10,5,0.1,0.006107441106817898,0,1,0,0,0
2017,2,2.5649493574615367,1,0,2,2,0.0,0.0016203415181353608,2,1,0,0,0
2016,7,5.389071729816501,1,0,1,2,0.0,0.0001246416552411816,2,1,0,0,0
2016,5,5.5093883366279774,1,0,5,2,0.0,0.009846690764053347,0,1,0,0,0
2015,10,6.1092475827643655,1,0,1,2,0.0,0.0049856662096472645,2,1,0,0,0
2016,9,4.59511985013459,1,0,7,4,0.14285714285714285,0.0004985666209647265,2,0,1,0,0
2016,11,3.58351893845611,1,0,8,2,0.0,0.0002492833104823632,2,0,1,0,0
2016,7,5.043425116919247,1,0,5,5,0.2,0.0049856662096472645,0,1,0,0,0
2016,11,3.912023005428146,1,0,7,2,0.0,0.009846690764053347,0,0,1,0,0
2016,10,4.1588830833596715,1,0,1,0,0.0,0.0004985666209647265,0,0,1,0,0
2016,10,4.2626798770413155,1,0,22,5,0.0,0.006107441106817898,0,0,1,0,0
2016,10,4.356708826689592,1,0,11,5,0.0,0.009472765798329803,0,0,1,0,0
2016,4,5.5053315359323625,1,0,1,0,0.0,0.0017449831733765424,0,1,0,0,0
2016,11,3.367295829986474,1,0,69,5,0.0,0.009472765798329803,0,0,1,0,0
2016,11,3.58351893845611,1,0,14,5,0.07142857142857142,0.009472765798329803,0,0,1,0,0
2016,5,5.41610040220442,1,0,11,5,0.2727272727272727,0.009472765798329803,0,0,1,0,0
2016,5,5.351858133476067,1,0,9,5,0.1111111111111111,0.006481366072541443,4,0,1,0,0
2016,5,5.351858133476067,1,0,54,5,0.14814814814814814,0.005982799451576717,0,1,0,0,0
2016,7,4.948759890378168,1,0,8,2,0.25,0.0021189081391000874,0,1,0,0,0
2016,1,5.755742213586912,1,0,3,5,0.0,0.0013710582076529975,2,0,1,0,0
2016,10,3.9318256327243257,2,1,11,5,0.45454545454545453,0.003365324691511903,2,1,0,0,0
2016,5,5.288267030694535,1,0,14,5,0.07142857142857142,0.000997133241929453,0,1,0,0,0
2016,5,5.318119993844216,1,0,2,2,0.0,0.0049856662096472645,0,1,0,0,0
2015,12,5.87493073085203,1,0,2,5,0.0,0.0002492833104823632,5,1,0,0,0
2015,12,5.87493073085203,1,0,38,5,0.34210526315789475,0.002243549794341269,2,0,1,0,0
2015,8,6.133398042996649,1,0,24,5,0.375,0.0049856662096472645,5,0,1,0,0
2016,4,5.407171771460119,1,0,3,5,0.6666666666666666,0.000997133241929453,0,0,1,0,0
2015,3,6.429719478039138,1,0,17,5,0.7647058823529411,0.0043624579334413565,5,1,0,0,0
2015,9,6.118097198041348,1,0,1,2,0.0,0.029664713947401222,2,1,0,0,0
2015,6,6.270988431858299,1,0,7,5,0.0,0.029664713947401222,5,1,0,0,0
2015,5,6.309918278226516,1,0,6,5,0.16666666666666666,0.029664713947401222,0,1,0,0,0
2016,7,4.442651256490317,1,0,5,5,0.0,0.0043624579334413565,5,1,0,0,0
2016,8,4.04305126783455,1,0,1,0,0.0,0.008724915866882713,0,0,1,0,0
2016,4,5.087596335232384,1,0,4,2,0.0,0.0001246416552411816,0,0,1,0,0
2016,6,4.663439094112067,1,0,8,2,0.0,0.0002492833104823632,0,0,1,0,0
2016,4,5.1298987149230735,1,0,18,5,0.16666666666666666,0.009098840832606257,0,1,0,0,0
2016,4,4.969813299576001,2,1,5,5,0.4,0.0001246416552411816,2,1,0,0,0
2016,5,4.727387818712341,1,0,12,5,0.08333333333333333,0.004861024554406083,0,1,0,0,0
2016,2,5.2832037287379885,1,0,2,2,0.0,0.0016203415181353608,0,1,0,0,0
2014,6,6.71295620067707,1,0,3,0,0.3333333333333333,0.0002492833104823632,0,0,1,0,0
2016,1,5.342334251964811,2,1,1,0,1.0,0.006481366072541443,0,1,0,0,0
2016,2,5.170483995038151,2,1,2,2,0.5,0.000997133241929453,2,1,0,0,0
2016,4,4.844187086458591,1,0,1,0,0.0,0.009098840832606257,0,0,1,0,0
2016,6,3.912023005428146,1,0,32,3,0.0,0.0001246416552411816,0,0,1,0,0
2016,1,5.318119993844216,1,0,17,5,0.11764705882352941,0.001994266483858906,0,1,0,0,0
2016,1,5.247024072160486,1,0,8,2,0.375,0.0049856662096472645,0,0,1,0,0
2016,2,4.997212273764115,1,0,2,2,0.0,0.013835223731771158,2,1,0,0,0
2016,2,5.043425116919247,1,0,1,5,0.0,0.0008724915866882712,5,1,0,0,0
2014,10,6.472346294500901,1,0,347,5,0.0,0.0017449831733765424,0,0,1,0,0
2015,11,5.497168225293202,1,0,6,5,0.0,0.0017449831733765424,0,0,1,0,0
2016,4,4.2626798770413155,1,0,22,5,0.0,0.009098840832606257,2,0,1,0,0
2016,5,4.1588830833596715,3,1,23,5,0.391304347826087,0.001994266483858906,5,1,0,0,0
2016,1,5.093750200806762,2,1,8,5,0.125,0.035398230088495575,5,1,0,0,0
2016,1,5.043425116919247,1,0,13,5,0.23076923076923078,0.02492833104823632,0,1,0,0,0
2016,5,3.58351893845611,1,0,4,0,0.25,0.0001246416552411816,0,1,0,0,0
2015,10,5.4680601411351315,1,0,15,2,0.0,0.02492833104823632,2,0,1,0,0
2015,4,6.040254711277414,2,1,3,0,0.3333333333333333,0.0001246416552411816,0,1,0,0,0
2015,12,5.198497031265826,1,0,20,4,0.0,0.0002492833104823632,0,1,0,0,0
2015,10,5.438079308923196,1,0,1,0,0.0,0.006481366072541443,0,0,1,0,0
2015,8,4.890349128221754,1,0,2,0,0.0,0.02492833104823632,0,0,1,0,0
2015,1,5.863631175598097,2,1,1,5,1.0,0.029664713947401222,5,1,0,0,0
2015,4,5.541263545158426,1,0,4,0,0.0,0.001869624828617724,0,0,1,0,0
2015,11,3.713572066704308,1,0,1,0,0.0,0.0043624579334413565,0,0,1,0,0
2015,10,4.007333185232471,1,0,8,2,0.0,0.009472765798329803,0,0,1,0,0
2015,5,5.3612921657094255,1,0,2,6,0.0,0.009472765798329803,0,0,1,0,0
2015,11,3.713572066704308,1,0,1,2,0.0,0.009472765798329803,2,0,1,0,0
2015,11,3.713572066704308,1,0,1,2,0.0,0.010594540695500436,2,0,1,0,0
2014,10,6.0867747269123065,1,0,347,5,0.0,0.0001246416552411816,3,0,1,0,0
2015,9,4.499809670330265,1,0,2,3,0.0,0.0043624579334413565,3,0,1,0,0
2015,11,3.295836866004329,1,0,15,5,0.0,0.029664713947401222,3,0,1,0,0
2015,11,3.871201010907891,1,0,22,5,0.0,0.02492833104823632,4,0,1,0,0
2015,3,5.598421958998375,2,1,17,5,0.7647058823529411,0.0043624579334413565,0,1,0,0,0
2015,6,5.187385805840755,1,0,24,5,0.375,0.0049856662096472645,0,1,0,0,0
2015,5,5.459585514144159,1,0,24,5,0.375,0.0049856662096472645,0,1,0,0,0
2015,5,5.429345628954441,2,1,5,5,0.4,0.0043624579334413565,0,1,0,0,0
2014,10,6.0473721790462776,1,0,10,5,0.2,0.0043624579334413565,0,1,0,0,0
2015,1,5.855071922202427,1,0,1,0,0.0,0.0049856662096472645,0,1,0,0,0
2015,2,5.786897381366708,1,0,1,5,0.0,0.0043624579334413565,5,1,0,0,0
2014,3,6.46302945692067,1,0,10,5,0.2,0.0043624579334413565,5,1,0,0,0
2015,12,2.995732273553991,1,0,29,5,0.0,0.000997133241929453,3,0,0,1,0
2015,12,2.5649493574615367,1,0,5,8,0.0,0.029664713947401222,5,0,0,1,0
2013,9,6.703188113240863,1,0,5,8,0.0,0.009472765798329803,8,0,1,0,0
2014,12,5.942799375126701,1,0,31,3,0.0,0.009472765798329803,0,0,1,0,0
2015,6,5.327876168789581,1,0,17,5,0.058823529411764705,0.02492833104823632,0,0,1,0,0
2014,6,6.320768294250582,1,0,4,0,0.0,0.001869624828617724,0,0,1,0,0
2015,7,5.075173815233827,1,0,347,5,0.0,0.0043624579334413565,0,0,1,0,0
2015,8,4.770684624465665,1,0,3,0,0.0,0.009472765798329803,0,0,1,0,0
2015,12,2.995732273553991,1,0,29,5,0.0,0.000997133241929453,0,0,1,0,0
2015,10,4.23410650459726,1,0,1,0,0.0,0.0043624579334413565,0,0,1,0,0
2015,11,3.5263605246161616,1,0,59,7,0.0,0.006481366072541443,4,0,1,0,0
2014,10,6.021023349349527,1,0,3,4,0.0,0.0017449831733765424,4,0,1,0,0
2014,6,6.302618975744905,1,0,22,6,0.13636363636363635,0.01632805683659479,0,1,0,0,0
2015,4,5.480638923341991,1,0,7,5,0.5714285714285714,0.01632805683659479,0,1,0,0,0
2015,3,5.645446897643238,1,0,7,5,0.5714285714285714,0.01632805683659479,0,1,0,0,0
2015,3,5.638354669333745,2,1,1,0,1.0,0.005982799451576717,0,1,0,0,0
2014,1,6.54965074223381,1,0,6,5,0.6666666666666666,0.01632805683659479,2,1,0,0,0
2012,10,7.059617628291383,2,1,4,5,0.75,0.0001246416552411816,5,1,0,0,0
2015,10,4.127134385045092,1,0,1,0,0.0,0.006481366072541443,0,0,1,0,0
2014,12,5.87493073085203,1,0,347,5,0.0,0.004736382899164901,0,0,1,0,0
2015,6,5.181783550292085,1,0,347,5,0.0,0.004736382899164901,0,0,1,0,0
2015,11,3.713572066704308,1,0,4,2,0.0,0.006481366072541443,0,0,1,0,0
2015,9,4.6443908991413725,1,0,5,0,0.0,0.0006232082762059081,0,0,1,0,0
2015,8,4.6443908991413725,1,0,1,0,0.0,0.010594540695500436,0,0,1,0,0
2015,10,4.127134385045092,1,0,1,0,0.0,0.010594540695500436,0,0,1,0,0
2015,10,3.871201010907891,1,0,1,0,0.0,0.010594540695500436,0,0,1,0,0
2015,5,5.267858159063328,1,0,5,5,0.2,0.0011217748971706345,0,0,1,0,0
2014,5,6.324358962381311,1,0,5,0,0.0,0.0001246416552411816,0,0,1,0,0
2012,1,7.237778191923443,1,0,1,0,0.0,0.0001246416552411816,0,1,0,0,0
2014,6,6.218600119691729,1,0,3,5,0.3333333333333333,0.003739249657235448,5,0,1,0,0
2015,5,4.875197323201151,1,0,13,5,0.0,0.002243549794341269,2,0,1,0,0
2011,10,7.265429723253953,1,0,3,0,0.3333333333333333,0.0001246416552411816,0,0,1,0,0
2013,4,6.777646593635117,1,0,12,2,0.0,0.002243549794341269,0,0,1,0,0
2015,3,5.214935757608986,1,0,2,0,0.0,0.009098840832606257,0,0,1,0,0
2015,3,5.0106352940962555,1,0,4,0,0.0,0.029664713947401222,0,0,1,0,0
2015,4,4.543294782270004,1,0,22,5,0.0,0.0043624579334413565,4,0,1,0,0
2012,12,6.870053411798126,1,0,10,5,0.1,0.029664713947401222,4,0,1,0,0
2015,3,4.927253685157205,1,0,29,5,0.0,0.0002492833104823632,4,0,1,0,0
2014,3,6.186208623900494,1,0,5,5,0.2,0.0049856662096472645,5,0,1,0,0
2015,1,5.225746673713202,2,1,1,0,1.0,0.0043624579334413565,0,1,0,0,0
2014,2,5.805134968916488,1,0,3,2,0.0,0.02492833104823632,0,0,1,0,0
2014,12,3.4339872044851463,1,0,20,4,0.0,0.029664713947401222,4,0,1,0,0
2013,11,6.013715156042802,1,0,13,2,0.0,0.02492833104823632,2,0,1,0,0
2014,11,3.8066624897703196,1,0,2,0,0.0,0.006107441106817898,0,1,0,0,0
2014,7,4.795790545596741,1,0,2,0,0.0,0.0001246416552411816,0,0,1,0,0
2013,11,5.802118375377063,1,0,7,2,0.0,0.0002492833104823632,0,0,1,0,0
2011,9,7.002155954403621,1,0,7,2,0.0,0.0002492833104823632,0,0,1,0,0
2014,5,4.07753744390572,1,0,4,2,0.0,0.008724915866882713,0,0,1,0,0
2012,1,6.80128303447162,1,0,5,2,0.0,0.006107441106817898,0,1,0,0,0
2013,6,5.918893854273146,1,0,2,0,0.0,0.009846690764053347,0,1,0,0,0
2012,2,6.70073110954781,1,0,1,0,0.0,0.0001246416552411816,0,0,1,0,0
2004,4,8.204124932574041,1,0,32,3,0.0,0.009846690764053347,2,0,1,0,0
2013,4,5.594711379601839,1,0,2,2,0.0,0.010594540695500436,2,0,1,0,0
2013,5,5.3612921657094255,1,0,1,0,0.0,0.0001246416552411816,0,0,0,1,0
2013,2,5.739792912179234,1,0,29,5,0.0,0.000997133241929453,3,0,1,0,0
2013,4,5.049856007249537,1,0,1,0,0.0,0.0004985666209647265,0,0,1,0,0
2011,1,6.813444599510896,1,0,2,2,0.0,0.01632805683659479,2,1,0,0,0
2013,4,4.465908118654584,1,0,13,2,0.0,0.009846690764053347,0,0,1,0,0
2012,11,5.44673737166631,1,0,59,7,0.0,0.006481366072541443,5,0,1,0,0
2012,3,5.5909869805108565,1,0,4,2,0.0,0.0029913997257883583,0,0,1,0,0
2012,1,5.700443573390687,1,0,5,5,0.2,0.0011217748971706345,2,0,1,0,0
2010,10,6.313548046277095,1,0,2,2,0.0,0.009472765798329803,2,0,1,0,0
2011,10,5.056245805348308,1,0,13,2,0.0,0.009846690764053347,2,0,1,0,0
2011,3,5.560681631015528,1,0,4,2,0.0,0.0029913997257883583,2,0,1,0,0
2010,11,5.955837369464831,1,0,12,4,0.0,0.029664713947401222,2,0,1,0,0
2009,5,6.756932389247553,1,0,2,2,0.0,0.009472765798329803,2,0,1,0,0
2010,5,6.0112671744041615,1,0,1,4,0.0,0.009472765798329803,4,0,1,0,0
2010,11,3.4011973816621555,1,0,13,2,0.0,0.009846690764053347,0,0,1,0,0
2010,11,3.6109179126442243,1,0,1,0,0.0,0.009846690764053347,0,0,1,0,0
2009,11,5.298317366548036,1,0,13,2,0.0,0.009846690764053347,2,0,1,0,0
2008,11,3.6635616461296463,1,0,8,5,0.0,0.01632805683659479,0,0,1,0,0
2008,11,2.8903717578961645,1,0,2,0,0.0,0.01632805683659479,0,0,1,0,0
2008,11,3.6635616461296463,1,0,3,1,0.0,0.01632805683659479,0,0,1,0,0
2008,9,4.394449154672439,1,0,1,0,0.0,0.01632805683659479,0,0,1,0,0
2005,2,7.251344983372214,1,0,2,0,0.0,0.01632805683659479,0,0,1,0,0
1994,3,8.591001118560957,1,0,2,0,0.0,0.01632805683659479,0,0,1,0,0
2008,11,2.8903717578961645,1,0,347,5,0.0,0.01632805683659479,0,0,1,0,0
2008,5,5.298317366548036,1,0,1,0,0.0,0.010594540695500436,0,0,1,0,0
2008,3,5.572154032177765,1,0,8,2,0.0,0.010594540695500436,2,0,1,0,0
2008,11,2.8903717578961645,1,0,5,2,0.0,0.0004985666209647265,0,0,1,0,0
2007,8,6.09807428216624,1,0,1,0,0.0,0.02492833104823632,0,0,1,0,0
2007,10,5.963579343618446,1,0,12,3,0.16666666666666666,0.009472765798329803,0,0,1,0,0
2006,2,6.912742820493176,1,0,54,5,0.14814814814814814,0.010594540695500436,2,0,1,0,0
2007,3,6.418364935936212,1,0,10,5,0.0,0.009472765798329803,2,0,1,0,0
2007,11,5.8522024797744745,1,0,8,2,0.0,0.0036146080019942664,2,0,1,0,0
2008,3,5.429345628954441,1,0,2,0,0.0,0.0004985666209647265,0,0,0,1,0
2007,11,5.8289456176102075,1,0,5,5,0.0,0.0049856662096472645,2,0,0,1,0
2008,5,5.10594547390058,1,0,4,4,0.0,0.029664713947401222,3,0,0,1,0
2008,9,3.828641396489095,1,0,3,0,0.3333333333333333,0.0049856662096472645,0,1,0,0,0
2008,3,5.3612921657094255,1,0,1,0,0.0,0.029664713947401222,0,1,0,0,0
2008,4,5.225746673713202,1,0,1,0,0.0,0.010220615729776892,0,0,1,0,0
2008,8,4.204692619390966,1,0,3,0,0.3333333333333333,0.0049856662096472645,0,0,1,0,0
2008,4,5.187385805840755,1,0,2,2,0.0,0.029664713947401222,0,0,1,0,0
2008,6,4.867534450455582,1,0,1,0,0.0,0.029664713947401222,0,0,1,0,0
2008,2,5.488937726156687,1,0,1,0,0.0,0.029664713947401222,0,0,1,0,0
2008,10,1.3862943611198906,1,0,20,4,0.0,0.029664713947401222,0,0,1,0,0
2008,10,2.3978952727983707,1,0,6,5,0.0,0.0049856662096472645,0,0,1,0,0
2007,5,6.257667587882639,1,0,3,1,0.0,0.029664713947401222,0,0,1,0,0
2008,6,4.867534450455582,1,0,10,5,0.1,0.0049856662096472645,0,0,1,0,0
2008,3,5.442417710521793,1,0,29,5,0.0,0.00461174124392372,0,0,1,0,0
2008,6,4.5217885770490405,1,0,347,5,0.0,0.0311604138102954,0,0,1,0,0
2005,5,7.110696122978827,1,0,6,4,0.0,0.0003739249657235448,0,0,1,0,0
2006,9,6.590301048196686,1,0,8,3,0.0,0.0311604138102954,0,0,1,0,0
2000,10,7.977968093128549,1,0,8,2,0.0,0.008724915866882713,2,0,1,0,0
2008,5,3.2188758248682006,1,0,6,2,0.0,0.02492833104823632,0,0,1,0,0
2008,4,2.6390573296152584,1,0,21,6,0.047619047619047616,0.0311604138102954,0,0,0,1,0
2005,11,6.782192056006791,1,0,8,2,0.0,0.008724915866882713,0,0,0,1,0
2003,11,7.382124365737512,1,0,3,0,0.0,0.0311604138102954,0,0,0,1,0
2007,12,4.890349128221754,1,0,8,2,0.0,0.008724915866882713,0,0,0,1,0
2005,3,7.02197642307216,1,0,8,3,0.0,0.0311604138102954,2,0,0,1,0
2007,9,5.4116460518550396,1,0,3,3,0.0,0.0028667580705471767,2,0,0,1,0
2007,11,4.990432586778736,1,0,25,5,0.0,0.0002492833104823632,4,0,0,1,0
2002,10,7.61085279039525,1,0,12,4,0.0,0.0001246416552411816,4,0,0,1,0
2007,9,5.3471075307174685,1,0,22,5,0.5,0.0311604138102954,0,1,0,0,0
2007,9,5.3471075307174685,1,0,1,0,0.0,0.0029913997257883583,0,0,1,0,0
2007,9,5.3471075307174685,1,0,1,0,0.0,0.0311604138102954,0,0,1,0,0
2007,10,5.313205979041787,1,0,1,0,0.0,0.0311604138102954,0,0,1,0,0
2007,11,5.0369526024136295,1,0,1,0,0.0,0.0001246416552411816,0,0,1,0,0
2008,3,3.7376696182833684,1,0,6,2,0.0,0.0311604138102954,0,0,1,0,0
2008,1,4.430816798843313,1,0,8,3,0.0,0.0311604138102954,0,0,1,0,0
2008,3,3.5553480614894135,1,0,10,5,0.1,0.0311604138102954,0,0,1,0,0
2008,4,3.044522437723423,1,0,4,3,0.0,0.0311604138102954,0,0,1,0,0
2008,1,4.430816798843313,1,0,5,2,0.0,0.0001246416552411816,0,0,1,0,0
2008,3,3.332204510175204,1,0,8,5,0.0,0.0001246416552411816,0,0,1,0,0
2007,12,4.941642422609304,1,0,347,5,0.0,0.0311604138102954,2,0,1,0,0
2007,6,5.707110264748875,1,0,347,5,0.0,0.0311604138102954,2,0,1,0,0
2007,4,5.955837369464831,1,0,3,0,0.0,0.0004985666209647265,0,0,1,0,0
2008,3,3.2188758248682006,1,0,6,5,0.0,0.0001246416552411816,0,0,1,0,0
2007,12,4.624972813284271,1,0,4,0,0.0,0.010594540695500436,0,0,1,0,0
2007,1,6.052089168924417,1,0,9,2,0.0,0.02492833104823632,0,0,1,0,0
2007,6,5.187385805840755,1,0,1,2,0.0,0.003365324691511903,2,1,0,0,0
2007,9,4.624972813284271,1,0,2,2,0.0,0.0004985666209647265,2,0,1,0,0
2006,12,5.945420608606575,1,0,4,2,0.0,0.003365324691511903,2,0,1,0,0
2006,11,5.998936561946683,1,0,23,5,0.0,0.003365324691511903,2,0,1,0,0
2007,1,5.786897381366708,1,0,2,3,0.0,0.003365324691511903,3,0,1,0,0
2007,4,5.517452896464707,1,0,4,4,0.0,0.0004985666209647265,4,0,1,0,0
2004,10,7.061334366910438,1,0,2,5,0.0,0.003365324691511903,5,0,1,0,0
2007,12,2.8903717578961645,1,0,2,2,0.0,0.029664713947401222,0,0,0,1,0
2007,11,3.4657359027997265,1,0,5,5,0.0,0.0036146080019942664,0,0,0,1,0
2007,3,5.648974238161206,1,0,19,5,0.0,0.0007478499314470896,2,0,0,1,0
2007,12,1.3862943611198906,1,0,19,5,0.0,0.0007478499314470896,2,0,0,1,0
2007,10,4.0943445622221,1,0,69,5,0.0,0.0002492833104823632,2,0,0,1,0
2007,10,3.970291913552122,1,0,22,5,0.0,0.010220615729776892,3,0,0,1,0
2007,11,3.2188758248682006,1,0,15,5,0.0,0.00461174124392372,3,0,0,1,0
2007,10,4.0943445622221,1,0,20,4,0.0,0.005110307864888446,4,0,0,1,0
2007,12,2.3978952727983707,1,0,50,5,0.0,0.029664713947401222,4,0,0,1,0
2007,12,2.8903717578961645,1,0,29,5,0.0,0.010220615729776892,4,0,0,1,0
2007,11,3.4657359027997265,1,0,15,5,0.0,0.029664713947401222,4,0,0,1,0
2007,11,3.2188758248682006,1,0,1,5,0.0,0.003365324691511903,5,0,0,1,0
2007,2,5.697093486505405,1,0,347,5,0.0,0.0001246416552411816,0,0,1,0,0
2007,11,3.828641396489095,1,0,347,5,0.0,0.004861024554406083,0,0,1,0,0
2007,12,2.8903717578961645,1,0,9,3,0.0,0.00461174124392372,0,0,1,0,0
2004,10,7.045776576879511,1,0,22,3,0.0,0.0036146080019942664,0,0,1,0,0
2007,11,3.6635616461296463,1,0,50,5,0.0,0.029664713947401222,0,0,1,0,0
2007,10,3.970291913552122,1,0,13,3,0.0,0.00461174124392372,0,0,1,0,0
2007,10,4.0943445622221,1,0,9,2,0.0,0.0004985666209647265,0,0,1,0,0
2007,11,3.2188758248682006,1,0,27,4,0.0,0.029664713947401222,0,0,1,0,0
2007,11,3.4657359027997265,1,0,23,5,0.0,0.003365324691511903,0,0,1,0,0
2007,11,3.2188758248682006,1,0,5,2,0.0,0.0004985666209647265,0,0,1,0,0
2007,11,3.4657359027997265,1,0,1,0,0.0,0.004861024554406083,0,0,1,0,0
2007,8,4.0943445622221,1,0,10,5,0.1,0.0049856662096472645,0,1,0,0,0
2007,5,5.017279836814924,1,0,1,0,0.0,0.0002492833104823632,0,1,0,0,0
2007,7,4.553876891600541,1,0,1,0,0.0,0.00461174124392372,0,1,0,0,0
2007,10,1.3862943611198906,1,0,6,5,0.0,0.0049856662096472645,0,0,1,0,0
2007,3,5.3981627015177525,1,0,1,0,0.0,0.0049856662096472645,0,0,1,0,0
2003,4,7.405495663199472,1,0,6,2,0.0,0.0311604138102954,2,0,1,0,0
2005,2,6.884486652042782,1,0,4,3,0.0,0.0311604138102954,3,0,1,0,0
2001,3,7.789454566086673,1,0,11,4,0.0,0.0006232082762059081,4,0,1,0,0
2000,4,7.914983005848394,1,0,4,4,0.0,0.0311604138102954,4,0,1,0,0
2007,9,3.5553480614894135,1,0,3,0,0.0,0.0001246416552411816,0,0,0,1,0
2007,9,3.7376696182833684,1,0,1,0,0.0,0.0311604138102954,0,0,0,1,0
2004,2,7.2115567333138015,1,0,1,0,0.0,0.0001246416552411816,0,0,0,1,0
2007,2,5.44673737166631,1,0,6,2,0.0,0.0311604138102954,2,0,0,1,0
2007,9,3.367295829986474,1,0,8,3,0.0,0.0311604138102954,3,0,0,1,0
2007,5,5.049856007249537,1,0,6,5,0.0,0.0311604138102954,5,0,0,1,0
2007,3,5.313205979041787,1,0,347,5,0.0,0.0311604138102954,0,0,1,0,0
2007,6,4.718498871295094,1,0,347,5,0.0,0.0311604138102954,0,0,1,0,0
2007,6,4.77912349311153,1,0,347,5,0.0,0.0311604138102954,0,0,1,0,0
2007,4,5.204006687076795,1,0,2,0,0.0,0.0001246416552411816,0,0,1,0,0
2007,6,4.836281906951478,1,0,22,5,0.5,0.0008724915866882712,0,1,0,0,0
2007,8,4.248495242049359,1,0,31,3,0.0,0.0002492833104823632,0,0,1,0,0
2001,3,7.789868559054706,1,0,4,1,0.0,0.0004985666209647265,0,0,1,0,0
2007,6,4.553876891600541,1,0,347,5,0.0,0.010594540695500436,0,0,1,0,0
2007,5,4.812184355372417,1,0,2,0,0.0,0.010594540695500436,0,0,1,0,0
2007,6,4.418840607796598,1,0,22,5,0.5,0.0008724915866882712,2,0,1,0,0
2006,9,5.855071922202427,1,0,3,5,0.3333333333333333,0.0001246416552411816,2,0,1,0,0
2007,6,4.23410650459726,1,0,2,0,0.0,0.0001246416552411816,0,0,1,0,0
2007,5,4.77912349311153,1,0,347,5,0.0,0.0002492833104823632,0,0,1,0,0
2006,11,5.707110264748875,1,0,1,0,0.0,0.0002492833104823632,0,0,1,0,0
2007,3,4.02535169073515,1,0,29,5,0.0,0.0004985666209647265,4,0,1,0,0
2007,2,4.343805421853684,1,0,17,2,0.0,0.0311604138102954,0,0,0,1,0
2003,11,7.147559271189454,1,0,4,2,0.0,0.0004985666209647265,0,0,0,1,0
2006,9,5.3471075307174685,1,0,1,0,0.0,0.0311604138102954,0,0,0,1,0
2006,11,5.081404364984463,1,0,2,0,0.0,0.0028667580705471767,0,0,0,1,0
2004,12,6.762729506931879,1,0,5,4,0.0,0.0311604138102954,3,0,0,1,0
2006,10,5.204006687076795,1,0,1,3,0.0,0.0001246416552411816,3,0,0,1,0
2003,3,7.323830566202317,1,0,11,5,0.0,0.000997133241929453,3,0,0,1,0
2006,11,5.123963979403259,1,0,22,3,0.0,0.0001246416552411816,3,0,0,1,0
2006,9,5.37989735354046,1,0,15,4,0.0,0.0008724915866882712,4,0,0,1,0
2003,11,7.1308988302963465,1,0,10,4,0.0,0.0311604138102954,4,0,0,1,0
2006,12,4.804021044733257,1,0,347,5,0.0,0.0311604138102954,0,0,1,0,0
2007,1,4.653960350157523,1,0,347,5,0.0,0.0311604138102954,2,0,1,0,0
2007,3,3.8918202981106265,1,0,1,0,0.0,0.0311604138102954,0,0,1,0,0
2006,9,5.3471075307174685,1,0,1,0,0.0,0.0004985666209647265,0,0,1,0,0
2007,1,4.584967478670572,1,0,1,0,0.0,0.008724915866882713,0,0,1,0,0
2002,3,7.5256399750415355,1,0,2,1,0.0,0.0311604138102954,0,0,1,0,0
2007,2,4.430816798843313,1,0,31,3,0.0,0.0311604138102954,0,0,1,0,0
2007,2,4.248495242049359,1,0,21,6,0.047619047619047616,0.0001246416552411816,0,0,1,0,0
2006,9,5.332718793265369,1,0,6,2,0.0,0.0011217748971706345,0,0,1,0,0
2006,12,4.867534450455582,1,0,347,5,0.0,0.01632805683659479,0,0,1,0,0
2007,2,4.04305126783455,1,0,2,2,0.0,0.0014956998628941791,0,1,0,0,0
2006,2,6.0330862217988015,1,0,1,0,0.0,0.0011217748971706345,0,0,1,0,0
2006,9,5.332718793265369,1,0,32,3,0.0,0.01632805683659479,0,0,1,0,0
2005,10,6.333279628139691,1,0,3,0,0.0,0.0011217748971706345,0,0,1,0,0
2005,10,6.222576268071369,1,0,1,0,0.0,0.014084507042253521,0,0,1,0,0
2006,7,5.298317366548036,1,0,1,2,0.0,0.004861024554406083,2,1,0,0,0
2006,11,4.394449154672439,1,0,4,0,0.0,0.0002492833104823632,0,0,0,1,0
2005,5,6.46302945692067,1,0,347,5,0.0,0.004861024554406083,0,0,1,0,0
2006,3,5.645446897643238,1,0,1,0,0.0,0.0001246416552411816,0,0,1,0,0
2006,10,4.23410650459726,1,0,11,5,0.0,0.0013710582076529975,2,0,1,0,0
2006,3,5.648974238161206,1,0,6,5,0.0,0.0311604138102954,4,0,1,0,0
2005,10,6.054439346269371,1,0,5,2,0.2,0.0001246416552411816,0,0,1,0,0
2002,12,7.2868764117507,1,0,5,2,0.0,0.008724915866882713,0,0,0,1,0
2006,1,5.817111159963204,1,0,3,3,0.0,0.0028667580705471767,0,0,0,1,0
2006,7,5.056245805348308,1,0,8,5,0.0,0.0001246416552411816,5,0,0,1,0
2006,11,2.3978952727983707,1,0,3,0,0.0,0.00461174124392372,0,0,1,0,0
2006,6,5.093750200806762,1,0,3,0,0.0,0.0311604138102954,0,0,1,0,0
2006,2,5.560681631015528,1,0,3,0,0.0,0.0004985666209647265,0,0,1,0,0
2002,4,7.349230824613334,1,0,2,0,0.0,0.0002492833104823632,0,0,1,0,0
2005,11,5.365976015021851,1,0,5,1,0.0,0.0007478499314470896,0,0,1,0,0
2005,7,5.831882477283517,1,0,1,0,0.0,0.02492833104823632,0,0,1,0,0
2004,11,6.354370040797351,1,0,7,5,0.0,0.0001246416552411816,0,0,1,0,0
2006,4,3.4657359027997265,1,0,59,7,0.0,0.006481366072541443,2,0,1,0,0
2005,11,4.919980925828125,1,0,13,2,0.0,0.009846690764053347,0,0,1,0,0
2006,2,1.9459101490553132,1,0,17,5,0.058823529411764705,0.0007478499314470896,0,1,0,0,0
2005,5,5.62040086571715,1,0,10,4,0.0,0.029664713947401222,2,0,1,0,0
2006,2,0.6931471805599453,1,0,5,3,0.0,0.029664713947401222,0,0,1,0,0
2005,10,4.290459441148391,1,0,9,3,0.1111111111111111,0.035398230088495575,0,0,1,0,0
2005,10,3.871201010907891,1,0,16,5,0.0625,0.0311604138102954,0,0,1,0,0
2005,10,4.07753744390572,1,0,23,5,0.0,0.035398230088495575,0,0,1,0,0
2005,10,4.07753744390572,1,0,69,5,0.0,0.01009597407453571,0,0,1,0,0
2005,9,4.382026634673881,1,0,11,2,0.09090909090909091,0.01009597407453571,0,0,1,0,0
2005,9,4.574710978503383,1,0,1,0,0.0,0.0311604138102954,0,0,1,0,0
2005,10,3.8066624897703196,1,0,9,1,0.0,0.01009597407453571,0,0,1,0,0
2005,11,2.995732273553991,1,0,7,2,0.0,0.0311604138102954,0,0,1,0,0
2005,10,4.127134385045092,1,0,15,4,0.0,0.0311604138102954,1,0,1,0,0
2005,12,2.5649493574615367,1,0,17,5,0.17647058823529413,0.035398230088495575,0,0,1,0,0
2005,5,5.327876168789581,1,0,2,1,0.0,0.01009597407453571,1,0,1,0,0
2005,10,4.189654742026425,1,0,3,1,0.0,0.01009597407453571,1,0,1,0,0
2005,6,5.2574953720277815,1,0,12,3,0.16666666666666666,0.035398230088495575,1,0,1,0,0
2004,11,5.978885764901122,1,0,4,1,0.0,0.0311604138102954,1,0,1,0,0
2005,11,3.4339872044851463,1,0,19,5,0.0,0.035398230088495575,0,0,1,0,0
2005,6,5.187385805840755,1,0,15,5,0.0,0.01009597407453571,2,0,1,0,0
2005,11,3.332204510175204,1,0,347,5,0.0,0.0311604138102954,2,0,0,1,0
2005,11,2.3978952727983707,1,0,9,2,0.0,0.01009597407453571,2,0,0,1,0
2004,11,5.908082938168931,1,0,8,3,0.125,0.0023681914495824507,2,0,0,1,0
2005,7,4.969813299576001,1,0,5,0,0.0,0.035398230088495575,0,1,0,0,0
2004,11,5.945420608606575,1,0,10,5,0.1,0.035398230088495575,0,1,0,0,0
2005,9,4.394449154672439,1,0,10,5,0.1,0.035398230088495575,0,1,0,0,0
2005,11,2.3978952727983707,1,0,6,5,0.0,0.01009597407453571,2,0,0,1,0
2005,4,5.429345628954441,2,1,10,5,0.1,0.035398230088495575,0,1,0,0,0
2005,11,3.2188758248682006,1,0,1,0,0.0,0.035398230088495575,0,1,0,0,0
2005,10,3.828641396489095,1,0,10,5,0.1,0.035398230088495575,2,0,0,1,0
2005,2,5.6937321388027,1,0,6,2,0.0,0.0023681914495824507,2,0,0,1,0
2005,10,4.0943445622221,1,0,1,2,0.0,0.01009597407453571,2,0,0,1,0
2005,7,4.867534450455582,1,0,1,0,0.0,0.035398230088495575,0,1,0,0,0
2003,4,6.815639990074331,1,0,6,2,0.0,0.01009597407453571,0,0,0,1,0
2005,2,5.459585514144159,1,0,3,0,0.0,0.0311604138102954,0,0,0,1,0
2002,12,6.946975992135418,1,0,15,5,0.06666666666666667,0.0311604138102954,2,0,0,1,0
2005,3,5.3981627015177525,1,0,13,2,0.0,0.0311604138102954,2,0,0,1,0
2005,6,4.867534450455582,1,0,4,2,0.0,0.0004985666209647265,0,1,0,0,0
2005,2,5.459585514144159,1,0,8,5,0.0,0.0001246416552411816,0,1,0,0,0
2005,3,5.3471075307174685,1,0,1,2,0.0,0.0311604138102954,2,0,0,1,0
2004,12,5.762051382780177,1,0,1,3,0.0,0.0023681914495824507,3,0,0,1,0
2005,3,5.3981627015177525,1,0,9,3,0.0,0.01009597407453571,3,0,0,1,0
2002,5,7.1252830915107115,1,0,15,4,0.0,0.0311604138102954,4,0,0,1,0
2005,9,3.044522437723423,1,0,8,3,0.0,0.0311604138102954,0,0,1,0,0
2005,6,4.7535901911063645,1,0,347,5,0.0,0.0311604138102954,0,0,1,0,0
1996,9,8.109224953089955,1,0,15,4,0.0,0.0311604138102954,0,0,1,0,0
2005,5,4.969813299576001,1,0,1,0,0.0,0.0311604138102954,0,0,1,0,0
2000,10,7.51479976048867,1,0,6,2,0.0,0.0311604138102954,0,0,1,0,0
2000,12,7.485491608030754,1,0,5,2,0.0,0.0311604138102954,0,0,1,0,0
2005,9,3.8918202981106265,1,0,13,3,0.0,0.0311604138102954,0,0,1,0,0
2004,10,5.877735781779639,1,0,3,0,0.0,0.0311604138102954,0,0,1,0,0
2005,7,4.6913478822291435,1,0,5,2,0.2,0.0004985666209647265,2,1,0,0,0
2005,5,5.062595033026967,1,0,1,2,0.0,0.0004985666209647265,2,1,0,0,0
2005,2,5.517452896464707,1,0,4,3,0.0,0.0311604138102954,1,0,1,0,0
2005,6,4.941642422609304,1,0,1,1,0.0,0.0311604138102954,1,0,1,0,0
1997,10,7.98514393119862,1,0,32,3,0.0,0.0311604138102954,1,0,1,0,0
2003,9,6.633318433280377,1,0,10,4,0.0,0.0311604138102954,1,0,1,0,0
2005,9,3.044522437723423,1,0,12,2,0.0,0.0311604138102954,1,0,1,0,0
1999,10,7.693937325509272,1,0,1,1,0.0,0.0311604138102954,1,0,1,0,0
2005,9,3.8918202981106265,1,0,15,5,0.06666666666666667,0.014084507042253521,2,0,1,0,0
2001,5,7.3864708488298945,1,0,16,5,0.0625,0.0311604138102954,2,0,1,0,0
2005,5,4.795790545596741,1,0,1,0,0.0,0.009846690764053347,0,1,0,0,0
2004,12,5.69035945432406,1,0,1,0,0.0,0.009846690764053347,0,1,0,0,0
2005,2,5.356586274672012,1,0,1,0,0.0,0.009846690764053347,0,1,0,0,0
2004,9,5.902633333401366,1,0,3,5,0.0,0.009846690764053347,0,1,0,0,0
2004,11,5.717027701406222,1,0,1,0,0.0,0.009846690764053347,0,1,0,0,0
2005,2,5.389071729816501,1,0,2,0,0.0,0.009846690764053347,0,0,1,0,0
2005,5,4.852030263919617,1,0,2,2,0.0,0.009846690764053347,0,0,1,0,0
2004,11,5.717027701406222,1,0,1,0,0.0,0.009846690764053347,0,0,1,0,0
2003,9,6.612041034833092,1,0,1,0,0.0,0.009846690764053347,0,0,1,0,0
2005,2,5.389071729816501,1,0,11,3,0.0,0.006107441106817898,0,0,1,0,0
2004,11,5.762051382780177,1,0,69,5,0.0,0.009846690764053347,0,0,1,0,0
2004,11,5.768320995793772,1,0,69,5,0.0,0.009846690764053347,0,0,1,0,0
2004,10,5.886104031450156,1,0,69,5,0.0,0.009846690764053347,0,0,1,0,0
2005,7,4.454347296253507,1,0,69,5,0.0,0.009846690764053347,0,0,1,0,0
2005,1,5.480638923341991,1,0,69,5,0.0,0.009846690764053347,0,0,1,0,0
2004,10,5.82600010738045,1,0,6,2,0.0,0.009846690764053347,0,0,1,0,0
2003,11,6.543911845564792,1,0,7,2,0.0,0.009846690764053347,0,0,1,0,0
2005,1,5.5093883366279774,1,0,3,2,0.0,0.006107441106817898,0,0,1,0,0
2004,4,6.280395838960195,1,0,6,2,0.0,0.009846690764053347,0,0,1,0,0
2004,8,6.045005314036012,1,0,3,5,0.0,0.006107441106817898,5,1,0,0,0
2004,5,6.184148890937483,1,0,3,5,0.0,0.006107441106817898,5,1,0,0,0
2003,9,6.602587892189336,1,0,1,1,0.0,0.006107441106817898,1,0,1,0,0
2004,9,5.921578419643816,1,0,2,1,0.0,0.006107441106817898,1,0,1,0,0
2004,7,6.1092475827643655,1,0,3,5,0.0,0.006107441106817898,1,0,1,0,0
2005,3,5.214935757608986,1,0,69,5,0.0,0.006107441106817898,1,0,1,0,0
2001,9,7.29776828253138,1,0,6,2,0.0,0.006107441106817898,1,0,1,0,0
2003,3,6.823286122355687,1,0,14,5,0.0,0.006107441106817898,2,0,1,0,0
2005,3,5.2574953720277815,1,0,20,5,0.0,0.035398230088495575,1,0,1,0,0
2005,4,5.056245805348308,1,0,20,5,0.0,0.035398230088495575,0,0,1,0,0
2004,6,6.07993319509559,1,0,2,2,0.0,0.035398230088495575,0,0,1,0,0
2005,3,4.61512051684126,1,0,1,0,0.0,0.0311604138102954,0,0,1,0,0
2005,6,2.995732273553991,1,0,3,1,0.0,0.0311604138102954,0,0,1,0,0
2005,3,4.430816798843313,1,0,8,3,0.0,0.0311604138102954,0,0,1,0,0
1999,3,7.731053144007127,1,0,13,5,0.0,0.0311604138102954,1,0,1,0,0
2004,12,5.2574953720277815,1,0,15,4,0.0,0.0311604138102954,1,0,1,0,0
2005,3,4.543294782270004,1,0,8,5,0.0,0.0001246416552411816,2,0,1,0,0
1999,2,7.750614732770409,1,0,1,0,0.0,0.029664713947401222,0,0,1,0,0
1999,2,7.749322464660356,1,0,1,0,0.0,0.029664713947401222,0,0,1,0,0
2005,1,4.969813299576001,1,0,8,5,0.25,0.01009597407453571,5,1,0,0,0
2004,9,5.556828061699537,1,0,2,2,0.0,0.01009597407453571,2,0,1,0,0
2004,5,5.953243334287785,1,0,6,2,0.0,0.01009597407453571,2,0,1,0,0
2003,11,6.35088571671474,1,0,11,5,0.09090909090909091,0.01009597407453571,3,0,1,0,0
2003,11,6.35088571671474,1,0,50,5,0.0,0.01009597407453571,2,0,0,1,0
2005,3,4.6443908991413725,1,0,27,4,0.0,0.01009597407453571,0,1,0,0,0
2005,3,4.330733340286331,1,0,6,2,0.0,0.01009597407453571,2,0,0,1,0
2005,2,4.8283137373023015,1,0,14,5,0.0,0.01009597407453571,0,1,0,0,0
2004,11,5.342334251964811,1,0,5,3,0.0,0.01009597407453571,3,0,0,1,0
2005,2,4.709530201312334,1,0,11,5,0.09090909090909091,0.01009597407453571,4,0,0,1,0
2005,1,5.075173815233827,1,0,347,5,0.0,0.01009597407453571,0,0,1,0,0
2005,3,4.330733340286331,1,0,347,5,0.0,0.01009597407453571,0,0,1,0,0
2005,2,4.8283137373023015,1,0,1,0,0.0,0.01009597407453571,0,0,1,0,0
2003,10,6.421622267806518,1,0,1,0,0.0,0.01009597407453571,0,0,1,0,0
2005,5,3.5263605246161616,1,0,1,0,0.0,0.01009597407453571,0,0,1,0,0
2005,2,4.709530201312334,1,0,14,5,0.0,0.01009597407453571,0,0,1,0,0
2004,9,5.579729825986222,1,0,4,1,0.0,0.01009597407453571,0,0,1,0,0
2004,11,5.407171771460119,1,0,4,0,0.0,0.01009597407453571,0,0,1,0,0
2005,1,5.075173815233827,1,0,3,2,0.0,0.01009597407453571,2,1,0,0,0
2005,2,4.709530201312334,1,0,1,5,0.0,0.01009597407453571,5,1,0,0,0
2003,7,6.54965074223381,1,0,10,5,0.0,0.01009597407453571,1,0,1,0,0
2003,10,6.386879319362645,1,0,4,1,0.0,0.01009597407453571,1,0,1,0,0
2004,10,5.1647859739235145,1,0,11,5,0.0,0.0311604138102954,1,0,1,0,0
2004,11,4.941642422609304,1,0,25,5,0.0,0.0311604138102954,1,0,1,0,0
2004,11,5.062595033026967,1,0,22,3,0.0,0.0311604138102954,2,0,1,0,0
2004,5,5.765191102784844,1,0,17,2,0.0,0.0311604138102954,0,0,1,0,0
2004,10,5.081404364984463,1,0,2,0,0.0,0.0311604138102954,0,0,1,0,0
2003,8,6.369900982828227,1,0,8,3,0.0,0.0311604138102954,2,0,1,0,0
2004,11,4.727387818712341,1,0,9,3,0.0,0.0012464165524118161,2,0,0,1,0
2003,8,6.364750756851911,1,0,4,2,0.0,0.0012464165524118161,2,0,0,1,0
2004,3,5.855071922202427,1,0,10,5,0.0,0.035398230088495575,5,0,1,0,0
2000,5,7.468513271496337,1,0,6,5,0.0,0.035398230088495575,2,0,1,0,0
2004,11,4.68213122712422,1,0,6,5,0.0,0.035398230088495575,2,0,1,0,0
2004,12,4.276666119016055,1,0,6,2,0.0,0.0001246416552411816,2,0,0,1,0
2005,1,3.6375861597263857,1,0,347,5,0.0,0.035398230088495575,0,0,1,0,0
2004,5,5.420534999272286,1,0,8,2,0.0,0.035398230088495575,0,0,0,1,0
2004,11,3.9512437185814275,2,1,16,5,0.8125,0.035398230088495575,0,0,0,1,0
2004,3,5.69035945432406,1,0,1,0,0.0,0.035398230088495575,0,0,0,1,0
2004,12,3.6375861597263857,1,0,2,0,0.0,0.035398230088495575,0,0,0,1,0
2004,12,3.6375861597263857,1,0,32,3,0.0,0.035398230088495575,0,0,0,1,0
2004,3,5.736572297479192,1,0,3,4,0.0,0.035398230088495575,0,0,0,1,0
2004,1,5.921578419643816,1,0,1,0,0.0,0.035398230088495575,0,0,0,1,0
2004,12,3.6375861597263857,1,0,9,2,0.0,0.035398230088495575,0,0,0,1,0
2003,12,5.993961427306569,1,0,1,0,0.0,0.035398230088495575,0,0,0,1,0
2004,10,4.465908118654584,1,0,9,3,0.0,0.035398230088495575,2,0,0,1,0
2004,9,4.795790545596741,1,0,5,2,0.0,0.035398230088495575,2,0,0,1,0
2003,9,6.184148890937483,2,1,16,5,0.8125,0.035398230088495575,2,0,0,1,0
2004,10,4.465908118654584,1,0,16,2,0.0,0.035398230088495575,2,0,0,1,0
2004,10,4.465908118654584,1,0,12,5,0.0,0.035398230088495575,2,0,0,1,0
2004,10,4.465908118654584,1,0,2,2,0.0,0.035398230088495575,2,0,0,1,0
2004,12,3.4339872044851463,1,0,69,5,0.0,0.035398230088495575,2,0,0,1,0
2004,12,3.6375861597263857,1,0,19,5,0.0,0.035398230088495575,3,0,0,1,0
2004,9,4.543294782270004,1,0,1,0,0.0,0.0001246416552411816,0,1,0,0,0
2004,10,4.127134385045092,1,0,3,1,0.0,0.029664713947401222,0,0,0,1,0
2004,12,2.995732273553991,1,0,5,2,0.0,0.0311604138102954,0,0,0,1,0
2004,7,5.135798437050262,1,0,1,0,0.0,0.0001246416552411816,0,1,0,0,0
2004,11,3.6375861597263857,1,0,15,2,0.0,0.02492833104823632,2,0,0,1,0
2004,11,3.9318256327243257,1,0,13,3,0.0,0.0011217748971706345,2,0,0,1,0
2004,12,2.1972245773362196,1,0,29,5,0.0,0.0001246416552411816,2,0,0,1,0
2004,10,4.127134385045092,1,0,12,3,0.0,0.0002492833104823632,0,0,1,0,0
2004,10,4.23410650459726,1,0,50,5,0.0,0.029664713947401222,0,0,1,0,0
2004,11,3.295836866004329,1,0,8,2,0.0,0.0311604138102954,0,0,1,0,0
2004,11,3.4339872044851463,1,0,347,5,0.0,0.01632805683659479,0,0,1,0,0
2004,10,4.290459441148391,1,0,347,5,0.0,0.01632805683659479,0,0,1,0,0
2004,11,3.784189633918261,1,0,13,4,0.0,0.0023681914495824507,3,0,0,1,0
2004,11,3.4339872044851463,1,0,2,4,0.0,0.0023681914495824507,4,0,0,1,0
2004,11,3.4339872044851463,1,0,4,2,0.0,0.0014956998628941791,0,0,1,0,0
2004,11,3.1780538303479458,1,0,15,4,0.06666666666666667,0.0012464165524118161,0,0,1,0,0
2003,11,5.976350909297934,1,0,2,4,0.0,0.0023681914495824507,4,0,0,1,0
2004,9,4.454347296253507,1,0,1,0,0.0,0.006481366072541443,0,0,1,0,0
2004,9,4.532599493153256,1,0,1,0,0.0,0.004113174622958993,0,0,1,0,0
2004,11,3.784189633918261,1,0,1,5,0.0,0.0023681914495824507,5,0,0,1,0
2004,10,3.9512437185814275,1,0,4,3,0.0,0.01632805683659479,0,0,1,0,0
2004,9,4.3694478524670215,1,0,1,0,0.0,0.000997133241929453,0,0,1,0,0
2004,5,5.393627546352362,1,0,23,5,0.0,0.0002492833104823632,0,0,1,0,0
2003,3,6.448889394146858,1,0,2,0,0.0,0.004113174622958993,0,0,1,0,0
2004,11,3.4339872044851463,1,0,9,3,0.0,0.0003739249657235448,0,0,1,0,0
2001,3,7.2305631534092925,1,0,2,0,0.0,0.004113174622958993,0,0,1,0,0
2004,11,3.1780538303479458,1,0,9,5,0.0,0.004113174622958993,0,0,1,0,0
2004,11,3.5263605246161616,1,0,17,5,0.17647058823529413,0.0001246416552411816,1,0,1,0,0
2004,10,4.290459441148391,1,0,15,5,0.0,0.0002492833104823632,1,0,1,0,0
2004,9,4.3694478524670215,1,0,13,4,0.0,0.01632805683659479,1,0,1,0,0
2002,12,6.584791392385716,1,0,6,4,0.0,0.0003739249657235448,0,0,1,0,0
2000,11,7.293017679772782,1,0,21,5,0.0,0.0028667580705471767,1,0,1,0,0
1997,9,7.869783902530146,1,0,13,3,0.0,0.0001246416552411816,1,0,1,0,0
2003,3,6.416732282512326,1,0,11,5,0.0,0.0013710582076529975,3,0,1,0,0
2004,11,2.833213344056216,1,0,12,3,0.0,0.0001246416552411816,0,0,0,1,0
2004,9,4.189654742026425,1,0,8,3,0.0,0.0311604138102954,0,0,0,1,0
2004,10,3.9512437185814275,1,0,17,2,0.0,0.0311604138102954,0,0,0,1,0
2003,12,5.8664680569332965,1,0,347,5,0.0,0.0008724915866882712,0,0,0,1,0
2004,9,4.189654742026425,1,0,15,4,0.0,0.0008724915866882712,0,0,0,1,0
2003,11,5.905361848054571,1,0,5,0,0.0,0.0013710582076529975,0,0,0,1,0
2004,10,3.295836866004329,1,0,5,0,0.0,0.0028667580705471767,0,0,0,1,0
2004,6,5.099866427824199,1,0,3,1,0.0,0.0311604138102954,0,0,0,1,0
2001,11,7.004881989712859,1,0,4,1,0.0,0.0001246416552411816,0,0,0,1,0
2003,11,5.932245187448011,1,0,8,5,0.0,0.0001246416552411816,0,0,0,1,0
2004,10,3.295836866004329,1,0,1,0,0.0,0.0028667580705471767,0,1,0,0,0
2004,11,2.302585092994046,1,0,1,0,0.0,0.000997133241929453,0,0,0,1,0
2004,10,3.5263605246161616,1,0,21,5,0.0,0.0028667580705471767,0,0,0,1,0
2003,11,5.961005339623274,1,0,3,2,0.0,0.0013710582076529975,0,0,0,1,0
2003,11,5.950642552587727,1,0,15,4,0.0,0.0008724915866882712,2,0,0,1,0
2003,3,6.405228458030842,1,0,22,3,0.0,0.0007478499314470896,2,0,0,1,0
2003,2,6.483107351457199,1,0,1,0,0.0,0.010594540695500436,0,0,1,0,0
2004,6,4.941642422609304,1,0,6,1,0.0,0.003365324691511903,0,0,1,0,0
2004,6,4.941642422609304,1,0,6,1,0.0,0.009472765798329803,0,0,1,0,0
2004,6,4.941642422609304,1,0,6,1,0.0,0.02492833104823632,0,0,1,0,0
2003,6,6.280395838960195,1,0,6,1,0.0,0.02492833104823632,0,0,1,0,0
2003,9,6.028278520230698,1,0,14,5,0.07142857142857142,0.000997133241929453,0,0,1,0,0
2004,5,5.135798437050262,1,0,1,0,0.0,0.02492833104823632,0,0,1,0,0
2004,6,4.941642422609304,1,0,6,1,0.0,0.009472765798329803,1,0,1,0,0
1998,1,7.826842098158293,1,0,2,2,0.0,0.010594540695500436,2,0,1,0,0
2003,5,6.317164686747284,1,0,5,5,0.0,0.000997133241929453,2,0,1,0,0
2004,4,5.272999558563747,1,0,1,0,0.0,0.0004985666209647265,0,1,0,0,0
2004,7,4.574710978503383,1,0,2,0,0.0,0.004487099588682538,0,1,0,0,0
2004,3,5.407171771460119,1,0,4,0,0.0,0.010220615729776892,0,1,0,0,0
2004,3,5.342334251964811,1,0,17,5,0.058823529411764705,0.010220615729776892,0,0,0,1,0
2004,10,1.9459101490553132,1,0,15,5,0.0,0.029664713947401222,0,0,0,1,0
2004,3,5.342334251964811,1,0,6,3,0.0,0.010220615729776892,0,0,1,0,0
2003,10,5.87493073085203,1,0,6,5,0.0,0.005110307864888446,2,0,0,1,0
2004,8,4.007333185232471,1,0,69,5,0.0,0.0001246416552411816,0,0,1,0,0
2004,5,4.912654885736052,1,0,1,0,0.0,0.0032406830362707215,0,1,0,0,0
2004,8,3.9318256327243257,1,0,2,5,0.0,0.0004985666209647265,0,1,0,0,0
2004,7,4.3694478524670215,1,0,2,0,0.0,0.0001246416552411816,0,0,1,0,0
2003,11,5.783825182329737,1,0,1,0,0.0,0.0011217748971706345,0,0,1,0,0
2004,2,5.389071729816501,1,0,1,0,0.0,0.0002492833104823632,0,0,1,0,0
2004,6,4.532599493153256,1,0,69,5,0.0,0.0014956998628941791,0,0,1,0,0
2004,7,4.3694478524670215,1,0,69,5,0.0,0.0016203415181353608,0,0,1,0,0
2004,9,2.772588722239781,1,0,69,5,0.0,0.0016203415181353608,0,0,1,0,0
2004,5,4.736198448394496,1,0,8,2,0.0,0.0013710582076529975,0,0,1,0,0
2003,10,5.802118375377063,1,0,6,2,0.0,0.0014956998628941791,0,0,1,0,0
2004,9,2.302585092994046,1,0,19,3,0.0,0.01632805683659479,0,0,1,0,0
2003,11,5.780743515792329,1,0,69,5,0.0,0.0016203415181353608,1,0,1,0,0
2003,3,6.343880434126331,1,0,6,2,0.5,0.0013710582076529975,1,0,1,0,0
2003,10,5.863631175598097,1,0,9,3,0.0,0.0012464165524118161,2,0,1,0,0
2004,7,4.276666119016055,1,0,1,0,0.0,0.0014956998628941791,0,1,0,0,0
2004,3,5.220355825078324,1,0,1,0,0.0,0.0002492833104823632,0,1,0,0,0
2004,5,4.90527477843843,1,0,1,0,0.0,0.01632805683659479,0,1,0,0,0
2004,4,5.003946305945459,1,0,6,2,0.0,0.0014956998628941791,0,1,0,0,0
2004,8,3.9318256327243257,1,0,3,5,0.0,0.0014956998628941791,0,1,0,0,0
2003,11,5.6937321388027,1,0,1,0,0.0,0.0012464165524118161,0,1,0,0,0
2004,5,4.736198448394496,1,0,1,0,0.0,0.0001246416552411816,0,1,0,0,0
2004,1,5.5093883366279774,1,0,1,0,0.0,0.0014956998628941791,0,1,0,0,0
2003,3,6.2422232654551655,1,0,10,3,0.0,0.0001246416552411816,0,0,0,1,0
2003,11,5.680172609017068,1,0,20,4,0.0,0.0028667580705471767,2,0,0,1,0
1993,3,8.336630087637147,1,0,2,0,0.0,0.0001246416552411816,0,0,1,0,0
2003,8,5.924255797414532,1,0,8,3,0.0,0.0311604138102954,0,0,1,0,0
2003,11,5.62040086571715,1,0,22,3,0.0,0.0007478499314470896,2,0,0,1,0
2003,11,5.594711379601839,1,0,17,2,0.0,0.0311604138102954,0,0,1,0,0
2004,6,2.833213344056216,1,0,347,5,0.0,0.0032406830362707215,0,0,1,0,0
2004,6,3.784189633918261,1,0,347,5,0.0,0.0032406830362707215,0,0,1,0,0
2004,4,4.532599493153256,1,0,347,5,0.0,0.0001246416552411816,0,0,1,0,0
2004,4,4.532599493153256,1,0,2,5,0.0,0.0004985666209647265,5,1,0,0,0
2004,3,4.912654885736052,1,0,1,0,0.0,0.0032406830362707215,0,1,0,0,0
2004,5,3.8066624897703196,1,0,5,0,0.0,0.0032406830362707215,0,1,0,0,0
2004,4,4.532599493153256,1,0,2,0,0.0,0.0032406830362707215,0,0,1,0,0
2004,3,4.727387818712341,1,0,1,0,0.0,0.0002492833104823632,0,0,1,0,0
2002,11,6.3784261836515865,1,0,10,5,0.0,0.009472765798329803,0,0,1,0,0
2004,6,3.332204510175204,1,0,9,3,0.1111111111111111,0.0002492833104823632,0,0,1,0,0
2003,11,5.476463551931511,1,0,59,7,0.0,0.009472765798329803,0,0,1,0,0
2003,6,5.968707559985366,1,0,8,2,0.0,0.0002492833104823632,0,0,1,0,0
2002,11,6.366470447731438,1,0,3,2,0.0,0.0002492833104823632,1,0,1,0,0
2003,4,6.1070228877422545,1,0,22,5,0.0,0.009472765798329803,4,0,1,0,0
2002,2,6.759255270663693,1,0,10,5,0.0,0.0003739249657235448,5,0,1,0,0
2004,3,4.634728988229636,1,0,10,5,0.0,0.0003739249657235448,0,0,1,0,0
2002,11,6.368187186350492,1,0,15,2,0.0,0.02492833104823632,0,0,1,0,0
2004,5,3.784189633918261,1,0,54,5,0.14814814814814814,0.0001246416552411816,0,0,1,0,0
2003,12,5.288267030694535,1,0,1,0,0.0,0.02492833104823632,0,0,1,0,0
2003,4,6.042632833682381,1,0,9,2,0.0,0.02492833104823632,1,0,1,0,0
2003,10,5.4510384535657,1,0,6,2,0.0,0.0011217748971706345,2,0,0,1,0
2003,11,5.3230099791384085,1,0,13,3,0.0,0.0001246416552411816,3,0,0,1,0
2001,5,7.010311867307229,1,0,15,4,0.06666666666666667,0.0012464165524118161,4,0,0,1,0
2003,5,5.940171252720432,1,0,8,4,0.0,0.0002492833104823632,4,0,0,1,0
2000,10,7.107425474110705,1,0,1,0,0.0,0.0012464165524118161,0,0,1,0,0
2003,11,4.68213122712422,1,0,9,1,0.0,0.00461174124392372,0,0,1,0,0
2003,9,5.056245805348308,1,0,9,5,0.0,0.000997133241929453,3,0,1,0,0
2003,1,6.030685260261263,1,0,8,5,0.125,0.0036146080019942664,5,0,1,0,0
2003,10,4.852030263919617,1,0,16,5,0.8125,0.0001246416552411816,0,0,0,1,0
2003,11,4.795790545596741,1,0,4,2,0.0,0.0012464165524118161,2,0,0,1,0
2003,11,4.543294782270004,1,0,8,2,0.0,0.0007478499314470896,0,0,1,0,0
2003,9,5.093750200806762,1,0,8,1,0.0,0.0003739249657235448,0,0,1,0,0
2003,5,5.442417710521793,1,0,4,0,0.0,0.0021189081391000874,0,1,0,0,0
2003,5,5.37989735354046,1,0,5,3,0.0,0.010220615729776892,2,0,1,0,0
2003,11,3.5553480614894135,1,0,22,5,0.0,0.010220615729776892,0,1,0,0,0
2003,11,2.8903717578961645,1,0,9,3,0.0,0.0012464165524118161,0,1,0,0,0
2003,8,4.890349128221754,1,0,1,0,0.0,0.0004985666209647265,0,1,0,0,0
2002,4,6.393590753950631,1,0,6,2,0.0,0.0002492833104823632,2,0,1,0,0
2000,6,7.155396301896734,1,0,6,3,0.0,0.010220615729776892,3,0,1,0,0
2003,11,3.332204510175204,1,0,50,5,0.0,0.005110307864888446,0,0,0,1,0
1999,8,7.362645270417825,1,0,50,5,0.0,0.029664713947401222,3,0,1,0,0
2002,3,6.4457198193855785,1,0,9,3,0.0,0.029664713947401222,3,0,1,0,0
2000,5,7.187657164114956,1,0,1,0,0.0,0.0021189081391000874,0,0,1,0,0
2002,3,6.486160788944089,1,0,29,5,0.0,0.029664713947401222,4,0,1,0,0
1996,3,7.952615111651,1,0,50,5,0.0,0.029664713947401222,5,0,1,0,0
2002,9,6.104793232414985,1,0,1,0,0.0,0.029664713947401222,0,0,1,0,0
2003,10,3.8918202981106265,1,0,20,4,0.0,0.005110307864888446,0,0,0,1,0
2003,4,5.472270673671475,1,0,2,0,0.0,0.0021189081391000874,0,0,1,0,0
2003,8,4.718498871295094,1,0,7,3,0.0,0.005110307864888446,0,0,0,1,0
2003,11,3.5553480614894135,1,0,14,2,0.0,0.005110307864888446,0,0,0,1,0
2003,10,4.143134726391533,1,0,347,5,0.0,0.005110307864888446,0,0,0,1,0
2003,10,4.143134726391533,1,0,347,5,0.0,0.005110307864888446,0,0,0,1,0
2003,3,5.594711379601839,1,0,1,0,0.0,0.01632805683659479,0,0,1,0,0
2002,9,6.135564891081739,1,0,2,2,0.0,0.029664713947401222,2,0,0,1,0
2003,9,4.553876891600541,1,0,9,3,0.0,0.0012464165524118161,0,0,1,0,0
2003,1,5.786897381366708,1,0,6,2,0.5,0.0013710582076529975,0,0,1,0,0
2003,5,5.442417710521793,1,0,1,0,0.0,0.004487099588682538,0,0,1,0,0
2002,4,6.411818267709897,1,0,29,5,0.0,0.005110307864888446,3,0,0,1,0
2003,4,5.541263545158426,1,0,3,0,0.0,0.0001246416552411816,0,0,1,0,0
2003,5,5.313205979041787,1,0,9,3,0.0,0.029664713947401222,0,0,1,0,0
2003,8,4.77912349311153,1,0,15,5,0.0,0.029664713947401222,0,0,1,0,0
2003,5,5.3612921657094255,1,0,15,2,0.0,0.02492833104823632,1,0,1,0,0
2003,6,5.181783550292085,1,0,1,2,0.0,0.0014956998628941791,2,1,0,0,0
2003,5,5.37989735354046,1,0,27,4,0.0,0.010220615729776892,2,1,0,0,0
2003,9,4.465908118654584,1,0,6,2,0.0,0.0014956998628941791,2,1,0,0,0
2002,4,6.400257445308821,1,0,27,4,0.0,0.005110307864888446,4,0,0,1,0
2003,5,5.442417710521793,1,0,27,4,0.0,0.005110307864888446,4,0,0,1,0
2003,3,5.568344503761097,1,0,14,5,0.0,0.0012464165524118161,1,0,1,0,0
2003,9,4.465908118654584,1,0,347,5,0.0,0.0001246416552411816,1,0,1,0,0
2002,8,6.194405391104672,1,0,11,5,0.09090909090909091,0.005110307864888446,5,0,0,1,0
2003,9,4.382026634673881,1,0,12,5,0.0,0.010594540695500436,1,0,1,0,0
2003,11,3.8066624897703196,1,0,11,3,0.0,0.0002492833104823632,1,0,1,0,0
2003,10,4.343805421853684,1,0,50,5,0.0,0.029664713947401222,0,1,0,0,0
2003,10,3.9512437185814275,2,1,1,0,1.0,0.0012464165524118161,0,1,0,0,0
2003,9,4.382026634673881,1,0,69,5,0.0,0.0001246416552411816,1,0,1,0,0
2003,6,5.25227342804663,1,0,5,3,0.0,0.010220615729776892,0,1,0,0,0
1998,1,7.684324067681155,1,0,9,3,0.0,0.0003739249657235448,1,0,1,0,0
2003,6,5.293304824724492,1,0,4,1,0.0,0.0003739249657235448,1,0,1,0,0
2003,11,2.8903717578961645,2,1,15,4,0.06666666666666667,0.0012464165524118161,0,1,0,0,0
2003,3,5.568344503761097,1,0,11,5,0.0,0.0013710582076529975,2,0,1,0,0
2001,4,6.8690144506657065,1,0,6,4,0.0,0.0003739249657235448,4,0,1,0,0
2002,3,6.466144724237619,1,0,11,5,0.0,0.000997133241929453,5,0,1,0,0
2003,5,5.356586274672012,1,0,8,2,0.0,0.009472765798329803,2,0,0,1,0
2003,11,3.367295829986474,1,0,3,4,0.0,0.0032406830362707215,3,0,0,1,0
2002,11,5.942799375126701,1,0,3,0,0.0,0.0001246416552411816,0,0,1,0,0
2000,7,7.1276936993473985,1,0,20,4,0.0,0.0028667580705471767,1,0,1,0,0
2002,6,6.3080984415095305,1,0,22,5,0.5,0.0008724915866882712,1,0,1,0,0
2003,12,2.1972245773362196,1,0,69,5,0.0,0.010594540695500436,3,0,0,1,0
2003,9,4.276666119016055,1,0,12,5,0.0,0.010594540695500436,4,0,0,1,0
2002,8,6.156978985585555,1,0,20,4,0.0,0.0028667580705471767,1,0,1,0,0
2003,10,3.9318256327243257,1,0,22,5,0.0,0.009472765798329803,5,0,0,1,0
2003,11,3.6109179126442243,1,0,59,7,0.0,0.009472765798329803,5,0,0,1,0
1998,10,7.534762657037537,1,0,22,3,0.0,0.0002492833104823632,1,0,1,0,0
2003,11,3.1354942159291497,1,0,69,5,0.0,0.0032406830362707215,5,0,0,1,0
2003,11,3.1354942159291497,1,0,69,5,0.0,0.009472765798329803,5,0,0,1,0
2002,11,5.961005339623274,1,0,22,3,0.0,0.0002492833104823632,1,0,1,0,0
2003,11,2.833213344056216,1,0,2,0,0.0,0.004861024554406083,0,1,0,0,0
2003,4,5.393627546352362,1,0,347,5,0.0,0.004861024554406083,0,0,1,0,0
2003,11,2.833213344056216,1,0,9,5,0.0,0.004113174622958993,0,0,0,1,0
2003,11,1.3862943611198906,1,0,2,0,0.0,0.004861024554406083,0,0,1,0,0
2003,11,1.3862943611198906,1,0,22,5,0.0,0.02492833104823632,0,0,1,0,0
2003,6,5.176149732573829,1,0,5,2,0.0,0.011217748971706343,0,0,1,0,0
2003,3,5.594711379601839,1,0,2,5,0.0,0.003365324691511903,1,0,1,0,0
2003,4,5.393627546352362,1,0,2,2,0.0,0.0032406830362707215,2,1,0,0,0
2003,11,2.833213344056216,1,0,1,0,0.0,0.0032406830362707215,0,1,0,0,0
2003,11,3.4339872044851463,1,0,9,5,0.0,0.004113174622958993,1,0,1,0,0
2003,9,4.465908118654584,1,0,1,0,0.0,0.003365324691511903,0,1,0,0,0
2003,9,3.9512437185814275,1,0,9,5,0.0,0.0012464165524118161,2,0,1,0,0
2003,3,5.564520407322694,1,0,1,2,0.0,0.009472765798329803,2,0,1,0,0
2002,9,6.030685260261263,1,0,4,3,0.0,0.0002492833104823632,2,0,1,0,0
2002,2,6.448889394146858,1,0,29,5,0.0,0.0004985666209647265,2,0,1,0,0
2003,10,3.784189633918261,1,0,3,2,0.0,0.0003739249657235448,2,0,1,0,0
2003,7,4.174387269895637,1,0,1,0,0.0,0.0016203415181353608,0,1,0,0,0
2003,8,3.784189633918261,1,0,2,2,0.0,0.004861024554406083,0,0,1,0,0
2003,5,4.90527477843843,1,0,3,2,0.0,0.0016203415181353608,2,1,0,0,0
2002,8,5.981414211254481,1,0,347,5,0.0,0.0311604138102954,2,0,1,0,0
2003,3,5.187385805840755,1,0,2,0,0.0,0.0311604138102954,0,1,0,0,0
2003,1,5.459585514144159,1,0,2,0,0.0,0.0013710582076529975,0,1,0,0,0
2003,6,4.653960350157523,1,0,6,5,0.0,0.0311604138102954,0,1,0,0,0
2001,5,6.733401891837359,1,0,8,4,0.0,0.0002492833104823632,4,0,1,0,0
2002,3,6.327936783729195,1,0,11,5,0.0,0.000997133241929453,4,0,1,0,0
1999,5,7.368970402194793,1,0,8,5,0.0,0.0008724915866882712,5,0,1,0,0
2002,12,5.673323267171493,1,0,22,3,0.0,0.0001246416552411816,0,1,0,0,0
2001,8,6.633318433280377,1,0,2,0,0.0,0.0311604138102954,0,0,1,0,0
2003,6,4.553876891600541,1,0,6,5,0.0,0.0311604138102954,0,0,1,0,0
2002,10,5.786897381366708,1,0,5,0,0.0,0.0002492833104823632,0,0,1,0,0
2003,5,4.812184355372417,1,0,12,2,0.0,0.0001246416552411816,0,0,1,0,0
2003,1,5.459585514144159,1,0,2,0,0.0,0.0311604138102954,0,0,1,0,0
2003,3,5.187385805840755,1,0,11,5,0.0,0.0013710582076529975,0,0,1,0,0
2001,10,6.546785410760524,1,0,2,0,0.0,0.0311604138102954,0,0,1,0,0
2002,11,5.730099782973574,1,0,12,3,0.0,0.0002492833104823632,1,0,1,0,0
2003,2,5.420534999272286,1,0,11,4,0.0,0.0006232082762059081,1,0,1,0,0
2002,11,5.752572638825633,1,0,347,5,0.0,0.0311604138102954,1,0,1,0,0
2002,11,5.765191102784844,1,0,10,2,0.0,0.0311604138102954,1,0,1,0,0
2002,9,5.926926025970411,1,0,8,4,0.0,0.0002492833104823632,1,0,1,0,0
2000,10,6.980075940561763,1,0,11,5,0.0,0.0013710582076529975,1,0,1,0,0
2003,1,5.4680601411351315,1,0,4,2,0.0,0.0011217748971706345,0,0,1,0,0
2001,8,6.584791392385716,1,0,20,5,0.0,0.02492833104823632,3,0,1,0,0
2002,6,6.095824562432225,1,0,17,5,0.17647058823529413,0.0011217748971706345,3,0,1,0,0
2003,1,5.384495062789089,1,0,17,5,0.17647058823529413,0.0011217748971706345,0,1,0,0,0
2003,5,4.543294782270004,1,0,15,2,0.0,0.02492833104823632,0,0,1,0,0
2002,11,5.6240175061873385,1,0,17,5,0.17647058823529413,0.0011217748971706345,0,0,1,0,0
2002,4,6.102558594613569,1,0,29,5,0.0,0.005110307864888446,2,0,0,1,0
2003,3,4.804021044733257,1,0,69,5,0.0,0.0004985666209647265,0,0,1,0,0
2002,11,5.497168225293202,1,0,11,3,0.0,0.005110307864888446,3,0,0,1,0
2003,4,4.454347296253507,1,0,15,4,0.06666666666666667,0.0012464165524118161,0,1,0,0,0
2003,5,3.871201010907891,1,0,5,1,0.0,0.0021189081391000874,0,1,0,0,0
2003,2,4.9344739331306915,1,0,1,0,0.0,0.010220615729776892,0,1,0,0,0
2001,8,6.519147287940395,1,0,11,3,0.0,0.0021189081391000874,2,0,1,0,0
2003,2,4.882801922586371,1,0,29,5,0.0,0.029664713947401222,0,1,0,0,0
2002,12,5.375278407684165,1,0,14,5,0.0,0.010220615729776892,0,1,0,0,0
2001,1,6.804614520062624,1,0,11,3,0.0,0.004487099588682538,2,0,1,0,0
2002,3,6.1903154058531475,1,0,17,5,0.058823529411764705,0.010220615729776892,3,0,1,0,0
2003,3,4.700480365792417,1,0,50,5,0.0,0.029664713947401222,0,0,1,0,0
2002,12,5.337538079701318,1,0,347,5,0.0,0.004487099588682538,0,0,1,0,0
2003,5,3.9889840465642745,1,0,5,3,0.0,0.010220615729776892,0,0,1,0,0
2003,5,3.6888794541139363,1,0,9,5,0.0,0.029664713947401222,0,0,1,0,0
2002,5,6.035481432524756,1,0,3,1,0.0,0.0001246416552411816,0,0,1,0,0
2003,6,2.302585092994046,1,0,2,0,0.0,0.00461174124392372,0,0,1,0,0
2003,5,3.1780538303479458,1,0,2,0,0.0,0.00461174124392372,0,1,0,0,0
2003,3,4.477336814478207,1,0,2,5,0.0,0.0012464165524118161,0,1,0,0,0
2003,4,4.007333185232471,1,0,8,5,0.125,0.0036146080019942664,0,1,0,0,0
2003,3,4.543294782270004,1,0,1,0,0.0,0.0036146080019942664,0,1,0,0,0
2003,4,4.07753744390572,1,0,8,0,0.0,0.0036146080019942664,0,1,0,0,0
2002,12,5.2574953720277815,1,0,8,0,0.0,0.0036146080019942664,0,1,0,0,0
2002,9,5.541263545158426,1,0,1,0,0.0,0.009472765798329803,0,0,1,0,0
2002,11,5.393627546352362,1,0,5,5,0.0,0.0036146080019942664,0,0,1,0,0
2003,1,5.0106352940962555,1,0,8,5,0.125,0.0036146080019942664,1,0,1,0,0
2003,3,4.290459441148391,1,0,5,5,0.0,0.0036146080019942664,0,1,0,0,0
2003,4,3.6109179126442243,1,0,1,0,0.0,0.0032406830362707215,0,1,0,0,0
2003,2,4.736198448394496,1,0,347,5,0.0,0.004861024554406083,0,0,1,0,0
2003,4,3.6109179126442243,1,0,347,5,0.0,0.004861024554406083,0,0,1,0,0
2003,2,3.784189633918261,1,0,9,3,0.0,0.02492833104823632,0,1,0,0,0
2002,12,4.736198448394496,1,0,1,2,0.0,0.0003739249657235448,2,0,1,0,0
2003,2,3.5263605246161616,1,0,29,5,0.0,0.0004985666209647265,0,0,1,0,0
2002,11,4.852030263919617,1,0,15,5,0.0,0.0004985666209647265,5,0,0,1,0
2002,4,5.863631175598097,1,0,6,4,0.0,0.02492833104823632,4,0,1,0,0
2003,3,2.1972245773362196,1,0,13,2,0.0,0.009846690764053347,0,0,1,0,0
2003,2,3.4011973816621555,1,0,13,4,0.0,0.01632805683659479,0,1,0,0,0
2002,7,5.5093883366279774,1,0,8,4,0.0,0.01632805683659479,2,0,1,0,0
2002,11,4.795790545596741,1,0,13,4,0.0,0.01632805683659479,2,0,1,0,0
2001,10,6.226536669287466,1,0,8,2,0.0,0.0014956998628941791,2,0,1,0,0
2001,10,6.240275845170769,1,0,4,3,0.0,0.0014956998628941791,3,0,1,0,0
2002,9,5.099866427824199,1,0,32,3,0.0,0.0023681914495824507,0,0,0,1,0
2002,10,4.90527477843843,1,0,347,5,0.0,0.0016203415181353608,0,0,1,0,0
2003,3,2.1972245773362196,1,0,4,2,0.0,0.0016203415181353608,0,0,1,0,0
2002,4,5.8377304471659395,1,0,1,2,0.0,0.0023681914495824507,2,0,0,1,0
1994,11,8.022240916806537,1,0,2,5,0.0,0.0023681914495824507,5,0,0,1,0
2002,10,4.955827057601261,1,0,1,3,0.0,0.0023681914495824507,3,0,0,1,0
1996,1,7.862112211662748,1,0,3,0,0.0,0.0001246416552411816,0,0,1,0,0
2003,1,4.174387269895637,1,0,1,2,0.0,0.0016203415181353608,2,1,0,0,0
2003,2,2.772588722239781,1,0,1,3,0.0,0.0023681914495824507,3,0,0,1,0
2000,11,6.744059186311348,1,0,2,4,0.0,0.0023681914495824507,4,0,0,1,0
2001,9,6.293419278846481,1,0,14,5,0.0,0.01632805683659479,1,0,1,0,0
2002,7,5.455321115357702,1,0,7,2,0.0,0.01632805683659479,1,0,1,0,0
2001,1,6.650279048587422,1,0,4,1,0.0,0.0003739249657235448,1,0,1,0,0
2002,10,5.003946305945459,1,0,8,5,0.0,0.0014956998628941791,1,0,1,0,0
2002,4,5.75890177387728,1,0,6,2,0.0,0.01632805683659479,1,0,1,0,0
2003,1,4.060443010546419,1,0,1,0,0.0,0.0016203415181353608,0,1,0,0,0
2002,11,4.68213122712422,1,0,8,5,0.125,0.0036146080019942664,0,1,0,0,0
2002,12,4.532599493153256,1,0,8,0,0.0,0.0036146080019942664,0,1,0,0,0
2002,8,4.90527477843843,1,0,59,7,0.0,0.009472765798329803,0,0,0,1,0
2002,11,4.060443010546419,1,0,20,5,0.0,0.02492833104823632,0,0,0,1,0
2002,6,5.389071729816501,1,0,6,2,0.0,0.010594540695500436,0,0,0,1,0
2002,10,4.465908118654584,1,0,6,2,0.0,0.02492833104823632,0,0,0,1,0
2002,4,5.616771097666572,1,0,6,4,0.0,0.02492833104823632,0,0,0,1,0
2001,11,6.025865973825314,1,0,3,0,0.0,0.02492833104823632,0,0,0,1,0
2002,12,3.6109179126442243,1,0,19,5,0.0,0.0007478499314470896,2,0,0,1,0
2002,12,3.6109179126442243,1,0,9,5,0.0,0.004113174622958993,2,0,0,1,0
2002,11,3.784189633918261,1,0,8,5,0.0,0.02492833104823632,3,0,0,1,0
2002,11,4.1588830833596715,1,0,3,4,0.0,0.0032406830362707215,4,0,0,1,0
2002,12,3.6109179126442243,1,0,69,5,0.0,0.010594540695500436,4,0,0,1,0
2002,10,4.290459441148391,1,0,1,5,0.0,0.009472765798329803,5,0,0,1,0
2002,11,4.060443010546419,1,0,20,5,0.0,0.02492833104823632,4,0,0,1,0
2002,10,4.276666119016055,1,0,59,7,0.0,0.009472765798329803,5,1,0,0,0
2002,10,4.174387269895637,1,0,3,4,0.0,0.0003739249657235448,3,0,1,0,0
2002,11,3.58351893845611,1,0,3,4,0.0,0.0003739249657235448,4,0,1,0,0
2002,9,4.532599493153256,1,0,3,4,0.0,0.0003739249657235448,2,1,0,0,0
2002,10,4.3694478524670215,1,0,4,3,0.0,0.0007478499314470896,0,1,0,0,0
2002,11,4.04305126783455,1,0,59,7,0.0,0.009472765798329803,5,0,1,0,0
2002,9,4.454347296253507,1,0,4,3,0.0,0.009472765798329803,1,0,1,0,0
1998,11,7.303843225277705,1,0,1,0,0.0,0.0036146080019942664,0,0,1,0,0
2001,9,6.139884552226255,1,0,6,5,0.0,0.0036146080019942664,0,0,1,0,0
2002,5,5.356586274672012,1,0,2,1,0.0,0.02492833104823632,0,0,1,0,0
2002,10,3.9512437185814275,1,0,3,1,0.0,0.0001246416552411816,0,0,1,0,0
2002,11,3.6375861597263857,1,0,13,4,0.0,0.01632805683659479,1,0,1,0,0
2002,11,3.828641396489095,1,0,9,5,0.0,0.004113174622958993,0,0,1,0,0
2002,12,2.302585092994046,1,0,2,2,0.0,0.003365324691511903,0,0,1,0,0
2002,11,3.1780538303479458,1,0,2,2,0.0,0.003365324691511903,2,1,0,0,0
1999,11,7.028201432058005,1,0,17,2,0.0,0.0001246416552411816,0,0,0,1,0
1995,6,7.920446505142607,1,0,8,5,0.0,0.009098840832606257,0,0,0,1,0
2001,5,6.335054251498059,1,0,1,0,0.0,0.0001246416552411816,0,0,1,0,0
2002,9,4.343805421853684,1,0,13,3,0.0,0.0001246416552411816,0,0,1,0,0
2002,11,2.833213344056216,1,0,6,3,0.16666666666666666,0.0012464165524118161,0,0,1,0,0
2002,7,4.969813299576001,1,0,1,2,0.0,0.0001246416552411816,2,1,0,0,0
2002,11,3.5553480614894135,1,0,347,5,0.0,0.0002492833104823632,0,0,1,0,0
2002,8,4.7535901911063645,1,0,347,5,0.0,0.0002492833104823632,0,0,1,0,0
2002,11,2.8903717578961645,1,0,15,5,0.06666666666666667,0.0001246416552411816,0,0,1,0,0
2002,11,3.332204510175204,1,0,12,3,0.0,0.0001246416552411816,0,0,1,0,0
2002,5,5.37989735354046,1,0,8,5,0.0,0.0001246416552411816,2,0,1,0,0
2002,2,5.68697535633982,1,0,4,0,0.0,0.010594540695500436,0,0,1,0,0
2002,11,3.367295829986474,1,0,8,5,0.0,0.02492833104823632,1,0,1,0,0
2002,10,3.6375861597263857,1,0,11,5,0.0,0.0011217748971706345,0,0,1,0,0
2002,9,4.382026634673881,1,0,3,5,0.0,0.0001246416552411816,0,0,1,0,0
2002,6,5.214935757608986,1,0,1,0,0.0,0.0002492833104823632,0,1,0,0,0
2001,3,6.459904454377535,1,0,3,0,0.0,0.0011217748971706345,0,0,1,0,0
2000,10,6.639875833826536,1,0,2,0,0.0,0.0016203415181353608,0,0,1,0,0
2000,7,6.769641976852503,1,0,2,0,0.0,0.0001246416552411816,0,0,1,0,0
2000,9,6.68586094706836,1,0,26,5,0.0,0.0007478499314470896,3,0,1,0,0
2002,11,2.772588722239781,1,0,13,4,0.0,0.0003739249657235448,0,0,1,0,0
2002,11,2.5649493574615367,1,0,22,3,0.0,0.0003739249657235448,0,0,1,0,0
2002,10,3.784189633918261,1,0,8,5,0.0,0.0002492833104823632,0,0,1,0,0
2002,5,5.342334251964811,1,0,6,2,0.0,0.0001246416552411816,0,0,1,0,0
2002,8,4.74493212836325,2,1,2,2,0.5,0.0001246416552411816,2,1,0,0,0
2002,10,3.8066624897703196,1,0,12,4,0.0,0.0001246416552411816,0,0,0,1,0
2002,5,5.293304824724492,1,0,3,3,0.0,0.008724915866882713,0,0,0,1,0
1990,2,8.447843113281444,1,0,15,5,0.0,0.0002492833104823632,3,0,1,0,0
2001,2,6.481577129276431,1,0,12,3,0.0,0.0003739249657235448,3,0,1,0,0
1998,9,7.3310603052186325,1,0,13,4,0.0,0.0001246416552411816,3,0,1,0,0
2002,4,5.4510384535657,1,0,1,0,0.0,0.0001246416552411816,0,1,0,0,0
2002,10,3.9512437185814275,1,0,21,5,0.0,0.008724915866882713,0,0,0,1,0
2002,10,2.995732273553991,1,0,11,2,0.09090909090909091,0.010220615729776892,0,0,1,0,0
2002,9,3.713572066704308,1,0,15,5,0.0,0.029664713947401222,0,0,1,0,0
2002,10,3.5263605246161616,1,0,7,3,0.0,0.0001246416552411816,0,1,0,0,0
2002,9,4.007333185232471,1,0,50,5,0.0,0.029664713947401222,0,1,0,0,0
2001,6,6.236369590203704,1,0,6,5,0.0,0.0006232082762059081,5,0,1,0,0
2002,7,4.8283137373023015,1,0,1,0,0.0,0.0004985666209647265,0,1,0,0,0
2002,9,4.127134385045092,1,0,2,0,0.0,0.029664713947401222,0,1,0,0,0
2002,9,3.713572066704308,1,0,27,4,0.0,0.010220615729776892,0,1,0,0,0
2001,3,6.375024819828097,1,0,9,3,0.0,0.029664713947401222,0,0,1,0,0
2002,8,4.23410650459726,1,0,17,5,0.058823529411764705,0.010220615729776892,0,1,0,0,0
2002,2,5.552959584921617,1,0,10,4,0.0,0.029664713947401222,0,1,0,0,0
2001,10,5.986452005284438,1,0,9,2,0.0,0.029664713947401222,2,0,1,0,0
2002,10,1.9459101490553132,1,0,347,5,0.0,0.004487099588682538,0,0,1,0,0
2002,8,4.574710978503383,1,0,347,5,0.0,0.004487099588682538,0,0,1,0,0
2002,6,4.9344739331306915,1,0,347,5,0.0,0.004487099588682538,0,0,1,0,0
2002,6,4.882801922586371,1,0,347,5,0.0,0.004487099588682538,0,0,1,0,0
2002,7,4.6443908991413725,1,0,347,5,0.0,0.004487099588682538,0,0,1,0,0
2000,4,6.8501261661455,1,0,10,3,0.0,0.004487099588682538,2,0,1,0,0
2002,10,2.995732273553991,1,0,69,5,0.0,0.004487099588682538,0,0,1,0,0
2002,5,5.159055299214529,1,0,5,3,0.2,0.004487099588682538,0,0,1,0,0
2002,8,4.574710978503383,1,0,1,0,0.0,0.004487099588682538,0,0,1,0,0
2002,6,5.030437921392435,1,0,12,4,0.0,0.029664713947401222,0,0,1,0,0
2002,3,5.407171771460119,1,0,9,3,0.0,0.029664713947401222,2,0,1,0,0
1996,4,7.786967002614872,1,0,1,0,0.0,0.010220615729776892,0,0,1,0,0
2002,4,5.308267697401205,1,0,1,0,0.0,0.0021189081391000874,0,0,1,0,0
2002,5,5.003946305945459,1,0,17,5,0.17647058823529413,0.0001246416552411816,2,0,1,0,0
2001,10,5.902633333401366,1,0,3,2,0.0,0.010594540695500436,0,0,1,0,0
2002,6,4.736198448394496,1,0,6,2,0.0,0.0002492833104823632,0,1,0,0,0
2002,4,4.90527477843843,1,0,9,3,0.1111111111111111,0.0006232082762059081,0,1,0,0,0
2002,7,3.9512437185814275,1,0,9,3,0.1111111111111111,0.0006232082762059081,0,1,0,0,0
1997,11,7.469083884921234,1,0,13,2,0.0,0.010594540695500436,2,0,1,0,0
2001,11,5.666426688112432,1,0,19,5,0.0,0.0007478499314470896,1,0,1,0,0
2002,5,4.605170185988092,1,0,2,0,0.0,0.0002492833104823632,0,0,1,0,0
2002,2,5.204006687076795,1,0,2,0,0.0,0.0002492833104823632,0,1,0,0,0
2002,3,5.075173815233827,1,0,11,5,0.0,0.0001246416552411816,0,0,1,0,0
2001,10,5.752572638825633,1,0,8,2,0.0,0.008724915866882713,1,0,1,0,0
1998,5,7.350516171833998,1,0,6,1,0.0,0.0311604138102954,1,0,1,0,0
2002,6,3.8066624897703196,1,0,1,0,0.0,0.0001246416552411816,0,1,0,0,0
2002,8,1.0986122886681098,1,0,347,5,0.0,0.001994266483858906,0,0,1,0,0
2001,11,5.60947179518496,1,0,17,2,0.0,0.0001246416552411816,0,0,1,0,0
1993,4,8.119398589612294,1,0,25,5,0.0,0.0001246416552411816,2,0,1,0,0
2002,4,4.51085950651685,1,0,19,5,0.0,0.029664713947401222,0,0,1,0,0
2001,11,5.472270673671475,1,0,10,4,0.0,0.029664713947401222,0,0,1,0,0
2002,3,4.836281906951478,1,0,17,5,0.058823529411764705,0.010220615729776892,1,0,1,0,0
2002,3,4.718498871295094,1,0,2,2,0.0,0.029664713947401222,2,1,0,0,0
2002,3,4.718498871295094,1,0,17,5,0.058823529411764705,0.010220615729776892,2,1,0,0,0
1991,12,8.259458195332408,1,0,6,5,0.0,0.004487099588682538,5,0,1,0,0
2001,11,5.488937726156687,1,0,14,2,0.0,0.005110307864888446,0,0,0,1,0
1991,12,8.254528881939745,1,0,23,5,0.0,0.0002492833104823632,2,0,1,0,0
2002,4,4.430816798843313,1,0,29,5,0.0,0.005110307864888446,0,0,0,1,0
2001,10,5.556828061699537,1,0,27,4,0.0,0.010220615729776892,3,0,1,0,0
2002,4,4.343805421853684,1,0,7,3,0.0,0.0003739249657235448,0,1,0,0,0
2002,4,4.51085950651685,1,0,1,0,0.0,0.0004985666209647265,0,1,0,0,0
2002,5,4.248495242049359,1,0,1,0,0.0,0.010220615729776892,0,1,0,0,0
2002,4,4.343805421853684,1,0,27,4,0.0,0.005110307864888446,3,0,0,1,0
2002,3,4.653960350157523,1,0,1,0,0.0,0.010220615729776892,0,1,0,0,0
2002,5,4.143134726391533,1,0,2,0,0.0,0.0001246416552411816,0,1,0,0,0
2000,1,6.81783057145415,1,0,1,4,0.0,0.005110307864888446,4,0,0,1,0
1998,6,7.312553498102598,1,0,1,0,0.0,0.0001246416552411816,0,1,0,0,0
2001,11,5.455321115357702,1,0,347,5,0.0,0.0003739249657235448,0,0,1,0,0
2000,11,6.410174881966167,1,0,347,5,0.0,0.0003739249657235448,0,0,1,0,0
2002,1,5.220355825078324,1,0,1,0,0.0,0.0001246416552411816,0,1,0,0,0
2000,3,6.745236349484363,1,0,2,0,0.0,0.0001246416552411816,0,0,1,0,0
2001,3,6.156978985585555,1,0,13,5,0.0,0.0001246416552411816,0,0,1,0,0
1999,2,7.1204443723924875,1,0,6,4,0.0,0.0001246416552411816,0,0,1,0,0
2002,3,4.6443908991413725,1,0,5,5,0.0,0.0002492833104823632,0,0,1,0,0
2002,6,3.1354942159291497,1,0,15,5,0.0,0.0004985666209647265,0,0,1,0,0
2002,6,3.1780538303479458,1,0,1,0,0.0,0.0011217748971706345,0,0,1,0,0
2001,1,6.253828811575473,1,0,9,5,0.0,0.0012464165524118161,5,0,1,0,0
2002,6,3.1354942159291497,1,0,1,0,0.0,0.0001246416552411816,0,1,0,0,0
2002,4,4.174387269895637,1,0,13,2,0.0,0.010594540695500436,0,0,1,0,0
2001,7,5.823045895483019,1,0,1,0,0.0,0.0001246416552411816,0,1,0,0,0
2001,10,5.5093883366279774,1,0,3,0,0.0,0.0001246416552411816,0,1,0,0,0
2001,7,5.84354441703136,1,0,20,5,0.0,0.0002492833104823632,0,1,0,0,0
2000,10,6.415096959171596,1,0,1,0,0.0,0.0001246416552411816,0,1,0,0,0
2002,4,3.8918202981106265,1,0,59,7,0.0,0.011217748971706343,2,1,0,0,0
2001,1,6.210600077024653,1,0,1,0,0.0,0.0001246416552411816,0,1,0,0,0
2001,11,5.313205979041787,1,0,1,0,0.0,0.0001246416552411816,0,1,0,0,0
2002,3,4.189654742026425,1,0,13,5,0.0,0.0001246416552411816,0,0,1,0,0
2001,9,5.5254529391317835,1,0,8,5,0.0,0.003365324691511903,2,0,1,0,0
2002,4,3.6109179126442243,1,0,11,3,0.0,0.01632805683659479,0,0,1,0,0
2001,5,5.883322388488279,1,0,2,0,0.0,0.003365324691511903,0,0,1,0,0
2001,11,5.288267030694535,1,0,7,2,0.0,0.01632805683659479,0,0,1,0,0
2001,1,6.171700597410915,1,0,4,1,0.0,0.003365324691511903,0,0,1,0,0
2001,1,6.169610732491456,1,0,15,4,0.06666666666666667,0.0012464165524118161,0,1,0,0,0
1998,1,7.370860166536716,1,0,11,3,0.0,0.01632805683659479,1,0,1,0,0
2001,9,5.5093883366279774,1,0,14,5,0.0,0.01632805683659479,0,0,1,0,0
2001,11,4.962844630259907,1,0,1,0,0.0,0.0001246416552411816,0,1,0,0,0
2001,10,5.214935757608986,1,0,1,0,0.0,0.0011217748971706345,0,1,0,0,0
2001,11,4.90527477843843,1,0,8,2,0.0,0.0007478499314470896,0,1,0,0,0
2001,5,5.796057750765372,1,0,4,5,0.0,0.0002492833104823632,5,1,0,0,0
2001,10,5.123963979403259,1,0,3,0,0.0,0.0311604138102954,0,0,1,0,0
2001,12,4.584967478670572,1,0,22,3,0.0,0.0003739249657235448,0,1,0,0,0
2001,11,4.795790545596741,1,0,6,1,0.0,0.0001246416552411816,0,0,1,0,0
2000,10,6.240275845170769,1,0,8,5,0.0,0.02492833104823632,5,0,1,0,0
2002,2,1.9459101490553132,1,0,347,5,0.0,0.0032406830362707215,0,0,1,0,0
2001,12,4.276666119016055,1,0,3,4,0.0,0.0007478499314470896,4,0,1,0,0
2001,12,4.02535169073515,1,0,4,5,0.0,0.0002492833104823632,0,0,1,0,0
1998,10,7.106606137727303,1,0,1,0,0.0,0.004113174622958993,0,0,1,0,0
2002,1,3.1354942159291497,1,0,3,4,0.0,0.0007478499314470896,0,1,0,0,0
2002,2,2.772588722239781,1,0,4,5,0.0,0.0002492833104823632,0,1,0,0,0
2001,11,4.532599493153256,2,1,12,3,0.16666666666666666,0.009472765798329803,0,1,0,0,0
1999,3,6.982862751468942,1,0,6,5,0.0,0.0003739249657235448,0,0,1,0,0
2000,4,6.498282149476434,1,0,1,0,0.0,0.0001246416552411816,0,0,1,0,0
2001,10,4.882801922586371,1,0,4,2,0.0,0.029664713947401222,0,0,1,0,0
2001,11,4.330733340286331,1,0,20,5,0.0,0.004487099588682538,0,0,1,0,0
2000,9,6.261491684321042,1,0,15,5,0.0,0.029664713947401222,4,0,1,0,0
2001,11,4.499809670330265,1,0,9,5,0.0,0.029664713947401222,5,0,1,0,0
2001,11,4.6443908991413725,1,0,3,0,0.0,0.0002492833104823632,0,0,0,1,0
1997,3,7.498869733976931,1,0,3,0,0.0,0.010220615729776892,0,0,0,1,0
2001,11,4.499809670330265,1,0,17,5,0.0,0.004487099588682538,0,0,0,1,0
2001,11,4.574710978503383,1,0,22,5,0.0,0.010220615729776892,0,0,0,1,0
2002,1,3.713572066704308,1,0,14,5,0.0,0.010220615729776892,0,1,0,0,0
2000,8,6.2878585601617845,1,0,19,5,0.0,0.029664713947401222,1,0,1,0,0
2001,11,4.330733340286331,1,0,1,0,0.0,0.0004985666209647265,0,1,0,0,0
2001,10,4.770684624465665,1,0,19,5,0.0,0.029664713947401222,1,0,1,0,0
2002,1,3.713572066704308,1,0,347,5,0.0,0.004487099588682538,0,0,1,0,0
1996,2,7.664346632098617,1,0,31,3,0.0,0.03128505546553658,1,0,1,0,0
1999,10,6.666956792429207,1,0,1,1,0.0,0.03128505546553658,1,0,1,0,0
2001,7,5.135798437050262,1,0,6,2,0.0,0.035398230088495575,0,1,0,0,0
2001,7,4.955827057601261,1,0,2,0,0.0,0.035398230088495575,0,1,0,0,0
2001,12,1.791759469228055,1,0,22,5,0.0,0.03128505546553658,1,0,1,0,0
2001,10,4.330733340286331,1,0,2,0,0.0,0.03128505546553658,0,0,1,0,0
2001,5,5.3612921657094255,1,0,16,5,0.0625,0.03128505546553658,1,0,1,0,0
2001,9,4.465908118654584,1,0,7,2,0.0,0.03128505546553658,0,0,1,0,0
2001,10,3.9318256327243257,1,0,8,2,0.0,0.035398230088495575,0,1,0,0,0
2000,8,6.171700597410915,1,0,5,2,0.0,0.03128505546553658,1,0,1,0,0
1996,3,7.645875825184813,1,0,25,5,0.0,0.03128505546553658,1,0,1,0,0
2001,7,5.056245805348308,1,0,8,4,0.0,0.03128505546553658,0,1,0,0,0
2001,11,3.6109179126442243,1,0,1,0,0.0,0.03128505546553658,0,1,0,0,0
2001,6,5.220355825078324,1,0,5,2,0.0,0.03128505546553658,0,1,0,0,0
2001,9,4.465908118654584,1,0,2,0,0.0,0.03128505546553658,0,0,1,0,0
2001,10,4.189654742026425,1,0,4,2,0.0,0.03128505546553658,0,0,1,0,0
2001,3,5.655991810819852,1,0,11,4,0.0,0.03128505546553658,2,0,1,0,0
2001,10,4.3694478524670215,1,0,31,3,0.0,0.03128505546553658,0,0,1,0,0
2001,11,3.7376696182833684,1,0,347,5,0.0,0.03128505546553658,0,0,1,0,0
2001,8,4.804021044733257,1,0,347,5,0.0,0.03128505546553658,0,0,1,0,0
1992,10,8.118207049405783,1,0,1,2,0.0,0.03128505546553658,2,0,1,0,0
2001,10,4.3694478524670215,1,0,16,2,0.0,0.03128505546553658,0,0,1,0,0
2001,12,2.1972245773362196,1,0,4,3,0.0,0.03128505546553658,3,0,1,0,0
2001,10,4.343805421853684,1,0,8,2,0.0,0.03128505546553658,0,0,1,0,0
2001,5,5.308267697401205,1,0,8,4,0.0,0.03128505546553658,3,0,1,0,0
2001,10,4.276666119016055,1,0,12,3,0.16666666666666666,0.03128505546553658,0,0,1,0,0
1994,5,7.933079771880415,1,0,3,4,0.0,0.03128505546553658,4,0,1,0,0
2001,10,4.04305126783455,1,0,8,2,0.0,0.03128505546553658,0,0,1,0,0
2001,6,5.267858159063328,1,0,2,0,0.0,0.03128505546553658,0,0,1,0,0
1998,4,7.194436851100335,1,0,1,0,0.0,0.03128505546553658,0,0,0,1,0
1999,11,6.621405651764134,1,0,7,5,0.0,0.03128505546553658,0,0,0,1,0
1988,9,8.483222671845084,1,0,5,2,0.0,0.03128505546553658,0,0,0,1,0
1999,1,6.9650803456014065,1,0,3,0,0.0,0.03128505546553658,0,0,0,1,0
2001,11,3.6109179126442243,1,0,14,5,0.07142857142857142,0.03128505546553658,0,0,1,0,0
1995,5,7.781973234434385,2,1,16,5,0.8125,0.03128505546553658,0,0,0,1,0
2000,10,6.045005314036012,1,0,14,5,0.07142857142857142,0.03128505546553658,0,0,0,1,0
2000,3,6.459904454377535,1,0,8,2,0.0,0.03128505546553658,0,0,0,1,0
1997,7,7.385230923066573,1,0,4,2,0.0,0.03128505546553658,2,0,0,1,0
1999,12,6.602587892189336,1,0,19,5,0.0,0.03128505546553658,2,0,0,1,0
1999,2,6.951772164398911,1,0,19,5,0.0,0.03128505546553658,2,0,0,1,0
2001,12,0.6931471805599453,1,0,19,5,0.0,0.03128505546553658,2,0,0,1,0
1998,8,7.10085190894405,1,0,1,2,0.0,0.03128505546553658,2,0,0,1,0
2001,11,2.5649493574615367,1,0,5,2,0.0,0.03128505546553658,2,0,0,1,0
1998,5,7.1785454837637,1,0,19,5,0.0,0.03128505546553658,3,0,0,1,0
1997,12,7.290292882446597,1,0,7,5,0.0,0.03128505546553658,3,0,0,1,0
1998,11,7.016609683894219,1,0,22,5,0.0,0.03128505546553658,3,0,0,1,0
1989,4,8.440312147080279,1,0,7,3,0.0,0.03128505546553658,3,0,0,1,0
2001,11,2.5649493574615367,1,0,9,5,0.0,0.03128505546553658,4,0,0,1,0
2001,10,3.784189633918261,1,0,1,0,0.0,0.035398230088495575,0,1,0,0,0
2001,8,4.672828834461906,1,0,20,5,0.0,0.03128505546553658,1,0,1,0,0
2001,10,4.060443010546419,1,0,3,4,0.0,0.03128505546553658,1,0,1,0,0
2001,8,4.672828834461906,1,0,3,3,0.0,0.03128505546553658,0,1,0,0,0
2000,10,6.045005314036012,1,0,5,5,0.0,0.03128505546553658,1,0,1,0,0
2001,10,4.060443010546419,1,0,7,5,0.0,0.03128505546553658,0,0,1,0,0
2001,9,4.605170185988092,1,0,31,3,0.0,0.03128505546553658,0,0,1,0,0
2000,10,6.045005314036012,1,0,2,0,0.0,0.03128505546553658,0,0,1,0,0
2000,11,5.961005339623274,1,0,9,1,0.0,0.03128505546553658,0,0,1,0,0
2001,7,5.003946305945459,1,0,2,0,0.0,0.03128505546553658,0,0,1,0,0
2000,11,5.831882477283517,1,0,9,5,0.0,0.03128505546553658,0,0,0,1,0
2000,8,6.061456918928017,1,0,14,5,0.0,0.03128505546553658,0,0,0,1,0
2001,5,5.153291594497779,1,0,1,0,0.0,0.07291536831609123,0,1,0,0,0
2000,8,6.068425588244111,1,0,19,5,0.0,0.03128505546553658,2,0,0,1,0
2001,6,4.948759890378168,1,0,2,5,0.0,0.07291536831609123,0,1,0,0,0
2001,2,5.602118820879701,2,1,17,5,0.17647058823529413,0.03128505546553658,3,0,0,1,0
2001,1,5.700443573390687,1,0,347,5,0.0,0.03128505546553658,1,0,1,0,0
2000,1,6.492239835020471,1,0,8,5,0.0,0.03128505546553658,3,0,0,1,0
1995,1,7.820037989458753,1,0,5,2,0.4,0.03128505546553658,1,0,1,0,0
2001,5,5.19295685089021,1,0,2,0,0.0,0.03128505546553658,0,0,1,0,0
1998,9,7.0317412587631285,1,0,4,1,0.0,0.03128505546553658,1,0,1,0,0
2001,8,4.31748811353631,1,0,2,0,0.0,0.07291536831609123,0,1,0,0,0
2001,8,4.406719247264253,1,0,2,0,0.0,0.07291536831609123,0,1,0,0,0
2001,8,4.110873864173311,1,0,2,0,0.0,0.03128505546553658,0,0,1,0,0
1992,9,8.111328003286733,1,0,22,5,0.0,0.03128505546553658,1,0,1,0,0
2001,4,5.231108616854587,1,0,1,0,0.0,0.03128505546553658,0,1,0,0,0
2001,3,5.384495062789089,1,0,2,0,0.0,0.03128505546553658,0,1,0,0,0
2001,10,3.258096538021482,1,0,17,5,0.0,0.03128505546553658,0,1,0,0,0
2001,4,5.231108616854587,1,0,9,3,0.0,0.03128505546553658,0,1,0,0,0
2000,10,5.966146739123692,1,0,9,3,0.0,0.03128505546553658,1,0,1,0,0
2001,5,5.111987788356544,1,0,15,5,0.0,0.03128505546553658,0,1,0,0,0
2001,10,1.6094379124341003,1,0,17,5,0.0,0.03128505546553658,2,0,1,0,0
2001,3,5.402677381872279,1,0,347,5,0.0,0.03128505546553658,0,0,1,0,0
2001,2,5.501258210544727,1,0,347,5,0.0,0.03128505546553658,0,0,1,0,0
2001,7,4.762173934797756,1,0,347,5,0.0,0.03128505546553658,0,0,1,0,0
2001,8,4.442651256490317,1,0,347,5,0.0,0.03128505546553658,0,0,1,0,0
2001,5,5.043425116919247,1,0,347,5,0.0,0.03128505546553658,0,0,1,0,0
2001,4,5.303304908059076,1,0,3,2,0.0,0.03128505546553658,0,0,1,0,0
1992,11,8.089789175789319,1,0,3,4,0.0,0.03128505546553658,3,0,1,0,0
1981,12,8.889170455363413,1,0,19,3,0.0,0.03128505546553658,0,0,1,0,0
2001,6,4.74493212836325,2,1,3,2,0.6666666666666666,0.006107441106817898,0,1,0,0,0
2001,7,4.663439094112067,1,0,1,5,0.0,0.07291536831609123,5,1,0,0,0
1993,10,7.978996370854115,1,0,1,1,0.0,0.03128505546553658,1,0,1,0,0
1993,11,7.9748769005588755,1,0,9,2,0.0,0.03128505546553658,1,0,1,0,0
1988,12,8.454040376410969,1,0,3,1,0.0,0.03128505546553658,1,0,1,0,0
1988,11,8.456806041401142,1,0,2,2,0.0,0.03128505546553658,1,0,1,0,0
2001,4,5.1647859739235145,1,0,2,0,0.0,0.03128505546553658,0,0,1,0,0
1973,3,9.253974408996244,1,0,8,4,0.0,0.03128505546553658,1,0,1,0,0
1971,7,9.309008543772885,1,0,8,4,0.0,0.03128505546553658,1,0,1,0,0
1990,10,8.299534570332597,1,0,8,4,0.0,0.03128505546553658,1,0,1,0,0
1998,4,7.16703787691222,1,0,1,1,0.0,0.03128505546553658,1,0,1,0,0
1990,5,8.335431477880796,1,0,26,5,0.0,0.03128505546553658,1,0,1,0,0
1994,3,7.925518979786926,1,0,8,4,0.0,0.03128505546553658,1,0,1,0,0
1989,11,8.381373468273702,1,0,3,1,0.0,0.03128505546553658,1,0,1,0,0
1981,4,8.921591063563978,1,0,3,1,0.0,0.03128505546553658,1,0,1,0,0
1991,6,8.240385115516334,1,0,69,5,0.0,0.03128505546553658,1,0,1,0,0
1978,10,9.037771106624906,1,0,2,5,0.0,0.03128505546553658,1,0,1,0,0
1988,5,8.499843553081124,1,0,6,2,0.0,0.03128505546553658,1,0,1,0,0
1987,3,8.57866451350434,1,0,6,2,0.0,0.03128505546553658,1,0,1,0,0
1978,12,9.03025631012242,1,0,1,1,0.0,0.03128505546553658,1,0,1,0,0
1971,11,9.30054663986233,1,0,4,2,0.0,0.03128505546553658,1,0,1,0,0
1971,7,9.310547632393208,1,0,4,2,0.0,0.03128505546553658,1,0,1,0,0
1979,10,8.993675786759683,1,0,4,2,0.0,0.03128505546553658,1,0,1,0,0
1974,9,9.20099685697303,1,0,19,3,0.0,0.03128505546553658,1,0,1,0,0
1981,4,8.920656296853728,1,0,19,3,0.0,0.03128505546553658,1,0,1,0,0
1972,12,9.263312256742289,1,0,19,3,0.0,0.03128505546553658,1,0,1,0,0
1972,2,9.290629203204986,1,0,19,3,0.0,0.03128505546553658,1,0,1,0,0
1977,10,9.079434102128383,1,0,19,3,0.0,0.03128505546553658,1,0,1,0,0
2000,6,6.208590026096629,2,1,8,3,0.125,0.03128505546553658,0,0,1,0,0
1987,3,8.582044163735853,1,0,11,3,0.0,0.03128505546553658,3,0,1,0,0
1982,12,8.837681215593197,1,0,1,0,0.0,0.03128505546553658,0,0,1,0,0
1998,10,6.98933526597456,1,0,1,3,0.0,0.03128505546553658,3,0,1,0,0
1981,10,8.896861744480391,1,0,1,3,0.0,0.03128505546553658,3,0,1,0,0
1992,8,8.114623886420098,1,0,8,3,0.125,0.03128505546553658,3,0,1,0,0
2001,9,3.044522437723423,1,0,15,4,0.06666666666666667,0.03128505546553658,0,0,1,0,0
1990,2,8.357024439263416,1,0,15,5,0.0,0.03128505546553658,3,0,1,0,0
1984,3,8.765926513729443,1,0,15,5,0.0,0.03128505546553658,3,0,1,0,0
1971,11,9.299815378403785,1,0,8,4,0.0,0.03128505546553658,3,0,1,0,0
1987,7,8.557374981049069,1,0,26,5,0.0,0.03128505546553658,3,0,1,0,0
1984,11,8.729882284826589,1,0,26,5,0.0,0.03128505546553658,3,0,1,0,0
1989,3,8.432941638968646,1,0,26,5,0.0,0.03128505546553658,3,0,1,0,0
1994,3,7.929846429742503,1,0,1,0,0.0,0.03128505546553658,0,0,1,0,0
1996,4,7.613818684808629,1,0,11,3,0.0,0.03128505546553658,0,0,1,0,0
1982,11,8.8427489162961,1,0,13,4,0.0,0.03128505546553658,3,0,1,0,0
2001,8,4.060443010546419,1,0,9,3,0.0,0.0001246416552411816,0,1,0,0,0
2001,6,4.795790545596741,1,0,10,2,0.0,0.03128505546553658,0,0,1,0,0
1999,3,6.853299093186078,1,0,347,5,0.0,0.03128505546553658,0,0,1,0,0
2000,5,6.194405391104672,1,0,4,2,0.0,0.0029913997257883583,2,0,1,0,0
2000,11,5.713732805509369,1,0,9,3,0.0,0.02492833104823632,3,0,1,0,0
2001,1,5.5134287461649825,1,0,9,5,0.0,0.03128505546553658,3,0,1,0,0
2001,3,5.293304824724492,1,0,29,5,0.0,0.03128505546553658,3,0,1,0,0
2000,12,5.69035945432406,1,0,22,5,0.0,0.03128505546553658,3,0,1,0,0
2001,6,4.51085950651685,1,0,4,5,0.0,0.03128505546553658,2,1,0,0,0
2000,4,6.236369590203704,1,0,2,0,0.0,0.0311604138102954,0,1,0,0,0
2001,3,5.135798437050262,1,0,5,2,0.0,0.03128505546553658,1,0,1,0,0
2001,5,4.718498871295094,2,1,1,0,1.0,0.03128505546553658,0,1,0,0,0
2000,11,5.69035945432406,1,0,22,5,0.0,0.03128505546553658,3,0,1,0,0
2001,6,4.290459441148391,1,0,8,2,0.0,0.03128505546553658,0,0,1,0,0
1993,12,7.9269635448629785,1,0,3,1,0.0,0.006107441106817898,1,0,1,0,0
1996,10,7.452402451223638,1,0,13,4,0.0,0.006107441106817898,1,0,1,0,0
2001,3,4.605170185988092,1,0,2,0,0.0,0.006107441106817898,0,1,0,0,0
2000,8,5.762051382780177,1,0,26,5,0.0,0.006107441106817898,0,1,0,0,0
1998,10,6.899723107284872,1,0,1,1,0.0,0.006107441106817898,1,0,1,0,0
2001,1,5.093750200806762,1,0,12,3,0.0,0.006107441106817898,0,1,0,0,0
2001,5,3.6109179126442243,1,0,12,3,0.0,0.006107441106817898,0,1,0,0,0
1988,11,8.434028950155469,1,0,19,3,0.0,0.006107441106817898,1,0,1,0,0
1990,9,8.278174290943738,1,0,19,3,0.0,0.006107441106817898,1,0,1,0,0
1988,11,8.438799123988225,1,0,15,5,0.0,0.006107441106817898,2,0,1,0,0
2000,11,5.4510384535657,1,0,2,0,0.0,0.006107441106817898,0,0,1,0,0
1999,3,6.74993119378857,1,0,11,3,0.0,0.006107441106817898,2,0,1,0,0
2000,10,5.537334267018537,1,0,11,3,0.0,0.006107441106817898,2,0,1,0,0
2001,2,4.955827057601261,1,0,12,3,0.0,0.006107441106817898,2,0,1,0,0
1990,10,8.272826003650401,1,0,5,2,0.0,0.006107441106817898,2,0,1,0,0
1992,9,8.070593539949519,1,0,3,2,0.0,0.006107441106817898,2,0,1,0,0
1995,11,7.6255950721324535,1,0,8,2,0.0,0.006107441106817898,2,0,1,0,0
1992,3,8.13505390861157,1,0,2,2,0.5,0.006107441106817898,2,0,1,0,0
2001,5,3.9318256327243257,1,0,3,1,0.0,0.006107441106817898,0,0,1,0,0
1982,11,8.827321452697849,1,0,15,5,0.0,0.006107441106817898,0,0,1,0,0
2000,8,5.736572297479192,1,0,3,1,0.0,0.006107441106817898,0,0,1,0,0
1999,11,6.3818160174060985,1,0,15,5,0.06666666666666667,0.014084507042253521,4,0,1,0,0
1997,4,7.340186835320115,1,0,5,4,0.0,0.0029913997257883583,4,0,1,0,0
2000,12,5.293304824724492,1,0,3,0,0.0,0.014084507042253521,0,0,1,0,0
2001,4,4.189654742026425,1,0,1,0,0.0,0.014084507042253521,0,0,1,0,0
2001,1,5.099866427824199,1,0,2,0,0.0,0.014084507042253521,0,1,0,0,0
1998,6,7.020190708311925,1,0,2,1,0.0,0.0029913997257883583,1,0,1,0,0
2000,6,5.961005339623274,1,0,31,3,0.0,0.0029913997257883583,1,0,1,0,0
2001,3,4.543294782270004,1,0,7,2,0.0,0.0001246416552411816,0,1,0,0,0
2001,3,4.543294782270004,1,0,1,0,0.0,0.035398230088495575,0,1,0,0,0
2001,5,3.1354942159291497,1,0,15,5,0.0,0.009722049108812166,0,0,1,0,0
2001,4,3.784189633918261,1,0,9,5,0.0,0.009722049108812166,0,1,0,0,0
2001,1,4.90527477843843,1,0,9,5,0.0,0.009722049108812166,0,0,1,0,0
2000,12,5.135798437050262,1,0,22,3,0.0,0.0311604138102954,0,1,0,0,0
2000,4,6.0063531596017325,1,0,4,4,0.0,0.0311604138102954,2,0,1,0,0
2001,4,3.5553480614894135,1,0,6,5,0.16666666666666666,0.0311604138102954,0,0,1,0,0
1991,9,8.170468578330674,1,0,20,5,0.0,0.07291536831609123,0,0,1,0,0
2001,4,3.5263605246161616,1,0,23,5,0.0,0.07291536831609123,0,0,1,0,0
1992,12,8.026170194946426,1,0,23,5,0.0,0.07291536831609123,0,0,1,0,0
1982,2,8.857088135314953,1,0,9,5,0.0,0.07291536831609123,4,0,1,0,0
1998,10,6.85751406254539,1,0,10,4,0.0,0.07291536831609123,4,0,1,0,0
1988,4,8.473032295630468,1,0,1,0,0.0,0.07291536831609123,0,0,1,0,0
1998,11,6.812345094177479,1,0,50,5,0.0,0.07291536831609123,0,0,0,1,0
2000,4,5.996452088619021,1,0,22,5,0.0,0.07291536831609123,0,0,0,1,0
2000,6,5.793013608384144,1,0,3,1,0.0,0.07291536831609123,0,0,0,1,0
1993,1,8.016647877057803,1,0,1,0,0.0,0.07291536831609123,0,0,0,1,0
2000,2,6.118097198041348,1,0,20,5,0.0,0.07291536831609123,0,0,0,1,0
2000,9,5.5254529391317835,1,0,15,5,0.0,0.07291536831609123,0,0,1,0,0
1995,7,7.659642954564682,1,0,3,2,0.0,0.07291536831609123,0,0,1,0,0
2000,9,5.5254529391317835,1,0,3,2,0.0,0.07291536831609123,2,1,0,0,0
2000,11,5.159055299214529,1,0,6,3,0.0,0.07291536831609123,0,1,0,0,0
2000,10,5.375278407684165,1,0,22,5,0.0,0.07291536831609123,2,0,0,1,0
2000,11,5.159055299214529,1,0,2,5,0.0,0.07291536831609123,5,1,0,0,0
2000,11,5.272999558563747,1,0,11,5,0.09090909090909091,0.07291536831609123,5,1,0,0,0
2001,1,4.770684624465665,1,0,3,0,0.0,0.07291536831609123,0,1,0,0,0
2000,11,5.198497031265826,1,0,1,0,0.0,0.07291536831609123,0,1,0,0,0
2000,9,5.4680601411351315,1,0,6,1,0.0,0.07291536831609123,0,1,0,0,0
1990,11,8.248529124800218,1,0,22,5,0.0,0.07291536831609123,3,0,0,1,0
2001,3,3.871201010907891,1,0,3,2,0.0,0.07291536831609123,0,1,0,0,0
1994,6,7.8383433155571165,1,0,2,1,0.0,0.07291536831609123,0,0,1,0,0
1998,9,6.88653164253051,1,0,3,0,0.3333333333333333,0.07291536831609123,0,0,1,0,0
1988,11,8.428799040653642,1,0,3,0,0.3333333333333333,0.07291536831609123,0,0,1,0,0
1995,8,7.656337166430183,1,0,10,3,0.0,0.07291536831609123,3,0,1,0,0
2001,1,4.770684624465665,1,0,14,5,0.0,0.07291536831609123,0,0,1,0,0
2000,11,5.117993812416755,1,0,4,0,0.0,0.07291536831609123,0,0,1,0,0
1995,6,7.67275789664251,1,0,1,0,0.0,0.07291536831609123,0,0,1,0,0
1997,8,7.218176838403408,1,0,1,0,0.0,0.07291536831609123,0,0,1,0,0
1996,10,7.421775793644647,1,0,23,5,0.0,0.07291536831609123,3,0,1,0,0
1995,5,7.6953031349635665,1,0,2,0,0.0,0.07291536831609123,0,0,1,0,0
2000,11,5.176149732573829,1,0,347,5,0.0,0.035398230088495575,0,0,1,0,0
2000,12,5.003946305945459,1,0,347,5,0.0,0.035398230088495575,0,0,1,0,0
2000,11,5.081404364984463,1,0,347,5,0.0,0.035398230088495575,0,0,1,0,0
2001,4,3.1780538303479458,1,0,347,5,0.0,0.035398230088495575,0,0,1,0,0
1999,12,6.222576268071369,1,0,2,0,0.0,0.011217748971706343,0,0,1,0,0
2000,11,5.093750200806762,1,0,8,5,0.0,0.011217748971706343,0,1,0,0,0
2001,1,4.454347296253507,1,0,6,2,0.0,0.011217748971706343,0,1,0,0,0
2000,10,5.214935757608986,1,0,8,5,0.0,0.011217748971706343,1,0,1,0,0
2001,1,4.564348191467836,1,0,4,2,0.0,0.011217748971706343,0,1,0,0,0
2001,1,4.605170185988092,1,0,1,0,0.0,0.035398230088495575,0,0,1,0,0
1999,11,6.240275845170769,1,0,32,3,0.0,0.011217748971706343,0,0,1,0,0
1999,8,6.368187186350492,1,0,1,0,0.0,0.011217748971706343,0,0,1,0,0
2000,11,4.795790545596741,1,0,9,3,0.0,0.011217748971706343,2,1,0,0,0
2000,7,5.556828061699537,1,0,20,4,0.0,0.0311604138102954,0,0,1,0,0
2000,3,5.953243334287785,1,0,6,1,0.0,0.0311604138102954,0,0,1,0,0
1999,4,6.576469569048224,1,0,22,5,0.0,0.011217748971706343,5,0,1,0,0
2000,8,5.2832037287379885,1,0,22,3,0.0,0.0311604138102954,0,0,1,0,0
1998,3,6.985641817639208,1,0,12,2,0.0,0.0311604138102954,1,0,1,0,0
2000,5,4.02535169073515,1,0,1,0,0.0,0.07291536831609123,0,1,0,0,0
2000,4,4.430816798843313,1,0,2,0,0.0,0.07291536831609123,0,1,0,0,0
2000,1,5.204006687076795,1,0,1,0,0.0,0.07291536831609123,0,0,1,0,0
1999,4,6.089044875446846,1,0,9,2,0.0,0.07291536831609123,0,0,1,0,0
1999,6,5.934894195619588,1,0,1,0,0.0,0.07291536831609123,0,0,1,0,0
1982,11,8.772920092626467,1,0,2,2,0.0,0.07291536831609123,1,0,1,0,0
2000,7,1.3862943611198906,1,0,59,7,0.0,0.011217748971706343,2,0,1,0,0
1999,6,5.953243334287785,1,0,3,3,0.0,0.07291536831609123,3,0,1,0,0
1999,1,6.302618975744905,1,0,4,3,0.0,0.009472765798329803,3,0,1,0,0
1988,4,8.40200678160712,1,0,8,5,0.0,0.0016203415181353608,5,0,1,0,0
2000,6,1.3862943611198906,1,0,347,5,0.0,0.009722049108812166,0,0,1,0,0
2000,4,4.394449154672439,1,0,29,5,0.0,0.009722049108812166,0,0,1,0,0
1999,3,6.186208623900494,1,0,4,3,0.0,0.011217748971706343,3,0,1,0,0
2000,2,4.912654885736052,1,0,1,0,0.0,0.0016203415181353608,0,1,0,0,0
2000,2,4.836281906951478,1,0,26,5,0.0,0.009846690764053347,0,1,0,0,0
1999,7,5.860786223465865,1,0,1,0,0.0,0.0016203415181353608,0,1,0,0,0
2000,2,4.859812404361672,1,0,22,5,0.0,0.011217748971706343,0,1,0,0,0
1999,11,5.420534999272286,1,0,6,1,0.0,0.011217748971706343,0,1,0,0,0
2000,2,4.912654885736052,1,0,1,0,0.0,0.011217748971706343,0,1,0,0,0
2000,6,3.1780538303479458,1,0,1,0,0.0,0.011217748971706343,0,1,0,0,0
2000,4,4.394449154672439,1,0,1,0,0.0,0.005110307864888446,0,1,0,0,0
2000,4,4.290459441148391,1,0,15,4,0.06666666666666667,0.0016203415181353608,0,1,0,0,0
1999,5,5.991464547107982,1,0,2,0,0.0,0.0016203415181353608,0,0,1,0,0
2000,6,1.0986122886681098,1,0,32,3,0.0,0.011217748971706343,0,0,1,0,0
2000,5,3.8066624897703196,1,0,6,5,0.0,0.011217748971706343,0,0,1,0,0
2000,2,4.912654885736052,1,0,8,5,0.0,0.0016203415181353608,0,0,1,0,0
2000,4,4.465908118654584,1,0,1,2,0.0,0.011217748971706343,2,1,0,0,0
1999,11,5.455321115357702,1,0,15,4,0.06666666666666667,0.0016203415181353608,2,1,0,0,0
2000,2,4.844187086458591,1,0,20,4,0.0,0.0016203415181353608,1,0,1,0,0
2000,4,4.465908118654584,1,0,32,3,0.0,0.011217748971706343,1,0,1,0,0
1999,3,6.180016653652572,1,0,2,2,0.0,0.009846690764053347,1,0,1,0,0
1991,2,8.133880887949207,1,0,4,1,0.0,0.0001246416552411816,1,0,1,0,0
1999,5,6.013715156042802,1,0,8,5,0.0,0.00785242428019444,1,0,1,0,0
1995,10,7.454719949364001,1,0,2,1,0.0,0.00785242428019444,1,0,1,0,0
1994,2,7.7488913372555315,1,0,9,2,0.0,0.00785242428019444,2,0,1,0,0
2000,4,4.1588830833596715,1,0,8,3,0.0,0.0311604138102954,0,0,1,0,0
2000,3,4.605170185988092,1,0,347,5,0.0,0.0001246416552411816,1,0,1,0,0
1999,7,5.82600010738045,1,0,1,0,0.0,0.011217748971706343,0,0,1,0,0
2000,5,3.4339872044851463,1,0,22,3,0.0,0.014084507042253521,0,1,0,0,0
2000,5,2.833213344056216,1,0,6,3,0.16666666666666666,0.005110307864888446,1,0,1,0,0
2000,3,4.430816798843313,1,0,2,0,0.0,0.0029913997257883583,0,1,0,0,0
1997,8,6.918695219020472,1,0,5,1,0.0,0.0311604138102954,1,0,1,0,0
1999,6,5.8664680569332965,1,0,11,3,0.0,0.009722049108812166,1,0,1,0,0
1997,3,7.057897937411856,1,0,1,0,0.0,0.07291536831609123,0,0,1,0,0
2000,2,4.709530201312334,1,0,347,5,0.0,0.07291536831609123,0,0,1,0,0
2000,4,3.713572066704308,1,0,347,5,0.0,0.07291536831609123,0,0,1,0,0
1996,7,7.2633296174768365,1,0,11,3,0.0,0.07291536831609123,0,0,1,0,0
2000,1,4.9344739331306915,1,0,347,5,0.0,0.07291536831609123,1,0,1,0,0
1999,11,5.272999558563747,1,0,1,0,0.0,0.07291536831609123,0,0,1,0,0
2000,2,4.6443908991413725,1,0,5,1,0.0,0.07291536831609123,0,1,0,0,0
2000,4,3.713572066704308,1,0,1,0,0.0,0.07291536831609123,0,1,0,0,0
1995,6,7.506042178518122,1,0,5,2,0.0,0.07291536831609123,0,1,0,0,0
2000,3,4.330733340286331,1,0,1,0,0.0,0.07291536831609123,0,1,0,0,0
1999,7,5.749392985908253,1,0,2,0,0.0,0.07291536831609123,0,0,1,0,0
2000,3,4.23410650459726,1,0,1,0,0.0,0.07291536831609123,0,0,1,0,0
2000,3,4.23410650459726,1,0,5,2,0.0,0.07291536831609123,0,0,1,0,0
2000,3,4.23410650459726,1,0,1,0,0.0,0.07291536831609123,0,0,1,0,0
1999,9,5.5254529391317835,1,0,2,0,0.0,0.07291536831609123,0,0,1,0,0
1999,12,5.14166355650266,1,0,3,5,0.0,0.07291536831609123,1,0,1,0,0
1998,1,6.76849321164863,1,0,4,1,0.0,0.07291536831609123,1,0,1,0,0
1999,11,4.127134385045092,1,0,50,5,0.0,0.07291536831609123,0,1,0,0,0
1999,9,4.8283137373023015,1,0,1,0,0.0,0.07291536831609123,0,1,0,0,0
1999,12,3.9318256327243257,1,0,20,5,0.0,0.07291536831609123,0,1,0,0,0
1999,11,4.290459441148391,2,1,3,1,0.3333333333333333,0.07291536831609123,0,1,0,0,0
1999,10,4.574710978503383,1,0,1,0,0.0,0.07291536831609123,0,1,0,0,0
1999,11,4.442651256490317,1,0,1,0,0.0,0.07291536831609123,0,0,1,0,0
1999,10,4.6443908991413725,1,0,3,0,0.0,0.07291536831609123,0,0,1,0,0
1999,11,4.290459441148391,1,0,5,1,0.0,0.07291536831609123,1,0,1,0,0
1994,8,7.595889917718538,1,0,3,1,0.0,0.07291536831609123,1,0,1,0,0
1999,9,4.787491742782046,1,0,20,5,0.0,0.07291536831609123,3,0,1,0,0
1999,12,3.4011973816621555,1,0,347,5,0.0,0.011217748971706343,0,0,1,0,0
1999,12,3.1354942159291497,1,0,347,5,0.0,0.011217748971706343,0,0,1,0,0
1999,11,4.276666119016055,1,0,2,0,0.0,0.011217748971706343,0,0,1,0,0
1999,12,3.784189633918261,1,0,347,5,0.0,0.011217748971706343,0,0,1,0,0
1997,7,6.823286122355687,1,0,13,2,0.0,0.011217748971706343,0,0,1,0,0
1981,1,8.84505705350085,1,0,1,0,0.0,0.0001246416552411816,0,1,0,0,0
1999,10,4.430816798843313,1,0,2,5,0.0,0.07291536831609123,5,0,0,1,0
1999,10,4.442651256490317,1,0,15,2,0.0,0.011217748971706343,1,0,1,0,0
1999,9,4.454347296253507,1,0,19,3,0.0,0.004736382899164901,2,0,1,0,0
1980,10,8.854664928370534,1,0,2,3,0.0,0.0011217748971706345,3,0,1,0,0
1999,11,3.6375861597263857,1,0,347,5,0.0,0.0053595911753708085,0,0,1,0,0
1999,10,4.174387269895637,1,0,347,5,0.0,0.0011217748971706345,0,0,1,0,0
1999,7,5.14166355650266,1,0,347,5,0.0,0.0053595911753708085,1,0,1,0,0
1996,10,7.045776576879511,1,0,5,2,0.0,0.0011217748971706345,1,0,1,0,0
1996,11,7.038783541388542,1,0,5,2,0.0,0.0053595911753708085,1,0,1,0,0
1999,7,5.0106352940962555,1,0,22,3,0.0,0.0053595911753708085,0,1,0,0,0
1999,1,5.783825182329737,1,0,347,5,0.0,0.0053595911753708085,2,0,1,0,0
1998,11,5.971261839790462,1,0,15,4,0.06666666666666667,0.0011217748971706345,0,1,0,0,0
1993,11,7.7057128238944275,1,0,1,2,0.0,0.0001246416552411816,2,0,1,0,0
1999,6,5.19295685089021,1,0,1,0,0.0,0.0053595911753708085,0,0,1,0,0
1999,11,3.58351893845611,1,0,347,5,0.0,0.009722049108812166,1,0,1,0,0
1999,2,5.752572638825633,1,0,1,0,0.0,0.011217748971706343,0,1,0,0,0
1999,6,5.241747015059643,1,0,5,5,0.4,0.011217748971706343,0,1,0,0,0
1999,1,5.799092654460526,1,0,6,5,0.16666666666666666,0.0311604138102954,0,1,0,0,0
1999,6,5.241747015059643,1,0,1,0,0.0,0.0003739249657235448,0,0,1,0,0
1999,7,4.990432586778736,1,0,4,2,0.0,0.011217748971706343,0,1,0,0,0
1999,1,5.814130531825066,1,0,1,0,0.0,0.011217748971706343,0,1,0,0,0
1999,5,5.4116460518550396,1,0,4,2,0.0,0.011217748971706343,0,1,0,0,0
1999,3,5.58724865840025,1,0,1,0,0.0,0.0029913997257883583,0,0,1,0,0
1999,12,2.6390573296152584,1,0,3,5,0.0,0.011217748971706343,0,0,1,0,0
1999,1,5.799092654460526,1,0,2,0,0.0,0.00785242428019444,0,0,1,0,0
1998,10,6.075346031088684,1,0,11,5,0.0,0.0029913997257883583,0,0,1,0,0
1999,2,5.755742213586912,1,0,22,3,0.0,0.0053595911753708085,2,1,0,0,0
1999,6,5.2832037287379885,1,0,3,5,0.0,0.011217748971706343,5,1,0,0,0
1999,5,5.318119993844216,1,0,6,5,0.16666666666666666,0.0029913997257883583,1,0,1,0,0
1998,4,6.413458957167357,1,0,9,2,0.0,0.011217748971706343,2,0,1,0,0
1999,11,2.70805020110221,1,0,22,5,0.0,0.07291536831609123,2,0,1,0,0
1999,5,5.375278407684165,1,0,19,5,0.0,0.07291536831609123,2,0,1,0,0
1999,11,3.58351893845611,1,0,347,5,0.0,0.07291536831609123,0,0,1,0,0
1995,11,7.306531398939505,1,0,347,5,0.0,0.07291536831609123,0,0,1,0,0
1999,5,5.293304824724492,1,0,4,1,0.0,0.011217748971706343,0,0,1,0,0
1999,9,4.499809670330265,1,0,2,0,0.0,0.07291536831609123,0,1,0,0,0
1999,9,4.574710978503383,1,0,16,5,0.8125,0.07291536831609123,0,1,0,0,0
1999,10,4.007333185232471,1,0,14,5,0.0,0.07291536831609123,0,1,0,0,0
1999,1,5.802118375377063,1,0,20,5,0.0,0.011217748971706343,0,1,0,0,0
1999,9,4.418840607796598,1,0,1,0,0.0,0.07291536831609123,0,0,1,0,0
1998,9,6.124683390894205,1,0,5,5,0.0,0.011217748971706343,0,1,0,0,0
1999,3,5.641907070938114,1,0,22,5,0.0,0.011217748971706343,0,1,0,0,0
1999,9,4.3694478524670215,1,0,22,5,0.0,0.011217748971706343,0,1,0,0,0
1999,10,4.127134385045092,1,0,3,0,0.0,0.07291536831609123,0,1,0,0,0
1999,11,2.772588722239781,1,0,3,0,0.0,0.002742116415305995,0,0,1,0,0
1998,10,5.986452005284438,1,0,10,4,0.0,0.07291536831609123,2,0,1,0,0
1998,11,5.8944028342648505,1,0,20,5,0.0,0.07291536831609123,3,0,1,0,0
1999,9,3.7376696182833684,1,0,347,5,0.0,0.07291536831609123,0,0,1,0,0
1999,2,5.579729825986222,1,0,347,5,0.0,0.07291536831609123,0,0,1,0,0
1998,12,5.755742213586912,1,0,2,2,0.0,0.07291536831609123,1,0,1,0,0
1999,9,4.189654742026425,1,0,3,3,0.0,0.0002492833104823632,0,1,0,0,0
1999,10,3.5263605246161616,1,0,20,5,0.0,0.07291536831609123,0,1,0,0,0
1999,9,3.713572066704308,1,0,1,0,0.0,0.07291536831609123,0,1,0,0,0
1999,8,4.61512051684126,1,0,3,2,0.0,0.07291536831609123,0,1,0,0,0
1999,9,4.127134385045092,1,0,1,0,0.0,0.07291536831609123,0,1,0,0,0
1999,7,4.8283137373023015,1,0,10,4,0.0,0.07291536831609123,0,1,0,0,0
1999,7,4.882801922586371,1,0,1,0,0.0,0.07291536831609123,0,1,0,0,0
1998,10,5.950642552587727,1,0,4,1,0.0,0.07291536831609123,0,0,1,0,0
1999,3,5.438079308923196,1,0,4,1,0.0,0.07291536831609123,0,0,1,0,0
1999,6,5.075173815233827,1,0,3,5,0.0,0.07291536831609123,5,1,0,0,0
1998,10,5.968707559985366,1,0,1,1,0.0,0.07291536831609123,1,0,1,0,0
1999,10,2.70805020110221,1,0,20,5,0.0,0.07291536831609123,1,0,1,0,0
1999,8,4.356708826689592,1,0,1,0,0.0,0.005110307864888446,0,1,0,0,0
1999,5,5.181783550292085,1,0,8,1,0.0,0.009722049108812166,0,0,1,0,0
1999,9,3.9512437185814275,1,0,3,5,0.0,0.009722049108812166,0,0,1,0,0
1999,7,4.499809670330265,1,0,3,5,0.0,0.009722049108812166,5,1,0,0,0
1998,5,6.282266746896006,1,0,1,1,0.0,0.005110307864888446,1,0,1,0,0
1992,6,7.8898337513942955,1,0,1,0,0.0,0.0311604138102954,0,0,1,0,0
1998,5,6.244166900663736,1,0,4,1,0.0,0.0311604138102954,0,0,1,0,0
1999,4,5.10594547390058,1,0,1,0,0.0,0.07291536831609123,0,1,0,0,0
1999,8,3.784189633918261,1,0,347,5,0.0,0.011217748971706343,0,0,1,0,0
1999,9,3.1354942159291497,1,0,347,5,0.0,0.011217748971706343,0,0,1,0,0
1999,8,3.295836866004329,1,0,3,0,0.0,0.0311604138102954,0,0,1,0,0
1999,6,4.5217885770490405,1,0,3,5,0.0,0.0311604138102954,0,1,0,0,0
1999,2,4.983606621708336,1,0,1,0,0.0,0.07291536831609123,0,0,1,0,0
1998,1,6.274762021241939,1,0,2,0,0.0,0.0001246416552411816,0,0,1,0,0
1999,3,4.68213122712422,1,0,347,5,0.0,0.0029913997257883583,0,0,1,0,0
1998,9,5.680172609017068,1,0,2,1,0.5,0.07291536831609123,0,0,1,0,0
1998,10,5.579729825986222,1,0,1,0,0.0,0.07291536831609123,0,0,1,0,0
1999,4,4.499809670330265,1,0,1,0,0.0,0.07291536831609123,0,1,0,0,0
1998,3,6.163314804034641,1,0,1,0,0.0,0.07291536831609123,0,0,1,0,0
1998,4,6.102558594613569,1,0,1,0,0.0,0.07291536831609123,0,0,1,0,0
1998,8,5.771441123130016,1,0,3,0,0.0,0.07291536831609123,0,0,1,0,0
1998,1,6.2766434893416445,1,0,11,3,0.0,0.004736382899164901,0,0,1,0,0
1997,4,6.680854678790215,1,0,16,5,0.0625,0.0029913997257883583,0,0,1,0,0
1997,9,6.45833828334479,1,0,1,0,0.0,0.0002492833104823632,0,0,1,0,0
1998,7,5.846438775057725,1,0,1,0,0.0,0.009722049108812166,0,0,1,0,0
1999,5,3.58351893845611,1,0,2,5,0.0,0.011217748971706343,0,0,1,0,0
1998,4,6.061456918928017,1,0,1,0,0.0,0.0029913997257883583,0,0,1,0,0
1999,3,4.6443908991413725,1,0,1,0,0.0,0.07291536831609123,0,0,1,0,0
1998,2,6.222576268071369,1,0,1,0,0.0,0.0003739249657235448,0,0,1,0,0
1998,10,5.58724865840025,1,0,1,0,0.0,0.011217748971706343,0,0,1,0,0
1998,10,5.594711379601839,1,0,3,0,0.0,0.004736382899164901,0,0,1,0,0
1999,5,3.784189633918261,1,0,1,0,0.0,0.011217748971706343,0,1,0,0,0
1999,2,4.852030263919617,1,0,3,0,0.0,0.011217748971706343,0,0,1,0,0
1999,5,3.6109179126442243,1,0,11,5,0.0,0.0012464165524118161,0,1,0,0,0
1999,1,5.030437921392435,1,0,10,4,0.0,0.07291536831609123,0,1,0,0,0
1999,5,3.58351893845611,1,0,59,7,0.0,0.011217748971706343,0,1,0,0,0
1999,2,4.859812404361672,1,0,10,2,0.0,0.0053595911753708085,0,1,0,0,0
1999,5,3.871201010907891,1,0,32,3,0.0,0.07291536831609123,0,0,1,0,0
1999,3,4.736198448394496,1,0,1,0,0.0,0.011217748971706343,0,0,1,0,0
1999,4,4.3694478524670215,1,0,2,5,0.0,0.0003739249657235448,5,1,0,0,0
1999,3,4.605170185988092,1,0,7,5,0.0,0.011217748971706343,1,0,1,0,0
1999,1,4.23410650459726,1,0,347,5,0.0,0.07291536831609123,0,0,1,0,0
1998,12,4.74493212836325,1,0,1,0,0.0,0.0053595911753708085,0,1,0,0,0
1998,11,4.912654885736052,1,0,11,2,0.09090909090909091,0.07291536831609123,0,1,0,0,0
1999,1,4.418840607796598,1,0,2,0,0.0,0.07291536831609123,0,1,0,0,0
1998,6,5.631211781821365,1,0,2,2,0.0,0.07291536831609123,0,0,1,0,0
1996,11,6.756932389247553,1,0,4,1,0.0,0.0053595911753708085,0,0,1,0,0
1998,12,4.5217885770490405,1,0,1,0,0.0,0.07291536831609123,0,0,1,0,0
1997,6,6.476972362889683,1,0,2,2,0.0,0.07291536831609123,0,0,1,0,0
1997,2,6.645090969505644,1,0,1,0,0.0,0.0053595911753708085,0,0,1,0,0
1998,4,5.817111159963204,1,0,11,2,0.09090909090909091,0.07291536831609123,0,0,1,0,0
1993,4,7.68662133494462,1,0,3,0,0.0,0.0053595911753708085,0,0,1,0,0
1994,10,7.385851078125209,1,0,8,1,0.0,0.0012464165524118161,0,0,1,0,0
1998,12,4.68213122712422,1,0,3,1,0.0,0.0311604138102954,0,0,1,0,0
1998,9,5.272999558563747,1,0,22,3,0.0,0.0311604138102954,0,0,1,0,0
1998,11,4.77912349311153,1,0,347,5,0.0,0.0016203415181353608,1,0,1,0,0
1998,12,4.61512051684126,1,0,6,2,0.0,0.003365324691511903,0,1,0,0,0
1999,2,3.1354942159291497,1,0,347,5,0.0,0.016203415181353608,0,0,1,0,0
1999,1,4.189654742026425,1,0,1,0,0.0,0.016203415181353608,0,1,0,0,0
1998,11,4.795790545596741,1,0,3,1,0.0,0.016203415181353608,0,1,0,0,0
1997,10,6.253828811575473,1,0,3,1,0.0,0.016203415181353608,1,0,1,0,0
1999,1,3.295836866004329,1,0,347,5,0.0,0.07291536831609123,0,0,1,0,0
1998,11,4.499809670330265,1,0,347,5,0.0,0.07291536831609123,1,0,1,0,0
1998,10,4.882801922586371,1,0,1,0,0.0,0.07291536831609123,0,1,0,0,0
1998,8,5.159055299214529,1,0,3,0,0.0,0.07291536831609123,0,1,0,0,0
1998,11,4.499809670330265,1,0,50,5,0.0,0.07291536831609123,0,1,0,0,0
1998,11,4.418840607796598,1,0,1,0,0.0,0.07291536831609123,0,1,0,0,0
1997,10,6.156978985585555,1,0,13,3,0.0,0.009722049108812166,3,0,1,0,0
1998,10,4.74493212836325,1,0,8,1,0.0,0.009722049108812166,0,0,1,0,0
1999,1,3.4011973816621555,1,0,347,5,0.0,0.016203415181353608,0,0,1,0,0
1998,10,4.276666119016055,1,0,10,4,0.0,0.0311604138102954,0,0,1,0,0
1998,4,5.579729825986222,1,0,1,0,0.0,0.004736382899164901,0,0,1,0,0
1998,6,5.267858159063328,1,0,347,5,0.0,0.014084507042253521,0,0,1,0,0
1998,9,4.48863636973214,1,0,15,4,0.0,0.014084507042253521,0,0,1,0,0
1998,11,3.713572066704308,1,0,6,3,0.0,0.07291536831609123,2,0,1,0,0
1998,11,3.713572066704308,1,0,1,0,0.0,0.07291536831609123,0,1,0,0,0
1998,10,4.127134385045092,1,0,5,2,0.0,0.07291536831609123,0,1,0,0,0
1998,8,4.770684624465665,1,0,1,1,0.0,0.07291536831609123,1,0,1,0,0
1998,11,3.6375861597263857,1,0,2,0,0.0,0.016203415181353608,0,1,0,0,0
1998,9,4.418840607796598,1,0,3,1,0.3333333333333333,0.07291536831609123,1,0,1,0,0
1998,11,3.295836866004329,1,0,32,3,0.0,0.07291536831609123,2,0,1,0,0
1998,10,4.23410650459726,1,0,10,4,0.0,0.07291536831609123,0,1,0,0,0
1998,8,4.709530201312334,1,0,50,5,0.0,0.07291536831609123,5,0,1,0,0
1998,1,5.814130531825066,1,0,2,5,0.0,0.07291536831609123,5,0,1,0,0
1998,11,3.8066624897703196,1,0,13,3,0.0,0.009722049108812166,0,0,1,0,0
1998,9,4.418840607796598,1,0,4,1,0.0,0.07291536831609123,0,0,1,0,0
1996,2,6.939253946041508,1,0,347,5,0.0,0.009722049108812166,0,0,1,0,0
1998,10,4.127134385045092,1,0,347,5,0.0,0.07291536831609123,0,0,1,0,0
1998,11,3.295836866004329,1,0,347,5,0.0,0.07291536831609123,0,0,1,0,0
1998,9,4.499809670330265,1,0,347,5,0.0,0.07291536831609123,0,0,1,0,0
1997,10,6.040254711277414,1,0,8,2,0.0,0.003365324691511903,1,0,1,0,0
1997,10,6.013715156042802,1,0,32,3,0.0,0.07291536831609123,1,0,1,0,0
1998,11,2.70805020110221,1,0,347,5,0.0,0.0004985666209647265,0,0,1,0,0
1998,11,2.70805020110221,1,0,347,5,0.0,0.0004985666209647265,0,0,1,0,0
1998,11,2.70805020110221,1,0,347,5,0.0,0.0004985666209647265,0,0,1,0,0
1998,11,2.70805020110221,1,0,347,5,0.0,0.0004985666209647265,0,0,1,0,0
1998,8,4.553876891600541,1,0,6,2,0.0,0.0016203415181353608,0,0,1,0,0
1998,7,5.0238805208462765,2,1,3,2,0.6666666666666666,0.003365324691511903,2,1,0,0,0
1998,6,5.19295685089021,1,0,3,2,0.6666666666666666,0.003365324691511903,0,0,1,0,0
1992,9,7.720905251936779,1,0,3,3,0.0,0.003365324691511903,3,0,1,0,0
1998,4,5.198497031265826,1,0,22,5,0.0,0.07291536831609123,2,0,1,0,0
1998,8,4.2626798770413155,1,0,1,0,0.0,0.016203415181353608,0,0,1,0,0
1990,4,8.048468743668883,1,0,19,5,0.0,0.07291536831609123,5,0,1,0,0
1998,9,3.6888794541139363,1,0,19,5,0.0,0.07291536831609123,0,0,0,1,0
1995,9,7.026426808699636,1,0,50,5,0.0,0.07291536831609123,0,0,1,0,0
1998,5,5.135798437050262,1,0,347,5,0.0,0.07291536831609123,0,0,1,0,0
1994,8,7.344719054149673,1,0,347,5,0.0,0.07291536831609123,0,0,1,0,0
1998,10,3.258096538021482,1,0,2,0,0.0,0.07291536831609123,0,0,1,0,0
1997,3,6.3578422665081,1,0,1,0,0.0,0.009722049108812166,0,0,1,0,0
1997,5,6.269096283706261,1,0,5,2,0.0,0.009722049108812166,2,0,0,1,0
1997,10,5.8664680569332965,1,0,5,2,0.0,0.009722049108812166,2,0,0,1,0
1998,3,5.3612921657094255,1,0,2,2,0.0,0.009722049108812166,0,0,1,0,0
1998,4,5.056245805348308,1,0,2,0,0.0,0.0311604138102954,0,1,0,0,0
1998,7,4.189654742026425,1,0,21,5,0.0,0.0311604138102954,0,1,0,0,0
1997,12,5.6937321388027,1,0,1,1,0.0,0.0311604138102954,1,0,1,0,0
1998,8,3.784189633918261,1,0,347,5,0.0,0.016203415181353608,2,0,1,0,0
1997,2,6.3561076606958915,1,0,1,0,0.0,0.07291536831609123,0,0,1,0,0
1998,7,4.276666119016055,1,0,5,5,0.0,0.016203415181353608,2,0,1,0,0
1998,3,5.214935757608986,1,0,347,5,0.0,0.016203415181353608,0,0,1,0,0
1997,1,6.375024819828097,1,0,2,1,0.0,0.07291536831609123,1,0,1,0,0
1998,2,5.272999558563747,1,0,11,5,0.0,0.07291536831609123,0,0,1,0,0
1994,5,7.3727463664043285,1,0,3,4,0.0,0.07291536831609123,2,0,1,0,0
1998,6,4.574710978503383,1,0,50,5,0.0,0.07291536831609123,0,1,0,0,0
1998,4,4.983606621708336,1,0,1,0,0.0,0.07291536831609123,0,1,0,0,0
1998,8,3.6109179126442243,1,0,1,0,0.0,0.016203415181353608,0,1,0,0,0
1998,4,4.890349128221754,1,0,1,0,0.0,0.07291536831609123,0,1,0,0,0
1997,9,5.91350300563827,1,0,20,5,0.0,0.07291536831609123,1,0,1,0,0
1996,10,6.520621127558696,1,0,2,1,0.0,0.07291536831609123,1,0,1,0,0
1996,8,6.630683385642372,1,0,50,5,0.0,0.07291536831609123,2,0,1,0,0
1997,10,5.602118820879701,1,0,7,2,0.0,0.014084507042253521,2,0,1,0,0
1997,11,5.4638318050256105,1,0,3,2,0.0,0.07291536831609123,2,0,1,0,0
1997,6,5.929589143389895,1,0,3,0,0.0,0.07291536831609123,0,0,1,0,0
1997,8,5.771441123130016,1,0,2,0,0.0,0.014084507042253521,0,0,1,0,0
1996,4,6.697034247666484,1,0,4,3,0.0,0.014084507042253521,3,0,1,0,0
1997,10,5.493061443340548,1,0,14,5,0.0,0.014084507042253521,3,0,1,0,0
1997,4,6.07073772800249,1,0,1,0,0.0,0.003365324691511903,0,0,1,0,0
1996,10,6.410174881966167,1,0,14,5,0.0,0.014084507042253521,5,0,1,0,0
1998,4,4.23410650459726,1,0,22,5,0.0,0.07291536831609123,2,0,0,1,0
1997,4,6.0844994130751715,1,0,1,4,0.0,0.014084507042253521,4,0,0,1,0
1997,12,5.337538079701318,1,0,14,5,0.0,0.014084507042253521,5,0,0,1,0
1997,4,6.059123195581797,1,0,11,4,0.0,0.014084507042253521,0,0,1,0,0
1990,8,7.958576903813898,1,0,1,0,0.0,0.014084507042253521,0,0,1,0,0
1997,11,5.43372200355424,1,0,1,0,0.0,0.0029913997257883583,0,0,1,0,0
1994,6,7.288244401020124,1,0,4,1,0.0,0.0029913997257883583,0,0,1,0,0
1998,5,3.828641396489095,1,0,8,2,0.0,0.016203415181353608,0,0,1,0,0
1998,1,5.062595033026967,1,0,3,1,0.0,0.016203415181353608,0,1,0,0,0
1998,2,4.867534450455582,1,0,22,5,0.0,0.016203415181353608,0,1,0,0,0
1998,3,4.736198448394496,1,0,8,3,0.125,0.004736382899164901,0,0,1,0,0
1998,4,4.07753744390572,1,0,22,3,0.0,0.0311604138102954,0,1,0,0,0
1997,10,5.484796933490655,1,0,1,0,0.0,0.016203415181353608,0,1,0,0,0
1998,4,4.2626798770413155,1,0,1,0,0.0,0.016203415181353608,0,1,0,0,0
1998,2,4.852030263919617,1,0,347,5,0.0,0.016203415181353608,0,0,1,0,0
1998,5,3.4011973816621555,1,0,347,5,0.0,0.016203415181353608,0,0,1,0,0
1997,6,5.924255797414532,1,0,20,5,0.0,0.016203415181353608,5,0,1,0,0
1998,3,4.543294782270004,1,0,1,0,0.0,0.0001246416552411816,0,1,0,0,0
1998,3,4.3694478524670215,1,0,1,0,0.0,0.016203415181353608,0,1,0,0,0
1998,4,4.007333185232471,1,0,347,5,0.0,0.016203415181353608,0,0,1,0,0
1998,3,3.970291913552122,1,0,11,5,0.0,0.0311604138102954,0,1,0,0,0
1987,10,8.254788926148725,1,0,3,2,0.0,0.016203415181353608,2,0,1,0,0
1986,11,8.335191583433202,1,0,3,2,0.0,0.016203415181353608,2,0,1,0,0
1986,12,8.326758814511733,1,0,2,0,0.0,0.016203415181353608,0,0,1,0,0
1997,11,4.983606621708336,1,0,5,5,0.0,0.07291536831609123,1,0,1,0,0
1986,6,8.374476889214643,1,0,5,2,0.0,0.016203415181353608,2,0,1,0,0
1998,3,3.1354942159291497,1,0,7,5,0.0,0.016203415181353608,0,0,1,0,0
1987,5,8.294049640102028,1,0,2,0,0.0,0.016203415181353608,0,0,1,0,0
1987,10,8.254788926148725,1,0,8,2,0.0,0.016203415181353608,0,0,1,0,0
1987,10,8.254788926148725,1,0,8,2,0.0,0.016203415181353608,0,0,1,0,0
1988,5,8.19863945529737,1,0,2,0,0.0,0.016203415181353608,0,0,1,0,0
1998,3,3.4011973816621555,1,0,347,5,0.0,0.016203415181353608,0,0,1,0,0
1988,3,8.213923595622743,1,0,13,2,0.0,0.016203415181353608,0,0,1,0,0
1988,5,8.19863945529737,1,0,2,0,0.0,0.016203415181353608,0,0,1,0,0
1987,10,8.254788926148725,1,0,10,4,0.0,0.016203415181353608,0,0,1,0,0
1990,9,7.9208096792886,1,0,16,2,0.0,0.016203415181353608,0,0,1,0,0
1986,12,8.330140460246382,1,0,2,0,0.0,0.016203415181353608,0,0,1,0,0
1987,10,8.254788926148725,1,0,5,0,0.0,0.016203415181353608,0,0,1,0,0
1992,5,7.6838639802564295,1,0,1,0,0.0,0.016203415181353608,0,0,1,0,0
1987,10,8.254788926148725,1,0,2,0,0.0,0.016203415181353608,0,0,1,0,0
1986,12,8.32845106681936,1,0,7,2,0.0,0.016203415181353608,0,0,1,0,0
1998,2,4.07753744390572,1,0,1,0,0.0,0.009722049108812166,0,0,1,0,0
1997,5,5.805134968916488,1,0,3,2,0.0,0.005110307864888446,0,0,1,0,0
1998,3,3.4339872044851463,1,0,13,3,0.0,0.009722049108812166,0,1,0,0,0
1997,10,5.056245805348308,1,0,13,3,0.0,0.009722049108812166,2,0,1,0,0
1997,11,4.859812404361672,1,0,2,0,0.0,0.0311604138102954,0,0,1,0,0
1998,3,1.0986122886681098,1,0,11,5,0.0,0.0311604138102954,1,0,1,0,0
1997,6,5.641907070938114,1,0,12,3,0.0,0.016203415181353608,2,0,1,0,0
1997,9,5.220355825078324,1,0,19,5,0.0,0.0002492833104823632,3,0,1,0,0
1995,3,7.003065458786462,1,0,8,3,0.0,0.0311604138102954,3,0,1,0,0
1997,10,4.997212273764115,1,0,3,0,0.0,0.0311604138102954,0,0,1,0,0
1997,9,4.990432586778736,1,0,1,0,0.0,0.004736382899164901,0,0,1,0,0
1997,7,5.293304824724492,1,0,3,0,0.0,0.009722049108812166,0,0,1,0,0
1997,9,4.962844630259907,1,0,1,0,0.0,0.009722049108812166,0,1,0,0,0
1997,1,5.996452088619021,1,0,5,2,0.0,0.0012464165524118161,0,1,0,0,0
1996,12,6.07993319509559,1,0,1,0,0.0,0.005110307864888446,0,1,0,0,0
1997,8,5.1647859739235145,1,0,347,5,0.0,0.07291536831609123,1,0,1,0,0
1994,11,7.0587581525186645,1,0,347,5,0.0,0.07291536831609123,2,0,1,0,0
1997,12,4.07753744390572,1,0,1,2,0.0,0.02492833104823632,2,1,0,0,0
1997,7,5.3471075307174685,1,0,3,2,0.0,0.07291536831609123,2,1,0,0,0
1997,4,5.659482215759621,1,0,6,5,0.0,0.07291536831609123,1,0,1,0,0
1997,9,4.941642422609304,1,0,1,0,0.0,0.07291536831609123,0,1,0,0,0
1997,11,4.465908118654584,1,0,2,1,0.0,0.016203415181353608,0,1,0,0,0
1997,11,4.430816798843313,1,0,5,2,0.2,0.07291536831609123,0,1,0,0,0
1997,10,4.653960350157523,1,0,1,0,0.0,0.07291536831609123,0,1,0,0,0
1997,10,4.718498871295094,1,0,23,5,0.0,0.07291536831609123,3,0,1,0,0
1997,10,4.584967478670572,1,0,1,0,0.0,0.07291536831609123,0,0,1,0,0
1996,8,6.263398262591624,1,0,9,5,0.0,0.07291536831609123,5,0,1,0,0
1997,11,4.290459441148391,1,0,15,2,0.0,0.02492833104823632,0,0,1,0,0
1995,8,6.790097235513905,1,0,4,1,0.0,0.07291536831609123,0,0,1,0,0
1997,11,4.343805421853684,1,0,347,5,0.0,0.07291536831609123,0,0,1,0,0
1997,1,5.905361848054571,1,0,11,5,0.0,0.0311604138102954,4,0,1,0,0
1997,9,4.882801922586371,1,0,1,0,0.0,0.0311604138102954,0,1,0,0,0
1997,12,3.6375861597263857,1,0,6,4,0.0,0.0311604138102954,0,1,0,0,0
1996,12,5.998936561946683,1,0,5,2,0.0,0.009722049108812166,1,0,1,0,0
1996,11,6.042632833682381,1,0,1,0,0.0,0.0013710582076529975,0,0,1,0,0
1997,9,4.442651256490317,1,0,3,0,0.0,0.0029913997257883583,0,1,0,0,0
1997,11,3.8918202981106265,1,0,1,0,0.0,0.02492833104823632,0,0,1,0,0
1997,1,5.8289456176102075,1,0,1,0,0.0,0.0029913997257883583,0,0,1,0,0
1997,5,5.37989735354046,1,0,17,2,0.0,0.0029913997257883583,1,0,1,0,0
1997,6,5.313205979041787,1,0,20,5,0.0,0.016203415181353608,2,0,1,0,0
1997,8,4.770684624465665,1,0,2,4,0.0,0.0012464165524118161,4,0,1,0,0
1997,1,5.814130531825066,1,0,11,4,0.0,0.014084507042253521,1,0,1,0,0
1997,11,3.5263605246161616,1,0,347,5,0.0,0.014084507042253521,0,0,1,0,0
1997,9,4.584967478670572,1,0,1,0,0.0,0.07291536831609123,0,1,0,0,0
1997,4,5.5254529391317835,1,0,1,0,0.0,0.0012464165524118161,0,1,0,0,0
1997,8,4.882801922586371,1,0,347,5,0.0,0.0001246416552411816,1,0,1,0,0
1997,5,5.375278407684165,1,0,12,2,0.0,0.014084507042253521,0,1,0,0,0
1997,11,3.6375861597263857,1,0,7,2,0.0,0.00785242428019444,0,1,0,0,0
1997,8,4.77912349311153,1,0,5,1,0.0,0.07291536831609123,1,0,1,0,0
1996,11,5.971261839790462,1,0,11,5,0.0,0.0012464165524118161,1,0,1,0,0
1996,6,6.327936783729195,1,0,1,1,0.0,0.07291536831609123,1,0,1,0,0
1996,10,6.054439346269371,1,0,23,5,0.0,0.0012464165524118161,2,0,1,0,0
1997,6,5.159055299214529,1,0,14,5,0.0,0.014084507042253521,0,1,0,0,0
1997,9,4.584967478670572,1,0,1,0,0.0,0.07291536831609123,0,1,0,0,0
1997,9,4.454347296253507,1,0,19,5,0.0,0.016203415181353608,2,0,1,0,0
1997,10,4.23410650459726,1,0,11,5,0.0,0.0029913997257883583,0,1,0,0,0
1997,10,4.23410650459726,1,0,1,0,0.0,0.0012464165524118161,0,1,0,0,0
1997,10,4.23410650459726,1,0,14,5,0.0,0.014084507042253521,0,1,0,0,0
1997,6,5.272999558563747,1,0,2,1,0.0,0.014084507042253521,0,0,1,0,0
1993,10,7.325807502595773,1,0,1,0,0.0,0.07291536831609123,0,0,1,0,0
1997,11,2.995732273553991,1,0,32,3,0.0,0.0012464165524118161,0,0,1,0,0
1997,8,4.859812404361672,1,0,3,0,0.0,0.0013710582076529975,0,1,0,0,0
1997,7,5.117993812416755,1,0,3,2,0.0,0.07291536831609123,0,1,0,0,0
1997,5,5.420534999272286,1,0,4,1,0.0,0.014084507042253521,0,0,1,0,0
1994,4,7.204892510204673,1,0,23,5,0.0,0.07291536831609123,3,0,1,0,0
1997,8,4.709530201312334,1,0,5,0,0.0,0.014084507042253521,0,0,1,0,0
1995,11,6.655440350367647,1,0,1,0,0.0,0.07291536831609123,0,0,1,0,0
1997,10,4.330733340286331,1,0,7,2,0.0,0.014084507042253521,0,0,1,0,0
1994,9,7.055312843339752,1,0,31,3,0.0,0.035398230088495575,2,0,1,0,0
1997,1,5.765191102784844,1,0,3,1,0.0,0.035398230088495575,0,1,0,0,0
1991,8,7.7406644019172415,1,0,31,3,0.0,0.035398230088495575,0,0,1,0,0
1996,9,6.09807428216624,1,0,1,0,0.0,0.035398230088495575,0,0,1,0,0
1997,6,5.117993812416755,1,0,11,5,0.0,0.0311604138102954,5,0,0,1,0
1997,10,3.4339872044851463,1,0,9,3,0.0,0.0311604138102954,0,1,0,0,0
1997,7,4.9344739331306915,1,0,1,0,0.0,0.0311604138102954,0,1,0,0,0
1997,8,4.465908118654584,1,0,6,4,0.0,0.0311604138102954,0,1,0,0,0
1997,9,4.02535169073515,1,0,3,2,0.0,0.0013710582076529975,0,1,0,0,0
1996,11,5.926926025970411,1,0,3,3,0.0,0.016203415181353608,3,0,1,0,0
1997,9,4.02535169073515,1,0,347,5,0.0,0.0013710582076529975,0,0,1,0,0
1997,10,3.332204510175204,1,0,347,5,0.0,0.0013710582076529975,0,0,1,0,0
1997,6,5.043425116919247,1,0,1,0,0.0,0.0013710582076529975,0,1,0,0,0
1997,8,4.59511985013459,1,0,1,0,0.0,0.0013710582076529975,0,1,0,0,0
1997,8,4.51085950651685,1,0,10,2,0.0,0.010594540695500436,0,0,1,0,0
1997,6,5.049856007249537,1,0,347,5,0.0,0.0001246416552411816,1,0,1,0,0
1997,8,4.23410650459726,1,0,11,5,0.0,0.07291536831609123,0,1,0,0,0
1997,4,5.342334251964811,1,0,2,2,0.0,0.0012464165524118161,2,1,0,0,0
1997,4,5.342334251964811,1,0,5,2,0.2,0.07291536831609123,2,1,0,0,0
1996,3,6.385194398997726,1,0,1,0,0.0,0.07291536831609123,0,1,0,0,0
1997,5,5.198497031265826,1,0,3,0,0.0,0.07291536831609123,0,1,0,0,0
1997,1,5.707110264748875,1,0,3,0,0.0,0.07291536831609123,0,1,0,0,0
1997,6,4.983606621708336,1,0,3,0,0.0,0.07291536831609123,0,1,0,0,0
1997,8,4.23410650459726,1,0,11,5,0.0,0.07291536831609123,0,1,0,0,0
1994,6,7.106606137727303,1,0,1,0,0.0,0.004736382899164901,0,0,1,0,0
1970,8,9.203718495667296,1,0,32,3,0.0,0.004736382899164901,1,0,1,0,0
1997,5,4.770684624465665,1,0,1,0,0.0,0.07291536831609123,0,1,0,0,0
1997,3,5.204006687076795,1,0,1,0,0.0,0.07291536831609123,0,1,0,0,0
1991,1,7.803435056952168,1,0,50,5,0.0,0.07291536831609123,0,0,1,0,0
1970,8,9.199279424616758,1,0,1,0,0.0,0.016203415181353608,0,1,0,0,0
1970,8,9.199279424616758,1,0,22,5,0.0,0.07291536831609123,3,0,1,0,0
1995,6,6.723832440821209,1,0,1,0,0.0,0.0001246416552411816,0,0,1,0,0
1996,9,5.902633333401366,1,0,1,0,0.0,0.009722049108812166,0,1,0,0,0
1970,8,9.198571388376184,1,0,1,1,0.0,0.009722049108812166,1,0,1,0,0
1970,8,9.198571388376184,1,0,347,5,0.0,0.009722049108812166,0,0,1,0,0
1970,8,9.198571388376184,1,0,13,3,0.0,0.009722049108812166,2,0,1,0,0
1994,1,7.183870715062453,1,0,9,2,0.0,0.009722049108812166,0,0,1,0,0
1970,8,9.198470199405696,1,0,3,2,0.0,0.016203415181353608,2,1,0,0,0
1997,6,4.3694478524670215,1,0,11,5,0.0,0.0311604138102954,0,1,0,0,0
1970,8,9.197761589769323,1,0,6,4,0.0,0.0311604138102954,4,0,1,0,0
1970,8,9.197761589769323,1,0,347,5,0.0,0.0311604138102954,0,0,1,0,0
1997,5,4.5217885770490405,1,0,1,0,0.0,0.0311604138102954,0,1,0,0,0
1997,6,4.174387269895637,1,0,6,4,0.0,0.0311604138102954,0,1,0,0,0
1970,8,9.19634286233233,1,0,347,5,0.0,0.0311604138102954,0,0,1,0,0
1970,8,9.19634286233233,1,0,21,5,0.0,0.0311604138102954,1,0,1,0,0
1997,3,5.0238805208462765,1,0,1,0,0.0,0.0311604138102954,0,0,1,0,0
1997,3,4.718498871295094,1,0,22,5,0.0,0.07291536831609123,0,1,0,0,0
1970,8,9.192278229157774,1,0,11,5,0.0,0.07291536831609123,0,0,1,0,0
1970,8,9.192278229157774,1,0,17,5,0.0,0.07291536831609123,2,0,1,0,0
1970,8,9.192278229157774,1,0,19,5,0.0,0.07291536831609123,2,0,1,0,0
1970,8,9.192278229157774,1,0,7,5,0.0,0.07291536831609123,4,0,1,0,0
1970,8,9.192278229157774,1,0,347,5,0.0,0.07291536831609123,0,0,1,0,0
1970,8,9.18993356219852,1,0,3,0,0.0,0.009722049108812166,0,0,1,0,0
1970,8,9.18993356219852,1,0,1,0,0.0,0.009722049108812166,0,0,0,1,0
1997,5,3.784189633918261,1,0,2,2,0.0,0.009722049108812166,0,0,1,0,0
1970,8,9.189525232262262,1,0,7,5,0.0,0.016203415181353608,5,0,1,0,0
1996,12,5.220355825078324,1,0,3,0,0.0,0.009722049108812166,0,1,0,0,0
1970,8,9.188708071849069,1,0,1,0,0.0,0.009722049108812166,0,0,1,0,0
1970,8,9.188605879830176,1,0,347,5,0.0,0.009722049108812166,2,0,1,0,0
1996,12,5.181783550292085,1,0,5,2,0.0,0.009722049108812166,0,0,1,0,0
1997,1,4.919980925828125,1,0,3,5,0.0,0.0002492833104823632,2,1,0,0,0
1995,11,6.320768294250582,1,0,9,2,0.0,0.016203415181353608,0,0,1,0,0
1970,8,9.188094763028863,1,0,347,5,0.0,0.016203415181353608,0,0,1,0,0
1997,3,4.394449154672439,1,0,4,2,0.0,0.016203415181353608,0,0,1,0,0
1995,2,6.717804695023691,1,0,14,2,0.0,0.07291536831609123,2,0,1,0,0
1993,4,7.321188556739478,1,0,5,2,0.0,0.07291536831609123,0,0,1,0,0
1970,8,9.187992508312275,1,0,3,5,0.0,0.07291536831609123,0,0,1,0,0
1970,8,9.187890243138591,1,0,4,2,0.0,0.07291536831609123,2,0,1,0,0
1970,8,9.187890243138591,1,0,11,3,0.0,0.07291536831609123,2,0,1,0,0
1970,8,9.187890243138591,1,0,7,5,0.0,0.07291536831609123,2,0,1,0,0
1970,8,9.188094763028863,1,0,22,5,0.0,0.07291536831609123,5,0,1,0,0
1970,8,9.187890243138591,1,0,50,5,0.0,0.07291536831609123,3,0,0,1,0
1970,8,9.187890243138591,1,0,17,5,0.0,0.07291536831609123,3,0,0,1,0
1970,8,9.187992508312275,1,0,17,5,0.0,0.07291536831609123,5,0,0,1,0
1970,8,9.187992508312275,1,0,3,2,0.0,0.07291536831609123,2,0,1,0,0
1970,8,9.187890243138591,1,0,2,1,0.0,0.07291536831609123,0,0,1,0,0
1970,8,9.187992508312275,1,0,2,2,0.0,0.07291536831609123,1,0,1,0,0
1970,8,9.187992508312275,1,0,14,2,0.0,0.07291536831609123,2,0,1,0,0
1997,2,4.709530201312334,1,0,19,5,0.0,0.07291536831609123,0,1,0,0,0
1970,8,9.187890243138591,1,0,347,5,0.0,0.07291536831609123,5,0,1,0,0
1970,8,9.177817180270623,1,0,347,5,0.0,0.07291536831609123,0,0,1,0,0
1970,8,9.177817180270623,1,0,347,5,0.0,0.07291536831609123,0,0,1,0,0
1970,8,9.177920480720072,1,0,347,5,0.0,0.07291536831609123,0,0,1,0,0
1970,8,9.177920480720072,1,0,347,5,0.0,0.07291536831609123,0,0,1,0,0
1970,8,9.177817180270623,1,0,347,5,0.0,0.07291536831609123,0,0,1,0,0
1970,8,9.177920480720072,1,0,4,1,0.0,0.07291536831609123,1,0,1,0,0
1970,8,9.177817180270623,1,0,2,1,0.0,0.07291536831609123,1,0,1,0,0
1996,11,4.584967478670572,1,0,2,1,0.0,0.07291536831609123,0,1,0,0,0
1970,8,9.177920480720072,1,0,2,1,0.0,0.07291536831609123,1,0,1,0,0
1995,9,6.261491684321042,1,0,1,0,0.0,0.07291536831609123,0,1,0,0,0
1997,1,3.5553480614894135,1,0,1,0,0.0,0.07291536831609123,0,1,0,0,0
1970,8,9.177920480720072,1,0,347,5,0.0,0.07291536831609123,2,0,1,0,0
1996,10,4.8283137373023015,1,0,22,5,0.0,0.07291536831609123,0,1,0,0,0
1970,8,9.177920480720072,1,0,347,5,0.0,0.07291536831609123,2,0,1,0,0
1970,8,9.177920480720072,1,0,347,5,0.0,0.07291536831609123,2,0,1,0,0
1970,8,9.177920480720072,1,0,347,5,0.0,0.07291536831609123,2,0,1,0,0
1996,11,4.430816798843313,1,0,3,5,0.0,0.07291536831609123,0,1,0,0,0
1996,11,4.584967478670572,1,0,4,2,0.0,0.07291536831609123,0,1,0,0,0
1970,8,9.177093778182547,1,0,347,5,0.0,0.0004985666209647265,0,0,1,0,0
1996,10,4.564348191467836,1,0,347,5,0.0,0.0001246416552411816,0,0,1,0,0
1970,8,9.175645402179295,1,0,10,5,0.0,0.016203415181353608,1,0,1,0,0
1970,8,9.175541866433488,1,0,347,5,0.0,0.016203415181353608,0,0,1,0,0
1995,11,6.091309882077698,1,0,2,0,0.0,0.016203415181353608,0,0,1,0,0
1996,10,4.454347296253507,1,0,11,5,0.0,0.0311604138102954,0,1,0,0,0
1996,11,4.219507705176107,1,0,6,4,0.0,0.0311604138102954,0,1,0,0,0
1970,8,9.174816815907135,1,0,6,4,0.0,0.0002492833104823632,2,0,0,1,0
1970,8,9.174816815907135,1,0,5,2,0.0,0.0003739249657235448,0,0,1,0,0
1996,9,4.804021044733257,1,0,3,5,0.0,0.0002492833104823632,5,1,0,0,0
1995,9,5.905361848054571,1,0,6,2,0.0,0.003365324691511903,0,1,0,0,0
1995,9,5.905361848054571,1,0,1,0,0.0,0.0001246416552411816,0,1,0,0,0
1992,10,7.260522598089852,1,0,20,4,0.0,0.0001246416552411816,3,0,1,0,0
1995,9,5.905361848054571,1,0,1,5,0.0,0.0003739249657235448,5,1,0,0,0
1995,9,5.8971538676367405,1,0,20,4,0.0,0.0001246416552411816,2,0,1,0,0
1995,9,5.905361848054571,1,0,1,0,0.0,0.07291536831609123,0,1,0,0,0
1995,8,5.905361848054571,1,0,1,0,0.0,0.07291536831609123,0,1,0,0,0
1995,8,4.983606621708336,1,0,347,5,0.0,0.0014956998628941791,0,0,1,0,0
1995,10,4.564348191467836,1,0,5,2,0.0,0.0014956998628941791,0,0,1,0,0
1993,12,6.637258031284457,1,0,1,0,0.0,0.0014956998628941791,0,0,1,0,0
1995,11,4.007333185232471,1,0,1,2,0.0,0.01632805683659479,2,0,1,0,0
1993,12,6.612041034833092,1,0,1,0,0.0,0.07291536831609123,0,1,0,0,0
1995,11,3.7612001156935624,1,0,1,0,0.0,0.07291536831609123,0,0,1,0,0
1995,11,3.7612001156935624,1,0,1,2,0.0,0.07291536831609123,2,0,1,0,0
1995,11,3.784189633918261,1,0,347,5,0.0,0.07291536831609123,0,0,1,0,0
1995,6,5.214935757608986,1,0,347,5,0.0,0.07291536831609123,0,0,1,0,0
1995,11,3.7612001156935624,1,0,347,5,0.0,0.07291536831609123,0,0,1,0,0
1995,6,5.25227342804663,1,0,17,5,0.0,0.07291536831609123,3,0,1,0,0
1995,9,4.454347296253507,1,0,5,5,0.4,0.07291536831609123,0,0,1,0,0
1995,9,4.454347296253507,1,0,5,1,0.0,0.07291536831609123,0,0,1,0,0
1995,1,5.872117789475416,1,0,2,0,0.0,0.00785242428019444,0,1,0,0,0
1995,1,5.872117789475416,1,0,2,0,0.0,0.00785242428019444,0,1,0,0,0
1995,1,5.872117789475416,1,0,1,0,0.0,0.014084507042253521,0,1,0,0,0
1995,11,3.8066624897703196,1,0,5,1,0.0,0.07291536831609123,1,0,1,0,0
1991,9,7.359467638255621,1,0,2,1,0.0,0.07291536831609123,1,0,1,0,0
1994,12,5.934894195619588,1,0,1,0,0.0,0.07291536831609123,0,1,0,0,0
1995,5,5.424950017481403,1,0,4,0,0.25,0.07291536831609123,0,1,0,0,0
1993,11,6.648984550024776,1,0,3,5,0.0,0.00785242428019444,2,0,1,0,0
1993,10,6.688354713946762,1,0,5,2,0.0,0.00785242428019444,2,0,1,0,0
1995,11,3.7376696182833684,1,0,347,5,0.0,0.00785242428019444,0,0,1,0,0
1995,5,5.420534999272286,1,0,1,3,0.0,0.00785242428019444,3,0,1,0,0
1988,2,7.962763930168115,1,0,10,2,0.0,0.00785242428019444,0,0,1,0,0
1994,11,6.008813185442595,1,0,10,2,0.0,0.00785242428019444,0,0,1,0,0
1990,11,7.519692404116539,1,0,2,1,0.0,0.01632805683659479,1,0,1,0,0
1995,11,3.6635616461296463,1,0,21,5,0.0,0.002742116415305995,2,0,1,0,0
1995,10,3.828641396489095,1,0,347,5,0.0,0.002742116415305995,0,0,1,0,0
1987,10,8.000684784514748,1,0,10,2,0.0,0.00311604138102954,0,0,1,0,0
1987,10,8.000684784514748,1,0,16,2,0.0,0.0021189081391000874,2,0,1,0,0
1987,10,8.000684784514748,1,0,12,5,0.0,0.0021189081391000874,2,0,1,0,0
1987,10,8.000684784514748,1,0,8,2,0.0,0.00311604138102954,0,0,1,0,0
1987,10,8.000684784514748,1,0,8,3,0.0,0.0021189081391000874,2,0,1,0,0
1987,10,8.000684784514748,1,0,7,3,0.0,0.0021189081391000874,2,0,1,0,0
1995,7,4.941642422609304,1,0,347,5,0.0,0.0023681914495824507,0,0,1,0,0
1988,5,7.927685045615778,1,0,2,0,0.0,0.00311604138102954,0,0,1,0,0
1987,10,8.000684784514748,1,0,10,4,0.0,0.00311604138102954,0,0,1,0,0
1988,1,7.9599745280805365,1,0,16,2,0.0,0.00311604138102954,0,0,1,0,0
1990,10,7.537962659768208,1,0,16,2,0.0,0.00311604138102954,0,0,1,0,0
1986,12,8.096817470572319,1,0,2,0,0.0,0.00311604138102954,0,0,1,0,0
1988,5,7.927685045615778,1,0,2,0,0.0,0.00311604138102954,0,0,1,0,0
1990,9,7.544861068658458,1,0,12,5,0.0,0.00311604138102954,0,0,1,0,0
1987,10,8.000684784514748,1,0,5,0,0.0,0.00311604138102954,0,0,1,0,0
1990,9,7.544861068658458,1,0,7,2,0.0,0.00311604138102954,0,0,1,0,0
1990,9,7.544861068658458,1,0,59,7,0.0,0.00311604138102954,0,0,1,0,0
1988,3,7.947678571301568,1,0,4,2,0.0,0.00311604138102954,0,0,1,0,0
1987,10,8.000684784514748,1,0,2,0,0.0,0.00311604138102954,0,0,1,0,0
1990,9,7.544861068658458,1,0,7,3,0.0,0.00311604138102954,0,0,1,0,0
1986,12,8.094683648698815,1,0,7,2,0.0,0.00311604138102954,0,0,1,0,0
1990,1,7.671360923190644,1,0,9,3,0.0,0.004113174622958993,2,0,1,0,0
1990,1,7.671360923190644,1,0,9,3,0.0,0.004113174622958993,2,0,1,0,0
1991,11,7.2909747781429814,1,0,9,3,0.0,0.004113174622958993,3,0,1,0,0
1994,4,6.391917113392602,1,0,8,3,0.125,0.0003739249657235448,0,0,1,0,0
1994,10,6.030685260261263,1,0,3,4,0.0,0.004113174622958993,4,0,1,0,0
1984,5,8.347590407030058,2,1,16,5,0.8125,0.004113174622958993,5,0,1,0,0
1992,3,7.205635176410364,1,0,2,5,0.0,0.0003739249657235448,5,0,1,0,0
1992,3,7.195937226475569,1,0,1,0,0.0,0.004113174622958993,0,0,1,0,0
1990,1,7.668093709082406,1,0,1,0,0.0,0.004113174622958993,0,0,1,0,0
1990,1,7.671360923190644,1,0,9,3,0.0,0.004113174622958993,0,0,1,0,0
1994,7,6.173786103901937,1,0,1,0,0.0,0.004113174622958993,0,0,1,0,0
1990,1,7.671360923190644,1,0,9,3,0.0,0.004113174622958993,1,0,1,0,0
1989,7,7.752764808851328,1,0,3,3,0.0,0.0003739249657235448,1,0,1,0,0
1990,5,7.614312146452,1,0,1,2,0.0,0.004113174622958993,2,0,1,0,0
1995,8,4.553876891600541,1,0,3,2,0.0,0.005110307864888446,0,1,0,0,0
1995,5,5.293304824724492,1,0,3,2,0.0,0.005110307864888446,2,1,0,0,0
1995,8,4.532599493153256,1,0,50,5,0.0,0.07291536831609123,0,1,0,0,0
1995,9,3.970291913552122,1,0,12,3,0.16666666666666666,0.005110307864888446,0,0,1,0,0
1995,7,4.867534450455582,1,0,3,2,0.0,0.005110307864888446,0,0,1,0,0
1992,10,7.01571242048723,1,0,9,3,0.0,0.002742116415305995,3,0,1,0,0
1995,9,4.248495242049359,1,0,17,5,0.0,0.07291536831609123,0,1,0,0,0
1994,1,6.511745329644728,1,0,50,5,0.0,0.07291536831609123,0,0,1,0,0
1995,6,5.0369526024136295,1,0,347,5,0.0,0.07291536831609123,0,0,1,0,0
1994,5,6.282266746896006,1,0,2,0,0.0,0.07291536831609123,0,1,0,0,0
1995,2,5.54907608489522,1,0,1,0,0.0,0.0014956998628941791,0,0,1,0,0
1993,11,6.597145701886651,1,0,347,5,0.0,0.0014956998628941791,0,0,1,0,0
1995,2,5.54907608489522,1,0,13,2,0.0,0.0014956998628941791,0,0,1,0,0
1993,7,6.747586526829315,1,0,1,0,0.0,0.0014956998628941791,0,0,1,0,0
1995,6,4.9344739331306915,1,0,1,0,0.0,0.0014956998628941791,0,0,1,0,0
1995,5,5.111987788356544,1,0,9,3,0.0,0.0016203415181353608,0,1,0,0,0
1991,11,7.280008252884188,1,0,13,5,0.0,0.0002492833104823632,2,0,1,0,0
1993,9,6.658011045870748,1,0,10,4,0.0,0.002742116415305995,2,0,1,0,0
1995,10,2.0794415416798357,1,0,11,3,0.0,0.0023681914495824507,0,0,1,0,0
1995,9,3.7612001156935624,1,0,347,5,0.0,0.0023681914495824507,0,0,1,0,0
1993,3,6.856461984594587,1,0,5,0,0.0,0.002742116415305995,0,0,1,0,0
1960,6,9.466531777336593,1,0,3,0,0.0,0.001994266483858906,0,0,1,0,0
1969,5,9.176162920174596,1,0,3,0,0.0,0.001994266483858906,0,0,1,0,0
1993,8,6.70073110954781,1,0,2,0,0.0,0.0023681914495824507,0,0,1,0,0
1994,4,6.306275286948016,1,0,2,0,0.0,0.005110307864888446,0,0,1,0,0
1991,9,7.303843225277705,1,0,1,2,0.0,0.005110307864888446,2,0,1,0,0
1993,9,6.639875833826536,1,0,11,5,0.0,0.005110307864888446,2,0,1,0,0
1994,3,6.380122536899765,1,0,4,1,0.0,0.005110307864888446,0,0,1,0,0
1994,9,5.963579343618446,1,0,31,3,0.0,0.005110307864888446,1,0,1,0,0
1994,9,5.811140992976701,1,0,3,3,0.0,0.004736382899164901,1,0,1,0,0
1994,4,6.212606095751519,1,0,14,2,0.0,0.07291536831609123,0,1,0,0,0
1995,4,4.919980925828125,1,0,50,5,0.0,0.07291536831609123,2,1,0,0,0
1981,12,8.518592212329946,1,0,347,5,0.0,0.07291536831609123,2,0,1,0,0
1995,5,4.532599493153256,1,0,3,4,0.0,0.07291536831609123,2,0,1,0,0
1994,8,5.908082938168931,1,0,13,5,0.0,0.07291536831609123,0,0,1,0,0
1986,10,8.08394570229562,1,0,17,5,0.0,0.07291536831609123,2,0,1,0,0
1995,4,4.90527477843843,1,0,347,5,0.0,0.07291536831609123,0,0,1,0,0
1995,4,4.795790545596741,1,0,347,5,0.0,0.07291536831609123,0,0,1,0,0
1994,11,5.666426688112432,1,0,4,1,0.0,0.07291536831609123,0,0,1,0,0
1986,10,8.076204527239026,1,0,7,5,0.0,0.07291536831609123,4,0,1,0,0
1995,3,4.955827057601261,1,0,50,5,0.0,0.07291536831609123,5,0,1,0,0
1995,4,4.897839799950911,1,0,1,0,0.0,0.07291536831609123,0,0,1,0,0
1994,8,5.8888779583328805,1,0,5,1,0.0,0.07291536831609123,0,0,1,0,0
1994,11,5.6131281063880705,1,0,50,5,0.0,0.07291536831609123,1,0,1,0,0
1991,12,7.189922170745808,1,0,23,5,0.0,0.07291536831609123,1,0,1,0,0
1993,3,6.786716950605081,1,0,23,5,0.0,0.07291536831609123,1,0,1,0,0
1995,3,4.955827057601261,1,0,23,5,0.0,0.07291536831609123,1,0,1,0,0
1994,11,5.5909869805108565,1,0,19,5,0.0,0.07291536831609123,1,0,1,0,0
1995,3,5.056245805348308,1,0,1,0,0.0,0.07291536831609123,0,1,0,0,0
1995,5,4.3694478524670215,1,0,2,0,0.0,0.07291536831609123,0,1,0,0,0
1989,11,7.65728279297819,1,0,5,3,0.2,0.07291536831609123,2,0,1,0,0
1994,10,5.501258210544727,1,0,3,1,0.0,0.010594540695500436,1,0,1,0,0
1994,10,5.501258210544727,1,0,5,2,0.0,0.009472765798329803,2,0,1,0,0
1995,1,4.442651256490317,1,0,2,0,0.0,0.07291536831609123,0,0,1,0,0
1984,2,8.31164394850298,1,0,31,3,0.0,0.07291536831609123,1,0,1,0,0
1963,6,9.360224821513475,1,0,1,1,0.0,0.07291536831609123,1,0,1,0,0
1979,8,8.653296274408579,1,0,4,1,0.0,0.07291536831609123,1,0,1,0,0
1975,12,8.860924729719041,1,0,4,1,0.0,0.07291536831609123,1,0,1,0,0
1980,10,8.57715877258367,1,0,14,2,0.0,0.07291536831609123,1,0,1,0,0
1994,2,6.075346031088684,1,0,50,5,0.0,0.07291536831609123,1,0,1,0,0
1977,4,8.79346036105272,1,0,11,3,0.0,0.07291536831609123,1,0,1,0,0
1987,2,7.99799931797973,1,0,11,3,0.0,0.07291536831609123,1,0,1,0,0
1988,4,7.850103545175582,1,0,2,3,0.0,0.07291536831609123,1,0,1,0,0
1992,3,7.02197642307216,1,0,347,5,0.0,0.07291536831609123,1,0,1,0,0
1984,1,8.322880021769905,1,0,347,5,0.0,0.07291536831609123,1,0,1,0,0
1994,10,5.209486152841421,1,0,347,5,0.0,0.07291536831609123,1,0,1,0,0
1992,11,6.776506992372183,1,0,347,5,0.0,0.07291536831609123,1,0,1,0,0
1995,2,4.276666119016055,1,0,347,5,0.0,0.07291536831609123,1,0,1,0,0
1995,1,4.3694478524670215,1,0,2,1,0.0,0.07291536831609123,1,0,1,0,0
1993,10,6.331501849893691,1,0,32,3,0.0,0.07291536831609123,1,0,1,0,0
1993,9,6.354370040797351,1,0,3,1,0.0,0.07291536831609123,1,0,1,0,0
1975,8,8.878636747430072,1,0,10,3,0.0,0.07291536831609123,1,0,1,0,0
1993,11,6.278521424165844,1,0,10,3,0.0,0.07291536831609123,1,0,1,0,0
1976,11,8.813438494528507,1,0,10,3,0.0,0.07291536831609123,1,0,1,0,0
1987,10,7.91862865334224,1,0,4,2,0.0,0.07291536831609123,1,0,1,0,0
1980,1,8.623353387244627,1,0,1,1,0.0,0.07291536831609123,1,0,1,0,0
1991,10,7.1459844677143876,1,0,19,5,0.0,0.07291536831609123,1,0,1,0,0
1980,10,8.57583938684897,1,0,2,1,0.0,0.07291536831609123,1,0,1,0,0
1979,9,8.64541048921699,1,0,2,1,0.0,0.07291536831609123,1,0,1,0,0
1983,9,8.353497098745448,1,0,2,1,0.0,0.07291536831609123,1,0,1,0,0
1976,3,8.84980082722101,1,0,11,3,0.0,0.07291536831609123,1,0,1,0,0
1988,2,7.875499292445208,1,0,5,2,0.0,0.07291536831609123,1,0,1,0,0
1981,9,8.507142855562735,1,0,1,1,0.0,0.07291536831609123,1,0,1,0,0
1994,9,5.111987788356544,1,0,8,3,0.125,0.01632805683659479,1,0,1,0,0
1994,11,4.6913478822291435,1,0,29,5,0.0,0.0012464165524118161,1,0,1,0,0
1991,9,7.1284959456800365,1,0,7,2,0.0,0.01632805683659479,1,0,1,0,0
1994,8,5.187385805840755,1,0,1,1,0.0,0.0012464165524118161,1,0,1,0,0
1991,2,7.288927694521257,1,0,1,2,0.0,0.01632805683659479,2,0,1,0,0
1994,8,5.117993812416755,1,0,1,2,0.0,0.07291536831609123,2,0,1,0,0
1994,10,4.762173934797756,1,0,7,2,0.0,0.07291536831609123,2,0,1,0,0
1994,10,4.882801922586371,1,0,347,5,0.0,0.07291536831609123,0,0,1,0,0
1992,11,6.7226297948554485,1,0,3,2,0.0,0.07291536831609123,2,0,1,0,0
1991,4,7.247792581767846,1,0,11,3,0.0,0.07291536831609123,2,0,1,0,0
1993,8,6.2878585601617845,1,0,20,5,0.0,0.07291536831609123,5,0,1,0,0
1994,5,5.552959584921617,1,0,31,3,0.0,0.07291536831609123,0,0,1,0,0
1994,8,5.117993812416755,1,0,31,3,0.0,0.07291536831609123,0,0,1,0,0
1992,6,6.882437470997847,1,0,20,5,0.0,0.07291536831609123,0,0,1,0,0
1994,11,4.290459441148391,1,0,347,5,0.0,0.00311604138102954,2,0,1,0,0
1994,3,5.755742213586912,1,0,347,5,0.0,0.00311604138102954,2,0,1,0,0
1994,8,5.093750200806762,1,0,347,5,0.0,0.0023681914495824507,2,0,1,0,0
1994,1,5.921578419643816,1,0,347,5,0.0,0.0023681914495824507,2,0,1,0,0
1994,1,5.921578419643816,1,0,347,5,0.0,0.0023681914495824507,2,0,1,0,0
1994,12,4.060443010546419,1,0,347,5,0.0,0.00311604138102954,0,0,1,0,0
1991,9,7.113142108707088,1,0,11,5,0.0,0.005110307864888446,3,0,1,0,0
1993,9,6.226536669287466,1,0,2,0,0.0,0.0023681914495824507,0,0,1,0,0
1994,10,4.672828834461906,1,0,2,0,0.0,0.0023681914495824507,0,0,1,0,0
1994,6,5.480638923341991,1,0,1,0,0.0,0.0023681914495824507,0,0,1,0,0
1994,11,4.3694478524670215,1,0,347,5,0.0,0.0023681914495824507,1,0,1,0,0
1994,3,5.75890177387728,1,0,22,5,0.0,0.009472765798329803,1,0,1,0,0
1994,10,4.543294782270004,1,0,11,5,0.0,0.005110307864888446,1,0,1,0,0
1994,2,5.840641657373398,1,0,1,0,0.0,0.0023681914495824507,0,1,0,0,0
1993,11,6.0112671744041615,1,0,347,5,0.0,0.07291536831609123,0,0,1,0,0
1994,10,3.9318256327243257,1,0,347,5,0.0,0.00785242428019444,0,0,1,0,0
1994,10,3.9318256327243257,1,0,347,5,0.0,0.00785242428019444,0,0,1,0,0
1994,10,3.9318256327243257,1,0,347,5,0.0,0.00785242428019444,0,0,1,0,0
1994,3,5.631211781821365,1,0,1,0,0.0,0.07291536831609123,0,0,1,0,0
1994,7,5.135798437050262,1,0,3,1,0.0,0.07291536831609123,0,0,1,0,0
1994,11,3.8918202981106265,1,0,1,0,0.0,0.004237816278200175,0,0,1,0,0
1994,10,4.290459441148391,1,0,11,3,0.0,0.07291536831609123,0,0,1,0,0
1994,9,4.406719247264253,1,0,11,4,0.0,0.00785242428019444,0,0,1,0,0
1994,10,4.3694478524670215,1,0,59,7,0.0,0.004237816278200175,0,0,1,0,0
1993,8,6.1675164908883415,1,0,1,0,0.0,0.00785242428019444,0,0,1,0,0
1994,7,4.962844630259907,1,0,3,2,0.0,0.00785242428019444,0,0,1,0,0
1994,5,5.389071729816501,1,0,2,2,0.0,0.004237816278200175,1,0,1,0,0
1994,10,4.02535169073515,1,0,3,3,0.0,0.07291536831609123,1,0,1,0,0
1991,10,7.063903961472068,1,0,13,2,0.0,0.014084507042253521,2,0,1,0,0
1994,10,3.9318256327243257,1,0,25,5,0.0,0.00785242428019444,2,0,1,0,0
1992,9,6.699500340161678,1,0,3,2,0.0,0.00785242428019444,2,0,1,0,0
1993,10,6.082218910376446,1,0,15,5,0.06666666666666667,0.00785242428019444,4,0,1,0,0
1993,11,5.998936561946683,1,0,12,4,0.0,0.001994266483858906,1,0,1,0,0
1994,11,3.044522437723423,1,0,1,1,0.0,0.001994266483858906,1,0,1,0,0
1994,11,3.044522437723423,1,0,10,3,0.0,0.001994266483858906,1,0,1,0,0
1974,7,8.916103530553727,1,0,11,3,0.0,0.07291536831609123,1,0,1,0,0
1994,1,5.831882477283517,1,0,1,0,0.0,0.0001246416552411816,0,1,0,0,0
1993,8,6.139884552226255,1,0,6,2,0.0,0.005110307864888446,0,0,1,0,0
1994,2,5.641907070938114,1,0,2,0,0.0,0.005110307864888446,0,0,1,0,0
1994,9,4.248495242049359,1,0,2,0,0.0,0.002742116415305995,0,0,1,0,0
1994,10,3.713572066704308,1,0,4,2,0.0,0.002742116415305995,0,0,1,0,0
1994,11,2.772588722239781,1,0,9,3,0.0,0.005110307864888446,0,0,1,0,0
1994,10,3.5263605246161616,1,0,21,5,0.0,0.002742116415305995,0,0,1,0,0
1994,2,5.517452896464707,1,0,5,4,0.0,0.0053595911753708085,0,1,0,0,0
1994,3,5.3612921657094255,1,0,22,5,0.0,0.004237816278200175,0,0,1,0,0
1994,1,5.594711379601839,1,0,2,0,0.0,0.0053595911753708085,0,0,1,0,0
1991,10,6.98933526597456,1,0,1,1,0.0,0.014084507042253521,1,0,1,0,0
1994,9,1.0986122886681098,1,0,347,5,0.0,0.005110307864888446,0,0,1,0,0
1994,8,3.044522437723423,1,0,9,3,0.0,0.002742116415305995,0,0,1,0,0
1993,6,6.156978985585555,1,0,3,2,0.0,0.005110307864888446,0,0,1,0,0
1993,9,5.886104031450156,1,0,1,0,0.0,0.002742116415305995,0,0,1,0,0
1993,10,5.805134968916488,1,0,9,1,0.0,0.005110307864888446,1,0,1,0,0
1985,5,8.131236549696116,1,0,2,5,0.0,0.004237816278200175,5,0,1,0,0
1994,4,4.882801922586371,1,0,4,0,0.25,0.07291536831609123,0,1,0,0,0
1994,2,5.308267697401205,1,0,50,5,0.0,0.07291536831609123,0,0,1,0,0
1994,8,2.5649493574615367,1,0,347,5,0.0,0.07291536831609123,0,0,1,0,0
1994,5,4.634728988229636,1,0,347,5,0.0,0.0001246416552411816,0,0,1,0,0
1991,12,6.899723107284872,1,0,6,5,0.0,0.07291536831609123,2,0,1,0,0
1992,11,6.4692503167957724,1,0,3,3,0.0,0.001994266483858906,3,0,1,0,0
1994,5,4.543294782270004,1,0,3,0,0.6666666666666666,0.004237816278200175,0,0,1,0,0
1994,4,4.912654885736052,1,0,1,0,0.0,0.02492833104823632,0,0,1,0,0
1994,2,5.25227342804663,1,0,12,3,0.0,0.02492833104823632,1,0,1,0,0
1993,11,5.666426688112432,1,0,5,2,0.0,0.004237816278200175,1,0,1,0,0
1993,6,6.066108090103747,1,0,15,2,0.0,0.02492833104823632,2,0,1,0,0
1992,11,6.466144724237619,1,0,1,0,0.0,0.07291536831609123,0,0,1,0,0
1994,1,5.1298987149230735,1,0,3,3,0.0,0.005110307864888446,0,0,1,0,0
1993,9,5.707110264748875,1,0,2,5,0.0,0.0001246416552411816,1,0,1,0,0
1994,2,4.912654885736052,1,0,3,1,0.0,0.010594540695500436,0,1,0,0,0
1993,6,5.71042701737487,1,0,2,5,0.0,0.016203415181353608,0,0,1,0,0
1992,6,6.523562306149512,1,0,31,3,0.0,0.0012464165524118161,0,0,1,0,0
1991,10,6.8308742346461795,1,0,2,2,0.0,0.0012464165524118161,0,0,1,0,0
1991,11,6.807934943699926,1,0,15,2,0.0,0.016203415181353608,0,0,1,0,0
1994,1,4.48863636973214,1,0,15,5,0.0,0.0012464165524118161,0,0,1,0,0
1992,6,6.522092798170152,1,0,4,0,0.0,0.016203415181353608,0,0,1,0,0
1992,11,6.251903883165888,1,0,2,1,0.0,0.016203415181353608,0,0,1,0,0
1994,2,4.110873864173311,1,0,3,2,0.0,0.0012464165524118161,0,0,1,0,0
1992,11,6.278521424165844,1,0,5,1,0.0,0.016203415181353608,0,0,1,0,0
1993,11,5.123963979403259,1,0,19,3,0.0,0.0012464165524118161,0,0,1,0,0
1992,10,6.317164686747284,1,0,4,2,0.0,0.0001246416552411816,1,0,1,0,0
1991,10,6.8308742346461795,1,0,4,1,0.0,0.01632805683659479,0,0,1,0,0
1993,10,5.267858159063328,1,0,1,1,0.0,0.0012464165524118161,1,0,1,0,0
1992,10,6.304448802421981,1,0,1,1,0.0,0.016203415181353608,1,0,1,0,0
1992,11,6.251903883165888,1,0,22,5,0.0,0.016203415181353608,1,0,1,0,0
1992,9,6.35088571671474,1,0,3,2,0.0,0.0012464165524118161,1,0,1,0,0
1993,3,6.042632833682381,1,0,14,5,0.07142857142857142,0.016203415181353608,1,0,1,0,0
1993,11,5.1298987149230735,1,0,2,2,0.0,0.016203415181353608,2,0,1,0,0
1991,10,6.829793737512425,1,0,1,2,0.0,0.016203415181353608,2,0,1,0,0
1991,10,6.822197390620491,1,0,9,2,0.0,0.016203415181353608,2,0,1,0,0
1992,9,6.354370040797351,1,0,1,2,0.0,0.016203415181353608,2,0,1,0,0
1992,5,6.582025138892826,1,0,2,4,0.0,0.016203415181353608,4,0,1,0,0
1993,10,5.225746673713202,1,0,1,0,0.0,0.001994266483858906,0,1,0,0,0
1994,3,2.8903717578961645,1,0,347,5,0.0,0.002742116415305995,0,0,1,0,0
1994,2,4.330733340286331,1,0,1,0,0.0,0.07291536831609123,0,0,1,0,0
1993,11,5.0238805208462765,1,0,347,5,0.0,0.07291536831609123,2,0,1,0,0
1987,7,7.815207062189088,1,0,22,5,0.0,0.07291536831609123,2,0,1,0,0
1977,9,8.709630081951286,1,0,22,5,0.0,0.07291536831609123,2,0,1,0,0
1987,7,7.813995675002791,1,0,22,5,0.0,0.07291536831609123,3,0,1,0,0
1987,7,7.811163385025279,1,0,22,5,0.0,0.07291536831609123,3,0,1,0,0
1993,9,5.030437921392435,1,0,4,0,0.25,0.07291536831609123,0,0,1,0,0
1963,10,9.310909426897878,1,0,1,1,0.0,0.07291536831609123,1,0,1,0,0
1993,7,5.267858159063328,1,0,3,3,0.0,0.0003739249657235448,0,1,0,0,0
1993,11,4.127134385045092,1,0,347,5,0.0,0.07291536831609123,2,0,1,0,0
1993,11,4.110873864173311,1,0,2,2,0.0,0.0003739249657235448,2,0,1,0,0
1992,10,6.133398042996649,1,0,2,4,0.0,0.0003739249657235448,4,0,0,1,0
1993,9,4.852030263919617,1,0,10,4,0.0,0.001994266483858906,0,0,0,1,0
1993,8,4.948759890378168,1,0,1,2,0.0,0.001994266483858906,2,0,0,1,0
1993,9,4.700480365792417,1,0,8,3,0.0,0.001994266483858906,3,0,0,1,0
1993,6,5.267858159063328,1,0,11,4,0.0,0.0053595911753708085,0,0,1,0,0
1993,9,4.48863636973214,1,0,9,2,0.0,0.005110307864888446,0,0,1,0,0
1993,1,5.8522024797744745,1,0,4,3,0.0,0.07291536831609123,0,0,1,0,0
1991,1,6.970730078143525,1,0,8,2,0.0,0.010594540695500436,2,0,1,0,0
1992,10,5.834810737062605,1,0,5,2,0.0,0.004237816278200175,0,0,1,0,0
1993,5,4.1588830833596715,1,0,2,1,0.0,0.016203415181353608,0,0,1,0,0
1987,8,7.6624678152002375,1,0,2,0,0.0,0.0001246416552411816,0,0,1,0,0
1987,1,7.70210434005105,1,0,3,2,0.0,0.000997133241929453,0,0,1,0,0
1985,1,7.9865049385539955,1,0,3,0,0.0,0.07291536831609123,0,0,1,0,0
1992,1,5.602118820879701,1,0,11,5,0.0,0.005110307864888446,0,0,1,0,0
1987,2,7.179307969504034,1,0,11,4,0.0,0.0053595911753708085,0,0,1,0,0
1988,10,6.016157159698354,1,0,1,0,0.0,0.02492833104823632,0,0,1,0,0
1964,1,9.153452509769135,1,0,16,2,0.0,0.004237816278200175,0,0,1,0,0
1988,4,6.2285110035911835,1,0,6,4,0.0,0.02492833104823632,1,0,1,0,0
1980,1,8.118207049405783,1,0,17,2,0.0,0.010594540695500436,0,0,1,0,0
1988,6,5.501258210544727,1,0,13,2,0.0,0.0053595911753708085,2,0,1,0,0
1988,4,5.560681631015528,1,0,1,0,0.0,0.0012464165524118161,0,0,1,0,0
1980,9,8.00736706798333,1,0,5,3,0.2,0.0012464165524118161,3,0,1,0,0
1984,6,7.395721608602045,1,0,14,2,0.0,0.029664713947401222,2,0,1,0,0
1987,1,6.421622267806518,1,0,3,0,0.0,0.0007478499314470896,0,0,1,0,0
1987,1,6.39024066706535,1,0,2,2,0.0,0.00461174124392372,2,0,1,0,0
1986,1,6.734591659972948,1,0,1,0,0.0,0.02492833104823632,0,0,1,0,0
1986,10,6.104793232414985,1,0,5,2,0.0,0.01632805683659479,2,0,1,0,0
1987,4,5.529429087511423,1,0,2,0,0.0,0.0012464165524118161,0,0,1,0,0
1983,10,7.31986492980897,1,0,5,0,0.0,0.004237816278200175,0,0,1,0,0
1986,1,6.532334292222349,1,0,3,0,0.0,0.0007478499314470896,0,0,1,0,0
1985,6,6.78105762593618,1,0,5,2,0.0,0.01632805683659479,2,0,1,0,0
1986,4,6.22455842927536,1,0,13,2,0.0,0.0053595911753708085,2,0,1,0,0
1959,10,9.019058793810718,1,0,12,5,0.0,0.004237816278200175,0,0,1,0,0
1979,7,6.755768921984255,1,0,20,4,0.0,0.01632805683659479,2,0,1,0,0
1975,1,7.746300662231439,1,0,1,0,0.0,0.000997133241929453,0,0,1,0,0
1979,12,5.82600010738045,1,0,1,0,0.0,0.01632805683659479,0,0,1,0,0
1976,4,7.409136443920128,1,0,20,4,0.0,0.01632805683659479,0,0,1,0,0
1978,5,6.82001636467413,1,0,20,4,0.0,0.01632805683659479,0,0,1,0,0
1975,1,7.666690200080086,1,0,2,0,0.0,0.01632805683659479,0,0,1,0,0
1972,1,8.031060180240619,1,0,16,2,0.0,0.004237816278200175,2,0,1,0,0
1969,1,8.305484017727691,1,0,1,0,0.0,0.0002492833104823632,0,0,1,0,0
1978,10,6.148468295917647,1,0,20,4,0.0,0.01632805683659479,0,0,1,0,0
1977,6,6.851184927493743,1,0,20,4,0.0,0.01632805683659479,0,0,1,0,0
1978,1,6.4425401664681985,1,0,12,5,0.0,0.010594540695500436,0,0,1,0,0
1978,10,5.808142489980444,1,0,3,0,0.0,0.0012464165524118161,0,0,1,0,0
1978,1,5.978885764901122,1,0,1,0,0.0,0.01632805683659479,0,0,1,0,0
1978,6,5.3230099791384085,1,0,4,2,0.0,0.010594540695500436,0,0,1,0,0
1978,6,4.605170185988092,1,0,4,1,0.0,0.0012464165524118161,0,0,1,0,0
1976,6,6.650279048587422,1,0,10,3,0.0,0.0007478499314470896,0,0,1,0,0
1967,6,8.310660905907225,1,0,10,3,0.0,0.0007478499314470896,0,0,1,0,0
1964,10,8.496582237512113,1,0,10,3,0.0,0.0002492833104823632,0,0,1,0,0
1977,1,5.924255797414532,1,0,1,0,0.0,0.01632805683659479,0,0,1,0,0
1977,5,3.367295829986474,1,0,10,3,0.0,0.0007478499314470896,0,0,1,0,0
1970,5,7.822444729489319,1,0,10,3,0.0,0.0007478499314470896,0,0,1,0,0
1956,1,8.896451207355227,1,0,16,2,0.0,0.004237816278200175,0,0,1,0,0
1952,1,9.078749951588586,1,0,16,2,0.0,0.004237816278200175,0,0,1,0,0
1958,1,8.791029857045965,1,0,16,2,0.0,0.004237816278200175,0,0,1,0,0
1962,1,8.539737155851132,1,0,16,2,0.0,0.004237816278200175,0,0,1,0,0
1966,1,8.203304026795282,1,0,16,2,0.0,0.004237816278200175,0,0,1,0,0
1974,1,6.594413459749778,1,0,2,0,0.0,0.004237816278200175,0,0,1,0,0
2020,6,5.117993812416755,1,0,8,5,0.125,0.0001246416552411816,2,1,0,0,0
2019,4,6.401917196727186,1,0,9,5,0.3333333333333333,0.0007478499314470896,5,1,0,0,0
2020,1,5.736572297479192,1,0,1,0,0.0,0.0003739249657235448,0,1,0,0,0
2020,10,3.784189633918261,3,1,19,5,0.3684210526315789,0.0001246416552411816,0,1,0,0,0
2020,10,4.060443010546419,2,1,33,5,0.42424242424242425,0.02492833104823632,0,1,0,0,0
2019,4,6.401917196727186,2,1,19,5,0.21052631578947367,0.0034899663467530847,5,1,0,0,0
2018,8,6.709304340258298,1,0,21,5,0.047619047619047616,0.0011217748971706345,5,1,0,0,0
2018,2,6.923628628138427,3,1,6,2,0.5,0.0002492833104823632,2,1,0,0,0
2018,2,6.923628628138427,1,0,1,0,0.0,0.0001246416552411816,0,1,0,0,0
2018,11,6.620073206530356,1,0,21,6,0.047619047619047616,0.019693381528106693,0,1,0,0,0
2020,10,3.4011973816621555,2,1,8,5,0.125,0.0001246416552411816,0,1,0,0,0
2020,1,5.75890177387728,1,0,26,5,0.23076923076923078,0.005982799451576717,0,1,0,0,0
2020,8,4.663439094112067,4,1,1,0,1.0,0.0001246416552411816,0,1,0,0,0
2020,1,5.75890177387728,1,0,26,5,0.23076923076923078,0.005982799451576717,0,1,0,0,0
2017,10,7.028201432058005,1,0,1,0,0.0,0.0001246416552411816,0,1,0,0,0
2017,6,7.1284959456800365,1,0,19,5,0.0,0.003365324691511903,5,1,0,0,0
2020,4,5.384495062789089,2,1,6,5,0.5,0.0003739249657235448,0,1,0,0,0
2020,9,4.174387269895637,1,0,63,6,0.09523809523809523,0.0026174747600648134,0,1,0,0,0
2020,7,4.897839799950911,1,0,13,5,0.0,0.0013710582076529975,2,1,0,0,0
2017,1,7.242797922793756,1,0,5,5,0.4,0.0024928331048236323,0,1,0,0,0
2017,2,7.221835825288449,1,0,5,5,0.2,0.005608874485853172,0,1,0,0,0
2020,7,4.787491742782046,1,0,40,5,0.225,0.019693381528106693,5,1,0,0,0
2020,6,4.90527477843843,1,0,7,5,0.14285714285714285,0.0001246416552411816,2,1,0,0,0
2019,8,6.093569770045136,2,1,13,6,0.5384615384615384,0.0007478499314470896,5,1,0,0,0
2017,2,7.224753405767971,1,0,10,5,0.0,0.0001246416552411816,0,1,0,0,0
2019,2,6.4692503167957724,2,1,42,5,0.19047619047619047,0.005608874485853172,0,1,0,0,0
2020,7,4.844187086458591,1,0,17,5,0.23529411764705882,0.019693381528106693,0,1,0,0,0
2018,11,6.56244409369372,2,1,1,0,1.0,0.0001246416552411816,0,1,0,0,0
2015,6,7.587817219993427,1,0,112,5,0.125,0.0006232082762059081,3,0,1,0,0
2020,6,4.897839799950911,1,0,17,5,0.11764705882352941,0.0003739249657235448,2,1,0,0,0
2018,10,6.583409222158765,2,1,12,5,0.5,0.0008724915866882712,2,1,0,0,0
2018,2,6.874198495453294,2,1,3,5,1.0,0.0034899663467530847,5,1,0,0,0
2020,9,3.091042453358316,1,0,7,2,0.0,0.0001246416552411816,0,0,1,0,0
2019,10,5.846438775057725,2,1,2,0,0.5,0.013835223731771158,0,1,0,0,0
2017,8,7.046647277848756,1,0,4,2,0.5,0.0001246416552411816,0,1,0,0,0
2018,9,6.601230118728877,1,0,59,7,0.0,0.0021189081391000874,3,0,1,0,0
2018,11,6.55250788703459,1,0,40,5,0.225,0.019693381528106693,5,0,1,0,0
2016,8,7.312553498102598,1,0,24,5,0.375,0.0049856662096472645,2,1,0,0,0
2020,6,4.7535901911063645,2,1,1,2,1.0,0.029664713947401222,2,1,0,0,0
2017,6,7.094234845924755,2,1,4,5,0.75,0.009098840832606257,5,1,0,0,0
2014,12,7.661527081358517,1,0,112,5,0.125,0.0006232082762059081,3,0,1,0,0
2013,11,7.828038032125829,1,0,6,3,0.0,0.00311604138102954,0,1,0,0,0
2012,11,7.9676267393338165,1,0,4,0,0.0,0.0001246416552411816,0,0,1,0,0
2019,4,6.278521424165844,1,0,9,5,0.1111111111111111,0.0008724915866882712,4,0,1,0,0
2019,6,6.152732694704104,1,0,11,5,0.18181818181818182,0.0004985666209647265,0,0,1,0,0
2017,2,7.188412736496954,1,0,3,2,0.0,0.002243549794341269,2,0,1,0,0
2020,6,4.672828834461906,2,1,14,5,0.35714285714285715,0.013835223731771158,2,1,0,0,0
2020,5,4.795790545596741,2,1,6,2,0.5,0.005982799451576717,2,1,0,0,0
2019,11,5.780743515792329,1,0,21,5,0.047619047619047616,0.0011217748971706345,5,1,0,0,0
2019,6,6.1675164908883415,1,0,6,5,0.16666666666666666,0.0006232082762059081,0,1,0,0,0
2018,6,6.726233402358747,1,0,63,6,0.09523809523809523,0.005982799451576717,0,1,0,0,0
2018,5,6.776506992372183,4,1,3,2,1.0,0.0002492833104823632,0,1,0,0,0
2019,12,5.616771097666572,2,1,1,2,1.0,0.0053595911753708085,2,1,0,0,0
2020,8,3.58351893845611,8,1,112,5,0.125,0.0002492833104823632,5,1,0,0,0
2019,4,6.285998094508865,1,0,1,0,0.0,0.0003739249657235448,0,1,0,0,0
2020,6,4.5217885770490405,1,0,1,0,0.0,0.0006232082762059081,0,1,0,0,0
2020,1,5.5093883366279774,1,0,26,5,0.23076923076923078,0.005982799451576717,0,1,0,0,0
2019,10,5.799092654460526,1,0,7,5,0.0,0.0004985666209647265,0,1,0,0,0
2019,12,5.6131281063880705,2,1,33,5,0.42424242424242425,0.02492833104823632,5,1,0,0,0
2019,4,6.278521424165844,1,0,50,7,0.0,0.004487099588682538,2,1,0,0,0
2018,4,6.759255270663693,1,0,1,0,0.0,0.0024928331048236323,0,1,0,0,0
2019,6,6.091309882077698,2,1,23,5,0.391304347826087,0.009472765798329803,0,1,0,0,0
2020,2,5.2832037287379885,2,1,5,2,0.2,0.0001246416552411816,2,1,0,0,0
2019,11,5.69035945432406,1,0,1,5,0.0,0.009472765798329803,5,1,0,0,0
2017,6,7.0587581525186645,1,0,17,5,0.058823529411764705,0.02492833104823632,5,0,1,0,0
2019,8,5.8998973535824915,1,0,5,0,0.0,0.0003739249657235448,0,0,1,0,0
2016,12,7.20414929203594,1,0,4,3,0.0,0.0043624579334413565,0,0,1,0,0
2020,4,4.90527477843843,1,0,1,2,0.0,0.003365324691511903,2,1,0,0,0
2020,4,4.844187086458591,2,1,3,5,0.3333333333333333,0.0001246416552411816,2,1,0,0,0
2019,11,5.638354669333745,2,1,1,0,1.0,0.0008724915866882712,0,1,0,0,0
2018,11,6.490723534502507,1,0,10,5,0.0,0.0008724915866882712,0,1,0,0,0
2019,6,6.059123195581797,2,1,37,6,0.2972972972972973,0.0036146080019942664,0,1,0,0,0
2018,11,6.480044561926653,1,0,19,5,0.0,0.0002492833104823632,2,1,0,0,0
2018,3,6.7912214627261855,2,1,17,5,0.7647058823529411,0.000997133241929453,2,1,0,0,0
2015,3,7.586803535162581,1,0,13,5,0.23076923076923078,0.0002492833104823632,2,0,1,0,0
2018,9,6.56244409369372,1,0,1,0,0.0,0.0003739249657235448,0,0,1,0,0
2017,4,7.111512116496157,1,0,4,5,0.0,0.029664713947401222,0,0,0,1,0
2019,6,6.042632833682381,1,0,8,5,0.0,0.029664713947401222,0,0,1,0,0
2018,11,6.45833828334479,1,0,33,6,0.2727272727272727,0.0002492833104823632,5,1,0,0,0
2018,2,6.829793737512425,1,0,20,5,0.15,0.01171631559267107,0,1,0,0,0
2019,6,6.025865973825314,1,0,14,5,0.21428571428571427,0.0008724915866882712,0,1,0,0,0
2020,6,4.060443010546419,1,0,10,5,0.3,0.019693381528106693,0,1,0,0,0
2016,12,7.20414929203594,1,0,69,5,0.0,0.0021189081391000874,2,0,1,0,0
2018,12,6.413458957167357,1,0,6,5,0.0,0.0006232082762059081,3,0,1,0,0
2019,8,5.840641657373398,1,0,6,5,0.0,0.0002492833104823632,2,0,1,0,0
2020,3,5.0369526024136295,1,0,29,5,0.0,0.029664713947401222,3,0,1,0,0
2018,5,6.71295620067707,1,0,2,0,0.0,0.0001246416552411816,0,1,0,0,0
2018,7,6.606650186198215,2,1,2,5,1.0,0.019693381528106693,5,1,0,0,0
2019,2,6.280395838960195,1,0,9,5,0.3333333333333333,0.013835223731771158,2,1,0,0,0
2020,3,4.90527477843843,1,0,112,5,0.125,0.010345257385018073,2,1,0,0,0
2017,3,7.10002716662926,1,0,4,3,0.0,0.0043624579334413565,0,0,1,0,0
2019,4,6.152732694704104,1,0,14,5,0.35714285714285715,0.013835223731771158,0,0,1,0,0
2017,5,7.053585727193677,1,0,28,5,0.2857142857142857,0.0002492833104823632,0,1,0,0,0
2017,12,6.866933284461882,1,0,32,5,0.125,0.0014956998628941791,0,1,0,0,0
2017,12,6.866933284461882,1,0,112,5,0.125,0.010345257385018073,0,1,0,0,0
2019,10,5.58724865840025,1,0,7,5,0.0,0.0004985666209647265,0,1,0,0,0
2020,1,5.247024072160486,2,1,6,5,1.0,0.0006232082762059081,0,1,0,0,0
2018,6,6.638567789166521,1,0,63,6,0.09523809523809523,0.005982799451576717,0,1,0,0,0
2018,6,6.638567789166521,1,0,63,6,0.09523809523809523,0.005982799451576717,0,1,0,0,0
2019,2,6.263398262591624,1,0,1,0,0.0,0.0003739249657235448,0,1,0,0,0
2019,5,6.025865973825314,3,1,5,0,0.6,0.0001246416552411816,0,1,0,0,0
2019,8,5.811140992976701,1,0,3,5,0.0,0.005982799451576717,0,1,0,0,0
2018,4,6.717804695023691,1,0,2,2,0.0,0.0001246416552411816,2,1,0,0,0
2017,8,6.977281341630747,2,1,3,5,1.0,0.0001246416552411816,2,1,0,0,0
1989,12,9.320986892063246,1,0,22,5,0.0,0.02492833104823632,3,0,0,1,0
2017,6,7.009408932708637,1,0,32,5,0.125,0.0014956998628941791,4,0,1,0,0
2019,8,5.755742213586912,1,0,6,5,0.0,0.0002492833104823632,5,1,0,0,0
2018,2,6.767343125265392,1,0,17,5,0.5882352941176471,0.009098840832606257,5,1,0,0,0
2018,1,6.814542897259958,1,0,9,5,0.0,0.0011217748971706345,5,1,0,0,0
2018,1,6.803505257608338,1,0,15,5,0.26666666666666666,0.005982799451576717,5,1,0,0,0
2018,3,6.726233402358747,1,0,24,5,0.375,0.01246416552411816,0,1,0,0,0
2019,12,5.3612921657094255,2,1,7,2,0.5714285714285714,0.0002492833104823632,2,1,0,0,0
2018,10,6.456769655572163,1,0,21,5,0.047619047619047616,0.0011217748971706345,5,1,0,0,0
2019,10,5.560681631015528,1,0,22,5,0.0,0.0003739249657235448,2,0,1,0,0
2018,9,6.490723534502507,3,1,22,5,0.5,0.0004985666209647265,5,1,0,0,0
2018,5,6.647688373563329,1,0,2,5,0.0,0.0004985666209647265,5,1,0,0,0
2018,5,6.656726524178391,5,1,1,5,1.0,0.01246416552411816,5,1,0,0,0
2019,5,6.042632833682381,2,1,22,6,0.13636363636363635,0.0001246416552411816,5,1,0,0,0
2019,6,5.973809611869261,1,0,22,5,0.0,0.009098840832606257,2,0,1,0,0
2017,11,6.872128101338986,2,1,2,2,1.0,0.0001246416552411816,2,1,0,0,0
2018,11,6.304448802421981,1,0,17,5,0.058823529411764705,0.02492833104823632,4,0,1,0,0
2016,7,7.239214973779806,1,0,1,0,0.0,0.0001246416552411816,0,0,1,0,0
2016,11,7.156176637480615,2,1,15,5,0.06666666666666667,0.029664713947401222,2,0,1,0,0
2019,6,5.840641657373398,1,0,112,5,0.125,0.010345257385018073,5,1,0,0,0
2018,10,6.380122536899765,1,0,26,5,0.23076923076923078,0.01171631559267107,0,1,0,0,0
2018,8,6.492239835020471,1,0,13,2,0.15384615384615385,0.0006232082762059081,0,1,0,0,0
2019,1,6.1675164908883415,1,0,8,5,0.25,0.0007478499314470896,5,1,0,0,0
2019,12,5.003946305945459,2,1,26,5,0.23076923076923078,0.01171631559267107,5,1,0,0,0
2017,3,7.052721049232323,2,1,9,5,0.3333333333333333,0.0007478499314470896,2,1,0,0,0
2019,4,5.976350909297934,2,1,19,5,0.3684210526315789,0.01171631559267107,5,1,0,0,0
2018,7,6.492239835020471,1,0,26,5,0.23076923076923078,0.01171631559267107,5,1,0,0,0
2016,10,7.172424577124845,1,0,87,5,0.25287356321839083,0.003988532967717812,0,1,0,0,0
2019,3,6.042632833682381,1,0,87,5,0.25287356321839083,0.019693381528106693,0,1,0,0,0
2018,4,6.617402977974478,1,0,63,6,0.09523809523809523,0.0001246416552411816,5,1,0,0,0
2018,4,6.630683385642372,2,1,23,5,0.043478260869565216,0.035398230088495575,2,1,0,0,0
2019,10,5.318119993844216,1,0,40,5,0.225,0.019693381528106693,5,1,0,0,0
2019,12,4.997212273764115,2,1,8,5,0.25,0.0001246416552411816,5,1,0,0,0
2016,11,7.148345743900068,1,0,17,5,0.23529411764705882,0.0026174747600648134,2,1,0,0,0
2017,10,6.829793737512425,3,1,6,2,0.5,0.009098840832606257,0,1,0,0,0
1987,3,9.402694764470512,1,0,9,5,0.0,0.0001246416552411816,2,1,0,0,0
2016,9,7.193685818395112,2,1,9,5,0.2222222222222222,0.0007478499314470896,2,1,0,0,0
2019,11,5.087596335232384,4,1,3,2,0.6666666666666666,0.0002492833104823632,2,1,0,0,0
2017,3,7.040536390215956,3,1,9,5,0.3333333333333333,0.0007478499314470896,2,1,0,0,0
2019,12,4.997212273764115,1,0,2,2,0.0,0.005982799451576717,2,1,0,0,0
2018,3,6.674561391814426,1,0,10,5,0.1,0.029664713947401222,0,0,1,0,0
2019,6,5.755742213586912,2,1,37,6,0.2972972972972973,0.0036146080019942664,5,1,0,0,0
2014,8,7.641564441260972,1,0,21,7,0.14285714285714285,0.009472765798329803,5,1,0,0,0
2018,3,6.639875833826536,2,1,22,5,0.5,0.0004985666209647265,5,1,0,0,0
2019,4,5.8998973535824915,1,0,1,0,0.0,0.0003739249657235448,0,1,0,0,0
2018,11,6.210600077024653,1,0,40,5,0.225,0.003988532967717812,2,1,0,0,0
2016,10,7.133295954896068,1,0,40,5,0.225,0.0034899663467530847,5,1,0,0,0
2016,2,7.307872780763706,2,1,2,2,0.5,0.003365324691511903,2,1,0,0,0
2018,10,6.251903883165888,1,0,12,7,0.3333333333333333,0.0003739249657235448,5,1,0,0,0
2019,10,4.897839799950911,1,0,32,5,0.125,0.0001246416552411816,0,1,0,0,0
2018,9,6.280395838960195,1,0,3,0,0.0,0.0001246416552411816,0,1,0,0,0
2019,10,5.003946305945459,1,0,21,5,0.047619047619047616,0.0001246416552411816,0,1,0,0,0
2018,9,6.29156913955832,1,0,22,5,0.5,0.008724915866882713,2,0,1,0,0
2008,3,8.379079889286603,1,0,4,2,0.0,0.0038638913124766296,2,0,1,0,0
2009,4,8.284756593190435,1,0,4,2,0.0,0.0038638913124766296,2,0,1,0,0
2016,4,7.264730177929867,1,0,7,0,0.14285714285714285,0.004113174622958993,0,0,1,0,0
2019,11,4.709530201312334,1,0,4,5,0.0,0.0002492833104823632,5,1,0,0,0
2017,8,6.838405200847344,2,1,2,0,0.5,0.0001246416552411816,0,1,0,0,0
2016,8,7.175489713624222,1,0,1,0,0.0,0.0001246416552411816,0,1,0,0,0
2019,7,5.476463551931511,2,1,20,5,0.4,0.019693381528106693,2,1,0,0,0
2017,9,6.806829360392176,1,0,29,5,0.0,0.0043624579334413565,5,0,1,0,0
2017,12,6.697034247666484,2,1,17,5,0.17647058823529413,0.0002492833104823632,2,1,0,0,0
2018,1,6.670766320845874,1,0,13,5,0.23076923076923078,0.0001246416552411816,5,1,0,0,0
2018,4,6.523562306149512,1,0,14,5,0.07142857142857142,0.035398230088495575,5,1,0,0,0
2016,10,7.105786129481271,1,0,7,5,0.0,0.029664713947401222,0,1,0,0,0
2016,10,7.105786129481271,1,0,10,5,0.2,0.0002492833104823632,2,1,0,0,0
2017,10,6.752270376141742,2,1,33,6,0.2727272727272727,0.0014956998628941791,5,1,0,0,0
2018,7,6.39024066706535,1,0,1,2,0.0,0.0016203415181353608,2,1,0,0,0
2011,2,8.094988759303774,1,0,4,2,0.0,0.0001246416552411816,0,1,0,0,0
2011,2,8.094988759303774,1,0,4,2,0.0,0.0003739249657235448,0,0,1,0,0
2019,8,5.267858159063328,1,0,7,5,0.0,0.006855291038264988,5,1,0,0,0
2019,1,5.958424693029782,2,1,1,0,1.0,0.0001246416552411816,0,1,0,0,0
2019,7,5.393627546352362,2,1,8,2,0.375,0.0002492833104823632,2,1,0,0,0
2019,6,5.476463551931511,2,1,37,6,0.2972972972972973,0.0036146080019942664,5,1,0,0,0
2019,2,5.777652323222656,1,0,1,0,0.0,0.0001246416552411816,0,1,0,0,0
2017,11,6.656726524178391,1,0,10,5,0.0,0.003365324691511903,0,1,0,0,0
2019,6,5.2832037287379885,2,1,17,5,0.7647058823529411,0.0002492833104823632,0,1,0,0,0
2019,6,5.384495062789089,1,0,14,5,0.07142857142857142,0.0002492833104823632,2,0,1,0,0
2019,10,4.356708826689592,1,0,2,2,0.0,0.0043624579334413565,2,0,1,0,0
2019,11,3.9318256327243257,2,1,13,5,0.3076923076923077,0.01171631559267107,5,1,0,0,0
2013,5,7.799753318287247,1,0,1,0,0.0,0.0001246416552411816,0,1,0,0,0
2019,11,4.1588830833596715,1,0,2,2,0.0,0.01246416552411816,0,0,1,0,0
2018,12,5.973809611869261,1,0,20,4,0.0,0.008724915866882713,0,0,1,0,0
2019,10,4.532599493153256,1,0,13,5,0.3076923076923077,0.01171631559267107,0,1,0,0,0
2018,3,6.511745329644728,1,0,15,5,0.13333333333333333,0.0003739249657235448,5,1,0,0,0
2018,6,6.327936783729195,1,0,50,7,0.0,0.004487099588682538,5,1,0,0,0
2019,10,4.5217885770490405,1,0,10,5,0.3,0.019693381528106693,5,1,0,0,0
2011,6,8.049427057110695,1,0,3,4,0.0,0.0026174747600648134,4,0,1,0,0
2019,3,5.6131281063880705,1,0,23,5,0.043478260869565216,0.0002492833104823632,5,1,0,0,0
2019,6,5.247024072160486,2,1,9,5,0.1111111111111111,0.035398230088495575,5,1,0,0,0
2017,3,6.937314081223682,1,0,4,2,0.0,0.0003739249657235448,0,0,1,0,0
2019,11,3.58351893845611,1,0,12,2,0.0,0.008724915866882713,0,0,1,0,0
2019,11,3.58351893845611,1,0,7,4,0.14285714285714285,0.01246416552411816,0,0,1,0,0
2018,7,6.26530121273771,1,0,33,5,0.42424242424242425,0.02492833104823632,0,1,0,0,0
2019,11,3.9318256327243257,1,0,21,5,0.047619047619047616,0.0012464165524118161,0,1,0,0,0
2016,12,7.009408932708637,1,0,37,6,0.2972972972972973,0.0036146080019942664,5,0,1,0,0
2006,9,8.487970332739334,1,0,59,7,0.0,0.006481366072541443,3,0,0,1,0
2019,3,5.58724865840025,1,0,3,2,0.0,0.0007478499314470896,2,0,1,0,0
2019,11,3.7612001156935624,3,1,5,5,0.4,0.008724915866882713,3,0,1,0,0
2019,5,5.389071729816501,1,0,54,5,0.14814814814814814,0.004861024554406083,2,1,0,0,0
2006,2,8.529319371214077,1,0,59,7,0.0,0.0021189081391000874,0,0,0,1,0
2016,11,7.02197642307216,1,0,2,2,0.5,0.0002492833104823632,0,0,1,0,0
2019,11,3.091042453358316,1,0,11,5,0.09090909090909091,0.0007478499314470896,0,0,1,0,0
2015,5,7.404279118037268,1,0,3,4,0.0,0.009098840832606257,4,0,1,0,0
2019,4,5.384495062789089,1,0,9,5,0.3333333333333333,0.010594540695500436,2,0,1,0,0
2019,4,5.424950017481403,1,0,50,7,0.0,0.004487099588682538,2,1,0,0,0
2011,9,8.004365564979574,1,0,21,5,0.0,0.004113174622958993,3,0,0,1,0
2018,10,6.0063531596017325,1,0,21,5,0.047619047619047616,0.0011217748971706345,2,1,0,0,0
2019,6,4.962844630259907,2,1,28,5,0.2857142857142857,0.0004985666209647265,0,1,0,0,0
2018,6,6.212606095751519,1,0,6,2,0.0,0.0002492833104823632,0,1,0,0,0
2018,12,5.799092654460526,1,0,19,5,0.3684210526315789,0.0021189081391000874,0,1,0,0,0
2019,3,5.476463551931511,1,0,14,5,0.14285714285714285,0.0008724915866882712,0,1,0,0,0
2019,10,3.091042453358316,1,0,3,0,0.0,0.000997133241929453,0,0,0,1,0
2017,8,6.709304340258298,2,1,5,2,0.4,0.0053595911753708085,2,1,0,0,0
2018,11,5.840641657373398,1,0,4,5,0.5,0.0013710582076529975,0,0,1,0,0
2015,10,7.288927694521257,1,0,3,0,0.0,0.0002492833104823632,0,0,1,0,0
2007,11,8.379768515504566,1,0,21,5,0.0,0.000997133241929453,0,0,0,1,0
2019,5,5.043425116919247,2,1,1,0,1.0,0.002243549794341269,0,1,0,0,0
2018,7,6.137727054086234,1,0,1,5,0.0,0.0024928331048236323,5,1,0,0,0
2007,10,8.385944904806284,1,0,12,3,0.16666666666666666,0.010594540695500436,2,0,1,0,0
2018,2,6.413458957167357,2,1,5,2,0.2,0.0023681914495824507,0,1,0,0,0
2018,11,5.755742213586912,1,0,12,5,0.3333333333333333,0.0003739249657235448,0,1,0,0,0
2017,10,6.582025138892826,1,0,3,0,0.0,0.0034899663467530847,0,1,0,0,0
2019,5,4.897839799950911,2,1,12,5,0.3333333333333333,0.0001246416552411816,5,1,0,0,0
2013,9,7.706612913964197,1,0,1,2,0.0,0.0001246416552411816,2,0,1,0,0
2018,7,6.1070228877422545,1,0,1,0,0.0,0.01632805683659479,0,1,0,0,0
2019,9,2.0794415416798357,2,1,19,5,0.3684210526315789,0.0021189081391000874,0,1,0,0,0
2018,5,6.251903883165888,1,0,3,0,0.0,0.005110307864888446,0,1,0,0,0
2019,2,5.44673737166631,1,0,3,2,0.0,0.0002492833104823632,0,1,0,0,0
2019,7,4.5217885770490405,1,0,50,7,0.0,0.004487099588682538,0,1,0,0,0
2017,10,6.582025138892826,1,0,2,2,0.0,0.0004985666209647265,2,0,1,0,0
2016,6,7.0825485693553,1,0,1,0,0.0,0.0001246416552411816,0,1,0,0,0
2018,12,5.68697535633982,1,0,32,5,0.125,0.0014956998628941791,0,1,0,0,0
2019,2,5.135798437050262,1,0,45,5,0.2222222222222222,0.01171631559267107,0,1,0,0,0
2019,3,5.1298987149230735,1,0,2,0,0.0,0.035398230088495575,0,1,0,0,0
2018,9,5.84354441703136,2,1,7,0,0.14285714285714285,0.013835223731771158,0,1,0,0,0
2018,5,6.1070228877422545,3,1,4,2,1.0,0.0011217748971706345,2,1,0,0,0
2016,12,6.895682697747868,1,0,12,2,0.0,0.008724915866882713,0,1,0,0,0
2016,9,6.957497370876951,1,0,9,5,0.1111111111111111,0.0002492833104823632,2,0,1,0,0
2019,3,4.948759890378168,2,1,87,5,0.25287356321839083,0.003988532967717812,0,1,0,0,0
2018,9,5.799092654460526,2,1,4,5,0.5,0.0003739249657235448,0,1,0,0,0
2018,1,6.342121418721152,1,0,1,0,0.0,0.0001246416552411816,0,1,0,0,0
2017,12,6.424869023905388,1,0,54,5,0.14814814814814814,0.004861024554406083,5,1,0,0,0
2016,11,6.902742737158593,1,0,6,5,0.16666666666666666,0.029664713947401222,0,1,0,0,0
2008,12,8.267448958304849,1,0,2,3,0.0,0.004113174622958993,0,0,0,1,0
2017,10,6.480044561926653,1,0,3,4,0.0,0.009098840832606257,0,0,1,0,0
2018,3,6.212606095751519,1,0,87,5,0.25287356321839083,0.003988532967717812,5,1,0,0,0
2018,11,5.6131281063880705,1,0,40,5,0.225,0.019693381528106693,5,1,0,0,0
2018,12,5.44673737166631,1,0,32,5,0.125,0.0001246416552411816,5,1,0,0,0
2018,10,5.616771097666572,2,1,26,5,0.23076923076923078,0.01171631559267107,5,1,0,0,0
2018,7,5.926926025970411,1,0,19,5,0.0,0.005110307864888446,2,1,0,0,0
2018,10,5.68697535633982,1,0,3,4,0.0,0.01246416552411816,4,0,1,0,0
2018,3,6.19644412779452,1,0,2,0,0.5,0.002243549794341269,0,0,1,0,0
2018,11,5.53338948872752,2,1,33,6,0.2727272727272727,0.00311604138102954,2,1,0,0,0
2015,10,7.217443431696533,1,0,21,7,0.14285714285714285,0.009472765798329803,6,0,1,0,0
2018,12,5.3706380281276624,1,0,8,5,0.0,0.0001246416552411816,5,1,0,0,0
2000,11,8.826000545482966,1,0,7,5,0.0,0.005110307864888446,0,0,0,1,0
2006,10,8.445697189711167,1,0,12,5,0.0,0.010594540695500436,0,0,0,1,0
2018,2,6.251903883165888,2,1,1,0,1.0,0.0002492833104823632,0,1,0,0,0
2017,10,6.436150368369428,2,1,1,0,1.0,0.0003739249657235448,0,1,0,0,0
2017,11,6.413458957167357,1,0,1,0,0.0,0.000997133241929453,0,0,0,1,0
2018,10,5.60947179518496,1,0,21,5,0.047619047619047616,0.0011217748971706345,0,1,0,0,0
2019,4,4.442651256490317,1,0,13,2,0.15384615384615385,0.0006232082762059081,0,0,1,0,0
2017,12,6.26530121273771,1,0,25,5,0.0,0.008724915866882713,2,0,0,1,0
2017,10,6.342121418721152,1,0,1,5,0.0,0.0001246416552411816,5,1,0,0,0
2017,3,6.656726524178391,1,0,21,7,0.14285714285714285,0.004861024554406083,0,0,1,0,0
2018,10,5.3230099791384085,2,1,11,5,0.2727272727272727,0.0002492833104823632,2,1,0,0,0
2015,1,7.355641102974253,1,0,4,5,0.5,0.009098840832606257,4,0,1,0,0
2014,3,7.528331766707247,1,0,4,5,0.5,0.0001246416552411816,5,1,0,0,0
2017,12,6.19644412779452,1,0,11,5,0.18181818181818182,0.003739249657235448,5,1,0,0,0
2017,10,6.342121418721152,1,0,8,4,0.125,0.0011217748971706345,2,1,0,0,0
2019,4,2.70805020110221,1,0,9,5,0.1111111111111111,0.0008724915866882712,0,0,1,0,0
2018,5,5.840641657373398,1,0,14,5,0.21428571428571427,0.0008724915866882712,0,0,1,0,0
2017,12,6.210600077024653,1,0,3,0,0.3333333333333333,0.0001246416552411816,0,1,0,0,0
2018,5,5.802118375377063,1,0,8,2,0.0,0.0002492833104823632,0,1,0,0,0
2019,1,4.442651256490317,2,1,8,5,0.25,0.0007478499314470896,2,1,0,0,0
2018,11,5.1298987149230735,1,0,15,5,0.0,0.029664713947401222,3,0,1,0,0
2017,11,6.226536669287466,1,0,54,5,0.14814814814814814,0.004861024554406083,5,1,0,0,0
2018,3,5.937536205082426,1,0,6,5,0.0,0.0049856662096472645,0,0,1,0,0
2018,2,6.042632833682381,1,0,10,5,0.3,0.0008724915866882712,2,0,1,0,0
2008,4,8.299285906897275,1,0,3,2,0.0,0.003739249657235448,0,0,1,0,0
2012,12,7.749322464660356,1,0,3,2,0.0,0.003739249657235448,0,0,1,0,0
2006,10,8.424858580213442,1,0,3,2,0.0,0.003739249657235448,2,0,1,0,0
2018,3,5.971261839790462,2,1,5,5,0.8,0.005982799451576717,5,1,0,0,0
2018,9,5.25227342804663,2,1,12,7,0.3333333333333333,0.035398230088495575,5,1,0,0,0
2018,3,5.918893854273146,1,0,87,5,0.25287356321839083,0.003988532967717812,2,1,0,0,0
2018,10,5.209486152841421,3,1,33,5,0.42424242424242425,0.02492833104823632,0,1,0,0,0
2018,12,4.727387818712341,1,0,32,5,0.125,0.0014956998628941791,2,1,0,0,0
2019,3,3.044522437723423,1,0,29,5,0.0,0.029664713947401222,3,0,1,0,0
2018,10,5.1647859739235145,2,1,21,5,0.047619047619047616,0.0011217748971706345,5,1,0,0,0
2018,1,6.075346031088684,1,0,8,4,0.125,0.0011217748971706345,0,1,0,0,0
2018,1,6.075346031088684,1,0,17,5,0.5882352941176471,0.0003739249657235448,0,1,0,0,0
2018,9,4.948759890378168,1,0,13,2,0.15384615384615385,0.0006232082762059081,2,0,1,0,0
2018,9,4.897839799950911,1,0,9,5,0.2222222222222222,0.0007478499314470896,0,0,1,0,0
2018,3,5.733341276897746,1,0,87,5,0.25287356321839083,0.003988532967717812,2,1,0,0,0
2018,10,4.663439094112067,1,0,22,5,0.0,0.0021189081391000874,0,0,1,0,0
2018,11,4.2626798770413155,1,0,5,5,0.0,0.010594540695500436,0,0,1,0,0
2016,10,6.734591659972948,1,0,2,0,0.0,0.0006232082762059081,0,0,1,0,0
2018,5,5.58724865840025,1,0,13,5,0.15384615384615385,0.0008724915866882712,0,0,1,0,0
2017,12,5.991464547107982,1,0,1,0,0.0,0.0004985666209647265,0,1,0,0,0
2018,6,5.351858133476067,1,0,6,2,0.16666666666666666,0.0008724915866882712,0,0,1,0,0
2018,5,5.560681631015528,1,0,13,5,0.15384615384615385,0.0008724915866882712,0,1,0,0,0
2018,5,5.5134287461649825,2,1,2,0,0.5,0.0001246416552411816,0,1,0,0,0
2018,8,5.087596335232384,1,0,50,7,0.0,0.0001246416552411816,2,1,0,0,0
2018,10,4.663439094112067,1,0,1,2,0.0,0.0002492833104823632,2,0,1,0,0
2018,11,4.1588830833596715,2,1,5,5,0.2,0.0012464165524118161,5,1,0,0,0
2018,10,4.59511985013459,1,0,3,4,0.0,0.01246416552411816,3,0,1,0,0
2018,3,5.749392985908253,2,1,5,5,0.4,0.0024928331048236323,5,1,0,0,0
2018,11,3.7612001156935624,1,0,5,1,0.0,0.010594540695500436,0,0,1,0,0
2012,10,7.725771441587952,1,0,59,7,0.0,0.009472765798329803,0,0,0,1,0
2018,6,5.351858133476067,1,0,1,2,0.0,0.0003739249657235448,2,1,0,0,0
2017,12,5.955837369464831,1,0,1,2,0.0,0.0002492833104823632,2,1,0,0,0
2018,11,3.912023005428146,1,0,3,4,0.0,0.0017449831733765424,2,0,1,0,0
2018,7,5.147494476813453,1,0,19,5,0.0,0.005110307864888446,0,1,0,0,0
2007,6,8.347353412124338,1,0,59,7,0.0,0.006481366072541443,2,0,0,1,0
2018,4,5.58724865840025,2,1,11,5,0.8181818181818182,0.029664713947401222,5,1,0,0,0
2018,1,5.860786223465865,1,0,59,7,0.0,0.009472765798329803,0,0,0,1,0
2017,3,6.45833828334479,1,0,3,5,0.0,0.0049856662096472645,0,0,1,0,0
2017,10,6.091309882077698,1,0,8,4,0.125,0.0011217748971706345,2,1,0,0,0
2016,11,6.656726524178391,1,0,19,3,0.0,0.029664713947401222,2,0,1,0,0
2018,11,3.7612001156935624,1,0,2,2,0.0,0.01632805683659479,2,0,1,0,0
2018,10,4.04305126783455,1,0,32,3,0.0,0.0007478499314470896,2,0,1,0,0
2018,9,3.7612001156935624,1,0,9,5,0.0,0.0011217748971706345,0,0,1,0,0
2018,2,5.583496308781699,1,0,11,5,0.18181818181818182,0.003739249657235448,2,1,0,0,0
2018,7,4.727387818712341,1,0,17,5,0.23529411764705882,0.003988532967717812,0,1,0,0,0
2018,9,3.7612001156935624,1,0,3,5,0.3333333333333333,0.003739249657235448,0,0,1,0,0
2012,4,7.773594467360194,3,1,1,0,1.0,0.001869624828617724,0,1,0,0,0
2018,9,3.6375861597263857,1,0,18,5,0.16666666666666666,0.0002492833104823632,0,0,1,0,0
2018,4,5.318119993844216,1,0,4,2,0.0,0.008724915866882713,0,0,1,0,0
2018,3,5.37989735354046,1,0,48,5,0.020833333333333332,0.0007478499314470896,0,1,0,0,0
2016,10,6.582025138892826,1,0,12,7,0.3333333333333333,0.02492833104823632,0,0,1,0,0
2016,12,6.511745329644728,1,0,12,5,0.5,0.0008724915866882712,0,0,1,0,0
2018,8,4.174387269895637,1,0,45,5,0.2222222222222222,0.005982799451576717,0,1,0,0,0
2018,5,4.948759890378168,1,0,12,3,0.16666666666666666,0.010594540695500436,0,0,1,0,0
2017,10,5.883322388488279,1,0,2,0,0.5,0.0001246416552411816,0,1,0,0,0
2018,3,5.209486152841421,3,1,24,5,0.375,0.01246416552411816,0,1,0,0,0
2017,6,6.152732694704104,1,0,3,2,0.0,0.0001246416552411816,2,1,0,0,0
2017,8,6.025865973825314,1,0,6,5,0.0,0.0017449831733765424,2,0,1,0,0
2018,4,5.1298987149230735,1,0,40,5,0.225,0.003988532967717812,5,1,0,0,0
2016,2,6.844815479208263,1,0,4,2,0.0,0.009098840832606257,0,0,1,0,0
2013,12,7.468513271496337,1,0,69,5,0.0,0.0014956998628941791,5,0,1,0,0
2017,3,6.29156913955832,1,0,9,5,0.3333333333333333,0.010594540695500436,2,0,1,0,0
2017,9,5.8805329864007,1,0,45,5,0.2222222222222222,0.01171631559267107,5,0,1,0,0
2018,8,3.6375861597263857,1,0,4,5,0.25,0.0001246416552411816,0,1,0,0,0
2018,2,5.318119993844216,2,1,14,5,0.14285714285714285,0.0012464165524118161,0,1,0,0,0
2018,1,5.476463551931511,1,0,59,7,0.0,0.0021189081391000874,0,0,0,1,0
2018,2,5.2832037287379885,1,0,14,5,0.14285714285714285,0.0012464165524118161,0,1,0,0,0
2018,6,4.1588830833596715,1,0,112,5,0.125,0.0017449831733765424,0,1,0,0,0
2014,5,7.360103972989152,1,0,2,2,0.0,0.0002492833104823632,0,0,1,0,0
2013,12,7.453561871643373,1,0,2,2,0.0,0.0002492833104823632,2,1,0,0,0
2018,1,5.351858133476067,1,0,12,5,0.08333333333333333,0.004861024554406083,2,0,1,0,0
2017,4,6.042632833682381,1,0,10,5,0.0,0.010594540695500436,2,0,1,0,0
2016,10,6.408528791059498,1,0,59,7,0.0,0.009472765798329803,2,0,1,0,0
2017,9,5.476463551931511,1,0,10,2,0.0,0.010594540695500436,2,0,1,0,0
2017,5,5.8805329864007,1,0,3,2,0.0,0.0002492833104823632,0,0,0,1,0
2017,11,5.170483995038151,1,0,5,0,0.0,0.0021189081391000874,0,0,0,1,0
2016,4,6.620073206530356,1,0,1,0,0.0,0.0001246416552411816,0,0,1,0,0
2016,8,6.428105272684596,1,0,2,0,0.5,0.0002492833104823632,0,0,1,0,0
2017,7,5.68697535633982,1,0,9,2,0.0,0.006481366072541443,2,0,1,0,0
2017,9,5.3706380281276624,1,0,17,5,0.23529411764705882,0.0002492833104823632,2,0,1,0,0
2017,9,5.384495062789089,1,0,4,5,0.75,0.0002492833104823632,0,0,1,0,0
2017,11,5.1298987149230735,1,0,3,0,0.3333333333333333,0.0001246416552411816,0,0,1,0,0
2016,8,6.413458957167357,2,1,24,5,0.375,0.0049856662096472645,5,1,0,0,0
2016,8,6.413458957167357,1,0,24,5,0.375,0.0049856662096472645,0,1,0,0,0
2017,9,5.318119993844216,2,1,7,5,0.7142857142857143,0.0003739249657235448,2,1,0,0,0
2017,6,5.71042701737487,1,0,14,5,0.14285714285714285,0.0001246416552411816,5,1,0,0,0
2016,1,6.726233402358747,1,0,9,5,0.0,0.0001246416552411816,0,1,0,0,0
2016,3,6.647688373563329,1,0,112,5,0.125,0.0017449831733765424,0,1,0,0,0
2017,5,5.802118375377063,1,0,9,5,0.2222222222222222,0.0007478499314470896,0,1,0,0,0
2017,12,4.897839799950911,4,1,5,5,0.8,0.0002492833104823632,0,1,0,0,0
2016,3,6.647688373563329,1,0,18,5,0.16666666666666666,0.009098840832606257,0,1,0,0,0
2017,7,5.616771097666572,2,1,3,0,0.3333333333333333,0.035398230088495575,0,1,0,0,0
2017,4,5.8998973535824915,1,0,40,5,0.125,0.0004985666209647265,0,1,0,0,0
2016,11,6.22455842927536,1,0,21,7,0.14285714285714285,0.000997133241929453,0,1,0,0,0
2018,2,3.8918202981106265,1,0,11,5,0.18181818181818182,0.0004985666209647265,0,1,0,0,0
2017,11,4.955827057601261,1,0,33,5,0.42424242424242425,0.003365324691511903,5,1,0,0,0
2016,11,6.22455842927536,1,0,21,7,0.14285714285714285,0.000997133241929453,2,1,0,0,0
2017,9,5.318119993844216,1,0,10,5,0.4,0.0001246416552411816,2,0,1,0,0
2017,7,5.521460917862246,2,1,1,2,1.0,0.009472765798329803,2,1,0,0,0
2017,1,6.091309882077698,1,0,20,5,0.15,0.005982799451576717,0,1,0,0,0
2017,9,5.2832037287379885,1,0,1,0,0.0,0.0008724915866882712,0,1,0,0,0
2016,4,6.54965074223381,1,0,10,5,0.0,0.0002492833104823632,2,1,0,0,0
2017,10,5.087596335232384,1,0,11,5,0.2727272727272727,0.009098840832606257,2,0,1,0,0
2016,12,6.169610732491456,3,1,37,6,0.2972972972972973,0.0036146080019942664,5,1,0,0,0
2015,5,6.962243464266207,1,0,4,5,0.0,0.005982799451576717,5,1,0,0,0
2014,11,7.106606137727303,1,0,3,3,0.0,0.029664713947401222,3,0,1,0,0
1999,2,8.851663425366777,1,0,2,0,0.0,0.0001246416552411816,0,0,1,0,0
2017,3,5.937536205082426,2,1,3,5,0.6666666666666666,0.005982799451576717,5,1,0,0,0
2017,4,5.820082930352362,1,0,13,2,0.07692307692307693,0.001869624828617724,0,0,1,0,0
2017,10,4.948759890378168,1,0,33,5,0.42424242424242425,0.003365324691511903,0,1,0,0,0
2017,5,5.71042701737487,2,1,6,2,0.5,0.0001246416552411816,0,1,0,0,0
2017,9,5.1298987149230735,1,0,17,5,0.23529411764705882,0.003988532967717812,0,1,0,0,0
2016,8,6.333279628139691,1,0,6,2,0.16666666666666666,0.0003739249657235448,0,1,0,0,0
2017,6,5.560681631015528,2,1,3,0,0.3333333333333333,0.0001246416552411816,0,1,0,0,0
2017,8,5.318119993844216,1,0,1,5,0.0,0.0002492833104823632,5,1,0,0,0
2016,5,6.490723534502507,1,0,2,2,0.0,0.003739249657235448,2,0,1,0,0
2017,5,5.71042701737487,1,0,7,2,0.5714285714285714,0.0003739249657235448,2,1,0,0,0
2017,9,5.170483995038151,1,0,22,5,0.0,0.009098840832606257,3,0,1,0,0
2017,3,5.937536205082426,1,0,1,5,0.0,0.005982799451576717,5,1,0,0,0
2018,3,0.6931471805599453,1,0,29,5,0.0,0.029664713947401222,5,0,0,1,0
2017,11,4.663439094112067,1,0,21,6,0.047619047619047616,0.019693381528106693,0,0,0,1,0
2017,9,5.087596335232384,1,0,13,3,0.0,0.000997133241929453,0,0,0,1,0
2017,3,5.8805329864007,1,0,21,7,0.14285714285714285,0.004861024554406083,0,0,0,1,0
2017,11,4.844187086458591,1,0,5,0,0.0,0.0021189081391000874,0,0,0,1,0
2017,11,4.718498871295094,1,0,5,0,0.0,0.0021189081391000874,0,0,0,1,0
2017,3,5.846438775057725,1,0,10,5,0.4,0.003988532967717812,0,1,0,0,0
2016,11,6.182084906716632,1,0,21,7,0.14285714285714285,0.0008724915866882712,0,1,0,0,0
2016,4,6.530877627725885,1,0,6,1,0.0,0.029664713947401222,0,1,0,0,0
2017,3,5.8522024797744745,1,0,14,5,0.14285714285714285,0.0012464165524118161,0,1,0,0,0
2017,6,5.560681631015528,1,0,1,0,0.0,0.0012464165524118161,0,1,0,0,0
2017,3,5.84354441703136,1,0,38,5,0.34210526315789475,0.002243549794341269,0,1,0,0,0
2017,10,4.787491742782046,1,0,15,2,0.13333333333333333,0.0034899663467530847,0,1,0,0,0
2017,10,4.787491742782046,2,1,6,5,0.6666666666666666,0.0034899663467530847,0,1,0,0,0
2017,4,5.780743515792329,1,0,9,2,0.0,0.009846690764053347,0,1,0,0,0
2016,11,6.163314804034641,1,0,10,5,0.0,0.0001246416552411816,0,1,0,0,0
2017,9,5.170483995038151,1,0,12,3,0.0,0.0001246416552411816,0,1,0,0,0
2017,12,4.442651256490317,1,0,54,5,0.14814814814814814,0.004861024554406083,2,1,0,0,0
2017,1,5.955837369464831,1,0,3,5,0.0,0.0003739249657235448,5,1,0,0,0
2017,4,5.69035945432406,1,0,19,5,0.0,0.02492833104823632,5,1,0,0,0
2017,9,5.081404364984463,2,1,4,5,0.5,0.006107441106817898,5,1,0,0,0
2017,11,4.59511985013459,1,0,15,6,0.0,0.0007478499314470896,4,0,1,0,0
2017,11,4.532599493153256,1,0,38,5,0.34210526315789475,0.0001246416552411816,0,1,0,0,0
2017,11,4.532599493153256,2,1,38,5,0.34210526315789475,0.001994266483858906,0,1,0,0,0
2017,10,4.787491742782046,1,0,38,5,0.34210526315789475,0.001994266483858906,0,1,0,0,0
2017,11,4.3694478524670215,1,0,54,5,0.14814814814814814,0.004861024554406083,0,1,0,0,0
2017,9,4.962844630259907,1,0,11,5,0.18181818181818182,0.003739249657235448,0,1,0,0,0
2017,3,5.823045895483019,1,0,48,5,0.020833333333333332,0.0001246416552411816,0,1,0,0,0
2016,4,6.499787040655854,1,0,8,2,0.0,0.0007478499314470896,0,1,0,0,0
2016,11,6.091309882077698,1,0,17,5,0.23529411764705882,0.0011217748971706345,5,0,1,0,0
2017,7,5.384495062789089,1,0,3,5,0.3333333333333333,0.0007478499314470896,0,0,1,0,0
2017,6,5.41610040220442,1,0,3,0,0.3333333333333333,0.0001246416552411816,0,0,1,0,0
2017,12,4.2626798770413155,1,0,54,5,0.14814814814814814,0.004861024554406083,0,1,0,0,0
2017,6,5.5053315359323625,1,0,29,5,0.0,0.0004985666209647265,0,1,0,0,0
2017,2,5.863631175598097,1,0,2,0,0.0,0.0002492833104823632,0,1,0,0,0
2016,10,6.152732694704104,2,1,8,5,0.375,0.0001246416552411816,5,1,0,0,0
2016,8,6.26530121273771,2,1,7,5,0.5714285714285714,0.0001246416552411816,5,1,0,0,0
2017,4,5.641907070938114,1,0,63,6,0.09523809523809523,0.0017449831733765424,5,1,0,0,0
2017,3,5.736572297479192,1,0,38,5,0.34210526315789475,0.0003739249657235448,0,1,0,0,0
2016,7,6.366470447731438,1,0,4,2,0.0,0.0007478499314470896,0,1,0,0,0
2016,12,6.061456918928017,1,0,37,6,0.2972972972972973,0.0036146080019942664,0,1,0,0,0
2017,11,4.276666119016055,2,1,33,5,0.42424242424242425,0.003365324691511903,0,1,0,0,0
2016,8,6.238324625039508,1,0,24,5,0.375,0.0049856662096472645,5,1,0,0,0
2017,12,3.912023005428146,1,0,54,5,0.14814814814814814,0.004861024554406083,2,1,0,0,0
2015,9,6.747586526829315,1,0,1,0,0.0,0.008724915866882713,0,0,1,0,0
2017,10,4.442651256490317,1,0,23,5,0.0,0.0021189081391000874,3,0,1,0,0
2017,9,4.663439094112067,1,0,4,2,0.0,0.000997133241929453,0,0,1,0,0
2017,12,3.58351893845611,1,0,22,5,0.0,0.0043624579334413565,0,0,1,0,0
2017,9,4.663439094112067,1,0,17,5,0.23529411764705882,0.003988532967717812,0,1,0,0,0
2017,12,3.7612001156935624,2,1,54,5,0.14814814814814814,0.004861024554406083,0,1,0,0,0
2017,12,3.7612001156935624,1,0,54,5,0.14814814814814814,0.004861024554406083,0,1,0,0,0
2017,6,5.41610040220442,2,1,1,0,1.0,0.005982799451576717,0,1,0,0,0
2017,11,4.1588830833596715,1,0,3,2,0.0,0.0001246416552411816,0,1,0,0,0
2017,1,5.8971538676367405,1,0,1,0,0.0,0.0001246416552411816,0,1,0,0,0
2017,5,5.480638923341991,1,0,28,5,0.2857142857142857,0.0002492833104823632,0,1,0,0,0
2017,8,4.912654885736052,2,1,9,5,0.3333333333333333,0.005110307864888446,2,1,0,0,0
2016,4,6.45833828334479,2,1,1,5,1.0,0.0043624579334413565,5,1,0,0,0
2017,10,4.454347296253507,1,0,33,6,0.2727272727272727,0.0014956998628941791,2,1,0,0,0
2017,9,4.736198448394496,2,1,45,5,0.2222222222222222,0.009098840832606257,5,1,0,0,0
2017,8,5.0369526024136295,2,1,5,5,0.2,0.0004985666209647265,5,1,0,0,0
2016,7,6.304448802421981,1,0,63,6,0.09523809523809523,0.0017449831733765424,2,1,0,0,0
2016,12,5.973809611869261,1,0,1,0,0.0,0.0001246416552411816,0,1,0,0,0
2016,6,6.336825731146441,2,1,10,5,0.4,0.003988532967717812,0,1,0,0,0
2017,10,4.3694478524670215,1,0,33,6,0.2727272727272727,0.0014956998628941791,0,1,0,0,0
2017,12,3.58351893845611,3,1,54,5,0.14814814814814814,0.004861024554406083,0,1,0,0,0
2016,4,6.424869023905388,1,0,13,5,0.3076923076923077,0.010594540695500436,0,1,0,0,0
2017,10,4.442651256490317,1,0,22,5,0.18181818181818182,0.001994266483858906,0,1,0,0,0
2016,4,6.45833828334479,2,1,3,0,0.3333333333333333,0.0001246416552411816,0,1,0,0,0
2015,7,6.794586580876499,2,1,5,5,0.8,0.0043624579334413565,5,1,0,0,0
2017,9,4.727387818712341,2,1,12,5,0.5,0.0008724915866882712,5,1,0,0,0
2017,8,4.997212273764115,1,0,69,5,0.0,0.0007478499314470896,2,0,1,0,0
2017,5,5.3471075307174685,2,1,40,5,0.125,0.002243549794341269,0,1,0,0,0
2017,9,4.532599493153256,1,0,45,5,0.2222222222222222,0.0004985666209647265,0,1,0,0,0
2016,12,5.902633333401366,1,0,1,0,0.0,0.0003739249657235448,0,1,0,0,0
2017,9,4.663439094112067,1,0,87,5,0.25287356321839083,0.0034899663467530847,2,1,0,0,0
2017,3,5.58724865840025,1,0,13,5,0.15384615384615385,0.0011217748971706345,0,1,0,0,0
2017,8,4.836281906951478,1,0,6,2,0.0,0.0023681914495824507,2,1,0,0,0
2017,10,3.912023005428146,1,0,69,5,0.0,0.0021189081391000874,2,0,1,0,0
2017,11,3.7612001156935624,1,0,12,3,0.0,0.01246416552411816,2,0,1,0,0
2016,7,6.251903883165888,1,0,6,5,0.0,0.0006232082762059081,5,1,0,0,0
2016,10,6.042632833682381,1,0,87,5,0.25287356321839083,0.0002492833104823632,2,0,1,0,0
2017,4,5.5053315359323625,1,0,15,5,0.26666666666666666,0.0004985666209647265,2,1,0,0,0
2016,12,5.940171252720432,1,0,37,6,0.2972972972972973,0.0036146080019942664,5,1,0,0,0
2017,6,5.2832037287379885,1,0,4,3,0.0,0.003739249657235448,0,0,1,0,0
2017,9,4.5217885770490405,1,0,38,5,0.34210526315789475,0.001994266483858906,0,1,0,0,0
2017,9,4.59511985013459,1,0,87,5,0.25287356321839083,0.003988532967717812,2,1,0,0,0
2016,12,5.921578419643816,2,1,17,5,0.11764705882352941,0.003365324691511903,0,1,0,0,0
2017,10,4.060443010546419,1,0,33,6,0.2727272727272727,0.0014956998628941791,0,1,0,0,0
2016,10,6.028278520230698,1,0,3,5,0.0,0.0001246416552411816,5,1,0,0,0
2016,12,5.863631175598097,1,0,3,0,0.3333333333333333,0.0001246416552411816,0,1,0,0,0
2017,10,3.9318256327243257,1,0,33,6,0.2727272727272727,0.0014956998628941791,0,1,0,0,0
2016,5,6.354370040797351,1,0,112,5,0.125,0.0017449831733765424,0,1,0,0,0
2017,9,4.5217885770490405,1,0,2,5,0.0,0.008724915866882713,2,0,1,0,0
2017,9,4.3694478524670215,1,0,45,5,0.2222222222222222,0.009098840832606257,5,1,0,0,0
2017,6,5.1298987149230735,3,1,3,5,0.3333333333333333,0.0007478499314470896,5,1,0,0,0
2017,2,5.717027701406222,1,0,19,5,0.0,0.003365324691511903,5,1,0,0,0
2016,4,6.401917196727186,1,0,9,2,0.0,0.0002492833104823632,0,0,1,0,0
2016,11,5.918893854273146,3,1,6,5,1.0,0.0001246416552411816,0,1,0,0,0
2017,3,5.602118820879701,1,0,48,5,0.020833333333333332,0.0011217748971706345,0,1,0,0,0
2016,10,6.025865973825314,2,1,11,5,0.45454545454545453,0.003365324691511903,5,1,0,0,0
2017,6,5.176149732573829,4,1,13,5,0.5384615384615384,0.003739249657235448,2,1,0,0,0
2017,9,4.1588830833596715,1,0,3,2,0.0,0.0021189081391000874,0,0,1,0,0
2017,4,5.2832037287379885,1,0,5,2,0.0,0.0001246416552411816,0,0,1,0,0
2016,11,5.8998973535824915,2,1,12,5,0.5,0.0008724915866882712,0,1,0,0,0
2016,2,6.45833828334479,1,0,2,0,0.0,0.0004985666209647265,0,1,0,0,0
2017,6,4.948759890378168,1,0,2,5,0.5,0.0003739249657235448,2,0,1,0,0
2016,10,5.918893854273146,1,0,1,0,0.0,0.0003739249657235448,0,1,0,0,0
2016,7,6.182084906716632,2,1,10,5,0.4,0.009846690764053347,5,1,0,0,0
2016,8,6.095824562432225,3,1,24,5,0.375,0.0049856662096472645,2,1,0,0,0
2017,9,3.912023005428146,2,1,87,5,0.25287356321839083,0.0034899663467530847,0,1,0,0,0
2017,5,5.043425116919247,1,0,3,0,0.0,0.0034899663467530847,0,1,0,0,0
2017,1,5.638354669333745,1,0,1,0,0.0,0.0003739249657235448,0,1,0,0,0
2017,8,4.2626798770413155,1,0,10,5,0.4,0.0034899663467530847,0,1,0,0,0
2016,7,6.182084906716632,2,1,3,5,0.3333333333333333,0.0001246416552411816,0,1,0,0,0
2016,12,5.802118375377063,3,1,37,6,0.2972972972972973,0.0036146080019942664,0,1,0,0,0
2016,7,6.171700597410915,1,0,3,0,0.3333333333333333,0.0001246416552411816,0,1,0,0,0
2017,5,5.093750200806762,1,0,28,5,0.2857142857142857,0.0002492833104823632,0,1,0,0,0
2016,12,5.793013608384144,1,0,2,0,0.0,0.0002492833104823632,0,1,0,0,0
2017,4,5.25227342804663,1,0,9,5,0.1111111111111111,0.0008724915866882712,2,1,0,0,0
2016,12,5.777652323222656,2,1,4,5,0.5,0.0021189081391000874,5,1,0,0,0
2016,11,5.860786223465865,1,0,1,2,0.0,0.0002492833104823632,2,1,0,0,0
2016,10,5.918893854273146,1,0,21,6,0.047619047619047616,0.0034899663467530847,0,1,0,0,0
2016,11,5.840641657373398,1,0,22,5,0.18181818181818182,0.002243549794341269,0,1,0,0,0
2017,7,4.663439094112067,1,0,11,5,0.18181818181818182,0.0004985666209647265,0,1,0,0,0
2016,6,6.182084906716632,1,0,112,5,0.125,0.0017449831733765424,0,1,0,0,0
2017,7,4.672828834461906,1,0,87,5,0.25287356321839083,0.003988532967717812,5,1,0,0,0
2016,7,6.115892125483034,1,0,21,6,0.047619047619047616,0.0034899663467530847,5,1,0,0,0
2016,4,6.284134161070802,1,0,69,5,0.0,0.006107441106817898,0,0,1,0,0
2017,2,5.476463551931511,1,0,6,5,0.0,0.0017449831733765424,0,0,1,0,0
2016,11,5.840641657373398,1,0,7,2,0.42857142857142855,0.005608874485853172,0,0,1,0,0
2017,3,5.351858133476067,1,0,2,5,0.0,0.0049856662096472645,5,1,0,0,0
2017,4,4.997212273764115,1,0,10,5,0.0,0.003365324691511903,0,1,0,0,0
2017,4,4.997212273764115,2,1,17,5,0.7647058823529411,0.000997133241929453,0,1,0,0,0
2017,4,4.997212273764115,2,1,63,6,0.09523809523809523,0.0017449831733765424,0,1,0,0,0
2016,7,6.075346031088684,3,1,1,0,1.0,0.0001246416552411816,0,1,0,0,0
2016,3,6.329720905522696,1,0,112,5,0.125,0.0017449831733765424,2,1,0,0,0
2016,6,6.137727054086234,1,0,2,2,0.0,0.029664713947401222,2,1,0,0,0
2016,11,5.71042701737487,1,0,2,2,0.0,0.029664713947401222,0,0,1,0,0
2017,4,4.997212273764115,1,0,87,5,0.25287356321839083,0.0034899663467530847,0,1,0,0,0
2016,11,5.720311776607412,1,0,10,5,0.0,0.0001246416552411816,0,1,0,0,0
2017,5,4.844187086458591,1,0,40,5,0.125,0.01171631559267107,2,0,1,0,0
2016,12,5.605802066295998,1,0,3,2,0.6666666666666666,0.0001246416552411816,2,1,0,0,0
2017,3,5.093750200806762,1,0,10,5,0.3,0.003365324691511903,2,1,0,0,0
2016,7,6.025865973825314,1,0,3,0,0.3333333333333333,0.0001246416552411816,0,0,1,0,0
2017,4,4.948759890378168,1,0,40,5,0.125,0.0002492833104823632,0,1,0,0,0
2017,4,5.049856007249537,1,0,8,5,0.625,0.0003739249657235448,0,1,0,0,0
2017,4,5.075173815233827,1,0,13,2,0.07692307692307693,0.0001246416552411816,0,1,0,0,0
2017,1,5.41610040220442,1,0,15,5,0.26666666666666666,0.0004985666209647265,2,0,1,0,0
2015,12,6.46302945692067,1,0,54,5,0.14814814814814814,0.013710582076529976,5,1,0,0,0
2017,7,4.04305126783455,1,0,45,5,0.2222222222222222,0.005982799451576717,5,1,0,0,0
2017,4,4.852030263919617,1,0,63,6,0.09523809523809523,0.0017449831733765424,2,1,0,0,0
2016,6,6.113682179832232,1,0,15,5,0.26666666666666666,0.0004985666209647265,0,1,0,0,0
2017,4,4.897839799950911,1,0,1,0,0.0,0.0011217748971706345,0,1,0,0,0
2017,4,4.997212273764115,1,0,45,5,0.2222222222222222,0.005982799451576717,0,1,0,0,0
2016,9,5.8805329864007,1,0,1,5,0.0,0.0004985666209647265,5,1,0,0,0
2017,7,3.58351893845611,1,0,50,5,0.0,0.029664713947401222,0,0,1,0,0
2017,3,5.170483995038151,2,1,7,5,0.5714285714285714,0.0001246416552411816,0,1,0,0,0
2017,3,5.056245805348308,1,0,1,0,0.0,0.0001246416552411816,0,1,0,0,0
2017,1,5.356586274672012,1,0,15,5,0.26666666666666666,0.0004985666209647265,5,1,0,0,0
2017,4,4.897839799950911,1,0,17,5,0.058823529411764705,0.0024928331048236323,0,1,0,0,0
2016,7,5.8805329864007,1,0,2,2,0.0,0.013835223731771158,0,1,0,0,0
2013,5,7.322510433997394,1,0,1,2,0.0,0.01632805683659479,2,1,0,0,0
2017,4,4.553876891600541,1,0,63,6,0.09523809523809523,0.0017449831733765424,5,1,0,0,0
2016,11,5.476463551931511,1,0,9,5,0.1111111111111111,0.005982799451576717,3,0,1,0,0
2016,9,5.6937321388027,1,0,50,7,0.0,0.004487099588682538,5,1,0,0,0
2016,11,5.41610040220442,1,0,9,5,0.5555555555555556,0.0001246416552411816,5,1,0,0,0
2017,3,4.663439094112067,1,0,38,5,0.34210526315789475,0.0021189081391000874,0,1,0,0,0
2016,12,5.389071729816501,1,0,112,5,0.125,0.0017449831733765424,0,1,0,0,0
2016,9,5.71042701737487,3,1,12,3,0.16666666666666666,0.010594540695500436,0,0,1,0,0
2016,9,5.662960480135946,1,0,9,5,0.1111111111111111,0.004113174622958993,0,0,1,0,0
2016,11,5.44673737166631,2,1,6,2,0.5,0.0008724915866882712,2,1,0,0,0
2016,9,5.652489180268651,1,0,11,5,0.8181818181818182,0.006107441106817898,5,1,0,0,0
2016,12,5.247024072160486,1,0,18,5,0.16666666666666666,0.003365324691511903,5,1,0,0,0
2016,4,6.091309882077698,1,0,18,5,0.16666666666666666,0.009098840832606257,5,1,0,0,0
2016,9,5.713732805509369,1,0,50,7,0.0,0.004487099588682538,5,1,0,0,0
2016,9,5.697093486505405,2,1,10,5,0.2,0.0049856662096472645,5,1,0,0,0
2017,1,5.1647859739235145,1,0,48,5,0.020833333333333332,0.0011217748971706345,0,1,0,0,0
2017,3,4.5217885770490405,3,1,13,5,0.5384615384615384,0.009846690764053347,2,1,0,0,0
2015,9,6.464588303689961,1,0,7,2,0.0,0.0001246416552411816,0,0,1,0,0
2016,11,5.384495062789089,1,0,9,5,0.1111111111111111,0.005982799451576717,5,1,0,0,0
2017,2,4.948759890378168,1,0,38,5,0.34210526315789475,0.0021189081391000874,2,1,0,0,0
2016,10,5.5053315359323625,2,1,1,0,1.0,0.0002492833104823632,0,1,0,0,0
2016,10,5.476463551931511,2,1,4,2,1.0,0.0011217748971706345,0,1,0,0,0
2016,12,5.288267030694535,2,1,13,5,0.23076923076923078,0.003739249657235448,5,1,0,0,0
2016,3,6.1675164908883415,1,0,1,0,0.0,0.0021189081391000874,0,1,0,0,0
2017,3,4.454347296253507,1,0,38,5,0.34210526315789475,0.001994266483858906,0,1,0,0,0
2017,2,4.897839799950911,2,1,6,2,0.5,0.005982799451576717,2,1,0,0,0
2016,6,5.8805329864007,1,0,112,5,0.125,0.0017449831733765424,5,1,0,0,0
2017,5,3.58351893845611,1,0,23,5,0.391304347826087,0.0003739249657235448,0,0,1,0,0
2017,5,3.332204510175204,1,0,1,0,0.0,0.0014956998628941791,0,1,0,0,0
2015,11,6.29156913955832,1,0,13,2,0.07692307692307693,0.0021189081391000874,2,1,0,0,0
2016,11,5.1298987149230735,2,1,27,5,0.25925925925925924,0.0021189081391000874,5,1,0,0,0
2017,4,2.833213344056216,1,0,2,0,0.0,0.0001246416552411816,0,1,0,0,0
2016,12,5.0106352940962555,2,1,3,2,1.0,0.0001246416552411816,0,1,0,0,0
2016,9,5.384495062789089,1,0,1,0,0.0,0.0001246416552411816,0,1,0,0,0
2017,3,4.1588830833596715,1,0,12,2,0.0,0.001994266483858906,0,0,1,0,0
2017,1,4.59511985013459,1,0,14,5,0.21428571428571427,0.0001246416552411816,0,0,1,0,0
2016,1,6.19644412779452,1,0,3,5,0.0,0.0001246416552411816,5,1,0,0,0
2016,4,5.973809611869261,1,0,2,0,0.0,0.0001246416552411816,0,1,0,0,0
2017,4,2.302585092994046,2,1,5,5,0.4,0.0043624579334413565,5,1,0,0,0
2016,6,5.733341276897746,1,0,112,5,0.125,0.0017449831733765424,0,1,0,0,0
2016,7,5.662960480135946,2,1,1,0,1.0,0.0001246416552411816,0,1,0,0,0
2016,6,5.799092654460526,3,1,3,2,0.6666666666666666,0.0049856662096472645,0,1,0,0,0
2016,12,4.997212273764115,1,0,13,3,0.0,0.02492833104823632,3,0,1,0,0
2016,4,5.958424693029782,1,0,14,5,0.0,0.006107441106817898,5,1,0,0,0
2016,11,5.087596335232384,1,0,14,5,0.21428571428571427,0.0001246416552411816,5,1,0,0,0
2015,12,6.234410725718371,1,0,7,2,0.0,0.010594540695500436,0,0,1,0,0
2015,10,6.3473892096560105,2,1,7,5,0.5714285714285714,0.005982799451576717,2,1,0,0,0
2016,3,6.008813185442595,1,0,2,2,0.0,0.0001246416552411816,0,1,0,0,0
2016,3,6.025865973825314,1,0,18,5,0.16666666666666666,0.009098840832606257,5,1,0,0,0
2016,10,5.214935757608986,3,1,6,5,0.6666666666666666,0.005982799451576717,5,1,0,0,0
2016,11,5.087596335232384,1,0,1,2,0.0,0.003365324691511903,2,1,0,0,0
2016,1,6.091309882077698,1,0,4,5,0.5,0.006107441106817898,2,1,0,0,0
2016,6,5.68697535633982,5,1,1,2,1.0,0.005982799451576717,2,1,0,0,0
2016,5,5.777652323222656,2,1,1,5,1.0,0.0004985666209647265,5,1,0,0,0
2016,11,5.043425116919247,1,0,22,5,0.18181818181818182,0.0004985666209647265,5,1,0,0,0
2015,9,6.335054251498059,1,0,1,5,0.0,0.0008724915866882712,5,1,0,0,0
2015,9,6.354370040797351,1,0,1,2,0.0,0.0008724915866882712,2,1,0,0,0
2016,9,5.2832037287379885,1,0,4,2,0.0,0.0001246416552411816,0,0,1,0,0
2016,11,4.663439094112067,1,0,19,5,0.0,0.006481366072541443,0,0,1,0,0
2016,5,5.662960480135946,2,1,22,5,0.5,0.006481366072541443,5,1,0,0,0
2016,12,4.454347296253507,1,0,12,5,0.16666666666666666,0.009472765798329803,0,1,0,0,0
2016,3,5.860786223465865,1,0,14,5,0.07142857142857142,0.0008724915866882712,0,1,0,0,0
2016,9,5.049856007249537,2,1,27,5,0.25925925925925924,0.0021189081391000874,5,1,0,0,0
2016,11,4.5217885770490405,1,0,12,2,0.0,0.008724915866882713,0,0,1,0,0
2016,4,5.68697535633982,2,1,23,5,0.391304347826087,0.001994266483858906,2,1,0,0,0
2016,1,5.991464547107982,1,0,9,5,0.2222222222222222,0.009098840832606257,0,0,1,0,0
2016,6,5.501258210544727,1,0,1,0,0.0,0.029664713947401222,0,1,0,0,0
2016,9,5.1298987149230735,1,0,50,7,0.0,0.004487099588682538,0,1,0,0,0
2016,9,4.948759890378168,1,0,5,5,0.2,0.0049856662096472645,0,1,0,0,0
2016,9,4.948759890378168,1,0,54,5,0.14814814814814814,0.003365324691511903,5,1,0,0,0
2016,6,5.4510384535657,1,0,4,5,0.0,0.005982799451576717,5,1,0,0,0
2016,9,4.962844630259907,1,0,50,7,0.0,0.004487099588682538,5,1,0,0,0
2016,11,4.442651256490317,1,0,22,5,0.18181818181818182,0.0021189081391000874,2,1,0,0,0
2016,6,5.488937726156687,1,0,21,6,0.047619047619047616,0.006481366072541443,2,1,0,0,0
2016,3,5.820082930352362,1,0,18,5,0.16666666666666666,0.005982799451576717,0,1,0,0,0
2015,4,6.492239835020471,1,0,54,5,0.14814814814814814,0.009098840832606257,2,0,1,0,0
2013,2,7.270312886079025,1,0,2,0,0.0,0.008724915866882713,0,0,1,0,0
2015,11,6.068425588244111,1,0,3,5,0.0,0.009098840832606257,4,0,1,0,0
2015,12,6.035481432524756,1,0,6,3,0.0,0.00311604138102954,2,0,1,0,0
2016,11,4.2626798770413155,1,0,13,2,0.0,0.006481366072541443,0,0,1,0,0
2016,9,4.90527477843843,1,0,50,7,0.0,0.004487099588682538,0,1,0,0,0
2016,1,5.937536205082426,1,0,5,5,0.4,0.0043624579334413565,0,1,0,0,0
2016,12,3.912023005428146,1,0,3,5,0.0,0.009846690764053347,2,0,1,0,0
2016,10,4.5217885770490405,1,0,22,5,0.18181818181818182,0.0021189081391000874,0,1,0,0,0
2016,10,4.442651256490317,1,0,5,2,0.0,0.006481366072541443,2,0,1,0,0
2016,5,5.5053315359323625,1,0,17,5,0.11764705882352941,0.001994266483858906,5,1,0,0,0
2016,9,4.6913478822291435,1,0,112,5,0.125,0.0017449831733765424,5,1,0,0,0
2014,12,6.593044534142437,1,0,17,5,0.7647058823529411,0.0043624579334413565,5,1,0,0,0
2015,10,6.056784013228625,2,1,1,5,1.0,0.0043624579334413565,5,1,0,0,0
2015,12,5.8916442118257715,1,0,54,5,0.14814814814814814,0.009098840832606257,2,0,1,0,0
2014,9,6.71174039505618,1,0,38,5,0.34210526315789475,0.002243549794341269,2,0,1,0,0
2015,6,6.3080984415095305,1,0,38,5,0.34210526315789475,0.002243549794341269,2,0,1,0,0
2015,11,5.87493073085203,1,0,7,4,0.14285714285714285,0.0008724915866882712,4,0,0,1,0
2009,8,7.876638460975463,1,0,4,0,0.0,0.0001246416552411816,0,0,1,0,0
2016,8,4.356708826689592,1,0,50,5,0.0,0.029664713947401222,5,0,1,0,0
2016,10,3.091042453358316,1,0,4,2,0.0,0.029664713947401222,2,0,1,0,0
2016,3,5.44673737166631,1,0,2,5,0.0,0.003365324691511903,5,1,0,0,0
2016,5,5.272999558563747,2,1,11,5,0.8181818181818182,0.006107441106817898,5,1,0,0,0
2016,2,5.6131281063880705,1,0,4,0,0.0,0.003365324691511903,0,1,0,0,0
2016,2,5.6131281063880705,1,0,1,2,0.0,0.0008724915866882712,2,0,1,0,0
2014,8,6.71295620067707,1,0,3,5,0.0,0.009098840832606257,5,0,1,0,0
2014,10,6.612041034833092,1,0,21,6,0.047619047619047616,0.008724915866882713,5,0,1,0,0
2015,3,6.366470447731438,1,0,22,5,0.18181818181818182,0.002243549794341269,0,0,1,0,0
2015,6,6.251903883165888,1,0,13,5,0.5384615384615384,0.003739249657235448,2,0,1,0,0
2016,5,5.147494476813453,1,0,13,2,0.07692307692307693,0.0021189081391000874,2,0,1,0,0
2015,9,5.998936561946683,1,0,13,2,0.07692307692307693,0.0021189081391000874,2,1,0,0,0
2015,10,5.91350300563827,1,0,6,3,0.0,0.00311604138102954,0,1,0,0,0
2016,3,5.476463551931511,2,1,2,0,0.5,0.000997133241929453,0,1,0,0,0
2015,11,5.863631175598097,1,0,1,2,0.0,0.013835223731771158,2,1,0,0,0
2015,11,5.863631175598097,1,0,8,5,0.125,0.013835223731771158,2,1,0,0,0
2015,11,5.863631175598097,1,0,8,5,0.125,0.013835223731771158,5,1,0,0,0
2016,4,5.19295685089021,1,0,17,5,0.11764705882352941,0.0021189081391000874,0,1,0,0,0
2016,5,5.1298987149230735,1,0,48,5,0.020833333333333332,0.0011217748971706345,0,1,0,0,0
2016,3,5.41610040220442,1,0,18,5,0.16666666666666666,0.003365324691511903,2,1,0,0,0
2016,5,5.117993812416755,2,1,13,6,0.5384615384615384,0.0017449831733765424,2,1,0,0,0
2016,8,4.31748811353631,2,1,7,5,0.7142857142857143,0.003365324691511903,5,1,0,0,0
2016,4,5.247024072160486,1,0,1,0,0.0,0.010594540695500436,0,0,1,0,0
2015,11,5.272999558563747,1,0,5,2,0.0,0.0001246416552411816,0,0,1,0,0
2015,10,5.3706380281276624,1,0,347,5,0.0,0.0007478499314470896,0,0,1,0,0
2015,11,5.342334251964811,1,0,20,5,0.0,0.006481366072541443,2,0,1,0,0
2016,4,3.58351893845611,1,0,25,5,0.0,0.008724915866882713,5,0,1,0,0
2016,2,4.5217885770490405,1,0,6,5,0.0,0.010594540695500436,0,0,1,0,0
2016,2,4.356708826689592,2,1,3,5,0.6666666666666666,0.0013710582076529975,0,1,0,0,0
2016,3,4.1588830833596715,1,0,13,5,0.23076923076923078,0.0002492833104823632,0,0,1,0,0
2015,11,5.043425116919247,1,0,13,2,0.0,0.009846690764053347,2,0,1,0,0
2016,3,3.044522437723423,1,0,29,5,0.0,0.029664713947401222,2,0,1,0,0
2015,9,5.351858133476067,1,0,1,0,0.0,0.009098840832606257,0,0,1,0,0
2015,5,5.777652323222656,1,0,1,0,0.0,0.009098840832606257,0,0,1,0,0
2016,2,3.091042453358316,1,0,22,5,0.0,0.0049856662096472645,0,0,1,0,0
2016,1,3.7612001156935624,1,0,69,5,0.0,0.009098840832606257,2,0,1,0,0
2016,1,2.70805020110221,1,0,12,4,0.0,0.029664713947401222,2,0,1,0,0
2013,5,6.872128101338986,1,0,5,3,0.0,0.0004985666209647265,2,0,1,0,0
2009,2,7.825644732219989,1,0,1,0,0.0,0.00311604138102954,0,0,1,0,0
2015,2,5.768320995793772,1,0,3,4,0.0,0.009098840832606257,2,1,0,0,0
2015,1,5.831882477283517,1,0,1,0,0.0,0.009472765798329803,0,1,0,0,0
2015,5,5.493061443340548,2,1,3,0,0.6666666666666666,0.010594540695500436,0,1,0,0,0
2015,1,5.8522024797744745,1,0,27,5,0.25925925925925924,0.0004985666209647265,0,1,0,0,0
2014,3,6.47543271670409,1,0,15,6,0.0,0.0008724915866882712,0,1,0,0,0
2014,7,6.272877006546167,1,0,3,5,0.0,0.009472765798329803,0,1,0,0,0
2014,12,5.929589143389895,1,0,15,6,0.0,0.0008724915866882712,0,1,0,0,0
2015,1,5.831882477283517,1,0,1,0,0.0,0.009472765798329803,0,1,0,0,0
2015,2,5.746203190540153,1,0,14,5,0.07142857142857142,0.009472765798329803,0,1,0,0,0
2015,3,5.627621113690637,1,0,8,5,0.125,0.0004985666209647265,0,1,0,0,0
2015,1,5.8522024797744745,1,0,9,5,0.3333333333333333,0.009472765798329803,0,1,0,0,0
2015,6,5.303304908059076,1,0,27,5,0.25925925925925924,0.0004985666209647265,0,1,0,0,0
2015,9,4.653960350157523,1,0,4,2,0.0,0.02492833104823632,0,0,1,0,0
2012,12,7.002155954403621,1,0,4,0,0.0,0.0001246416552411816,0,0,1,0,0
2014,10,6.045005314036012,1,0,347,5,0.0,0.001869624828617724,2,0,1,0,0
2013,3,6.910750787961936,1,0,1,2,0.0,0.0001246416552411816,2,0,1,0,0
2014,12,5.940171252720432,1,0,7,4,0.14285714285714285,0.0008724915866882712,2,0,1,0,0
2014,12,5.958424693029782,1,0,347,5,0.0,0.001869624828617724,3,0,1,0,0
2014,4,6.437751649736401,1,0,1,3,0.0,0.0008724915866882712,3,0,1,0,0
2013,9,6.710523109452428,1,0,7,4,0.14285714285714285,0.0008724915866882712,3,0,1,0,0
2013,10,6.675823221634848,1,0,1,4,0.0,0.0008724915866882712,4,0,1,0,0
2015,6,5.176149732573829,1,0,347,5,0.0,0.0001246416552411816,0,0,1,0,0
2013,10,6.675823221634848,1,0,347,5,0.0,0.001869624828617724,0,0,1,0,0
2015,11,3.6888794541139363,1,0,347,5,0.0,0.001869624828617724,0,0,0,1,0
2012,10,7.055312843339752,1,0,347,5,0.0,0.001869624828617724,0,0,0,1,0
2014,11,5.993961427306569,1,0,347,5,0.0,0.001869624828617724,0,0,0,1,0
2014,12,5.8998973535824915,1,0,347,5,0.0,0.001869624828617724,0,0,0,1,0
2011,12,7.2991214627108,1,0,347,5,0.0,0.001869624828617724,2,0,0,1,0
2012,12,7.016609683894219,1,0,347,5,0.0,0.001869624828617724,0,0,1,0,0
2012,12,7.016609683894219,1,0,347,5,0.0,0.001869624828617724,0,0,1,0,0
2014,2,6.5337888379333435,1,0,347,5,0.0,0.001869624828617724,0,0,1,0,0
2014,8,6.226536669287466,1,0,347,5,0.0,0.001869624828617724,0,0,1,0,0
2015,5,5.4510384535657,1,0,347,5,0.0,0.001869624828617724,0,0,1,0,0
2015,9,4.564348191467836,1,0,3,0,0.0,0.029664713947401222,0,0,1,0,0
2015,11,3.5263605246161616,1,0,6,1,0.0,0.006481366072541443,0,0,1,0,0
2015,11,3.713572066704308,1,0,9,3,0.0,0.0012464165524118161,0,0,1,0,0
2015,10,4.23410650459726,1,0,2,0,0.0,0.006481366072541443,0,0,1,0,0
2015,10,4.007333185232471,1,0,9,2,0.0,0.006481366072541443,2,0,1,0,0
2015,10,3.871201010907891,1,0,3,4,0.0,0.0017449831733765424,2,0,1,0,0
2015,12,1.791759469228055,1,0,347,5,0.0,0.004736382899164901,3,0,1,0,0
2014,6,6.295266001439646,1,0,22,6,0.13636363636363635,0.01632805683659479,3,0,1,0,0
2015,6,5.2574953720277815,1,0,1,3,0.0,0.0001246416552411816,3,0,1,0,0
2015,3,4.927253685157205,1,0,29,5,0.0,0.0002492833104823632,5,0,0,1,0
2014,5,6.061456918928017,1,0,7,2,0.0,0.009098840832606257,2,0,1,0,0
2014,2,6.253828811575473,1,0,1,5,0.0,0.009098840832606257,5,0,1,0,0
2013,11,6.447305862541213,1,0,22,5,0.0,0.009098840832606257,5,0,1,0,0
2013,8,6.561030665896573,1,0,5,2,0.4,0.009098840832606257,2,0,1,0,0
2014,7,5.8888779583328805,1,0,9,2,0.0,0.009098840832606257,2,0,1,0,0
2013,7,6.586171654854675,1,0,9,2,0.0,0.009098840832606257,2,0,1,0,0
2007,10,7.9441374911141125,1,0,2,6,0.0,0.004861024554406083,6,0,1,0,0
2014,8,5.805134968916488,1,0,10,5,0.0,0.02492833104823632,5,0,1,0,0
2014,2,6.274762021241939,1,0,2,0,0.0,0.02492833104823632,0,1,0,0,0
2012,2,7.136483208590247,1,0,3,2,0.0,0.02492833104823632,2,0,1,0,0
2015,3,4.867534450455582,1,0,2,0,0.0,0.02492833104823632,0,0,1,0,0
2015,1,5.225746673713202,1,0,1,0,0.0,0.010594540695500436,0,0,1,0,0
2015,3,4.890349128221754,1,0,26,5,0.0,0.02492833104823632,0,0,1,0,0
2014,9,5.765191102784844,1,0,9,5,0.3333333333333333,0.02492833104823632,0,0,1,0,0
2015,4,4.499809670330265,1,0,4,0,0.0,0.006481366072541443,0,0,1,0,0
2015,1,5.236441962829949,1,0,10,5,0.1,0.008724915866882713,3,0,1,0,0
2014,5,6.030685260261263,1,0,20,4,0.0,0.01632805683659479,4,0,1,0,0
2014,10,5.099866427824199,1,0,1,2,0.0,0.006481366072541443,2,0,1,0,0
2014,11,4.912654885736052,1,0,13,2,0.0,0.009846690764053347,2,0,1,0,0
2014,11,4.912654885736052,1,0,4,2,0.0,0.006481366072541443,2,0,1,0,0
2014,11,4.912654885736052,1,0,5,2,0.0,0.006481366072541443,2,0,1,0,0
2014,11,5.0106352940962555,1,0,8,5,0.0,0.0008724915866882712,3,0,1,0,0
2014,5,5.796057750765372,1,0,20,4,0.0,0.01632805683659479,0,1,0,0,0
2014,11,4.912654885736052,1,0,20,4,0.0,0.01632805683659479,0,0,1,0,0
2015,3,3.6375861597263857,1,0,347,5,0.0,0.0008724915866882712,0,0,1,0,0
2014,6,5.66988092298052,1,0,347,5,0.0,0.0008724915866882712,0,0,1,0,0
2014,6,5.68697535633982,1,0,3,0,0.0,0.0008724915866882712,0,0,1,0,0
2014,11,5.0106352940962555,1,0,5,1,0.0,0.0008724915866882712,0,0,1,0,0
2015,2,2.9444389791664403,1,0,5,3,0.0,0.006481366072541443,0,0,1,0,0
2008,6,6.322565239927284,1,0,1,0,0.0,0.001869624828617724,0,1,0,0,0
2007,2,6.959398512133975,1,0,13,6,0.5384615384615384,0.0001246416552411816,4,0,1,0,0
2008,6,6.298949246855942,1,0,1,0,0.0,0.0029913997257883583,0,0,1,0,0
2007,10,6.664409020350408,1,0,13,2,0.0,0.0029913997257883583,2,0,1,0,0
2009,3,5.3981627015177525,1,0,22,5,0.5,0.0001246416552411816,3,0,1,0,0
2009,3,5.429345628954441,1,0,29,5,0.0,0.0004985666209647265,2,0,1,0,0
2008,9,4.418840607796598,1,0,2,2,0.0,0.0001246416552411816,2,0,1,0,0
2008,6,5.262690188904886,1,0,20,4,0.0,0.0028667580705471767,3,0,1,0,0
2008,11,3.4657359027997265,1,0,8,3,0.0,0.0311604138102954,0,0,0,1,0
2008,9,4.624972813284271,1,0,6,2,0.5,0.0004985666209647265,0,0,1,0,0
2008,11,3.2188758248682006,1,0,15,5,0.06666666666666667,0.0311604138102954,0,0,1,0,0
2008,10,4.204692619390966,1,0,13,5,0.0,0.0002492833104823632,0,0,1,0,0
2008,9,4.394449154672439,1,0,9,5,0.1111111111111111,0.006481366072541443,2,0,1,0,0
2008,4,5.472270673671475,1,0,26,5,0.0,0.01632805683659479,2,0,1,0,0
2008,10,4.0943445622221,1,0,20,4,0.0,0.029664713947401222,3,0,1,0,0
2008,10,3.970291913552122,1,0,59,7,0.0,0.006481366072541443,3,0,1,0,0
2008,11,3.4657359027997265,1,0,9,3,0.0,0.01632805683659479,3,0,1,0,0
2003,3,7.644440761556566,1,0,14,5,0.0,0.01632805683659479,3,0,1,0,0
2008,3,5.572154032177765,1,0,22,5,0.0,0.029664713947401222,4,0,1,0,0
2008,11,3.6635616461296463,1,0,1,2,0.0,0.02492833104823632,2,0,0,1,0
2008,12,2.6390573296152584,1,0,6,5,0.0,0.02492833104823632,3,0,0,1,0
2007,11,5.953243334287785,1,0,6,5,0.0,0.02492833104823632,5,0,0,1,0
2008,4,5.517452896464707,1,0,5,5,0.4,0.02492833104823632,0,1,0,0,0
2008,4,5.517452896464707,1,0,1,0,0.0,0.006481366072541443,0,0,1,0,0
2008,11,3.044522437723423,1,0,22,3,0.0,0.0049856662096472645,0,0,1,0,0
2008,11,3.6635616461296463,1,0,2,0,0.0,0.029664713947401222,0,0,1,0,0
2008,11,3.4657359027997265,1,0,9,5,0.0,0.029664713947401222,0,0,1,0,0
2008,10,3.970291913552122,1,0,6,2,0.0,0.0049856662096472645,0,0,1,0,0
2008,9,4.394449154672439,1,0,1,0,0.0,0.02492833104823632,0,0,1,0,0
2008,11,3.828641396489095,1,0,11,3,0.0,0.006481366072541443,0,0,1,0,0
2007,11,5.869296913133774,1,0,11,2,0.09090909090909091,0.00461174124392372,0,0,1,0,0
2007,12,5.765191102784844,1,0,2,0,0.0,0.0004985666209647265,0,0,1,0,0
2008,3,5.429345628954441,1,0,1,0,0.0,0.00461174124392372,0,0,1,0,0
2007,11,5.8289456176102075,1,0,6,1,0.0,0.029664713947401222,0,0,1,0,0
2008,8,3.970291913552122,1,0,9,3,0.0,0.029664713947401222,0,0,1,0,0
2008,1,5.673323267171493,1,0,347,5,0.0,0.0004985666209647265,0,0,1,0,0
2007,12,5.765191102784844,1,0,347,5,0.0,0.0004985666209647265,0,0,1,0,0
2008,8,4.204692619390966,1,0,9,1,0.0,0.00461174124392372,0,0,1,0,0
2008,7,4.736198448394496,1,0,9,3,0.0,0.00461174124392372,0,0,1,0,0
2008,2,5.572154032177765,1,0,2,0,0.0,0.00461174124392372,0,0,1,0,0
2008,8,3.828641396489095,1,0,22,5,0.0,0.02492833104823632,3,0,1,0,0
2006,6,6.7464121285733745,1,0,1,2,0.0,0.02492833104823632,2,0,1,0,0
2007,8,5.991464547107982,1,0,9,2,0.0,0.0002492833104823632,2,0,1,0,0
2005,6,7.099201743553092,1,0,20,4,0.0,0.0028667580705471767,3,0,1,0,0
2008,6,4.584967478670572,1,0,11,4,0.0,0.0006232082762059081,0,0,0,1,0
2008,5,4.836281906951478,1,0,5,0,0.0,0.0001246416552411816,0,0,0,1,0
2008,7,4.442651256490317,1,0,17,2,0.0,0.0311604138102954,0,0,0,1,0
2008,5,4.77912349311153,1,0,8,2,0.0,0.008724915866882713,0,0,0,1,0
2005,11,6.957497370876951,1,0,1,0,0.0,0.0001246416552411816,0,0,0,1,0
2008,3,5.225746673713202,1,0,2,2,0.0,0.009472765798329803,2,0,0,1,0
2008,4,5.1647859739235145,1,0,3,2,0.3333333333333333,0.0311604138102954,0,1,0,0,0
2008,3,5.313205979041787,1,0,3,2,0.3333333333333333,0.0311604138102954,0,0,1,0,0
2008,4,5.0369526024136295,1,0,1,0,0.0,0.0311604138102954,0,0,1,0,0
2008,8,3.6635616461296463,1,0,1,0,0.0,0.009472765798329803,0,0,1,0,0
2007,11,5.786897381366708,1,0,1,0,0.0,0.009472765798329803,0,0,1,0,0
2008,9,2.6390573296152584,1,0,8,2,0.0,0.009472765798329803,0,0,1,0,0
2008,6,4.653960350157523,1,0,20,4,0.0,0.0028667580705471767,0,0,1,0,0
2008,9,2.6390573296152584,1,0,12,2,0.0,0.0001246416552411816,0,0,1,0,0
2008,6,4.718498871295094,1,0,22,5,0.5,0.0008724915866882712,0,0,1,0,0
2007,2,6.376726947898627,1,0,17,2,0.0,0.0311604138102954,0,0,1,0,0
2007,11,4.6913478822291435,1,0,15,2,0.0,0.02492833104823632,2,0,0,1,0
2007,11,4.624972813284271,1,0,2,5,0.0,0.02492833104823632,2,0,0,1,0
2003,7,7.428333194190806,1,0,2,5,0.0,0.01632805683659479,5,0,1,0,0
2006,11,6.144185634125646,1,0,4,3,0.0,0.01632805683659479,0,0,1,0,0
2007,9,5.017279836814924,1,0,1,0,0.0,0.01632805683659479,0,0,1,0,0
2007,3,5.8289456176102075,1,0,1,0,0.0,0.006481366072541443,0,0,1,0,0
2004,11,7.085064293952548,1,0,9,3,0.0,0.01632805683659479,2,0,1,0,0
2008,1,3.1780538303479458,1,0,10,2,0.0,0.010594540695500436,0,0,1,0,0
2007,11,4.394449154672439,1,0,1,0,0.0,0.02492833104823632,0,0,1,0,0
2007,12,4.143134726391533,1,0,5,1,0.0,0.02492833104823632,0,0,1,0,0
2005,10,6.71174039505618,1,0,3,0,0.0,0.0004985666209647265,0,0,1,0,0
2003,12,7.2991214627108,1,0,3,0,0.0,0.0004985666209647265,0,0,1,0,0
2001,4,7.806289289267033,1,0,1,0,0.0,0.0004985666209647265,0,0,1,0,0
2001,5,7.791109510610028,1,0,4,2,0.0,0.0311604138102954,0,0,1,0,0
2007,5,5.384495062789089,1,0,2,2,0.0,0.0014956998628941791,2,0,1,0,0
2007,9,4.663439094112067,1,0,2,2,0.0,0.01632805683659479,2,0,1,0,0
2007,11,3.912023005428146,1,0,59,7,0.0,0.006481366072541443,3,0,1,0,0
2007,3,5.662960480135946,1,0,9,5,0.1111111111111111,0.006481366072541443,5,0,1,0,0
2005,2,6.9440872082295275,1,0,8,3,0.125,0.006481366072541443,0,0,0,1,0
2007,12,3.367295829986474,1,0,3,4,0.0,0.006481366072541443,3,0,0,1,0
2007,11,4.04305126783455,1,0,11,3,0.0,0.006481366072541443,3,0,0,1,0
2007,12,2.833213344056216,1,0,347,5,0.0,0.01632805683659479,0,0,1,0,0
2007,9,4.727387818712341,1,0,1,0,0.0,0.0014956998628941791,0,0,1,0,0
2007,9,4.5217885770490405,1,0,1,0,0.0,0.0014956998628941791,0,0,1,0,0
2006,11,6.042632833682381,1,0,2,0,0.0,0.01632805683659479,0,0,1,0,0
2007,11,3.912023005428146,1,0,8,4,0.0,0.01632805683659479,0,0,1,0,0
2007,6,5.241747015059643,1,0,11,3,0.0,0.006481366072541443,0,0,1,0,0
2006,10,6.091309882077698,1,0,1,0,0.0,0.01632805683659479,0,0,1,0,0
2007,11,3.912023005428146,1,0,9,3,0.0,0.006481366072541443,0,0,1,0,0
2007,12,3.091042453358316,1,0,3,2,0.0,0.0014956998628941791,0,0,1,0,0
2006,9,6.09807428216624,1,0,1,2,0.0,0.010594540695500436,2,0,1,0,0
2007,11,2.6390573296152584,1,0,2,2,0.0,0.0311604138102954,0,0,0,1,0
2007,12,1.9459101490553132,1,0,2,0,0.0,0.0311604138102954,0,0,0,1,0
2007,11,3.4657359027997265,1,0,2,2,0.0,0.0311604138102954,2,0,0,1,0
2007,10,3.784189633918261,1,0,10,3,0.0,0.0001246416552411816,2,0,0,1,0
2007,11,2.6390573296152584,1,0,25,5,0.0,0.0002492833104823632,3,0,0,1,0
2007,12,1.9459101490553132,1,0,347,5,0.0,0.0311604138102954,0,0,1,0,0
2006,11,5.953243334287785,1,0,17,2,0.0,0.0311604138102954,0,0,1,0,0
2007,11,3.332204510175204,1,0,11,4,0.0,0.0006232082762059081,0,0,1,0,0
2007,11,3.044522437723423,1,0,8,2,0.0,0.008724915866882713,0,0,1,0,0
2007,9,4.584967478670572,1,0,1,0,0.0,0.0311604138102954,0,0,1,0,0
2007,4,5.488937726156687,1,0,4,5,0.0,0.010594540695500436,0,0,1,0,0
2007,6,5.187385805840755,1,0,6,5,0.0,0.0004985666209647265,0,0,1,0,0
2006,10,6.008813185442595,1,0,1,2,0.0,0.0003739249657235448,2,0,1,0,0
2006,9,6.082218910376446,1,0,6,5,0.0,0.0004985666209647265,2,0,1,0,0
2007,1,5.805134968916488,1,0,6,5,0.0,0.0004985666209647265,3,0,0,1,0
1999,11,7.982416346827733,1,0,347,5,0.0,0.0002492833104823632,2,0,1,0,0
2007,9,4.394449154672439,1,0,4,2,0.0,0.000997133241929453,0,0,1,0,0
2007,4,5.3981627015177525,1,0,2,0,0.0,0.02492833104823632,0,0,1,0,0
2007,4,5.488937726156687,1,0,1,0,0.0,0.000997133241929453,0,0,1,0,0
2007,5,5.187385805840755,1,0,347,5,0.0,0.004861024554406083,0,0,1,0,0
2007,9,4.394449154672439,1,0,1,0,0.0,0.004861024554406083,0,1,0,0,0
2007,2,5.638354669333745,1,0,4,5,0.75,0.004861024554406083,0,0,1,0,0
2007,6,4.941642422609304,1,0,347,5,0.0,0.0311604138102954,0,0,1,0,0
2007,6,4.955827057601261,1,0,8,5,0.125,0.002243549794341269,0,0,1,0,0
2007,5,5.017279836814924,1,0,4,4,0.0,0.0004985666209647265,2,1,0,0,0
2007,4,5.187385805840755,1,0,9,2,0.0,0.029664713947401222,2,0,1,0,0
2007,6,4.969813299576001,1,0,22,5,0.0,0.029664713947401222,2,0,1,0,0
2007,4,5.262690188904886,1,0,6,2,0.0,0.00461174124392372,0,0,0,1,0
2007,7,4.553876891600541,1,0,347,5,0.0,0.0003739249657235448,0,0,1,0,0
2007,6,3.6635616461296463,1,0,59,7,0.0,0.006481366072541443,2,0,0,1,0
2007,6,3.6635616461296463,1,0,1,0,0.0,0.0014956998628941791,0,0,1,0,0
2007,5,4.204692619390966,1,0,14,5,0.0,0.01632805683659479,0,0,1,0,0
2007,6,3.4657359027997265,1,0,12,3,0.0,0.0014956998628941791,0,0,1,0,0
2007,4,4.394449154672439,1,0,2,0,0.0,0.01632805683659479,0,0,1,0,0
2007,4,4.204692619390966,1,0,13,2,0.0,0.0012464165524118161,2,0,0,1,0
2007,4,4.204692619390966,1,0,13,2,0.0,0.0012464165524118161,0,0,1,0,0
2007,5,3.58351893845611,1,0,1,0,0.0,0.00461174124392372,0,0,1,0,0
2007,5,3.4657359027997265,1,0,50,5,0.0,0.029664713947401222,2,0,1,0,0
2007,5,3.2188758248682006,1,0,11,3,0.0,0.0001246416552411816,0,0,0,1,0
2006,12,5.262690188904886,1,0,347,5,0.0,0.0003739249657235448,0,0,1,0,0
2007,3,4.624972813284271,1,0,2,2,0.0,0.0007478499314470896,0,1,0,0,0
2007,1,5.10594547390058,1,0,3,0,0.0,0.00461174124392372,0,1,0,0,0
2007,2,4.812184355372417,1,0,1,0,0.0,0.0007478499314470896,0,1,0,0,0
2007,1,4.969813299576001,1,0,1,0,0.0,0.0003739249657235448,0,1,0,0,0
2007,2,4.867534450455582,1,0,15,5,0.0,0.029664713947401222,0,1,0,0,0
2007,6,1.3862943611198906,1,0,8,5,0.25,0.0007478499314470896,0,0,1,0,0
2007,4,4.204692619390966,1,0,4,2,0.0,0.0012464165524118161,0,0,1,0,0
2006,9,5.673323267171493,1,0,10,5,0.0,0.029664713947401222,0,0,1,0,0
2007,2,4.812184355372417,1,0,29,5,0.0,0.0007478499314470896,0,0,1,0,0
2006,11,5.298317366548036,1,0,2,0,0.0,0.0008724915866882712,0,0,1,0,0
2006,11,5.298317366548036,1,0,1,0,0.0,0.0001246416552411816,0,0,1,0,0
2007,2,4.477336814478207,1,0,6,5,0.0,0.0004985666209647265,0,0,1,0,0
2007,1,4.919980925828125,1,0,1,0,0.0,0.010594540695500436,0,0,0,1,0
2007,4,3.970291913552122,1,0,5,4,0.0,0.02492833104823632,0,0,1,0,0
2003,12,7.130098510125578,1,0,1,0,0.0,0.02492833104823632,0,0,1,0,0
2006,11,5.0369526024136295,1,0,4,2,0.0,0.0001246416552411816,2,0,1,0,0
2007,1,4.51085950651685,1,0,11,5,0.0,0.000997133241929453,2,0,1,0,0
2006,9,5.4116460518550396,1,0,6,2,0.0,0.0311604138102954,2,0,1,0,0
1999,10,7.916078096302786,1,0,16,5,0.0625,0.0001246416552411816,3,0,1,0,0
2006,5,5.572154032177765,1,0,347,5,0.0,0.004861024554406083,0,0,1,0,0
2006,11,4.553876891600541,1,0,347,5,0.0,0.004861024554406083,0,0,1,0,0
2007,1,3.8066624897703196,1,0,347,5,0.0,0.004861024554406083,0,0,1,0,0
2006,7,5.3981627015177525,1,0,347,5,0.0,0.0001246416552411816,0,0,1,0,0
2007,1,3.8066624897703196,1,0,1,0,0.0,0.0001246416552411816,0,1,0,0,0
2006,6,5.488937726156687,1,0,4,5,0.0,0.004861024554406083,0,0,1,0,0
2006,10,4.553876891600541,1,0,2,2,0.0,0.0004985666209647265,2,1,0,0,0
2006,5,5.594711379601839,1,0,17,5,0.058823529411764705,0.010220615729776892,2,0,1,0,0
2006,11,4.30406509320417,1,0,6,3,0.0,0.0007478499314470896,2,0,0,1,0
2006,10,4.553876891600541,1,0,2,4,0.0,0.0002492833104823632,4,0,0,1,0
2006,10,4.553876891600541,1,0,1,0,0.0,0.00461174124392372,0,0,1,0,0
2006,8,5.10594547390058,1,0,3,0,0.0,0.00461174124392372,0,0,1,0,0
1996,10,8.232440158470336,1,0,2,0,0.0,0.0007478499314470896,0,0,1,0,0
2006,2,5.869296913133774,1,0,2,0,0.0,0.00461174124392372,0,0,1,0,0
2005,9,6.16541785423142,1,0,1,2,0.0,0.0001246416552411816,2,0,1,0,0
2005,2,6.52649485957079,1,0,5,2,0.0,0.0004985666209647265,0,0,0,1,0
2005,11,6.023447592961033,1,0,59,7,0.0,0.035398230088495575,5,0,1,0,0
2006,11,3.5263605246161616,1,0,10,3,0.0,0.0002492833104823632,2,0,1,0,0
2006,11,3.713572066704308,1,0,13,2,0.0,0.009846690764053347,0,0,1,0,0
2006,10,4.219507705176107,1,0,16,2,0.0,0.011217748971706343,0,0,1,0,0
2005,5,6.3835066348840055,1,0,3,2,0.0,0.009472765798329803,2,0,1,0,0
2006,1,5.877735781779639,1,0,2,4,0.0,0.0001246416552411816,0,0,1,0,0
2005,12,5.942799375126701,1,0,1,0,0.0,0.02492833104823632,0,0,1,0,0
2005,10,6.054439346269371,1,0,6,5,0.0,0.01009597407453571,5,0,1,0,0
2004,7,6.78897174299217,1,0,22,5,0.5,0.0001246416552411816,2,0,1,0,0
2005,5,5.963579343618446,1,0,347,5,0.0,0.01632805683659479,0,0,1,0,0
2005,5,5.976350909297934,1,0,347,5,0.0,0.01632805683659479,0,0,1,0,0
2005,12,5.1298987149230735,1,0,2,0,0.0,0.0001246416552411816,0,0,1,0,0
2006,2,4.553876891600541,1,0,1,0,0.0,0.01632805683659479,0,0,1,0,0
2006,3,4.219507705176107,1,0,3,2,0.0,0.0014956998628941791,2,0,1,0,0
2005,9,5.424950017481403,1,0,1,2,0.0,0.0001246416552411816,2,0,1,0,0
2006,1,4.6443908991413725,1,0,1,0,0.0,0.0014956998628941791,0,0,1,0,0
2005,11,5.204006687076795,1,0,1,0,0.0,0.01632805683659479,0,0,1,0,0
2005,3,5.82600010738045,1,0,50,5,0.0,0.029664713947401222,4,0,1,0,0
2005,2,5.877735781779639,1,0,2,0,0.0,0.0028667580705471767,0,0,1,0,0
2005,10,4.330733340286331,1,0,3,1,0.0,0.01009597407453571,0,1,0,0,0
2005,10,4.23410650459726,1,0,8,5,0.25,0.01009597407453571,0,1,0,0,0
2005,10,4.330733340286331,1,0,50,5,0.0,0.01009597407453571,0,1,0,0,0
2005,12,3.295836866004329,1,0,3,1,0.0,0.01009597407453571,0,1,0,0,0
2005,9,4.605170185988092,1,0,2,0,0.0,0.0029913997257883583,0,1,0,0,0
2005,10,4.3694478524670215,1,0,5,2,0.2,0.0029913997257883583,0,1,0,0,0
2005,11,4.060443010546419,2,1,5,2,0.2,0.0029913997257883583,0,1,0,0,0
2005,9,4.532599493153256,1,0,22,3,0.0,0.0029913997257883583,0,1,0,0,0
2005,11,3.871201010907891,1,0,10,4,0.0,0.01009597407453571,0,1,0,0,0
2005,11,3.9512437185814275,1,0,5,2,0.2,0.0311604138102954,0,0,1,0,0
2004,11,5.996452088619021,1,0,22,5,0.0,0.035398230088495575,3,0,1,0,0
2005,8,4.74493212836325,1,0,10,5,0.0,0.035398230088495575,0,0,1,0,0
2005,9,4.543294782270004,1,0,2,0,0.0,0.035398230088495575,0,0,1,0,0
2004,11,6.0112671744041615,1,0,13,4,0.0,0.0023681914495824507,4,0,0,1,0
2005,11,3.4339872044851463,1,0,9,5,0.0,0.035398230088495575,5,0,0,1,0
2004,9,6.139884552226255,1,0,1,0,0.0,0.035398230088495575,0,0,1,0,0
2005,10,3.8066624897703196,1,0,1,0,0.0,0.01009597407453571,0,0,1,0,0
2005,11,3.1780538303479458,1,0,22,5,0.0,0.01009597407453571,0,0,1,0,0
2005,11,3.6375861597263857,1,0,2,1,0.0,0.01009597407453571,0,0,1,0,0
2005,11,3.5553480614894135,1,0,3,2,0.0,0.0311604138102954,0,0,1,0,0
2004,12,5.886104031450156,1,0,7,2,0.0,0.0023681914495824507,2,0,0,1,0
2005,6,5.056245805348308,1,0,4,2,0.0,0.0023681914495824507,2,0,0,1,0
2005,10,3.6635616461296463,1,0,19,3,0.0,0.0023681914495824507,2,0,0,1,0
2005,3,5.572154032177765,1,0,2,0,0.0,0.035398230088495575,0,0,1,0,0
2005,10,3.828641396489095,1,0,23,5,0.0,0.035398230088495575,4,0,0,1,0
2005,6,5.062595033026967,1,0,347,5,0.0,0.035398230088495575,0,0,1,0,0
2005,8,4.624972813284271,1,0,4,5,0.0,0.035398230088495575,0,0,1,0,0
2005,6,5.062595033026967,1,0,1,0,0.0,0.035398230088495575,0,0,1,0,0
2004,11,5.978885764901122,1,0,10,5,0.1,0.035398230088495575,0,0,1,0,0
2005,9,4.30406509320417,1,0,4,5,0.0,0.035398230088495575,5,1,0,0,0
2005,5,5.262690188904886,1,0,4,5,0.0,0.035398230088495575,5,1,0,0,0
2005,11,1.9459101490553132,1,0,29,5,0.0,0.01009597407453571,2,0,1,0,0
2005,10,3.4657359027997265,1,0,27,4,0.0,0.01009597407453571,2,0,1,0,0
2005,1,5.765191102784844,1,0,69,5,0.0,0.035398230088495575,2,0,1,0,0
2005,10,3.7612001156935624,1,0,22,3,0.0,0.0311604138102954,2,0,1,0,0
2005,10,3.6635616461296463,1,0,5,2,0.0,0.035398230088495575,2,0,1,0,0
2002,2,7.215239978730097,1,0,4,0,0.0,0.035398230088495575,0,0,1,0,0
2004,10,5.996452088619021,1,0,4,0,0.0,0.035398230088495575,0,0,1,0,0
2004,11,5.84354441703136,1,0,8,5,0.25,0.01009597407453571,2,0,1,0,0
2001,10,7.2991214627108,1,0,3,2,0.0,0.035398230088495575,2,0,1,0,0
1991,11,8.534246945982066,1,0,13,2,0.0,0.035398230088495575,0,0,1,0,0
1997,3,8.051659556841953,1,0,3,5,0.0,0.0311604138102954,5,0,1,0,0
2005,10,2.3978952727983707,1,0,8,2,0.0,0.01009597407453571,0,0,0,1,0
2003,11,6.536691597591305,1,0,1,0,0.0,0.0311604138102954,0,0,0,1,0
2005,10,2.833213344056216,1,0,1,0,0.0,0.0023681914495824507,0,0,0,1,0
2005,7,4.477336814478207,1,0,2,0,0.0,0.0311604138102954,0,0,0,1,0
2005,5,5.0106352940962555,1,0,15,4,0.06666666666666667,0.0023681914495824507,0,0,0,1,0
2004,11,5.849324779946859,1,0,5,1,0.0,0.0311604138102954,0,0,0,1,0
2005,8,3.970291913552122,1,0,2,0,0.0,0.01009597407453571,0,0,0,1,0
2005,7,4.477336814478207,1,0,3,0,0.0,0.01009597407453571,0,0,0,1,0
2005,6,4.812184355372417,1,0,9,5,0.0,0.01009597407453571,2,0,0,1,0
2005,8,4.07753744390572,1,0,10,3,0.0,0.01009597407453571,2,0,0,1,0
2005,6,4.7535901911063645,1,0,1,0,0.0,0.01009597407453571,0,1,0,0,0
2005,6,4.812184355372417,1,0,15,5,0.0,0.01009597407453571,0,1,0,0,0
2005,3,5.293304824724492,1,0,20,4,0.0,0.01009597407453571,3,0,0,1,0
2005,8,4.07753744390572,1,0,6,5,0.16666666666666666,0.01009597407453571,0,1,0,0,0
2005,6,4.6913478822291435,1,0,1,0,0.0,0.01009597407453571,0,1,0,0,0
2005,7,4.394449154672439,1,0,17,5,0.0,0.01009597407453571,4,0,0,1,0
2005,4,5.187385805840755,1,0,9,2,0.0,0.01009597407453571,0,0,1,0,0
2005,5,5.056245805348308,1,0,1,0,0.0,0.01009597407453571,0,0,1,0,0
2005,8,4.07753744390572,1,0,10,3,0.0,0.01009597407453571,0,0,1,0,0
2005,5,5.017279836814924,1,0,7,5,0.0,0.01009597407453571,0,0,1,0,0
2005,4,5.262690188904886,1,0,27,4,0.0,0.01009597407453571,0,0,1,0,0
2005,1,5.62040086571715,1,0,69,5,0.0,0.01009597407453571,0,0,1,0,0
2005,6,4.7535901911063645,1,0,17,5,0.058823529411764705,0.01009597407453571,0,0,1,0,0
2005,6,4.6913478822291435,1,0,3,0,0.0,0.01009597407453571,0,0,1,0,0
2005,3,5.3981627015177525,1,0,9,3,0.0,0.01009597407453571,0,0,1,0,0
2005,6,4.6913478822291435,1,0,1,5,0.0,0.01009597407453571,5,1,0,0,0
2004,5,6.255750041753367,1,0,1,1,0.0,0.01009597407453571,1,0,1,0,0
2005,7,4.394449154672439,1,0,17,5,0.0,0.0001246416552411816,1,0,1,0,0
2005,10,2.3978952727983707,1,0,50,5,0.0,0.01009597407453571,2,0,1,0,0
2004,10,5.926926025970411,1,0,3,2,0.0,0.01009597407453571,2,0,1,0,0
2004,11,5.762051382780177,1,0,13,2,0.0,0.009846690764053347,1,0,1,0,0
2003,3,6.839476438228843,1,0,15,4,0.06666666666666667,0.006107441106817898,3,0,1,0,0
1990,11,8.60061479955531,1,0,26,5,0.0,0.006107441106817898,5,0,1,0,0
2005,3,5.25227342804663,1,0,2,0,0.0,0.006107441106817898,0,1,0,0,0
2005,4,5.049856007249537,1,0,3,0,0.0,0.006107441106817898,0,1,0,0,0
2004,11,5.717027701406222,1,0,3,0,0.0,0.006107441106817898,0,1,0,0,0
2004,12,5.568344503761097,1,0,1,0,0.0,0.035398230088495575,0,0,1,0,0
2005,3,5.093750200806762,1,0,2,2,0.0,0.035398230088495575,2,1,0,0,0
2005,5,4.859812404361672,1,0,2,2,0.0,0.035398230088495575,1,0,1,0,0
2004,3,6.306275286948016,1,0,2,0,0.0,0.035398230088495575,0,0,1,0,0
2004,10,5.783825182329737,1,0,1,0,0.0,0.035398230088495575,0,0,1,0,0
2005,5,3.784189633918261,1,0,1,0,0.0,0.01009597407453571,0,1,0,0,0
2005,5,3.784189633918261,1,0,5,5,0.0,0.035398230088495575,0,0,1,0,0
2004,11,5.4510384535657,1,0,1,0,0.0,0.035398230088495575,0,0,1,0,0
2004,10,5.537334267018537,1,0,6,5,0.0,0.01009597407453571,2,0,0,1,0
2005,4,4.189654742026425,1,0,8,5,0.25,0.01009597407453571,0,1,0,0,0
2004,6,5.945420608606575,1,0,22,3,0.0,0.01009597407453571,0,1,0,0,0
2004,9,5.666426688112432,1,0,22,3,0.0,0.01009597407453571,0,1,0,0,0
2005,3,4.61512051684126,1,0,1,0,0.0,0.01009597407453571,0,1,0,0,0
2004,2,6.240275845170769,1,0,8,0,0.0,0.01009597407453571,0,1,0,0,0
2002,3,7.083387847625295,1,0,6,2,0.0,0.01009597407453571,0,1,0,0,0
2004,11,5.3612921657094255,1,0,2,0,0.0,0.035398230088495575,0,0,1,0,0
2003,11,6.3578422665081,1,0,8,2,0.0,0.01009597407453571,0,0,1,0,0
2004,11,5.424950017481403,1,0,3,0,0.0,0.011217748971706343,0,0,1,0,0
2005,1,5.0106352940962555,1,0,69,5,0.0,0.01009597407453571,5,1,0,0,0
2004,11,5.455321115357702,1,0,22,3,0.0,0.01009597407453571,1,0,1,0,0
2004,12,5.214935757608986,1,0,8,5,0.125,0.01009597407453571,2,0,1,0,0
2003,11,6.3578422665081,1,0,16,5,0.0625,0.0311604138102954,3,0,1,0,0
2003,11,6.3578422665081,1,0,10,4,0.0,0.0311604138102954,2,0,0,1,0
2005,4,4.07753744390572,1,0,2,0,0.0,0.0311604138102954,0,1,0,0,0
2005,3,4.499809670330265,1,0,1,0,0.0,0.0311604138102954,0,1,0,0,0
2005,6,2.995732273553991,1,0,20,4,0.0,0.0311604138102954,0,0,1,0,0
2004,3,6.142037405587356,1,0,11,5,0.0,0.0311604138102954,5,0,0,1,0
2005,5,3.5263605246161616,1,0,5,2,0.0,0.0311604138102954,0,0,1,0,0
2003,10,6.415096959171596,1,0,1,0,0.0,0.035398230088495575,0,0,1,0,0
2005,3,4.290459441148391,1,0,22,5,0.0,0.035398230088495575,0,1,0,0,0
2004,5,5.883322388488279,1,0,23,5,0.0,0.035398230088495575,5,0,1,0,0
2004,1,6.126869184114185,1,0,1,0,0.0,0.0001246416552411816,0,0,0,1,0
2005,3,3.8066624897703196,1,0,4,2,0.0,0.035398230088495575,0,0,1,0,0
2005,4,2.833213344056216,1,0,22,5,0.0,0.035398230088495575,2,0,1,0,0
1998,10,7.776535028185241,1,0,3,3,0.0,0.0311604138102954,3,0,1,0,0
2005,3,3.044522437723423,1,0,8,2,0.0,0.0311604138102954,0,0,0,1,0
2001,11,7.136483208590247,1,0,13,2,0.0,0.0311604138102954,0,0,0,1,0
2004,11,4.941642422609304,1,0,5,0,0.0,0.0311604138102954,0,0,0,1,0
2005,2,3.970291913552122,1,0,16,5,0.0625,0.0311604138102954,0,0,0,1,0
2002,8,6.8658910748834385,1,0,5,1,0.0,0.0311604138102954,0,0,0,1,0
2004,12,4.890349128221754,1,0,69,5,0.0,0.0311604138102954,0,0,0,1,0
2000,9,7.428927194802272,1,0,8,2,0.0,0.0311604138102954,0,0,0,1,0
2001,11,7.1252830915107115,1,0,3,0,0.0,0.0311604138102954,0,0,0,1,0
2005,3,3.044522437723423,1,0,2,2,0.0,0.0311604138102954,2,0,0,1,0
2001,11,7.1284959456800365,1,0,8,2,0.0,0.0311604138102954,2,0,0,1,0
2002,10,6.81783057145415,1,0,3,3,0.0,0.0311604138102954,2,0,0,1,0
2003,11,6.263398262591624,1,0,21,5,0.0,0.0311604138102954,2,0,0,1,0
2001,12,7.111512116496157,1,0,22,3,0.0,0.0311604138102954,2,0,0,1,0
2003,11,6.230481447578482,1,0,22,3,0.0,0.0311604138102954,3,0,0,1,0
2003,10,6.284134161070802,1,0,11,4,0.0,0.0311604138102954,4,0,0,1,0
2004,10,5.1647859739235145,1,0,21,5,0.0,0.0311604138102954,4,0,0,1,0
2003,6,6.505784060128229,1,0,21,5,0.0,0.0311604138102954,5,0,0,1,0
2004,11,5.062595033026967,1,0,1,0,0.0,0.0311604138102954,0,0,1,0,0
2004,11,4.969813299576001,1,0,12,2,0.0,0.0311604138102954,0,0,1,0,0
2004,2,6.073044534100405,1,0,1,0,0.0,0.0311604138102954,0,0,1,0,0
2004,9,5.332718793265369,1,0,2,2,0.0,0.0311604138102954,1,0,1,0,0
2005,3,3.4657359027997265,1,0,11,4,0.0,0.0311604138102954,1,0,1,0,0
1997,4,7.976595409316577,1,0,16,5,0.0625,0.0311604138102954,1,0,1,0,0
2004,11,4.276666119016055,1,0,32,3,0.0,0.035398230088495575,3,0,0,1,0
2003,12,5.932245187448011,1,0,347,5,0.0,0.004861024554406083,0,0,1,0,0
2004,2,5.720311776607412,1,0,11,5,0.0,0.000997133241929453,3,0,1,0,0
2004,7,4.983606621708336,1,0,347,5,0.0,0.0007478499314470896,0,0,1,0,0
2004,11,3.5263605246161616,1,0,347,5,0.0,0.0007478499314470896,0,0,1,0,0
2004,11,3.8066624897703196,1,0,16,5,0.0625,0.02492833104823632,3,0,0,1,0
2000,11,7.304515946460155,1,0,347,5,0.0,0.0001246416552411816,0,0,1,0,0
2004,12,2.302585092994046,1,0,15,4,0.0,0.0008724915866882712,0,0,1,0,0
2004,10,4.127134385045092,1,0,15,5,0.0,0.029664713947401222,3,0,0,1,0
2004,11,3.6375861597263857,1,0,4,2,0.0,0.014084507042253521,0,0,1,0,0
2002,1,6.985641817639208,1,0,16,5,0.0625,0.0311604138102954,5,0,0,1,0
2004,10,4.330733340286331,1,0,27,4,0.0,0.010220615729776892,0,0,1,0,0
2004,3,5.631211781821365,1,0,9,5,0.2222222222222222,0.010220615729776892,0,0,1,0,0
2004,11,3.713572066704308,1,0,2,0,0.0,0.004487099588682538,0,0,1,0,0
2004,5,5.342334251964811,1,0,6,2,0.0,0.029664713947401222,0,0,1,0,0
2004,8,4.74493212836325,1,0,6,2,0.0,0.0001246416552411816,0,0,1,0,0
2004,11,3.295836866004329,1,0,25,5,0.0,0.0004985666209647265,0,0,1,0,0
2004,11,3.8066624897703196,1,0,8,5,0.0,0.02492833104823632,2,0,1,0,0
2004,10,4.007333185232471,1,0,6,1,0.0,0.029664713947401222,0,1,0,0,0
2004,9,4.499809670330265,1,0,1,0,0.0,0.0001246416552411816,0,1,0,0,0
2004,10,4.23410650459726,1,0,12,4,0.0,0.029664713947401222,0,0,0,1,0
2004,11,3.713572066704308,2,1,11,5,0.09090909090909091,0.029664713947401222,0,1,0,0,0
2004,12,2.995732273553991,1,0,1,0,0.0,0.0001246416552411816,0,1,0,0,0
2004,10,4.007333185232471,1,0,6,5,0.0,0.0311604138102954,0,0,0,1,0
2004,11,3.295836866004329,1,0,5,5,0.0,0.0311604138102954,0,0,0,1,0
2004,12,2.302585092994046,1,0,12,2,0.0,0.0311604138102954,0,0,0,1,0
2004,11,3.5263605246161616,1,0,6,2,0.0,0.029664713947401222,0,1,0,0,0
2004,10,4.007333185232471,1,0,1,0,0.0,0.0004985666209647265,0,1,0,0,0
2004,11,3.4339872044851463,1,0,8,2,0.0,0.0028667580705471767,0,0,0,1,0
2004,12,2.995732273553991,1,0,27,4,0.0,0.010220615729776892,0,0,0,1,0
2004,10,3.9512437185814275,1,0,6,2,0.0,0.0014956998628941791,1,0,1,0,0
2004,3,5.641907070938114,1,0,4,5,0.0,0.0002492833104823632,5,0,1,0,0
2004,9,4.3694478524670215,1,0,2,0,0.0,0.0001246416552411816,0,1,0,0,0
2004,10,4.07753744390572,1,0,6,2,0.0,0.0014956998628941791,0,1,0,0,0
2004,4,5.5093883366279774,1,0,1,0,0.0,0.0011217748971706345,0,0,1,0,0
2004,8,4.672828834461906,1,0,9,5,0.3333333333333333,0.0007478499314470896,0,0,1,0,0
2004,11,2.302585092994046,1,0,69,5,0.0,0.0036146080019942664,0,0,1,0,0
2004,11,3.4339872044851463,1,0,15,5,0.0,0.0011217748971706345,0,0,1,0,0
2004,2,5.736572297479192,1,0,8,0,0.0,0.0036146080019942664,0,0,1,0,0
2004,8,4.672828834461906,1,0,1,0,0.0,0.0012464165524118161,0,0,1,0,0
2004,3,5.568344503761097,1,0,2,0,0.0,0.0001246416552411816,0,0,1,0,0
2004,11,3.4339872044851463,1,0,22,3,0.0,0.0036146080019942664,1,0,1,0,0
2004,4,5.480638923341991,1,0,1,0,0.0,0.0002492833104823632,0,1,0,0,0
2004,6,5.093750200806762,1,0,6,2,0.0,0.0011217748971706345,0,0,0,1,0
2004,6,5.093750200806762,1,0,6,2,0.0,0.0011217748971706345,0,0,0,1,0
2004,11,2.1972245773362196,1,0,9,3,0.0,0.0011217748971706345,0,0,0,1,0
2004,2,5.69035945432406,1,0,9,1,0.0,0.0011217748971706345,0,1,0,0,0
2004,4,5.5093883366279774,1,0,22,3,0.0,0.0036146080019942664,2,0,0,1,0
2004,5,5.293304824724492,1,0,4,2,0.0,0.000997133241929453,0,0,1,0,0
2004,11,2.302585092994046,1,0,22,5,0.0,0.009472765798329803,0,0,1,0,0
2004,11,2.302585092994046,1,0,8,2,0.0,0.009472765798329803,0,0,1,0,0
2004,6,5.209486152841421,1,0,9,3,0.1111111111111111,0.009472765798329803,2,0,1,0,0
2004,3,5.552959584921617,1,0,10,5,0.0,0.0003739249657235448,3,0,1,0,0
2002,10,6.650279048587422,1,0,12,4,0.0,0.0028667580705471767,3,0,0,1,0
2003,6,6.269096283706261,1,0,8,3,0.0,0.0311604138102954,3,0,0,1,0
2004,6,5.14166355650266,1,0,22,5,0.5,0.0008724915866882712,0,0,1,0,0
2003,11,5.950642552587727,1,0,20,4,0.0,0.0028667580705471767,4,0,0,1,0
2003,11,5.886104031450156,1,0,11,4,0.0,0.0006232082762059081,4,0,0,1,0
2004,10,3.5263605246161616,1,0,11,5,0.0,0.0013710582076529975,0,0,1,0,0
2004,11,2.833213344056216,1,0,22,3,0.0,0.0007478499314470896,0,0,1,0,0
2004,1,5.736572297479192,1,0,5,5,0.0,0.000997133241929453,0,1,0,0,0
2002,11,6.593044534142437,1,0,2,2,0.0,0.010594540695500436,0,0,1,0,0
2004,10,3.1780538303479458,1,0,10,2,0.0,0.0001246416552411816,0,0,1,0,0
2004,9,3.9318256327243257,1,0,3,0,0.0,0.0002492833104823632,0,0,1,0,0
2004,9,3.5263605246161616,1,0,6,1,0.0,0.0004985666209647265,0,0,1,0,0
2004,9,3.5263605246161616,1,0,6,1,0.0,0.0004985666209647265,0,0,1,0,0
2003,10,5.87493073085203,1,0,20,4,0.0,0.005110307864888446,3,0,0,1,0
2004,6,4.8283137373023015,1,0,347,5,0.0,0.0007478499314470896,0,0,1,0,0
2004,8,4.330733340286331,1,0,347,5,0.0,0.0007478499314470896,0,0,1,0,0
2004,4,5.272999558563747,1,0,9,2,0.0,0.029664713947401222,0,0,1,0,0
2004,5,5.056245805348308,1,0,22,5,0.0,0.029664713947401222,0,0,1,0,0
2004,1,5.680172609017068,1,0,29,5,0.0,0.029664713947401222,0,0,1,0,0
2004,5,5.117993812416755,1,0,6,5,0.0,0.0003739249657235448,0,0,1,0,0
2004,4,5.236441962829949,1,0,2,0,0.0,0.010220615729776892,0,0,1,0,0
2003,1,6.466144724237619,1,0,1,0,0.0,0.010220615729776892,0,0,1,0,0
2004,3,5.407171771460119,1,0,22,5,0.0,0.010220615729776892,0,0,1,0,0
2004,7,4.709530201312334,1,0,2,0,0.0,0.010220615729776892,0,0,1,0,0
2004,2,5.4680601411351315,1,0,1,0,0.0,0.029664713947401222,0,0,1,0,0
2003,10,5.902633333401366,1,0,2,0,0.0,0.010220615729776892,0,0,1,0,0
2002,5,6.78897174299217,1,0,3,1,0.0,0.029664713947401222,1,0,1,0,0
2004,3,5.407171771460119,1,0,22,5,0.0,0.010220615729776892,2,0,1,0,0
2001,11,6.981934677156389,1,0,22,5,0.0,0.010220615729776892,3,0,1,0,0
2003,8,6.054439346269371,1,0,15,5,0.0,0.029664713947401222,4,0,1,0,0
2002,3,6.86484777797086,1,0,29,5,0.0,0.029664713947401222,5,0,1,0,0
2004,6,4.882801922586371,1,0,27,4,0.0,0.010220615729776892,0,1,0,0,0
2004,3,5.438079308923196,1,0,29,5,0.0,0.029664713947401222,0,0,0,1,0
2004,7,4.709530201312334,1,0,6,2,0.0,0.029664713947401222,0,1,0,0,0
2004,6,4.8283137373023015,1,0,9,3,0.0,0.029664713947401222,0,1,0,0,0
2004,6,4.770684624465665,1,0,2,0,0.0,0.010220615729776892,0,1,0,0,0
2004,1,5.568344503761097,1,0,6,2,0.0,0.0014956998628941791,0,1,0,0,0
2004,7,4.174387269895637,1,0,3,5,0.0,0.0014956998628941791,0,0,1,0,0
2004,3,5.288267030694535,1,0,4,5,0.0,0.0002492833104823632,0,0,1,0,0
2003,9,5.902633333401366,1,0,4,5,0.0,0.0007478499314470896,0,0,1,0,0
2004,4,5.093750200806762,1,0,4,5,0.0,0.0007478499314470896,0,0,1,0,0
2004,6,4.3694478524670215,1,0,1,0,0.0,0.009472765798329803,0,0,1,0,0
2003,12,5.552959584921617,1,0,11,4,0.0,0.0006232082762059081,3,0,0,1,0
2004,1,5.424950017481403,1,0,347,5,0.0,0.0311604138102954,0,0,1,0,0
2003,10,5.717027701406222,1,0,11,4,0.0,0.0006232082762059081,3,0,0,1,0
2004,3,5.0106352940962555,1,0,5,0,0.0,0.0002492833104823632,0,0,1,0,0
2003,11,5.655991810819852,1,0,25,5,0.0,0.0004985666209647265,5,0,0,1,0
2003,4,6.206575926724928,1,0,3,1,0.0,0.0311604138102954,0,0,1,0,0
2003,2,6.345636360828596,1,0,1,0,0.0,0.0002492833104823632,0,0,1,0,0
2004,2,5.220355825078324,1,0,3,1,0.0,0.0311604138102954,0,0,1,0,0
2004,2,5.220355825078324,1,0,11,5,0.0,0.000997133241929453,0,0,1,0,0
2003,4,6.206575926724928,1,0,6,2,0.0,0.0311604138102954,0,0,1,0,0
2004,6,4.23410650459726,1,0,7,2,0.0,0.0311604138102954,0,0,1,0,0
2003,1,6.3578422665081,1,0,3,1,0.0,0.0311604138102954,1,0,1,0,0
2003,2,6.3080984415095305,1,0,9,2,0.0,0.0002492833104823632,2,0,1,0,0
2003,11,5.62040086571715,1,0,16,5,0.0625,0.0311604138102954,2,0,1,0,0
2001,11,6.922643891475888,1,0,8,2,0.0,0.0311604138102954,0,0,0,1,0
2002,5,6.71174039505618,1,0,15,4,0.0,0.0008724915866882712,0,0,0,1,0
2004,2,5.327876168789581,1,0,12,2,0.0,0.0311604138102954,0,0,0,1,0
2004,2,5.2574953720277815,1,0,1,0,0.0,0.0311604138102954,0,0,0,1,0
2002,1,6.8690144506657065,1,0,16,5,0.0625,0.0311604138102954,0,0,0,1,0
2003,10,5.717027701406222,1,0,1,0,0.0,0.0311604138102954,0,1,0,0,0
1994,8,8.203304026795282,1,0,3,2,0.0,0.0013710582076529975,0,0,0,1,0
2004,3,5.099866427824199,1,0,11,5,0.0,0.0013710582076529975,0,0,0,1,0
1991,1,8.511778558714738,1,0,21,5,0.0,0.0028667580705471767,0,0,0,1,0
2004,2,5.327876168789581,1,0,1,0,0.0,0.0002492833104823632,0,1,0,0,0
2003,11,5.393627546352362,1,0,3,2,0.0,0.0001246416552411816,2,0,0,1,0
2003,11,5.3230099791384085,1,0,7,2,0.0,0.0001246416552411816,2,0,0,1,0
2004,3,4.02535169073515,1,0,347,5,0.0,0.0007478499314470896,0,0,1,0,0
2004,3,4.143134726391533,1,0,347,5,0.0,0.0007478499314470896,0,0,1,0,0
2003,8,5.529429087511423,1,0,7,3,0.0,0.0002492833104823632,3,0,0,1,0
2003,2,6.089044875446846,1,0,32,3,0.0,0.005110307864888446,3,0,0,1,0
2003,11,5.1647859739235145,1,0,17,5,0.0,0.005110307864888446,3,0,0,1,0
2004,3,4.02535169073515,1,0,6,3,0.0,0.010220615729776892,0,0,1,0,0
2003,11,5.081404364984463,1,0,3,0,0.0,0.029664713947401222,0,0,1,0,0
2003,10,5.241747015059643,1,0,4,0,0.0,0.0021189081391000874,0,0,1,0,0
2003,7,5.659482215759621,1,0,347,5,0.0,0.004487099588682538,1,0,1,0,0
2004,3,4.02535169073515,1,0,22,5,0.0,0.010220615729776892,1,0,1,0,0
2002,10,6.340359303727752,1,0,11,2,0.09090909090909091,0.010220615729776892,1,0,1,0,0
2003,7,5.730099782973574,1,0,9,3,0.0,0.029664713947401222,1,0,1,0,0
2004,1,4.718498871295094,1,0,27,4,0.0,0.010220615729776892,2,0,1,0,0
2003,10,5.241747015059643,1,0,9,3,0.0,0.029664713947401222,2,0,1,0,0
2003,8,5.556828061699537,1,0,15,5,0.0,0.029664713947401222,3,0,1,0,0
2001,10,6.828712071641684,1,0,27,4,0.0,0.010220615729776892,4,0,1,0,0
2004,4,2.3978952727983707,1,0,10,5,0.0,0.029664713947401222,0,0,0,1,0
2003,12,4.990432586778736,1,0,11,5,0.09090909090909091,0.029664713947401222,0,1,0,0,0
2003,12,4.941642422609304,2,1,1,0,1.0,0.010220615729776892,0,1,0,0,0
2003,12,4.990432586778736,1,0,27,4,0.0,0.010220615729776892,0,1,0,0,0
2004,3,3.7376696182833684,1,0,6,2,0.0,0.029664713947401222,0,1,0,0,0
2003,12,5.0369526024136295,1,0,1,0,0.0,0.0021189081391000874,0,1,0,0,0
2004,1,4.653960350157523,1,0,2,0,0.0,0.0021189081391000874,0,0,0,1,0
1988,3,8.681181041521688,1,0,13,2,0.0,0.010594540695500436,0,0,1,0,0
2003,6,5.62040086571715,1,0,2,1,0.0,0.004861024554406083,1,0,1,0,0
2004,2,3.6109179126442243,1,0,1,0,0.0,0.004861024554406083,0,0,0,1,0
2003,10,5.049856007249537,1,0,20,5,0.0,0.02492833104823632,2,0,1,0,0
2003,7,5.123963979403259,1,0,6,1,0.0,0.005110307864888446,0,0,0,1,0
2003,11,3.044522437723423,1,0,4,0,0.0,0.0021189081391000874,0,0,1,0,0
2003,10,3.8918202981106265,1,0,9,5,0.0,0.005110307864888446,0,0,0,1,0
2003,9,4.51085950651685,1,0,1,0,0.0,0.005110307864888446,0,0,0,1,0
1999,5,7.430707082545968,1,0,1,0,0.0,0.010220615729776892,0,0,1,0,0
2003,10,4.248495242049359,1,0,3,5,0.0,0.004487099588682538,0,0,0,1,0
2003,10,4.248495242049359,1,0,50,5,0.0,0.029664713947401222,0,0,1,0,0
2003,11,3.5553480614894135,1,0,17,5,0.0,0.005110307864888446,0,0,0,1,0
2001,4,6.897704943128636,1,0,15,2,0.0,0.02492833104823632,2,0,0,1,0
2003,7,4.990432586778736,1,0,347,5,0.0,0.004487099588682538,0,0,1,0,0
2003,10,3.8918202981106265,1,0,1,0,0.0,0.005110307864888446,0,0,0,1,0
2003,7,4.941642422609304,1,0,347,5,0.0,0.004487099588682538,0,0,1,0,0
2003,10,4.143134726391533,1,0,347,5,0.0,0.004487099588682538,0,0,1,0,0
2003,9,4.584967478670572,1,0,347,5,0.0,0.004487099588682538,0,0,1,0,0
2003,11,3.5553480614894135,1,0,12,4,0.0,0.029664713947401222,0,0,1,0,0
2003,11,3.332204510175204,1,0,11,5,0.09090909090909091,0.029664713947401222,0,0,1,0,0
2002,12,5.934894195619588,1,0,4,0,0.0,0.029664713947401222,0,0,1,0,0
2003,10,4.189654742026425,1,0,20,5,0.0,0.02492833104823632,0,0,1,0,0
2003,11,3.1780538303479458,1,0,14,5,0.0,0.0012464165524118161,0,0,1,0,0
2003,10,4.143134726391533,1,0,27,4,0.0,0.010220615729776892,0,0,1,0,0
2003,6,5.220355825078324,1,0,12,3,0.16666666666666666,0.009472765798329803,0,0,1,0,0
2003,9,4.61512051684126,1,0,6,2,0.0,0.0001246416552411816,0,0,1,0,0
2003,12,1.0986122886681098,1,0,12,3,0.0,0.0003739249657235448,0,0,1,0,0
2002,10,6.066108090103747,1,0,6,2,0.0,0.02492833104823632,2,0,0,1,0
2003,6,5.220355825078324,1,0,69,5,0.0,0.0014956998628941791,0,0,1,0,0
2003,10,3.8918202981106265,1,0,9,3,0.0,0.029664713947401222,0,0,1,0,0
1997,2,7.824046010856292,1,0,2,0,0.0,0.0021189081391000874,0,0,1,0,0
2003,11,3.044522437723423,1,0,19,5,0.0,0.029664713947401222,0,0,1,0,0
2003,11,3.4339872044851463,1,0,7,2,0.0,0.0012464165524118161,0,0,1,0,0
2002,12,5.905361848054571,1,0,9,2,0.0,0.0001246416552411816,0,0,0,1,0
2003,9,4.454347296253507,2,1,16,5,0.8125,0.003365324691511903,0,0,0,1,0
2003,11,3.5263605246161616,1,0,20,4,0.0,0.0028667580705471767,0,0,0,1,0
2003,11,2.302585092994046,1,0,11,4,0.0,0.0006232082762059081,0,0,0,1,0
1999,2,7.465082736399547,1,0,15,4,0.0,0.0008724915866882712,0,0,0,1,0
2003,11,2.833213344056216,1,0,10,4,0.0,0.0311604138102954,0,0,0,1,0
2003,6,5.236441962829949,1,0,5,0,0.0,0.0028667580705471767,0,0,0,1,0
2003,10,3.8066624897703196,1,0,11,4,0.0,0.0006232082762059081,0,0,0,1,0
2003,3,5.645446897643238,1,0,11,5,0.0,0.000997133241929453,0,0,0,1,0
2003,9,4.454347296253507,1,0,6,2,0.0,0.010594540695500436,0,0,0,1,0
2003,11,3.5263605246161616,1,0,21,5,0.0,0.0028667580705471767,0,0,0,1,0
2003,11,2.833213344056216,1,0,22,3,0.0,0.0007478499314470896,0,0,0,1,0
2003,3,5.541263545158426,1,0,22,3,0.0,0.0007478499314470896,0,0,0,1,0
2003,4,5.420534999272286,1,0,2,0,0.0,0.009472765798329803,0,0,0,1,0
2003,10,4.174387269895637,1,0,14,5,0.07142857142857142,0.02492833104823632,0,0,0,1,0
2003,12,2.1972245773362196,1,0,19,5,0.0,0.0007478499314470896,2,0,0,1,0
2003,11,3.6375861597263857,1,0,13,2,0.0,0.0311604138102954,0,0,1,0,0
2003,10,4.060443010546419,1,0,20,5,0.0,0.02492833104823632,3,0,0,1,0
2003,10,3.8066624897703196,1,0,5,5,0.0,0.0311604138102954,0,0,1,0,0
2003,9,4.465908118654584,1,0,12,2,0.0,0.0311604138102954,0,0,1,0,0
2003,10,3.8066624897703196,1,0,11,4,0.0,0.0006232082762059081,0,0,1,0,0
2002,10,6.0473721790462776,1,0,12,4,0.0,0.0028667580705471767,2,0,0,1,0
2003,11,2.833213344056216,1,0,16,5,0.0625,0.0311604138102954,0,0,1,0,0
2003,6,5.209486152841421,1,0,12,3,0.16666666666666666,0.009472765798329803,2,0,0,1,0
2003,11,3.6109179126442243,1,0,69,5,0.0,0.0032406830362707215,2,0,0,1,0
2003,6,5.236441962829949,1,0,6,5,0.0,0.0311604138102954,2,1,0,0,0
2003,6,5.181783550292085,1,0,8,2,0.0,0.0028667580705471767,0,0,1,0,0
2003,11,3.295836866004329,1,0,25,5,0.0,0.0004985666209647265,0,0,1,0,0
2003,9,4.290459441148391,1,0,22,3,0.0,0.0007478499314470896,0,0,1,0,0
2003,4,5.420534999272286,1,0,22,5,0.0,0.009472765798329803,3,0,1,0,0
2003,1,5.736572297479192,1,0,8,5,0.125,0.0001246416552411816,3,0,1,0,0
2001,12,6.57507584059962,1,0,9,3,0.0,0.00461174124392372,3,0,1,0,0
2003,9,3.9318256327243257,1,0,3,2,0.0,0.0003739249657235448,0,1,0,0,0
2003,9,4.189654742026425,1,0,1,0,0.0,0.00461174124392372,0,0,1,0,0
2003,10,3.1780538303479458,1,0,9,3,0.0,0.00461174124392372,0,0,1,0,0
2002,10,5.958424693029782,1,0,29,5,0.0,0.0004985666209647265,0,0,1,0,0
2002,12,5.863631175598097,1,0,20,5,0.0,0.009472765798329803,0,0,1,0,0
2002,11,5.883322388488279,1,0,1,0,0.0,0.009472765798329803,0,0,1,0,0
2003,10,3.6375861597263857,1,0,3,0,0.0,0.00461174124392372,0,0,1,0,0
2003,5,5.187385805840755,1,0,22,5,0.0,0.009472765798329803,2,1,0,0,0
2003,6,5.14166355650266,1,0,13,3,0.0,0.0003739249657235448,1,0,1,0,0
2003,11,2.772588722239781,1,0,3,2,0.0,0.0003739249657235448,1,0,1,0,0
2003,6,5.0106352940962555,1,0,6,2,0.5,0.0013710582076529975,0,1,0,0,0
2003,9,4.07753744390572,1,0,1,0,0.0,0.02492833104823632,0,1,0,0,0
2003,8,4.543294782270004,1,0,4,2,0.0,0.0001246416552411816,0,1,0,0,0
2003,4,5.318119993844216,1,0,2,0,0.0,0.02492833104823632,0,1,0,0,0
2003,8,4.04305126783455,1,0,3,0,0.0,0.00461174124392372,0,1,0,0,0
2002,10,5.886104031450156,1,0,19,5,0.0,0.0007478499314470896,0,0,1,0,0
2003,6,4.672828834461906,1,0,347,5,0.0,0.0012464165524118161,0,0,1,0,0
2003,9,2.833213344056216,1,0,9,5,0.0,0.000997133241929453,0,0,1,0,0
2003,6,4.912654885736052,1,0,13,3,0.0,0.0001246416552411816,0,0,1,0,0
2003,3,5.327876168789581,1,0,2,5,0.0,0.0012464165524118161,5,1,0,0,0
2002,2,6.415096959171596,1,0,6,2,0.0,0.0012464165524118161,1,0,1,0,0
2002,12,5.736572297479192,1,0,4,2,0.0,0.0012464165524118161,2,0,1,0,0
2003,7,4.5217885770490405,1,0,1,0,0.0,0.00461174124392372,0,1,0,0,0
2003,5,4.962844630259907,1,0,59,7,0.0,0.009472765798329803,0,0,1,0,0
2003,2,5.356586274672012,1,0,2,1,0.0,0.004861024554406083,0,1,0,0,0
2003,5,4.61512051684126,1,0,1,0,0.0,0.0011217748971706345,0,0,1,0,0
2003,4,4.795790545596741,1,0,9,2,0.0,0.02492833104823632,0,0,1,0,0
2003,3,5.056245805348308,1,0,9,3,0.0,0.02492833104823632,1,0,1,0,0
2002,11,5.594711379601839,1,0,6,1,0.0,0.02492833104823632,1,0,1,0,0
2002,10,5.7430031878094825,1,0,6,2,0.0,0.02492833104823632,1,0,1,0,0
1999,9,7.261225091971921,1,0,14,5,0.07142857142857142,0.02492833104823632,1,0,1,0,0
2003,4,4.6913478822291435,1,0,1,1,0.0,0.0003739249657235448,1,0,1,0,0
2002,4,6.091309882077698,1,0,27,4,0.0,0.005110307864888446,0,0,0,1,0
2003,1,5.198497031265826,1,0,27,4,0.0,0.010220615729776892,0,1,0,0,0
2003,5,4.007333185232471,1,0,27,4,0.0,0.010220615729776892,0,1,0,0,0
2003,5,3.713572066704308,1,0,22,5,0.0,0.010220615729776892,0,1,0,0,0
2003,4,4.3694478524670215,1,0,26,5,0.0,0.0007478499314470896,2,0,1,0,0
2002,11,5.407171771460119,1,0,17,5,0.058823529411764705,0.010220615729776892,0,1,0,0,0
2003,6,3.6109179126442243,1,0,4,1,0.0,0.0003739249657235448,0,1,0,0,0
2002,7,5.8664680569332965,1,0,7,2,0.0,0.0012464165524118161,2,0,1,0,0
2003,5,3.871201010907891,1,0,1,0,0.0,0.004487099588682538,0,1,0,0,0
2003,4,4.584967478670572,1,0,1,0,0.0,0.0006232082762059081,0,0,1,0,0
2002,3,6.163314804034641,1,0,50,5,0.0,0.029664713947401222,4,0,1,0,0
2002,9,5.655991810819852,1,0,27,4,0.0,0.010220615729776892,0,1,0,0,0
2002,11,5.4680601411351315,1,0,1,0,0.0,0.010220615729776892,0,0,1,0,0
2002,4,6.133398042996649,1,0,29,5,0.0,0.005110307864888446,0,0,0,1,0
2003,2,4.882801922586371,1,0,14,5,0.0,0.005110307864888446,0,0,0,1,0
2003,5,4.23410650459726,1,0,27,4,0.0,0.005110307864888446,0,0,0,1,0
2003,2,4.9344739331306915,1,0,1,0,0.0,0.005110307864888446,0,0,0,1,0
2002,11,5.407171771460119,1,0,5,2,0.0,0.005110307864888446,0,0,0,1,0
2002,11,5.4680601411351315,1,0,1,0,0.0,0.0021189081391000874,0,0,1,0,0
2003,5,4.007333185232471,1,0,5,5,0.4,0.029664713947401222,0,0,1,0,0
2002,11,5.3230099791384085,1,0,347,5,0.0,0.004861024554406083,0,0,1,0,0
2002,12,5.214935757608986,1,0,347,5,0.0,0.004861024554406083,0,0,1,0,0
2002,12,5.049856007249537,1,0,347,5,0.0,0.004861024554406083,0,0,1,0,0
2003,1,5.003946305945459,1,0,347,5,0.0,0.004861024554406083,0,0,1,0,0
2002,4,6.003887067106539,1,0,347,5,0.0,0.004861024554406083,0,0,1,0,0
2002,11,5.288267030694535,1,0,347,5,0.0,0.004861024554406083,0,0,1,0,0
2002,5,5.950642552587727,1,0,347,5,0.0,0.004861024554406083,1,0,1,0,0
2001,10,6.380122536899765,1,0,3,2,0.0,0.0001246416552411816,1,0,1,0,0
2001,10,6.391917113392602,1,0,12,3,0.16666666666666666,0.009472765798329803,3,0,1,0,0
2003,3,4.290459441148391,1,0,59,7,0.0,0.0001246416552411816,1,0,1,0,0
2001,6,6.553933404025811,1,0,2,2,0.0,0.0003739249657235448,2,0,0,1,0
2003,4,2.70805020110221,1,0,26,5,0.0,0.0007478499314470896,0,1,0,0,0
2003,2,4.2626798770413155,1,0,2,0,0.5,0.01632805683659479,0,1,0,0,0
2003,2,4.5217885770490405,1,0,2,0,0.0,0.0014956998628941791,0,0,1,0,0
2003,3,4.060443010546419,1,0,15,4,0.06666666666666667,0.0012464165524118161,0,0,1,0,0
2003,3,3.58351893845611,1,0,14,5,0.0,0.01632805683659479,0,0,1,0,0
2002,10,5.14166355650266,1,0,20,5,0.0,0.02492833104823632,0,1,0,0,0
2001,11,6.212606095751519,1,0,22,5,0.0,0.02492833104823632,5,0,1,0,0
2002,12,4.795790545596741,1,0,2,0,0.0,0.000997133241929453,0,1,0,0,0
2002,11,5.003946305945459,1,0,1,0,0.0,0.000997133241929453,0,1,0,0,0
2003,3,3.1354942159291497,1,0,9,3,0.0,0.02492833104823632,0,0,1,0,0
2002,11,5.003946305945459,1,0,20,5,0.0,0.02492833104823632,0,0,0,1,0
2002,11,5.003946305945459,1,0,20,5,0.0,0.02492833104823632,0,0,1,0,0
2002,11,5.003946305945459,1,0,20,5,0.0,0.02492833104823632,2,0,0,1,0
2002,11,4.90527477843843,1,0,6,1,0.0,0.02492833104823632,0,0,1,0,0
2002,5,5.793013608384144,1,0,1,0,0.0,0.02492833104823632,0,0,1,0,0
2002,1,6.126869184114185,1,0,2,0,0.0,0.0011217748971706345,0,0,1,0,0
2002,10,4.804021044733257,1,0,1,1,0.0,0.0032406830362707215,1,0,1,0,0
2002,6,5.541263545158426,1,0,2,0,0.0,0.0032406830362707215,0,1,0,0,0
2002,9,5.099866427824199,1,0,1,0,0.0,0.0001246416552411816,0,1,0,0,0
2002,11,4.532599493153256,1,0,8,5,0.0,0.02492833104823632,2,0,1,0,0
2001,6,6.408528791059498,1,0,2,2,0.0,0.0003739249657235448,0,0,0,1,0
2002,8,5.135798437050262,1,0,1,0,0.0,0.02492833104823632,0,1,0,0,0
2002,8,5.135798437050262,1,0,17,5,0.17647058823529413,0.0011217748971706345,0,1,0,0,0
2000,4,6.92461239604856,1,0,1,0,0.0,0.0036146080019942664,0,0,1,0,0
2003,1,3.1354942159291497,1,0,8,5,0.125,0.0036146080019942664,0,0,1,0,0
2002,6,5.5134287461649825,1,0,8,0,0.0,0.0036146080019942664,0,0,1,0,0
2002,3,5.783825182329737,2,1,3,1,0.3333333333333333,0.0036146080019942664,0,0,1,0,0
2000,12,6.668228248417403,1,0,1,2,0.0,0.0036146080019942664,2,0,0,1,0
2002,5,5.605802066295998,1,0,22,3,0.0,0.0036146080019942664,2,0,0,1,0
2001,12,6.030685260261263,1,0,22,3,0.0,0.0036146080019942664,2,0,0,1,0
2002,12,4.174387269895637,1,0,8,0,0.0,0.0036146080019942664,0,0,1,0,0
2000,11,6.710523109452428,1,0,3,1,0.3333333333333333,0.0036146080019942664,1,0,1,0,0
2001,11,6.126869184114185,1,0,22,3,0.0,0.0036146080019942664,2,0,1,0,0
2002,11,4.290459441148391,1,0,1,1,0.0,0.029664713947401222,1,0,1,0,0
2002,12,3.9318256327243257,1,0,1,0,0.0,0.0001246416552411816,0,1,0,0,0
1998,10,7.350516171833998,1,0,8,1,0.0,0.0003739249657235448,1,0,1,0,0
2002,1,5.902633333401366,1,0,54,5,0.14814814814814814,0.0001246416552411816,0,0,1,0,0
2002,12,3.7376696182833684,1,0,6,2,0.0,0.0012464165524118161,0,0,1,0,0
1992,6,8.257904193465674,1,0,8,1,0.0,0.0003739249657235448,1,0,1,0,0
2002,10,4.454347296253507,1,0,8,2,0.0,0.0007478499314470896,2,0,1,0,0
1999,4,7.221105098182496,1,0,1,0,0.0,0.009722049108812166,0,1,0,0,0
1998,4,7.4570320891223805,1,0,1,0,0.0,0.0004985666209647265,0,0,1,0,0
2002,11,3.9318256327243257,1,0,2,0,0.0,0.0004985666209647265,0,0,0,1,0
2001,9,6.198478716492308,1,0,2,0,0.0,0.0004985666209647265,0,0,1,0,0
2002,2,5.780743515792329,1,0,347,5,0.0,0.010594540695500436,0,0,0,1,0
1992,5,8.264105763728956,1,0,21,5,0.0,0.009098840832606257,0,0,0,1,0
1995,6,7.920446505142607,1,0,8,5,0.0,0.009098840832606257,2,0,0,1,0
1992,4,8.271292652979412,1,0,21,5,0.0,0.009098840832606257,2,0,0,1,0
2002,10,3.9512437185814275,1,0,26,5,0.0,0.0007478499314470896,0,1,0,0,0
2002,10,4.07753744390572,1,0,6,2,0.0,0.01632805683659479,0,1,0,0,0
2002,5,5.3981627015177525,1,0,347,5,0.0,0.0016203415181353608,0,0,1,0,0
2002,3,5.659482215759621,1,0,11,5,0.0,0.0001246416552411816,2,0,1,0,0
2002,9,4.477336814478207,1,0,1,0,0.0,0.003365324691511903,0,0,1,0,0
2002,11,3.295836866004329,1,0,14,5,0.0,0.010220615729776892,0,0,1,0,0
2002,9,4.499809670330265,1,0,2,0,0.0,0.029664713947401222,0,0,1,0,0
2002,10,4.127134385045092,1,0,347,5,0.0,0.005110307864888446,0,0,0,1,0
2002,8,4.8283137373023015,1,0,11,5,0.09090909090909091,0.005110307864888446,0,0,0,1,0
2002,7,4.983606621708336,1,0,3,0,0.0,0.005110307864888446,0,0,0,1,0
2002,9,4.574710978503383,1,0,2,2,0.0,0.005110307864888446,0,0,0,1,0
2002,11,3.713572066704308,1,0,1,0,0.0,0.0006232082762059081,0,1,0,0,0
2002,11,3.6888794541139363,1,0,22,5,0.0,0.005110307864888446,3,0,0,1,0
2002,9,4.418840607796598,1,0,9,3,0.0,0.029664713947401222,0,1,0,0,0
2002,11,3.713572066704308,1,0,11,3,0.0,0.005110307864888446,2,0,0,1,0
2002,4,5.5254529391317835,1,0,7,3,0.0,0.0006232082762059081,2,0,1,0,0
2002,7,4.983606621708336,1,0,14,2,0.0,0.029664713947401222,0,0,1,0,0
2002,10,4.127134385045092,1,0,347,5,0.0,0.004487099588682538,1,0,1,0,0
2002,10,3.8918202981106265,1,0,347,5,0.0,0.004487099588682538,1,0,1,0,0
2002,9,4.5217885770490405,1,0,6,5,0.0,0.0006232082762059081,2,0,1,0,0
2002,11,3.6635616461296463,1,0,10,2,0.0,0.0001246416552411816,0,0,1,0,0
2002,9,4.553876891600541,1,0,8,4,0.0,0.0001246416552411816,0,0,1,0,0
1979,10,9.0442857876461,1,0,69,5,0.0,0.00461174124392372,3,0,1,0,0
2002,10,3.9512437185814275,1,0,11,3,0.0,0.0012464165524118161,0,0,1,0,0
2002,7,4.795790545596741,1,0,1,0,0.0,0.0016203415181353608,0,1,0,0,0
2002,4,5.4510384535657,1,0,69,5,0.0,0.0016203415181353608,1,0,1,0,0
2002,8,4.736198448394496,1,0,12,3,0.0,0.0003739249657235448,0,1,0,0,0
2002,8,4.61512051684126,1,0,347,5,0.0,0.0311604138102954,0,0,1,0,0
2001,10,6.040254711277414,1,0,8,2,0.0,0.008724915866882713,2,0,1,0,0
2002,7,5.003946305945459,1,0,69,5,0.0,0.0016203415181353608,0,0,1,0,0
2002,7,4.852030263919617,1,0,69,5,0.0,0.0016203415181353608,0,0,1,0,0
2002,8,4.68213122712422,1,0,347,5,0.0,0.0311604138102954,1,0,1,0,0
2001,11,5.921578419643816,1,0,31,3,0.0,0.0012464165524118161,0,0,1,0,0
2002,4,5.420534999272286,1,0,2,2,0.0,0.0002492833104823632,2,0,1,0,0
2002,3,5.564520407322694,1,0,1,0,0.0,0.0001246416552411816,0,0,1,0,0
2002,11,2.772588722239781,1,0,3,0,0.0,0.0001246416552411816,0,0,1,0,0
2002,1,5.780743515792329,1,0,31,3,0.0,0.01632805683659479,0,0,1,0,0
2002,10,3.1780538303479458,1,0,5,0,0.0,0.0032406830362707215,0,0,1,0,0
2002,11,2.833213344056216,1,0,59,7,0.0,0.009472765798329803,3,0,1,0,0
2002,10,3.4339872044851463,1,0,59,7,0.0,0.009472765798329803,0,1,0,0,0
2002,3,5.537334267018537,1,0,347,5,0.0,0.010594540695500436,0,0,1,0,0
1997,11,7.519149957669823,1,0,69,5,0.0,0.0032406830362707215,2,0,1,0,0
2002,11,2.3978952727983707,1,0,11,3,0.0,0.005110307864888446,0,0,0,1,0
2002,3,5.407171771460119,1,0,14,5,0.0,0.010220615729776892,0,0,1,0,0
2002,3,5.497168225293202,1,0,17,5,0.058823529411764705,0.010220615729776892,2,0,1,0,0
2002,5,5.236441962829949,1,0,3,1,0.3333333333333333,0.0021189081391000874,0,0,1,0,0
2002,4,5.375278407684165,1,0,29,5,0.0,0.029664713947401222,5,1,0,0,0
2002,9,4.007333185232471,1,0,27,4,0.0,0.010220615729776892,0,0,1,0,0
2001,11,5.855071922202427,1,0,6,3,0.0,0.010220615729776892,1,0,1,0,0
2002,3,5.438079308923196,1,0,50,5,0.0,0.029664713947401222,3,0,1,0,0
2002,3,5.497168225293202,1,0,29,5,0.0,0.029664713947401222,3,0,1,0,0
2002,9,3.4339872044851463,1,0,5,0,0.0,0.0032406830362707215,0,1,0,0,0
2002,6,4.804021044733257,1,0,2,0,0.0,0.0032406830362707215,0,0,1,0,0
2002,9,3.1780538303479458,1,0,6,2,0.0,0.0002492833104823632,0,0,1,0,0
2002,5,4.941642422609304,1,0,9,3,0.0,0.0003739249657235448,0,0,1,0,0
2002,3,5.342334251964811,1,0,11,5,0.0,0.0002492833104823632,1,0,1,0,0
2000,10,6.580639137284949,1,0,5,1,0.0,0.0002492833104823632,1,0,1,0,0
2002,8,3.6375861597263857,1,0,20,4,0.0,0.0003739249657235448,0,0,1,0,0
2002,8,3.8066624897703196,1,0,6,1,0.0,0.0003739249657235448,0,0,1,0,0
2002,5,4.74493212836325,1,0,25,5,0.0,0.0001246416552411816,4,0,1,0,0
2002,1,5.541263545158426,1,0,22,3,0.0,0.0001246416552411816,0,1,0,0,0
2002,4,5.049856007249537,1,0,3,0,0.0,0.0001246416552411816,0,1,0,0,0
2002,1,5.5093883366279774,1,0,20,5,0.0,0.0002492833104823632,0,1,0,0,0
2002,4,5.049856007249537,1,0,22,5,0.0,0.0002492833104823632,0,1,0,0,0
2002,7,4.07753744390572,1,0,1,0,0.0,0.0001246416552411816,0,1,0,0,0
2002,7,4.1588830833596715,1,0,7,2,0.0,0.0007478499314470896,0,1,0,0,0
2002,1,5.455321115357702,2,1,2,0,0.5,0.0007478499314470896,0,1,0,0,0
2002,2,5.327876168789581,1,0,1,0,0.0,0.0007478499314470896,0,1,0,0,0
2002,6,4.543294782270004,1,0,1,0,0.0,0.0007478499314470896,0,1,0,0,0
2002,6,4.382026634673881,1,0,3,0,0.0,0.0032406830362707215,0,0,1,0,0
2002,4,5.003946305945459,2,1,1,0,1.0,0.010594540695500436,0,1,0,0,0
2002,6,4.532599493153256,1,0,5,0,0.0,0.0032406830362707215,0,1,0,0,0
2002,2,5.288267030694535,1,0,3,0,0.0,0.0032406830362707215,0,1,0,0,0
2002,6,4.532599493153256,1,0,3,0,0.0,0.0032406830362707215,0,1,0,0,0
2002,5,4.770684624465665,1,0,347,5,0.0,0.0032406830362707215,0,0,1,0,0
2002,6,4.605170185988092,1,0,347,5,0.0,0.0032406830362707215,0,0,1,0,0
2002,8,1.0986122886681098,1,0,2,0,0.0,0.0006232082762059081,0,0,1,0,0
2002,3,5.056245805348308,1,0,9,3,0.1111111111111111,0.0006232082762059081,0,0,1,0,0
2002,6,4.454347296253507,1,0,15,5,0.0,0.0004985666209647265,4,0,1,0,0
2002,7,3.58351893845611,1,0,2,0,0.0,0.0006232082762059081,0,1,0,0,0
2000,2,6.774223886357614,1,0,20,5,0.0,0.005110307864888446,2,0,0,1,0
1999,1,7.151485463904735,1,0,347,5,0.0,0.004487099588682538,0,0,1,0,0
2002,3,4.718498871295094,1,0,347,5,0.0,0.004487099588682538,0,0,1,0,0
2002,5,4.02535169073515,1,0,347,5,0.0,0.004487099588682538,0,0,1,0,0
1998,10,7.21890970761906,1,0,1,2,0.0,0.0021189081391000874,2,0,1,0,0
2002,3,4.836281906951478,1,0,29,5,0.0,0.029664713947401222,2,0,1,0,0
1994,10,7.94873845481361,1,0,11,3,0.0,0.0021189081391000874,2,0,1,0,0
2001,12,5.3471075307174685,1,0,4,1,0.0,0.0021189081391000874,0,0,1,0,0
2002,3,4.6443908991413725,1,0,12,2,0.0,0.0001246416552411816,0,0,1,0,0
1996,4,7.726212650507529,1,0,1,2,0.0,0.0001246416552411816,2,0,1,0,0
2002,5,4.127134385045092,1,0,8,5,0.0,0.0001246416552411816,0,0,1,0,0
1996,6,7.698029170272805,1,0,11,5,0.0,0.0001246416552411816,0,0,1,0,0
2001,1,6.295266001439646,1,0,1,0,0.0,0.0001246416552411816,0,0,1,0,0
2002,5,3.8066624897703196,1,0,25,5,0.0,0.0001246416552411816,0,0,1,0,0
1996,11,7.627057417018934,1,0,25,5,0.0,0.0001246416552411816,0,0,1,0,0
1998,4,7.343426229147367,1,0,2,1,0.0,0.0001246416552411816,0,0,1,0,0
2001,4,6.095824562432225,1,0,6,4,0.0,0.0001246416552411816,3,0,1,0,0
2001,11,5.484796933490655,1,0,15,5,0.06666666666666667,0.014084507042253521,2,0,1,0,0
1999,9,6.932447891572509,1,0,9,2,0.0,0.0001246416552411816,2,0,1,0,0
2001,12,5.3612921657094255,1,0,5,5,0.0,0.0002492833104823632,5,0,1,0,0
2002,1,5.099866427824199,1,0,7,2,0.0,0.0007478499314470896,2,1,0,0,0
1999,10,6.897704943128636,1,0,16,5,0.0625,0.0001246416552411816,2,0,1,0,0
2000,8,6.525029657843462,1,0,5,2,0.0,0.0007478499314470896,2,0,1,0,0
2002,2,5.056245805348308,1,0,2,0,0.0,0.0001246416552411816,0,1,0,0,0
2002,3,4.6443908991413725,1,0,22,5,0.5,0.0008724915866882712,0,1,0,0,0
2001,11,5.424950017481403,1,0,1,0,0.0,0.0001246416552411816,0,1,0,0,0
1998,10,7.226209010100671,1,0,3,3,0.0,0.0001246416552411816,1,0,1,0,0
1989,7,8.463370384718731,1,0,25,5,0.0,0.0001246416552411816,1,0,1,0,0
2001,11,5.455321115357702,1,0,5,2,0.0,0.0007478499314470896,0,1,0,0,0
2002,2,4.912654885736052,1,0,347,5,0.0,0.0003739249657235448,0,0,1,0,0
2002,2,4.454347296253507,1,0,3,1,0.0,0.01632805683659479,0,0,1,0,0
2001,10,5.389071729816501,1,0,4,3,0.0,0.003365324691511903,2,0,1,0,0
2001,11,5.25227342804663,1,0,26,5,0.0,0.01632805683659479,2,0,1,0,0
2002,3,2.995732273553991,1,0,9,3,0.0,0.029664713947401222,0,0,1,0,0
2002,3,3.713572066704308,1,0,17,5,0.058823529411764705,0.010220615729776892,0,0,1,0,0
2002,3,3.1780538303479458,1,0,5,1,0.0,0.0001246416552411816,0,0,1,0,0
2000,9,6.375024819828097,1,0,15,5,0.0,0.029664713947401222,5,0,1,0,0
2002,1,4.330733340286331,1,0,6,3,0.0,0.010220615729776892,0,1,0,0,0
2002,1,4.418840607796598,2,1,6,5,0.16666666666666666,0.0002492833104823632,0,1,0,0,0
2002,3,3.5263605246161616,1,0,27,4,0.0,0.010220615729776892,0,1,0,0,0
2002,3,3.295836866004329,1,0,2,2,0.0,0.029664713947401222,0,1,0,0,0
2002,3,3.295836866004329,1,0,17,5,0.058823529411764705,0.010220615729776892,0,1,0,0,0
2001,4,5.87493073085203,1,0,27,4,0.0,0.010220615729776892,0,1,0,0,0
2002,1,4.6443908991413725,1,0,22,5,0.0,0.010220615729776892,0,1,0,0,0
2002,3,3.713572066704308,1,0,5,1,0.0,0.0021189081391000874,0,0,1,0,0
1999,10,6.816735880594968,1,0,2,2,0.0,0.010220615729776892,2,0,1,0,0
2002,3,3.295836866004329,1,0,50,5,0.0,0.029664713947401222,0,0,1,0,0
2002,2,4.007333185232471,1,0,1,0,0.0,0.0002492833104823632,0,0,1,0,0
2002,1,4.6443908991413725,1,0,347,5,0.0,0.004487099588682538,2,0,1,0,0
2001,11,5.117993812416755,1,0,347,5,0.0,0.004487099588682538,0,0,1,0,0
2002,1,4.330733340286331,1,0,347,5,0.0,0.004487099588682538,0,0,1,0,0
2001,10,5.272999558563747,1,0,7,3,0.0,0.0002492833104823632,2,1,0,0,0
2001,5,5.817111159963204,1,0,4,5,0.0,0.0002492833104823632,0,0,1,0,0
2002,3,3.5263605246161616,1,0,3,0,0.0,0.0311604138102954,0,0,1,0,0
2002,3,3.713572066704308,1,0,29,5,0.0,0.029664713947401222,0,0,1,0,0
2001,8,5.4680601411351315,1,0,2,0,0.0,0.0004985666209647265,0,0,1,0,0
2001,12,4.859812404361672,1,0,9,3,0.0,0.0001246416552411816,2,0,1,0,0
2000,11,6.255750041753367,1,0,13,3,0.0,0.0003739249657235448,1,0,1,0,0
2001,12,4.23410650459726,1,0,347,5,0.0,0.004487099588682538,0,0,1,0,0
1987,12,8.552174160311482,1,0,4,2,0.0,0.004487099588682538,2,0,1,0,0
2001,11,4.330733340286331,1,0,347,5,0.0,0.004487099588682538,0,0,1,0,0
2001,11,4.605170185988092,1,0,1,0,0.0,0.0002492833104823632,0,0,1,0,0
2001,11,4.248495242049359,1,0,22,3,0.0,0.0003739249657235448,0,0,1,0,0
2000,10,6.124683390894205,1,0,1,1,0.0,0.010594540695500436,1,0,1,0,0
2001,3,5.736572297479192,1,0,5,2,0.0,0.008724915866882713,2,0,1,0,0
2001,11,4.276666119016055,1,0,9,1,0.0,0.0001246416552411816,0,0,1,0,0
2001,10,4.605170185988092,1,0,8,2,0.0,0.0007478499314470896,0,0,1,0,0
2001,11,4.174387269895637,1,0,9,2,0.0,0.0002492833104823632,0,0,1,0,0
2001,5,5.537334267018537,1,0,15,5,0.0,0.0004985666209647265,2,0,1,0,0
2000,7,6.335054251498059,1,0,11,3,0.0,0.009722049108812166,0,1,0,0,0
2001,11,4.127134385045092,1,0,347,5,0.0,0.004861024554406083,0,0,1,0,0
2001,12,3.044522437723423,1,0,347,5,0.0,0.004861024554406083,0,0,1,0,0
2001,6,5.262690188904886,1,0,1,0,0.0,0.03128505546553658,0,1,0,0,0
2001,9,4.61512051684126,1,0,20,5,0.0,0.03128505546553658,0,0,1,0,0
2001,11,3.713572066704308,1,0,69,5,0.0,0.03128505546553658,0,0,1,0,0
1999,11,6.641182169740591,1,0,15,5,0.06666666666666667,0.03128505546553658,5,0,1,0,0
2001,11,3.8066624897703196,1,0,4,0,0.0,0.03128505546553658,0,0,1,0,0
2001,9,4.543294782270004,1,0,1,0,0.0,0.03128505546553658,0,0,1,0,0
2001,4,5.541263545158426,1,0,6,4,0.0,0.03128505546553658,0,0,1,0,0
2001,10,4.02535169073515,1,0,8,2,0.0,0.03128505546553658,2,1,0,0,0
2001,11,3.1780538303479458,1,0,1,5,0.0,0.035398230088495575,5,1,0,0,0
2001,12,2.772588722239781,1,0,4,5,0.0,0.035398230088495575,5,1,0,0,0
2001,10,4.276666119016055,1,0,1,0,0.0,0.035398230088495575,0,1,0,0,0
2001,11,3.6375861597263857,1,0,15,5,0.06666666666666667,0.03128505546553658,1,0,1,0,0
2001,10,3.912023005428146,1,0,19,3,0.0,0.03128505546553658,0,0,1,0,0
2001,11,3.4965075614664802,1,0,2,3,0.0,0.03128505546553658,2,0,0,1,0
1992,8,8.130647968160584,1,0,8,3,0.125,0.03128505546553658,2,0,0,1,0
1998,3,7.22983877815125,1,0,1,2,0.0,0.03128505546553658,2,0,0,1,0
2000,1,6.542471960506805,1,0,8,2,0.0,0.03128505546553658,2,0,0,1,0
2001,10,4.04305126783455,1,0,1,0,0.0,0.014084507042253521,0,1,0,0,0
1998,8,7.098375638590786,1,0,8,2,0.0,0.03128505546553658,2,0,0,1,0
1996,11,7.528331766707247,1,0,2,3,0.0,0.03128505546553658,3,0,0,1,0
1999,9,6.71901315438526,1,0,1,3,0.0,0.03128505546553658,3,0,0,1,0
2001,11,3.5263605246161616,1,0,26,5,0.0,0.03128505546553658,3,0,0,1,0
2000,11,5.991464547107982,1,0,2,4,0.0,0.03128505546553658,3,0,0,1,0
2000,7,6.26530121273771,1,0,11,3,0.0,0.03128505546553658,3,0,0,1,0
2001,4,5.4638318050256105,1,0,6,1,0.0,0.03128505546553658,1,0,1,0,0
1994,11,7.8628820346414905,1,0,2,5,0.0,0.03128505546553658,5,0,0,1,0
2001,1,5.811140992976701,1,0,14,5,0.0,0.03128505546553658,1,0,1,0,0
2001,10,4.04305126783455,1,0,4,2,0.0,0.03128505546553658,0,0,1,0,0
2001,9,4.442651256490317,1,0,8,0,0.0,0.014084507042253521,0,1,0,0,0
2001,11,3.58351893845611,1,0,26,5,0.0,0.03128505546553658,1,0,1,0,0
2001,9,4.532599493153256,1,0,1,0,0.0,0.03128505546553658,0,0,1,0,0
2001,4,5.493061443340548,1,0,1,0,0.0,0.03128505546553658,0,1,0,0,0
2001,10,4.31748811353631,1,0,7,3,0.0,0.03128505546553658,0,1,0,0,0
2001,11,3.6888794541139363,1,0,22,5,0.0,0.03128505546553658,1,0,1,0,0
2001,11,3.4965075614664802,1,0,27,4,0.0,0.03128505546553658,0,1,0,0,0
2001,11,3.8501476017100584,1,0,11,5,0.09090909090909091,0.03128505546553658,2,0,1,0,0
1994,6,7.915348169263078,1,0,2,2,0.0,0.03128505546553658,2,0,1,0,0
2001,10,3.9889840465642745,1,0,27,4,0.0,0.03128505546553658,2,0,1,0,0
2001,11,3.7612001156935624,1,0,347,5,0.0,0.03128505546553658,0,0,1,0,0
2001,11,3.367295829986474,1,0,347,5,0.0,0.03128505546553658,0,0,1,0,0
2001,11,3.4965075614664802,1,0,9,5,0.0,0.03128505546553658,3,0,1,0,0
2000,9,6.126869184114185,1,0,1,0,0.0,0.009722049108812166,0,1,0,0,0
2000,10,5.996452088619021,1,0,29,5,0.0,0.03128505546553658,2,0,0,1,0
2000,6,6.3080984415095305,1,0,3,5,0.0,0.009722049108812166,0,1,0,0,0
2001,12,1.0986122886681098,1,0,9,3,0.0,0.03128505546553658,1,0,1,0,0
2001,5,5.3230099791384085,1,0,15,5,0.0,0.03128505546553658,1,0,1,0,0
2000,11,5.978885764901122,1,0,1,0,0.0,0.03128505546553658,0,0,1,0,0
1998,8,7.10085190894405,1,0,2,0,0.0,0.03128505546553658,0,0,1,0,0
2000,9,6.073044534100405,1,0,1,0,0.0,0.03128505546553658,0,0,1,0,0
2001,10,3.367295829986474,1,0,29,5,0.0,0.03128505546553658,2,0,1,0,0
2001,8,4.672828834461906,1,0,347,5,0.0,0.03128505546553658,0,0,1,0,0
2001,10,3.9318256327243257,1,0,32,3,0.0,0.03128505546553658,0,0,1,0,0
2001,5,5.351858133476067,1,0,32,3,0.0,0.03128505546553658,0,0,1,0,0
2001,10,3.091042453358316,1,0,5,5,0.0,0.011217748971706343,0,1,0,0,0
2000,10,6.003887067106539,1,0,2,0,0.0,0.03128505546553658,0,0,1,0,0
2001,8,4.3694478524670215,1,0,2,0,0.0,0.03128505546553658,0,0,1,0,0
2000,1,6.513230110912307,1,0,1,0,0.0,0.035398230088495575,0,1,0,0,0
2001,6,4.955827057601261,1,0,4,2,0.0,0.035398230088495575,0,1,0,0,0
2000,5,6.280395838960195,1,0,2,0,0.0,0.035398230088495575,0,1,0,0,0
2000,12,5.811140992976701,1,0,1,0,0.0,0.035398230088495575,0,1,0,0,0
2001,8,4.454347296253507,1,0,2,0,0.0,0.03128505546553658,0,1,0,0,0
2001,8,4.3694478524670215,1,0,3,0,0.0,0.03128505546553658,0,0,1,0,0
2001,6,5.049856007249537,1,0,2,0,0.0,0.03128505546553658,0,0,1,0,0
2001,3,5.5093883366279774,1,0,6,2,0.0,0.03128505546553658,2,0,1,0,0
2001,9,4.174387269895637,1,0,3,3,0.0,0.03128505546553658,3,0,1,0,0
2001,6,4.990432586778736,1,0,5,2,0.0,0.0311604138102954,0,1,0,0,0
2001,11,1.0986122886681098,1,0,8,5,0.0,0.03128505546553658,2,0,1,0,0
2000,11,5.8944028342648505,1,0,11,5,0.09090909090909091,0.03128505546553658,5,0,1,0,0
2001,3,5.375278407684165,1,0,1,0,0.0,0.03128505546553658,0,1,0,0,0
2001,2,5.552959584921617,1,0,347,5,0.0,0.03128505546553658,0,0,1,0,0
2001,10,2.4849066497880004,1,0,19,5,0.0,0.03128505546553658,0,0,1,0,0
1999,11,6.553933404025811,1,0,1,3,0.0,0.03128505546553658,3,0,1,0,0
1995,5,7.75833346749091,1,0,19,5,0.0,0.03128505546553658,5,0,1,0,0
2001,1,5.5909869805108565,1,0,17,5,0.17647058823529413,0.03128505546553658,0,0,0,1,0
2001,4,5.247024072160486,1,0,69,5,0.0,0.03128505546553658,2,0,0,1,0
2000,12,5.780743515792329,1,0,59,7,0.0,0.03128505546553658,4,0,0,1,0
1997,3,7.427738840532894,1,0,22,5,0.0,0.03128505546553658,4,0,0,1,0
2000,7,6.139884552226255,1,0,59,7,0.0,0.03128505546553658,5,0,0,1,0
2001,10,3.1354942159291497,1,0,69,5,0.0,0.03128505546553658,5,0,0,1,0
2000,12,5.780743515792329,1,0,22,5,0.0,0.03128505546553658,5,0,0,1,0
1997,5,7.388946097618437,1,0,22,5,0.0,0.03128505546553658,5,0,0,1,0
1997,3,7.427738840532894,1,0,22,5,0.0,0.03128505546553658,5,0,0,1,0
2000,10,5.961005339623274,1,0,19,5,0.0,0.03128505546553658,2,0,1,0,0
2000,10,5.921578419643816,1,0,8,5,0.0,0.03128505546553658,3,0,1,0,0
1992,9,8.104099056143582,1,0,3,3,0.0,0.03128505546553658,3,0,1,0,0
1995,3,7.781138509845015,1,0,19,3,0.0,0.03128505546553658,3,0,1,0,0
1983,4,8.820256365906321,1,0,3,3,0.0,0.03128505546553658,3,0,1,0,0
1996,5,7.59337419312129,1,0,3,3,0.0,0.03128505546553658,3,0,1,0,0
1998,3,7.183111701743281,1,0,2,0,0.0,0.03128505546553658,0,0,1,0,0
1990,11,8.289790583181643,1,0,69,5,0.0,0.03128505546553658,0,0,1,0,0
1988,10,8.464425125877582,1,0,2,2,0.0,0.03128505546553658,0,0,1,0,0
1986,6,8.628734566149145,1,0,26,5,0.0,0.03128505546553658,5,0,1,0,0
1985,1,8.717354666338522,1,0,1,0,0.0,0.03128505546553658,0,0,1,0,0
1994,11,7.832014180505469,1,0,7,2,0.0,0.03128505546553658,0,0,1,0,0
1991,6,8.240385115516334,1,0,69,5,0.0,0.03128505546553658,5,0,1,0,0
1987,3,8.58260632996447,1,0,5,2,0.0,0.03128505546553658,0,0,1,0,0
1972,2,9.290721483922995,1,0,2,5,0.0,0.03128505546553658,5,0,1,0,0
1997,4,7.410347097821024,1,0,3,0,0.0,0.03128505546553658,0,0,1,0,0
2001,9,3.4657359027997265,1,0,8,5,0.0,0.03128505546553658,0,0,1,0,0
1981,11,8.892336539638013,1,0,19,3,0.0,0.03128505546553658,1,0,1,0,0
1988,5,8.500657222776137,1,0,5,2,0.0,0.03128505546553658,2,0,1,0,0
1995,11,7.673223121121708,1,0,5,2,0.0,0.03128505546553658,2,0,1,0,0
1976,1,9.149421957006766,1,0,31,3,0.0,0.03128505546553658,2,0,1,0,0
1980,4,8.970813341411448,1,0,2,2,0.0,0.03128505546553658,2,0,1,0,0
1987,10,8.539737155851132,1,0,8,2,0.0,0.03128505546553658,2,0,1,0,0
1972,7,9.2771575450135,1,0,1,2,0.0,0.03128505546553658,2,0,1,0,0
1991,11,8.193123721512068,1,0,9,2,0.0,0.03128505546553658,2,0,1,0,0
1999,4,6.806829360392176,1,0,31,3,0.0,0.03128505546553658,0,0,1,0,0
1997,12,7.254884810077338,1,0,31,3,0.0,0.03128505546553658,0,0,1,0,0
1984,4,8.760923376338836,1,0,1,2,0.0,0.03128505546553658,2,0,1,0,0
2001,1,5.62040086571715,1,0,1,0,0.0,0.03128505546553658,0,0,1,0,0
1977,2,9.106977858981029,1,0,2,2,0.0,0.03128505546553658,2,0,1,0,0
1980,5,8.96482339168508,1,0,15,5,0.0,0.03128505546553658,2,0,1,0,0
1981,12,8.889170455363413,1,0,15,5,0.0,0.03128505546553658,2,0,1,0,0
1977,4,9.098402718735318,1,0,15,5,0.0,0.03128505546553658,2,0,1,0,0
1980,11,8.940891067785461,1,0,4,2,0.0,0.03128505546553658,2,0,1,0,0
1971,10,9.302190025606063,1,0,8,4,0.0,0.03128505546553658,2,0,1,0,0
1984,9,8.741136422901011,1,0,1,2,0.0,0.03128505546553658,2,0,1,0,0
1984,10,8.73214326770192,1,0,1,2,0.0,0.03128505546553658,2,0,1,0,0
1986,8,8.618666160346871,1,0,2,2,0.0,0.03128505546553658,2,0,1,0,0
1986,3,8.644706511715198,1,0,6,2,0.0,0.03128505546553658,2,0,1,0,0
1989,6,8.412943170042439,1,0,6,2,0.0,0.03128505546553658,2,0,1,0,0
1989,2,8.439663988907,1,0,5,2,0.0,0.03128505546553658,2,0,1,0,0
1971,7,9.310547632393208,1,0,4,2,0.0,0.03128505546553658,2,0,1,0,0
1989,4,8.42989086301344,1,0,4,2,0.0,0.03128505546553658,2,0,1,0,0
1989,10,8.389359819906353,1,0,8,5,0.0,0.03128505546553658,2,0,1,0,0
1980,7,8.956222016362542,1,0,20,4,0.0,0.03128505546553658,3,0,1,0,0
1972,2,9.292104673778823,1,0,31,3,0.0,0.03128505546553658,3,0,1,0,0
1977,3,9.103089181229207,1,0,31,3,0.0,0.03128505546553658,3,0,1,0,0
2001,6,4.07753744390572,1,0,1,0,0.0,0.0311604138102954,0,1,0,0,0
1995,4,7.745435610274381,1,0,1,0,0.0,0.03128505546553658,0,0,1,0,0
2001,5,4.2626798770413155,2,1,2,1,0.5,0.035398230088495575,1,0,1,0,0
2001,1,5.176149732573829,1,0,1,0,0.0,0.009722049108812166,0,1,0,0,0
2001,3,4.795790545596741,1,0,1,0,0.0,0.009722049108812166,0,1,0,0,0
2001,5,4.060443010546419,1,0,15,5,0.0,0.009722049108812166,1,0,1,0,0
2001,3,4.795790545596741,1,0,1,0,0.0,0.009722049108812166,0,1,0,0,0
2001,3,4.672828834461906,1,0,8,1,0.0,0.009722049108812166,0,0,1,0,0
2001,5,4.248495242049359,1,0,347,5,0.0,0.035398230088495575,0,0,1,0,0
2001,2,4.90527477843843,1,0,347,5,0.0,0.035398230088495575,0,0,1,0,0
2001,5,3.9318256327243257,1,0,347,5,0.0,0.035398230088495575,0,0,1,0,0
2001,5,4.2626798770413155,1,0,1,0,0.0,0.035398230088495575,0,0,1,0,0
2000,12,5.332718793265369,1,0,22,3,0.0,0.014084507042253521,2,0,0,1,0
2000,1,6.270988431858299,1,0,3,1,0.3333333333333333,0.014084507042253521,0,1,0,0,0
2000,5,6.045005314036012,1,0,22,3,0.0,0.014084507042253521,0,1,0,0,0
1999,3,6.720220155135295,1,0,22,3,0.0,0.014084507042253521,3,0,1,0,0
1990,1,8.341886969516187,1,0,5,2,0.0,0.006107441106817898,0,0,1,0,0
1998,3,7.095893221097532,1,0,26,5,0.0,0.006107441106817898,4,0,1,0,0
1997,11,7.198931240688173,1,0,8,4,0.0,0.006107441106817898,4,0,1,0,0
1998,10,6.887552571664617,1,0,3,2,0.0,0.006107441106817898,0,0,1,0,0
1987,4,8.557182839632397,1,0,15,5,0.0,0.006107441106817898,5,0,1,0,0
2000,10,5.537334267018537,1,0,3,0,0.0,0.006107441106817898,0,0,1,0,0
1992,6,8.105609402299896,1,0,4,1,0.0,0.006107441106817898,0,0,1,0,0
2001,1,5.043425116919247,1,0,1,2,0.0,0.006107441106817898,2,1,0,0,0
2000,11,5.424950017481403,1,0,22,3,0.0,0.014084507042253521,0,1,0,0,0
2001,5,3.6109179126442243,1,0,1,0,0.0,0.003365324691511903,0,1,0,0,0
2000,11,5.389071729816501,1,0,26,5,0.0,0.006107441106817898,0,1,0,0,0
2000,10,5.5909869805108565,1,0,2,0,0.0,0.03128505546553658,0,0,1,0,0
2000,9,5.641907070938114,1,0,1,0,0.0,0.03128505546553658,0,0,1,0,0
2000,10,5.537334267018537,1,0,2,0,0.0,0.006107441106817898,0,0,1,0,0
2001,3,4.709530201312334,1,0,10,2,0.0,0.014084507042253521,0,1,0,0,0
1998,11,6.846943139585379,1,0,15,4,0.0,0.014084507042253521,1,0,1,0,0
2000,12,5.288267030694535,1,0,5,2,0.0,0.014084507042253521,0,1,0,0,0
2001,1,5.14166355650266,1,0,1,0,0.0,0.014084507042253521,0,1,0,0,0
1999,12,6.333279628139691,1,0,2,0,0.0,0.014084507042253521,0,1,0,0,0
2000,6,5.924255797414532,1,0,1,0,0.0,0.014084507042253521,0,0,1,0,0
2001,5,3.295836866004329,1,0,8,4,0.0,0.014084507042253521,1,0,1,0,0
1998,7,6.98933526597456,1,0,1,1,0.0,0.014084507042253521,1,0,1,0,0
1995,6,7.69484807238461,1,0,2,0,0.0,0.0029913997257883583,0,0,1,0,0
2000,5,5.996452088619021,1,0,2,0,0.0,0.014084507042253521,0,0,1,0,0
1999,3,6.71174039505618,1,0,31,3,0.0,0.0029913997257883583,0,0,1,0,0
2000,10,5.484796933490655,1,0,31,3,0.0,0.014084507042253521,0,0,1,0,0
2001,3,4.543294782270004,1,0,9,2,0.0,0.014084507042253521,0,0,1,0,0
2000,11,5.438079308923196,1,0,12,2,0.0,0.014084507042253521,2,0,1,0,0
1999,5,6.63200177739563,1,0,4,2,0.0,0.014084507042253521,2,0,1,0,0
2000,10,5.5134287461649825,1,0,5,2,0.0,0.014084507042253521,2,0,1,0,0
2000,11,5.438079308923196,1,0,347,5,0.0,0.014084507042253521,0,0,1,0,0
2001,3,4.543294782270004,1,0,347,5,0.0,0.014084507042253521,0,0,1,0,0
2001,3,4.709530201312334,1,0,11,4,0.0,0.014084507042253521,0,0,1,0,0
2001,5,3.8066624897703196,1,0,15,4,0.0,0.014084507042253521,0,0,1,0,0
2000,10,5.541263545158426,1,0,5,5,0.0,0.014084507042253521,3,0,1,0,0
2001,2,4.8283137373023015,1,0,10,2,0.0,0.014084507042253521,0,0,1,0,0
2001,5,3.295836866004329,1,0,8,4,0.0,0.0029913997257883583,0,0,1,0,0
2001,3,4.532599493153256,1,0,4,2,0.0,0.011217748971706343,0,0,1,0,0
2000,5,5.988961416889864,1,0,1,0,0.0,0.0311604138102954,0,0,1,0,0
2001,1,5.0689042022202315,1,0,4,2,0.0,0.035398230088495575,2,1,0,0,0
2000,5,5.958424693029782,1,0,5,2,0.0,0.035398230088495575,0,1,0,0,0
2000,11,5.356586274672012,1,0,69,5,0.0,0.035398230088495575,0,1,0,0,0
2000,11,5.4116460518550396,1,0,1,0,0.0,0.0029913997257883583,0,0,1,0,0
2000,11,5.356586274672012,1,0,69,5,0.0,0.07291536831609123,0,1,0,0,0
1998,12,6.796823718274855,1,0,6,3,0.0,0.07291536831609123,3,0,0,1,0
2000,11,5.272999558563747,1,0,347,5,0.0,0.07291536831609123,1,0,1,0,0
2000,10,5.308267697401205,1,0,4,0,0.0,0.07291536831609123,0,1,0,0,0
1999,6,6.559615237493242,1,0,9,5,0.0,0.07291536831609123,4,0,0,1,0
1999,7,6.498282149476434,1,0,6,1,0.0,0.07291536831609123,1,0,1,0,0
1999,8,6.444131256700441,1,0,50,5,0.0,0.07291536831609123,5,0,0,1,0
1994,1,7.896924656268864,1,0,1,1,0.0,0.07291536831609123,1,0,1,0,0
2000,4,6.003887067106539,1,0,10,3,0.0,0.07291536831609123,1,0,1,0,0
2001,3,3.871201010907891,1,0,1,0,0.0,0.07291536831609123,0,1,0,0,0
1997,2,7.344072850573066,1,0,1,0,0.0,0.07291536831609123,0,0,1,0,0
2001,1,4.882801922586371,1,0,2,0,0.0,0.07291536831609123,0,1,0,0,0
2001,1,4.882801922586371,1,0,2,0,0.0,0.07291536831609123,0,1,0,0,0
1990,2,8.32093496888341,1,0,5,1,0.0,0.07291536831609123,1,0,1,0,0
2001,2,4.499809670330265,1,0,1,0,0.0,0.07291536831609123,0,1,0,0,0
1996,7,7.482681828154651,1,0,11,3,0.0,0.07291536831609123,1,0,1,0,0
2000,8,5.605802066295998,1,0,15,5,0.0,0.07291536831609123,0,1,0,0,0
1994,5,7.84971375760487,1,0,1,1,0.0,0.07291536831609123,1,0,1,0,0
1999,6,6.569481420414296,1,0,31,3,0.0,0.07291536831609123,0,0,1,0,0
2000,9,5.493061443340548,1,0,1,2,0.0,0.0001246416552411816,2,0,1,0,0
1986,11,8.576781982827894,1,0,14,2,0.0,0.07291536831609123,0,0,1,0,0
1982,11,8.820404065485645,1,0,2,2,0.0,0.07291536831609123,2,0,1,0,0
1993,11,7.919719760924575,1,0,10,3,0.0,0.07291536831609123,2,0,1,0,0
2001,1,4.770684624465665,1,0,11,3,0.0,0.07291536831609123,0,0,1,0,0
2001,2,4.499809670330265,1,0,347,5,0.0,0.07291536831609123,0,0,1,0,0
1994,11,7.768956044538332,1,0,19,5,0.0,0.07291536831609123,2,0,1,0,0
2000,11,5.236441962829949,1,0,3,3,0.0,0.0002492833104823632,0,0,1,0,0
1986,5,8.606302366488013,1,0,31,3,0.0,0.07291536831609123,3,0,1,0,0
2001,3,4.007333185232471,1,0,4,1,0.0,0.07291536831609123,0,0,1,0,0
1996,2,7.562681246721884,1,0,4,2,0.0,0.07291536831609123,0,0,1,0,0
2000,11,4.795790545596741,1,0,10,4,0.0,0.0311604138102954,0,0,1,0,0
1992,10,8.026496938945412,1,0,6,4,0.0,0.011217748971706343,0,0,1,0,0
2000,6,5.501258210544727,1,0,17,5,0.17647058823529413,0.011217748971706343,0,1,0,0,0
2000,10,4.852030263919617,1,0,17,5,0.17647058823529413,0.011217748971706343,0,1,0,0,0
2000,7,5.480638923341991,1,0,2,0,0.0,0.011217748971706343,0,1,0,0,0
1999,11,6.154858094016418,1,0,2,0,0.0,0.011217748971706343,0,0,1,0,0
2000,5,5.641907070938114,1,0,17,5,0.17647058823529413,0.0001246416552411816,0,0,1,0,0
2000,11,4.174387269895637,1,0,4,2,0.0,0.011217748971706343,0,0,1,0,0
1997,3,7.2485040723706105,1,0,31,3,0.0,0.0311604138102954,1,0,1,0,0
2000,4,5.634789603169249,1,0,4,4,0.0,0.0311604138102954,1,0,1,0,0
1999,10,6.150602768446279,1,0,15,2,0.0,0.035398230088495575,2,0,1,0,0
2000,4,5.568344503761097,1,0,3,0,0.0,0.009722049108812166,0,0,1,0,0
2000,11,4.219507705176107,2,1,6,3,0.16666666666666666,0.009722049108812166,0,1,0,0,0
1997,2,7.261225091971921,1,0,8,1,0.0,0.009722049108812166,0,0,1,0,0
2000,11,4.290459441148391,1,0,13,3,0.0,0.005110307864888446,0,0,1,0,0
1999,6,6.3578422665081,1,0,11,3,0.0,0.005110307864888446,3,0,1,0,0
2000,4,5.641907070938114,1,0,69,5,0.0,0.035398230088495575,5,0,1,0,0
2000,11,3.6635616461296463,1,0,10,3,0.0,0.000997133241929453,3,0,1,0,0
2000,5,5.356586274672012,1,0,22,3,0.0,0.0053595911753708085,2,0,1,0,0
2000,10,4.30406509320417,1,0,17,2,0.0,0.000997133241929453,0,0,1,0,0
2000,3,5.25227342804663,1,0,6,2,0.0,0.011217748971706343,0,1,0,0,0
2000,5,4.672828834461906,1,0,5,2,0.0,0.011217748971706343,0,0,1,0,0
1999,10,5.780743515792329,1,0,5,0,0.0,0.011217748971706343,0,0,1,0,0
2000,7,4.174387269895637,1,0,9,3,0.0,0.011217748971706343,0,1,0,0,0
2000,4,4.890349128221754,1,0,3,1,0.0,0.0311604138102954,0,0,1,0,0
2000,4,4.812184355372417,1,0,4,4,0.0,0.0029913997257883583,0,0,1,0,0
2000,5,3.7376696182833684,1,0,347,5,0.0,0.07291536831609123,0,0,1,0,0
1996,6,7.298445101508147,1,0,347,5,0.0,0.07291536831609123,0,0,1,0,0
2000,6,3.332204510175204,1,0,347,5,0.0,0.07291536831609123,0,0,1,0,0
2000,6,3.5553480614894135,1,0,6,3,0.0,0.07291536831609123,0,1,0,0,0
2000,1,5.062595033026967,1,0,15,4,0.06666666666666667,0.0016203415181353608,2,0,1,0,0
1999,11,5.442417710521793,1,0,8,2,0.0,0.0016203415181353608,2,0,1,0,0
1999,11,5.375278407684165,1,0,4,5,0.0,0.009846690764053347,0,0,1,0,0
2000,1,5.056245805348308,1,0,347,5,0.0,0.0011217748971706345,0,0,1,0,0
2000,3,4.543294782270004,1,0,347,5,0.0,0.0011217748971706345,0,0,1,0,0
2000,3,4.543294782270004,1,0,347,5,0.0,0.0029913997257883583,0,0,1,0,0
1999,9,5.655991810819852,1,0,9,2,0.0,0.009846690764053347,0,0,1,0,0
1992,6,7.9868449011613825,1,0,4,1,0.0,0.009846690764053347,0,0,1,0,0
2000,1,5.075173815233827,1,0,25,5,0.0,0.00785242428019444,1,0,1,0,0
1991,9,8.07153089355666,1,0,4,1,0.0,0.0001246416552411816,1,0,1,0,0
1999,10,5.5134287461649825,1,0,2,0,0.0,0.014084507042253521,0,0,1,0,0
2000,2,4.859812404361672,1,0,2,0,0.0,0.014084507042253521,0,0,1,0,0
1999,12,5.293304824724492,1,0,1,0,0.0,0.0029913997257883583,0,1,0,0,0
1999,10,5.5093883366279774,1,0,3,0,0.0,0.009846690764053347,0,1,0,0,0
1999,12,5.327876168789581,1,0,12,3,0.0,0.014084507042253521,0,1,0,0,0
1999,10,5.594711379601839,1,0,4,2,0.0,0.00785242428019444,0,1,0,0,0
2000,1,5.099866427824199,1,0,2,0,0.0,0.00785242428019444,0,1,0,0,0
1999,11,5.389071729816501,1,0,3,1,0.0,0.009846690764053347,0,0,1,0,0
1999,11,5.393627546352362,1,0,13,5,0.0,0.0011217748971706345,0,0,1,0,0
1999,10,5.594711379601839,1,0,12,4,0.0,0.0011217748971706345,0,0,1,0,0
2000,4,4.290459441148391,1,0,13,2,0.0,0.0011217748971706345,0,0,1,0,0
2000,5,4.060443010546419,1,0,4,2,0.0,0.0011217748971706345,0,0,1,0,0
1999,10,5.5134287461649825,1,0,16,5,0.0625,0.0029913997257883583,0,0,1,0,0
2000,3,4.74493212836325,1,0,4,0,0.0,0.0029913997257883583,0,0,1,0,0
2000,5,3.8066624897703196,1,0,3,0,0.0,0.0011217748971706345,0,0,1,0,0
1999,5,5.978885764901122,1,0,4,5,0.0,0.0011217748971706345,0,0,1,0,0
1998,10,6.411818267709897,1,0,3,1,0.0,0.009846690764053347,1,0,1,0,0
1995,7,7.503289630675082,1,0,9,2,0.0,0.00785242428019444,1,0,1,0,0
1999,12,5.327876168789581,1,0,6,3,0.0,0.00785242428019444,1,0,1,0,0
1991,10,8.059276223305648,1,0,3,1,0.0,0.0029913997257883583,1,0,1,0,0
2000,3,3.9512437185814275,1,0,347,5,0.0,0.035398230088495575,0,0,1,0,0
2000,2,4.532599493153256,1,0,22,3,0.0,0.00785242428019444,0,1,0,0,0
1999,11,5.19295685089021,1,0,22,3,0.0,0.0011217748971706345,0,1,0,0,0
1999,3,6.0112671744041615,1,0,22,3,0.0,0.00785242428019444,2,0,1,0,0
1995,10,7.4109518755836366,1,0,3,5,0.0,0.035398230088495575,0,0,1,0,0
1999,11,5.049856007249537,1,0,8,2,0.0,0.035398230088495575,0,0,1,0,0
1998,6,6.519147287940395,1,0,3,2,0.0,0.035398230088495575,2,0,1,0,0
2000,1,4.276666119016055,1,0,3,2,0.0,0.011217748971706343,0,0,1,0,0
1994,12,7.564238475170491,1,0,17,2,0.0,0.0311604138102954,2,0,1,0,0
2000,1,4.007333185232471,1,0,347,5,0.0,0.07291536831609123,0,0,1,0,0
1993,1,7.8674885686991285,1,0,1,0,0.0,0.07291536831609123,0,0,1,0,0
2000,1,4.23410650459726,1,0,2,0,0.0,0.07291536831609123,0,1,0,0,0
2000,1,4.007333185232471,1,0,10,4,0.0,0.07291536831609123,0,1,0,0,0
2000,2,3.713572066704308,1,0,2,0,0.0,0.07291536831609123,0,1,0,0,0
1999,6,5.616771097666572,1,0,1,0,0.0,0.07291536831609123,0,0,1,0,0
1996,6,7.218176838403408,1,0,1,0,0.0,0.07291536831609123,0,0,1,0,0
1999,12,4.6443908991413725,1,0,3,5,0.0,0.07291536831609123,2,1,0,0,0
1995,5,7.479299637782834,1,0,1,0,0.0,0.0029913997257883583,0,0,1,0,0
1999,10,5.0106352940962555,1,0,9,3,0.0,0.0029913997257883583,0,0,1,0,0
1999,5,5.717027701406222,1,0,9,1,0.0,0.009722049108812166,0,0,1,0,0
2000,2,2.1972245773362196,1,0,29,5,0.0,0.009722049108812166,2,0,1,0,0
1999,11,4.74493212836325,1,0,29,5,0.0,0.009722049108812166,2,0,1,0,0
1999,6,5.560681631015528,1,0,2,0,0.0,0.011217748971706343,0,0,1,0,0
1999,10,4.770684624465665,1,0,2,0,0.0,0.0029913997257883583,0,1,0,0,0
1996,2,7.2640301428995295,1,0,20,5,0.0,0.07291536831609123,0,0,0,1,0
1994,2,7.685703061234547,1,0,20,5,0.0,0.07291536831609123,0,0,0,1,0
1999,10,4.6443908991413725,1,0,1,0,0.0,0.07291536831609123,0,0,0,1,0
1999,8,5.030437921392435,1,0,50,5,0.0,0.07291536831609123,4,0,0,1,0
1999,11,4.356708826689592,1,0,347,5,0.0,0.07291536831609123,1,0,1,0,0
1999,11,4.290459441148391,1,0,50,5,0.0,0.07291536831609123,3,0,1,0,0
1999,8,4.859812404361672,1,0,1,0,0.0,0.0053595911753708085,0,1,0,0,0
1999,10,4.382026634673881,1,0,4,2,0.0,0.0053595911753708085,0,1,0,0,0
1999,5,5.3471075307174685,1,0,26,5,0.0,0.004736382899164901,0,1,0,0,0
1999,7,5.14166355650266,1,0,2,0,0.0,0.0011217748971706345,0,1,0,0,0
1999,2,5.739792912179234,1,0,2,0,0.0,0.0053595911753708085,0,1,0,0,0
1999,7,5.056245805348308,1,0,2,0,0.0,0.0053595911753708085,0,0,1,0,0
1999,6,5.293304824724492,1,0,1,0,0.0,0.0053595911753708085,0,0,1,0,0
1999,2,5.780743515792329,1,0,1,0,0.0,0.004736382899164901,0,0,1,0,0
1999,2,5.730099782973574,1,0,4,5,0.0,0.004736382899164901,0,1,0,0,0
1999,9,4.543294782270004,1,0,9,2,0.0,0.0053595911753708085,0,0,1,0,0
1998,2,6.535241271013659,1,0,1,0,0.0,0.004736382899164901,0,0,1,0,0
1998,1,6.53813982376767,1,0,2,0,0.0,0.0053595911753708085,0,0,1,0,0
1999,10,4.290459441148391,1,0,32,3,0.0,0.01632805683659479,0,0,1,0,0
1999,10,4.07753744390572,1,0,5,0,0.0,0.0053595911753708085,0,0,1,0,0
1999,5,5.327876168789581,1,0,4,2,0.0,0.0053595911753708085,0,0,1,0,0
1999,2,5.717027701406222,1,0,1,0,0.0,0.0029913997257883583,0,0,1,0,0
1999,11,3.713572066704308,1,0,8,2,0.0,0.0011217748971706345,0,0,1,0,0
1998,10,6.040254711277414,1,0,4,5,0.0,0.004736382899164901,5,1,0,0,0
1998,4,6.421622267806518,1,0,4,1,0.0,0.0053595911753708085,1,0,1,0,0
1998,10,6.045005314036012,1,0,12,3,0.0,0.0011217748971706345,1,0,1,0,0
1995,11,7.311218384419629,1,0,3,1,0.0,0.0011217748971706345,1,0,1,0,0
1999,6,5.288267030694535,1,0,7,2,0.0,0.004736382899164901,1,0,1,0,0
1999,11,3.6375861597263857,1,0,15,5,0.06666666666666667,0.0053595911753708085,2,0,1,0,0
1997,5,6.851184927493743,1,0,9,2,0.0,0.0053595911753708085,2,0,1,0,0
1999,10,4.060443010546419,1,0,22,5,0.0,0.011217748971706343,2,0,1,0,0
1998,11,6.030685260261263,1,0,29,5,0.0,0.004736382899164901,2,0,1,0,0
1999,1,5.805134968916488,1,0,10,2,0.0,0.0053595911753708085,2,0,1,0,0
1998,6,6.315358001522335,1,0,4,2,0.0,0.035398230088495575,2,0,1,0,0
1998,11,5.991464547107982,1,0,6,3,0.16666666666666666,0.009722049108812166,3,0,1,0,0
1999,9,4.59511985013459,1,0,59,7,0.0,0.011217748971706343,5,0,1,0,0
1998,12,5.929589143389895,1,0,5,5,0.0,0.011217748971706343,0,1,0,0,0
1999,11,3.332204510175204,1,0,7,5,0.0,0.011217748971706343,0,0,1,0,0
1998,9,6.139884552226255,1,0,4,2,0.0,0.011217748971706343,0,0,1,0,0
1999,6,5.159055299214529,1,0,14,5,0.0,0.07291536831609123,0,0,1,0,0
1999,9,4.3694478524670215,1,0,14,5,0.07142857142857142,0.011217748971706343,0,0,1,0,0
1998,12,5.91350300563827,1,0,1,0,0.0,0.07291536831609123,0,0,1,0,0
1999,11,3.4339872044851463,1,0,5,5,0.0,0.07291536831609123,0,0,1,0,0
1998,5,6.380122536899765,1,0,5,5,0.0,0.011217748971706343,5,1,0,0,0
1999,10,4.174387269895637,1,0,19,5,0.0,0.011217748971706343,1,0,1,0,0
1998,8,6.192362489474872,1,0,19,5,0.0,0.07291536831609123,1,0,1,0,0
1999,11,3.4339872044851463,1,0,50,5,0.0,0.07291536831609123,2,0,1,0,0
1999,11,3.044522437723423,1,0,20,5,0.0,0.07291536831609123,2,0,1,0,0
1999,4,5.4510384535657,1,0,3,4,0.0,0.011217748971706343,2,0,1,0,0
1999,10,3.784189633918261,1,0,347,5,0.0,0.011217748971706343,0,0,1,0,0
1999,3,5.641907070938114,1,0,4,3,0.0,0.011217748971706343,2,0,1,0,0
1999,8,4.672828834461906,1,0,59,7,0.0,0.011217748971706343,0,1,0,0,0
1999,11,3.1354942159291497,1,0,16,5,0.8125,0.011217748971706343,0,0,1,0,0
1998,6,6.293419278846481,1,0,3,2,0.0,0.011217748971706343,0,0,1,0,0
1999,6,5.209486152841421,1,0,59,7,0.0,0.011217748971706343,2,0,1,0,0
1999,5,5.2574953720277815,1,0,347,5,0.0,0.0053595911753708085,1,0,1,0,0
1999,10,3.9512437185814275,1,0,1,0,0.0,0.0311604138102954,0,0,1,0,0
1999,11,3.1780538303479458,1,0,1,0,0.0,0.0311604138102954,0,0,1,0,0
1999,10,3.4339872044851463,1,0,15,5,0.0,0.009722049108812166,2,0,1,0,0
1999,5,5.288267030694535,1,0,5,2,0.0,0.011217748971706343,2,0,1,0,0
1999,10,3.6375861597263857,1,0,3,0,0.0,0.005110307864888446,0,1,0,0,0
1999,10,3.4339872044851463,1,0,2,1,0.0,0.009722049108812166,0,0,1,0,0
1999,6,5.170483995038151,1,0,3,5,0.0,0.011217748971706343,5,1,0,0,0
1999,6,5.093750200806762,1,0,3,5,0.0,0.011217748971706343,1,0,1,0,0
1999,11,2.302585092994046,1,0,29,5,0.0,0.009722049108812166,1,0,1,0,0
1999,10,3.713572066704308,1,0,3,5,0.0,0.0001246416552411816,0,0,1,0,0
1997,12,6.492239835020471,1,0,31,3,0.0,0.009722049108812166,0,0,1,0,0
1998,11,5.739792912179234,1,0,17,2,0.0,0.0311604138102954,0,0,1,0,0
1998,10,5.796057750765372,1,0,2,0,0.0,0.07291536831609123,0,0,0,1,0
1997,12,6.478509642208569,1,0,3,2,0.0,0.07291536831609123,0,0,0,1,0
1999,9,2.70805020110221,1,0,5,2,0.0,0.07291536831609123,0,0,0,1,0
1999,6,4.584967478670572,1,0,2,4,0.0,0.07291536831609123,2,0,0,1,0
1996,11,6.9440872082295275,1,0,1,4,0.0,0.07291536831609123,4,0,0,1,0
1999,7,4.343805421853684,1,0,347,5,0.0,0.07291536831609123,0,0,1,0,0
1999,1,5.484796933490655,1,0,347,5,0.0,0.011217748971706343,0,0,1,0,0
1999,6,4.653960350157523,1,0,347,5,0.0,0.07291536831609123,1,0,1,0,0
1999,6,4.51085950651685,1,0,1,0,0.0,0.07291536831609123,0,1,0,0,0
1999,6,4.584967478670572,1,0,1,0,0.0,0.07291536831609123,0,1,0,0,0
1999,7,4.343805421853684,1,0,1,0,0.0,0.07291536831609123,0,1,0,0,0
1999,5,4.836281906951478,1,0,1,0,0.0,0.07291536831609123,0,1,0,0,0
1999,3,5.1647859739235145,2,1,1,0,1.0,0.07291536831609123,0,1,0,0,0
1999,6,4.430816798843313,1,0,14,5,0.0,0.07291536831609123,0,1,0,0,0
1999,4,4.990432586778736,1,0,3,0,0.0,0.07291536831609123,0,1,0,0,0
1999,6,4.51085950651685,1,0,5,5,0.0,0.07291536831609123,0,1,0,0,0
1999,6,4.584967478670572,1,0,11,3,0.0,0.07291536831609123,1,0,1,0,0
1963,10,9.480672806092851,1,0,1,1,0.0,0.07291536831609123,1,0,1,0,0
1999,8,3.4011973816621555,1,0,347,5,0.0,0.011217748971706343,0,0,1,0,0
1999,6,4.59511985013459,1,0,1,0,0.0,0.011217748971706343,0,1,0,0,0
1999,2,5.181783550292085,1,0,1,0,0.0,0.009722049108812166,0,0,1,0,0
1996,9,6.9363427358340495,1,0,11,3,0.0,0.07291536831609123,3,0,1,0,0
1999,3,4.574710978503383,1,0,22,5,0.0,0.07291536831609123,5,0,1,0,0
1996,11,6.878326468291325,1,0,50,5,0.0,0.07291536831609123,4,0,0,1,0
1999,5,3.6109179126442243,1,0,347,5,0.0,0.0053595911753708085,0,0,1,0,0
1999,2,4.859812404361672,1,0,347,5,0.0,0.014084507042253521,1,0,1,0,0
1998,10,5.605802066295998,1,0,1,0,0.0,0.07291536831609123,0,1,0,0,0
1999,3,4.61512051684126,1,0,12,3,0.0,0.014084507042253521,1,0,1,0,0
1998,6,5.961005339623274,1,0,1,1,0.0,0.011217748971706343,1,0,1,0,0
1998,5,6.040254711277414,1,0,5,2,0.0,0.014084507042253521,1,0,1,0,0
1999,6,2.833213344056216,1,0,4,5,0.0,0.0311604138102954,0,0,1,0,0
1999,3,4.204692619390966,1,0,347,5,0.0,0.009722049108812166,0,0,1,0,0
1994,10,7.428927194802272,1,0,2,1,0.0,0.009722049108812166,1,0,1,0,0
1999,5,3.2188758248682006,1,0,11,5,0.0,0.07291536831609123,0,0,1,0,0
1992,4,7.857093864902493,1,0,50,5,0.0,0.07291536831609123,3,0,1,0,0
1998,12,5.159055299214529,1,0,6,3,0.0,0.07291536831609123,2,0,0,1,0
1999,3,4.23410650459726,1,0,347,5,0.0,0.07291536831609123,0,0,1,0,0
1999,3,4.23410650459726,1,0,2,0,0.0,0.07291536831609123,0,1,0,0,0
1994,5,7.523481312573497,1,0,3,4,0.0,0.07291536831609123,3,0,1,0,0
1999,1,4.770684624465665,1,0,1,0,0.0,0.07291536831609123,0,1,0,0,0
1999,1,4.770684624465665,1,0,1,0,0.0,0.07291536831609123,0,1,0,0,0
1998,12,4.997212273764115,1,0,1,0,0.0,0.07291536831609123,0,1,0,0,0
1999,2,4.574710978503383,1,0,2,0,0.0,0.07291536831609123,0,0,1,0,0
1998,5,5.953243334287785,1,0,3,2,0.0,0.07291536831609123,0,0,1,0,0
1998,11,5.181783550292085,1,0,3,0,0.0,0.035398230088495575,0,0,1,0,0
1999,2,4.356708826689592,1,0,3,0,0.0,0.035398230088495575,0,1,0,0,0
1999,2,4.290459441148391,1,0,2,0,0.0,0.0311604138102954,0,1,0,0,0
1999,4,3.1780538303479458,1,0,5,1,0.0,0.0311604138102954,0,0,1,0,0
1998,11,5.056245805348308,1,0,3,5,0.0,0.0311604138102954,5,1,0,0,0
1999,3,3.4011973816621555,1,0,347,5,0.0,0.016203415181353608,0,0,1,0,0
1998,11,5.003946305945459,1,0,9,3,0.0,0.016203415181353608,3,0,1,0,0
1998,11,4.882801922586371,1,0,1,3,0.0,0.07291536831609123,3,0,1,0,0
1996,10,6.796823718274855,1,0,12,3,0.0,0.0053595911753708085,3,0,1,0,0
1985,10,8.501470230951002,1,0,22,5,0.0,0.07291536831609123,3,0,1,0,0
1996,10,6.736966958001855,1,0,1,0,0.0,0.009722049108812166,0,0,1,0,0
1998,5,5.594711379601839,1,0,32,3,0.0,0.009722049108812166,0,0,1,0,0
1998,11,4.23410650459726,1,0,2,0,0.0,0.0053595911753708085,0,1,0,0,0
1998,12,3.9318256327243257,1,0,2,0,0.0,0.016203415181353608,0,0,0,1,0
1998,12,4.04305126783455,1,0,347,5,0.0,0.016203415181353608,0,0,1,0,0
1992,10,7.738488122494646,1,0,59,7,0.0,0.016203415181353608,0,0,1,0,0
1998,11,4.290459441148391,1,0,9,3,0.0,0.0311604138102954,0,0,1,0,0
1998,11,3.9512437185814275,1,0,2,0,0.0,0.0311604138102954,0,1,0,0,0
1998,3,5.6937321388027,1,0,2,0,0.0,0.0311604138102954,0,0,1,0,0
1998,9,4.804021044733257,1,0,6,5,0.16666666666666666,0.0311604138102954,5,1,0,0,0
1998,11,4.204692619390966,1,0,1,0,0.0,0.0001246416552411816,0,0,1,0,0
1998,5,5.484796933490655,1,0,19,5,0.0,0.0002492833104823632,1,0,1,0,0
1998,7,5.187385805840755,1,0,1,1,0.0,0.0029913997257883583,1,0,1,0,0
1998,1,5.811140992976701,1,0,59,7,0.0,0.016203415181353608,3,0,1,0,0
1998,2,5.700443573390687,1,0,347,5,0.0,0.014084507042253521,2,0,1,0,0
1998,5,5.351858133476067,1,0,1,0,0.0,0.0029913997257883583,0,0,1,0,0
1998,9,4.418840607796598,1,0,13,4,0.0,0.004736382899164901,2,0,1,0,0
1998,12,2.5649493574615367,1,0,3,0,0.0,0.014084507042253521,0,0,1,0,0
1998,6,5.318119993844216,1,0,3,0,0.0,0.014084507042253521,0,0,1,0,0
1998,10,4.02535169073515,1,0,3,2,0.0,0.004736382899164901,0,0,1,0,0
1998,9,4.6913478822291435,1,0,12,3,0.0,0.014084507042253521,0,1,0,0,0
1998,11,3.1354942159291497,1,0,4,3,0.0,0.014084507042253521,1,0,1,0,0
1998,7,4.997212273764115,1,0,14,5,0.0,0.014084507042253521,0,1,0,0,0
1998,7,5.049856007249537,1,0,1,0,0.0,0.014084507042253521,0,1,0,0,0
1998,4,5.521460917862246,1,0,8,4,0.0,0.014084507042253521,1,0,1,0,0
1998,10,4.007333185232471,1,0,4,5,0.0,0.004736382899164901,0,1,0,0,0
1996,10,6.679599185844383,1,0,12,3,0.0,0.014084507042253521,2,0,1,0,0
1998,11,3.9318256327243257,1,0,1,2,0.0,0.01632805683659479,2,0,1,0,0
1995,5,7.1770187659099,1,0,8,5,0.0,0.0311604138102954,2,0,1,0,0
1987,9,8.317766166719343,1,0,32,3,0.0,0.003365324691511903,0,0,1,0,0
1996,11,6.6052979209482015,1,0,15,4,0.06666666666666667,0.003365324691511903,0,0,1,0,0
1998,11,2.302585092994046,1,0,6,3,0.16666666666666666,0.009722049108812166,0,0,1,0,0
1998,5,5.332718793265369,1,0,13,3,0.0,0.009722049108812166,1,0,1,0,0
1998,9,4.07753744390572,1,0,3,2,0.0,0.009722049108812166,0,1,0,0,0
1998,6,5.0106352940962555,1,0,3,2,0.0,0.009722049108812166,2,0,1,0,0
1998,10,3.4339872044851463,1,0,1,0,0.0,0.009722049108812166,0,0,1,0,0
1996,10,6.62273632394984,1,0,4,1,0.0,0.0311604138102954,0,0,1,0,0
1998,5,5.25227342804663,1,0,2,5,0.0,0.016203415181353608,0,0,1,0,0
1998,6,5.056245805348308,1,0,1,0,0.0,0.0311604138102954,0,1,0,0,0
1998,5,5.25227342804663,1,0,2,5,0.0,0.016203415181353608,5,1,0,0,0
1998,8,4.672828834461906,1,0,2,0,0.0,0.016203415181353608,0,1,0,0,0
1998,5,5.2574953720277815,1,0,6,1,0.0,0.0311604138102954,0,0,1,0,0
1998,10,3.6109179126442243,1,0,347,5,0.0,0.016203415181353608,0,0,1,0,0
1997,2,6.440946540632921,1,0,4,2,0.0,0.016203415181353608,1,0,1,0,0
1998,7,4.812184355372417,1,0,1,0,0.0,0.016203415181353608,0,1,0,0,0
1998,2,5.572154032177765,1,0,3,5,0.0,0.016203415181353608,0,1,0,0,0
1997,11,5.926926025970411,1,0,3,5,0.0,0.016203415181353608,2,0,1,0,0
1996,10,6.61472560020376,1,0,32,3,0.0,0.016203415181353608,0,0,1,0,0
1993,1,7.647308832356238,1,0,1,0,0.0,0.016203415181353608,0,0,1,0,0
1998,8,4.110873864173311,1,0,2,0,0.0,0.07291536831609123,0,1,0,0,0
1998,7,4.700480365792417,1,0,1,0,0.0,0.07291536831609123,0,1,0,0,0
1998,9,3.8501476017100584,1,0,50,5,0.0,0.07291536831609123,0,1,0,0,0
1998,7,4.762173934797756,1,0,2,2,0.0,0.07291536831609123,2,1,0,0,0
1998,5,5.0689042022202315,1,0,2,2,0.0,0.07291536831609123,2,1,0,0,0
1998,4,5.198497031265826,1,0,1,5,0.0,0.07291536831609123,5,1,0,0,0
1998,8,4.31748811353631,2,1,5,2,0.2,0.07291536831609123,0,1,0,0,0
1998,7,4.700480365792417,1,0,1,0,0.0,0.07291536831609123,0,1,0,0,0
1998,5,5.0238805208462765,1,0,2,0,0.0,0.07291536831609123,0,1,0,0,0
1998,4,4.948759890378168,1,0,1,2,0.0,0.07291536831609123,2,0,1,0,0
1997,12,5.631211781821365,1,0,5,2,0.2,0.07291536831609123,2,0,1,0,0
1996,11,6.489204931325317,1,0,11,5,0.0,0.07291536831609123,2,0,1,0,0
1997,11,5.655991810819852,1,0,11,3,0.0,0.07291536831609123,0,0,1,0,0
1998,8,2.995732273553991,1,0,1,0,0.0,0.07291536831609123,0,0,1,0,0
1998,6,4.499809670330265,1,0,347,5,0.0,0.07291536831609123,0,0,1,0,0
1998,8,3.295836866004329,1,0,347,5,0.0,0.07291536831609123,0,0,1,0,0
1998,7,3.9512437185814275,1,0,1,0,0.0,0.009722049108812166,0,0,1,0,0
1997,11,5.616771097666572,1,0,1,0,0.0,0.016203415181353608,0,0,1,0,0
1998,5,4.59511985013459,1,0,3,0,0.0,0.016203415181353608,0,1,0,0,0
1998,6,4.174387269895637,1,0,1,0,0.0,0.016203415181353608,0,1,0,0,0
1997,3,6.280395838960195,1,0,9,3,0.0,0.016203415181353608,2,0,1,0,0
1998,6,3.4657359027997265,1,0,3,2,0.0,0.009722049108812166,0,1,0,0,0
1997,12,5.337538079701318,1,0,347,5,0.0,0.014084507042253521,1,0,1,0,0
1994,8,7.254884810077338,1,0,347,5,0.0,0.07291536831609123,1,0,1,0,0
1997,10,5.575949103146316,1,0,1,0,0.0,0.014084507042253521,0,0,1,0,0
1997,7,5.811140992976701,1,0,2,0,0.0,0.014084507042253521,0,1,0,0,0
1997,11,5.3706380281276624,1,0,7,2,0.0,0.014084507042253521,2,1,0,0,0
1997,12,5.337538079701318,1,0,4,3,0.0,0.014084507042253521,0,1,0,0,0
1998,3,4.700480365792417,1,0,11,5,0.0,0.07291536831609123,2,1,0,0,0
1998,5,4.007333185232471,1,0,20,5,0.0,0.07291536831609123,0,1,0,0,0
1997,6,5.966146739123692,1,0,2,1,0.0,0.014084507042253521,1,0,1,0,0
1997,12,5.303304908059076,1,0,14,5,0.0,0.014084507042253521,0,1,0,0,0
1998,3,4.762173934797756,1,0,14,5,0.0,0.014084507042253521,0,1,0,0,0
1997,5,6.042632833682381,1,0,4,1,0.0,0.014084507042253521,1,0,1,0,0
1997,10,5.575949103146316,1,0,1,1,0.0,0.014084507042253521,1,0,1,0,0
1997,9,5.676753802268282,1,0,2,1,0.0,0.014084507042253521,0,1,0,0,0
1997,6,5.902633333401366,1,0,2,1,0.0,0.0029913997257883583,1,0,1,0,0
1997,9,5.627621113690637,1,0,2,1,0.0,0.014084507042253521,1,0,1,0,0
1998,3,3.828641396489095,1,0,11,5,0.0,0.0311604138102954,4,0,0,1,0
1998,4,2.5649493574615367,1,0,347,5,0.0,0.07291536831609123,1,0,1,0,0
1998,1,4.6443908991413725,1,0,50,5,0.0,0.07291536831609123,5,1,0,0,0
1998,2,4.330733340286331,1,0,5,5,0.0,0.07291536831609123,0,1,0,0,0
1996,10,6.326149473155099,1,0,50,5,0.0,0.07291536831609123,3,0,1,0,0
1997,3,6.021023349349527,1,0,19,5,0.0,0.07291536831609123,3,0,1,0,0
1996,3,6.664409020350408,1,0,50,5,0.0,0.07291536831609123,4,0,1,0,0
1997,11,5.075173815233827,1,0,13,5,0.0,0.07291536831609123,5,0,1,0,0
1997,11,5.117993812416755,1,0,50,5,0.0,0.07291536831609123,5,0,1,0,0
1998,2,4.2626798770413155,1,0,26,5,0.0,0.004736382899164901,0,1,0,0,0
1998,2,4.189654742026425,1,0,19,3,0.0,0.004736382899164901,1,0,1,0,0
1987,10,8.254788926148725,1,0,10,2,0.0,0.016203415181353608,1,0,1,0,0
1988,1,8.223358899479258,1,0,16,2,0.0,0.016203415181353608,1,0,1,0,0
1990,9,7.9208096792886,1,0,12,5,0.0,0.016203415181353608,1,0,1,0,0
1990,9,7.9208096792886,1,0,7,2,0.0,0.016203415181353608,1,0,1,0,0
1990,9,7.9208096792886,1,0,59,7,0.0,0.016203415181353608,1,0,1,0,0
1988,3,8.213923595622743,1,0,4,2,0.0,0.016203415181353608,1,0,1,0,0
1989,1,8.124743020385568,1,0,25,5,0.0,0.016203415181353608,1,0,1,0,0
1990,9,7.9208096792886,1,0,7,3,0.0,0.016203415181353608,1,0,1,0,0
1988,2,8.221478947267192,1,0,7,3,0.0,0.016203415181353608,1,0,1,0,0
1986,12,8.330140460246382,1,0,2,1,0.0,0.016203415181353608,1,0,1,0,0
1990,9,7.9208096792886,1,0,11,3,0.0,0.016203415181353608,2,0,1,0,0
1986,11,8.335191583433202,1,0,4,2,0.0,0.016203415181353608,2,0,1,0,0
1987,10,8.254788926148725,1,0,16,2,0.0,0.016203415181353608,2,0,1,0,0
1987,10,8.254788926148725,1,0,12,5,0.0,0.016203415181353608,2,0,1,0,0
1988,10,8.155362120328135,1,0,7,2,0.0,0.016203415181353608,2,0,1,0,0
1987,10,8.254788926148725,1,0,59,7,0.0,0.016203415181353608,2,0,1,0,0
1986,12,8.330140460246382,1,0,6,2,0.0,0.016203415181353608,2,0,1,0,0
1987,10,8.254788926148725,1,0,8,3,0.0,0.016203415181353608,2,0,1,0,0
1987,10,8.254788926148725,1,0,7,3,0.0,0.016203415181353608,2,0,1,0,0
1998,1,3.9512437185814275,1,0,1,0,0.0,0.009722049108812166,0,1,0,0,0
1998,1,4.189654742026425,1,0,1,0,0.0,0.009722049108812166,0,1,0,0,0
1997,11,4.74493212836325,1,0,29,5,0.0,0.009722049108812166,2,0,1,0,0
1990,3,7.977625098784593,1,0,1,0,0.0,0.016203415181353608,0,0,1,0,0
1997,10,4.9344739331306915,1,0,1,0,0.0,0.07291536831609123,0,0,1,0,0
1997,12,4.499809670330265,1,0,3,2,0.0,0.07291536831609123,0,1,0,0,0
1997,12,4.499809670330265,1,0,2,1,0.0,0.07291536831609123,0,1,0,0,0
1996,11,6.1779441140506,1,0,32,3,0.0,0.07291536831609123,0,0,1,0,0
1997,9,5.14166355650266,1,0,9,5,0.0,0.07291536831609123,5,0,1,0,0
1996,10,6.220590170099739,1,0,22,5,0.0,0.07291536831609123,5,0,1,0,0
1998,1,3.871201010907891,1,0,4,2,0.0,0.07291536831609123,0,0,0,1,0
1998,1,3.871201010907891,1,0,17,5,0.0,0.07291536831609123,3,0,0,1,0
1997,5,5.726847747587197,1,0,17,5,0.0,0.07291536831609123,4,0,0,1,0
1997,10,4.90527477843843,1,0,22,5,0.0,0.016203415181353608,5,1,0,0,0
1997,3,5.902633333401366,1,0,6,5,0.0,0.0001246416552411816,5,0,1,0,0
1998,1,3.6109179126442243,1,0,22,5,0.0,0.016203415181353608,2,0,0,1,0
1997,11,4.653960350157523,1,0,1,1,0.0,0.016203415181353608,1,0,1,0,0
1997,10,4.852030263919617,1,0,4,2,0.0,0.016203415181353608,2,1,0,0,0
1997,8,5.214935757608986,1,0,1,0,0.0,0.016203415181353608,0,1,0,0,0
1996,12,6.095824562432225,1,0,1,0,0.0,0.0003739249657235448,0,0,1,0,0
1997,12,4.290459441148391,1,0,347,5,0.0,0.0003739249657235448,0,0,1,0,0
1998,1,3.912023005428146,1,0,2,4,0.0,0.0001246416552411816,0,0,1,0,0
1997,8,5.1647859739235145,1,0,3,0,0.0,0.0001246416552411816,0,0,1,0,0
1997,11,4.672828834461906,1,0,3,5,0.0,0.0013710582076529975,0,1,0,0,0
1997,10,4.941642422609304,1,0,1,0,0.0,0.004736382899164901,0,1,0,0,0
1997,8,5.14166355650266,1,0,9,3,0.0,0.0311604138102954,2,0,1,0,0
1997,10,4.941642422609304,1,0,2,2,0.0,0.004736382899164901,2,0,1,0,0
1994,3,7.2682230211595655,1,0,2,1,0.0,0.004736382899164901,0,0,1,0,0
1997,11,4.532599493153256,1,0,347,5,0.0,0.0013710582076529975,0,0,1,0,0
1997,10,4.852030263919617,1,0,347,5,0.0,0.0013710582076529975,0,0,1,0,0
1997,11,3.367295829986474,1,0,11,5,0.0,0.0311604138102954,4,0,0,1,0
1997,8,4.727387818712341,1,0,9,3,0.0,0.0029913997257883583,1,0,1,0,0
1997,6,5.247024072160486,1,0,8,2,0.0,0.0029913997257883583,1,0,1,0,0
1997,9,4.442651256490317,1,0,3,0,0.0,0.0029913997257883583,0,1,0,0,0
1995,9,6.70808408385307,1,0,13,5,0.0,0.0004985666209647265,0,0,1,0,0
1994,3,7.222566018822171,1,0,1,0,0.0,0.0029913997257883583,0,0,1,0,0
1997,10,4.189654742026425,1,0,32,3,0.0,0.0004985666209647265,0,0,1,0,0
1996,11,5.981414211254481,1,0,15,4,0.06666666666666667,0.0011217748971706345,2,0,1,0,0
1997,6,5.159055299214529,1,0,5,5,0.0,0.07291536831609123,5,1,0,0,0
1996,11,5.950642552587727,1,0,1,0,0.0,0.014084507042253521,0,0,1,0,0
1997,4,5.480638923341991,1,0,10,2,0.0,0.014084507042253521,0,0,1,0,0
1996,10,6.023447592961033,1,0,14,5,0.0,0.00785242428019444,4,0,1,0,0
1997,11,3.6375861597263857,1,0,3,2,0.0,0.07291536831609123,0,0,1,0,0
1997,12,2.5649493574615367,1,0,5,2,0.2,0.07291536831609123,0,0,1,0,0
1996,10,6.0867747269123065,1,0,1,0,0.0,0.014084507042253521,0,0,1,0,0
1989,2,8.075271546297458,1,0,2,0,0.0,0.014084507042253521,0,0,1,0,0
1997,6,5.14166355650266,1,0,2,1,0.0,0.014084507042253521,0,0,1,0,0
1996,4,6.421622267806518,1,0,4,3,0.0,0.014084507042253521,2,0,1,0,0
1997,3,5.616771097666572,1,0,12,2,0.0,0.014084507042253521,2,0,1,0,0
1997,3,5.594711379601839,1,0,12,2,0.0,0.014084507042253521,2,0,1,0,0
1997,12,2.772588722239781,1,0,347,5,0.0,0.0013710582076529975,0,0,1,0,0
1997,10,3.871201010907891,1,0,14,5,0.0,0.014084507042253521,2,0,1,0,0
1997,11,3.4339872044851463,1,0,50,5,0.0,0.07291536831609123,3,0,1,0,0
1997,9,4.418840607796598,1,0,13,3,0.0,0.014084507042253521,0,0,1,0,0
1997,5,5.393627546352362,1,0,1,0,0.0,0.014084507042253521,0,0,1,0,0
1997,9,4.330733340286331,1,0,10,5,0.0,0.009472765798329803,5,1,0,0,0
1997,11,3.1354942159291497,1,0,8,2,0.0,0.016203415181353608,0,0,1,0,0
1997,9,4.330733340286331,1,0,10,5,0.0,0.009472765798329803,5,1,0,0,0
1997,5,5.318119993844216,1,0,2,1,0.0,0.009472765798329803,1,0,1,0,0
1997,4,5.5053315359323625,1,0,4,2,0.0,0.009472765798329803,2,0,1,0,0
1997,2,5.736572297479192,1,0,5,2,0.0,0.009472765798329803,2,0,1,0,0
1997,9,4.3694478524670215,1,0,10,5,0.0,0.009472765798329803,0,0,1,0,0
1997,3,5.616771097666572,1,0,6,5,0.0,0.07291536831609123,0,0,1,0,0
1997,9,4.356708826689592,1,0,23,5,0.0,0.07291536831609123,2,0,1,0,0
1997,11,3.1780538303479458,1,0,13,2,0.0,0.010594540695500436,0,0,1,0,0
1997,8,4.795790545596741,1,0,13,2,0.0,0.010594540695500436,0,1,0,0,0
1997,1,5.765191102784844,1,0,3,1,0.0,0.035398230088495575,0,1,0,0,0
1997,9,4.0943445622221,1,0,3,5,0.0,0.035398230088495575,5,1,0,0,0
1995,12,6.586171654854675,1,0,1,0,0.0,0.035398230088495575,0,0,1,0,0
1996,5,6.335054251498059,1,0,4,1,0.0,0.035398230088495575,0,0,1,0,0
1991,9,7.722234744709607,1,0,11,5,0.0,0.035398230088495575,5,0,1,0,0
1997,10,3.4657359027997265,1,0,13,3,0.0,0.009722049108812166,0,0,1,0,0
1991,6,7.760893195851024,1,0,3,2,0.0,0.035398230088495575,1,0,1,0,0
1993,11,7.286191714702382,1,0,3,2,0.0,0.035398230088495575,1,0,1,0,0
1992,9,7.553810852008231,1,0,11,5,0.0,0.035398230088495575,1,0,1,0,0
1996,10,6.0330862217988015,1,0,11,5,0.0,0.035398230088495575,1,0,1,0,0
1996,5,6.335054251498059,1,0,3,1,0.0,0.035398230088495575,1,0,1,0,0
1994,10,7.024649030453636,1,0,11,5,0.0,0.035398230088495575,3,0,1,0,0
1995,1,6.940222469119639,1,0,6,2,0.0,0.009722049108812166,2,0,1,0,0
1997,2,5.6240175061873385,1,0,4,2,0.0,0.035398230088495575,0,0,1,0,0
1994,3,7.216709486709457,1,0,4,1,0.0,0.035398230088495575,1,0,1,0,0
1995,6,6.794586580876499,1,0,4,2,0.0,0.035398230088495575,2,0,1,0,0
1991,9,7.722234744709607,1,0,3,2,0.0,0.035398230088495575,2,0,1,0,0
1990,5,7.913886714856082,1,0,8,4,0.0,0.004736382899164901,1,0,1,0,0
1992,6,7.584773077612199,1,0,1,3,0.0,0.004736382899164901,3,0,1,0,0
1997,6,5.003946305945459,1,0,3,0,0.0,0.004736382899164901,0,1,0,0,0
1994,10,7.004881989712859,1,0,8,4,0.0,0.004736382899164901,3,0,1,0,0
1996,4,6.320768294250582,1,0,9,2,0.0,0.004736382899164901,2,0,1,0,0
1991,4,7.779885115070522,1,0,13,5,0.0,0.004736382899164901,0,0,1,0,0
1996,11,5.823045895483019,1,0,1,1,0.0,0.016203415181353608,1,0,1,0,0
1997,3,5.327876168789581,1,0,31,3,0.0,0.0311604138102954,0,0,1,0,0
1997,3,5.375278407684165,1,0,2,0,0.0,0.0311604138102954,0,0,1,0,0
1996,11,5.834810737062605,1,0,3,5,0.0,0.016203415181353608,2,0,1,0,0
1997,8,3.8066624897703196,1,0,9,3,0.0,0.0029913997257883583,0,0,1,0,0
1990,11,7.830425617820331,1,0,5,2,0.0,0.003365324691511903,0,0,1,0,0
1970,8,9.201501423308978,1,0,1,0,0.0,0.003365324691511903,0,0,1,0,0
1970,8,9.201501423308978,1,0,4,2,0.0,0.003365324691511903,0,0,1,0,0
1996,10,5.91350300563827,1,0,5,2,0.0,0.003365324691511903,1,0,1,0,0
1970,8,9.201400530406708,1,0,347,5,0.0,0.003365324691511903,0,0,1,0,0
1997,1,5.579729825986222,1,0,347,5,0.0,0.003365324691511903,0,0,1,0,0
1997,1,5.568344503761097,1,0,1,0,0.0,0.003365324691511903,0,1,0,0,0
1997,7,4.406719247264253,1,0,3,0,0.0,0.009722049108812166,0,1,0,0,0
1997,7,4.406719247264253,1,0,3,0,0.0,0.009722049108812166,0,1,0,0,0
1970,8,9.199986959896691,1,0,8,2,0.0,0.0311604138102954,0,0,1,0,0
1970,8,9.199683791787654,1,0,13,2,0.0,0.016203415181353608,2,0,1,0,0
1997,8,3.332204510175204,1,0,5,1,0.0,0.07291536831609123,0,0,1,0,0
1970,8,9.199279424616758,1,0,2,5,0.0,0.07291536831609123,1,0,1,0,0
1970,8,9.199279424616758,1,0,347,5,0.0,0.07291536831609123,0,0,1,0,0
1970,8,9.199279424616758,1,0,347,5,0.0,0.07291536831609123,0,0,1,0,0
1997,1,5.484796933490655,1,0,1,0,0.0,0.07291536831609123,0,1,0,0,0
1997,1,5.087596335232384,1,0,26,5,0.0,0.004736382899164901,0,1,0,0,0
1997,2,4.897839799950911,1,0,11,5,0.0,0.07291536831609123,5,1,0,0,0
1997,5,3.8918202981106265,1,0,2,5,0.0,0.07291536831609123,5,1,0,0,0
1970,8,9.19085169539232,1,0,4,5,0.0,0.016203415181353608,0,0,1,0,0
1970,8,9.190953658175992,1,0,1,2,0.0,0.0002492833104823632,2,0,1,0,0
1970,8,9.190953658175992,1,0,26,5,0.0,0.0002492833104823632,3,0,1,0,0
1970,8,9.19085169539232,1,0,11,5,0.0,0.07291536831609123,5,1,0,0,0
1996,9,5.60947179518496,1,0,1,0,0.0,0.004736382899164901,0,1,0,0,0
1997,1,5.087596335232384,1,0,26,5,0.0,0.004736382899164901,0,1,0,0,0
1996,11,5.337538079701318,1,0,14,5,0.0,0.014084507042253521,0,1,0,0,0
1996,12,5.25227342804663,1,0,14,5,0.0,0.014084507042253521,0,1,0,0,0
1970,8,9.190749722211178,1,0,2,1,0.0,0.014084507042253521,0,0,1,0,0
1970,8,9.190647738630446,1,0,2,0,0.0,0.014084507042253521,0,0,1,0,0
1970,8,9.190749722211178,1,0,2,0,0.0,0.014084507042253521,0,0,1,0,0
1970,8,9.190647738630446,1,0,14,5,0.0,0.014084507042253521,5,1,0,0,0
1996,9,5.627621113690637,1,0,4,2,0.0,0.014084507042253521,0,1,0,0,0
1997,1,5.111987788356544,1,0,11,4,0.0,0.014084507042253521,0,1,0,0,0
1997,4,4.31748811353631,1,0,11,4,0.0,0.014084507042253521,0,1,0,0,0
1970,8,9.190647738630446,1,0,347,5,0.0,0.014084507042253521,1,0,1,0,0
1996,11,5.402677381872279,1,0,2,0,0.0,0.014084507042253521,0,1,0,0,0
1996,10,5.493061443340548,1,0,4,2,0.0,0.00785242428019444,0,0,1,0,0
1997,4,4.31748811353631,1,0,15,4,0.0,0.00785242428019444,0,0,1,0,0
1970,8,9.190647738630446,1,0,14,5,0.0,0.014084507042253521,0,1,0,0,0
1991,2,7.744136627627991,1,0,12,2,0.0,0.00785242428019444,0,0,1,0,0
1995,2,6.755768921984255,1,0,1,0,0.0,0.014084507042253521,0,0,1,0,0
1970,8,9.190647738630446,1,0,12,3,0.0,0.00785242428019444,0,0,1,0,0
1970,8,9.187992508312275,1,0,11,3,0.0,0.07291536831609123,2,0,1,0,0
1970,8,9.187992508312275,1,0,5,2,0.0,0.07291536831609123,2,0,1,0,0
1970,8,9.187992508312275,1,0,22,5,0.0,0.07291536831609123,2,0,1,0,0
1996,6,5.87493073085203,1,0,6,1,0.0,0.07291536831609123,0,0,1,0,0
1995,8,6.434546518787453,1,0,3,1,0.0,0.003365324691511903,0,0,1,0,0
1970,8,9.18574025510795,1,0,5,2,0.0,0.003365324691511903,0,0,1,0,0
1970,8,9.185842740375783,1,0,8,4,0.0,0.003365324691511903,2,0,1,0,0
1996,10,5.37989735354046,1,0,6,2,0.0,0.003365324691511903,0,1,0,0,0
1996,12,5.030437921392435,1,0,1,0,0.0,0.003365324691511903,0,1,0,0,0
1970,8,9.18574025510795,1,0,6,2,0.0,0.003365324691511903,2,0,1,0,0
1997,1,4.59511985013459,1,0,1,0,0.0,0.0311604138102954,0,1,0,0,0
1996,2,6.07993319509559,1,0,13,5,0.0,0.0311604138102954,0,0,1,0,0
1997,1,4.465908118654584,1,0,11,5,0.0,0.0311604138102954,0,1,0,0,0
1970,8,9.182866394975427,1,0,5,1,0.0,0.0311604138102954,0,0,1,0,0
1970,8,9.182866394975427,1,0,5,1,0.0,0.0311604138102954,1,0,1,0,0
1997,1,4.465908118654584,1,0,11,5,0.0,0.0311604138102954,0,1,0,0,0
1970,8,9.180808569370145,1,0,15,5,0.06666666666666667,0.009722049108812166,2,0,1,0,0
1970,8,9.180808569370145,1,0,3,2,0.0,0.009722049108812166,2,0,1,0,0
1970,8,9.180087328805161,1,0,21,5,0.0,0.0311604138102954,0,0,1,0,0
1970,8,9.180087328805161,1,0,21,5,0.0,0.0003739249657235448,0,0,1,0,0
1994,5,6.952728644624869,1,0,1,0,0.0,0.0003739249657235448,0,0,1,0,0
1970,8,9.178540059426386,1,0,1,0,0.0,0.0001246416552411816,0,0,1,0,0
1996,11,4.6443908991413725,1,0,4,2,0.0,0.009472765798329803,0,1,0,0,0
1970,8,9.177817180270623,1,0,3,5,0.0,0.07291536831609123,5,0,1,0,0
1970,8,9.177920480720072,1,0,4,1,0.0,0.07291536831609123,0,0,0,1,0
1970,8,9.177817180270623,1,0,347,5,0.0,0.07291536831609123,0,0,1,0,0
1970,8,9.177817180270623,1,0,347,5,0.0,0.07291536831609123,0,0,1,0,0
1970,8,9.177817180270623,1,0,347,5,0.0,0.07291536831609123,0,0,1,0,0
1970,8,9.177817180270623,1,0,347,5,0.0,0.07291536831609123,0,0,1,0,0
1970,8,9.174298600628918,1,0,3,5,0.0,0.016203415181353608,5,1,0,0,0
1970,8,9.174298600628918,1,0,347,5,0.0,0.0004985666209647265,0,0,1,0,0
1970,8,9.174298600628918,1,0,347,5,0.0,0.0004985666209647265,1,0,1,0,0
1996,11,4.219507705176107,1,0,2,2,0.0,0.016203415181353608,0,0,1,0,0
1993,10,7.042286171939743,1,0,13,2,0.0,0.00785242428019444,1,0,1,0,0
1986,1,8.293549515060345,1,0,1,0,0.0,0.0012464165524118161,0,0,1,0,0
1995,11,5.905361848054571,1,0,17,5,0.0,0.07291536831609123,0,1,0,0,0
1992,9,7.217443431696533,1,0,2,5,0.0,0.016203415181353608,5,0,1,0,0
1993,10,6.863803391452954,1,0,3,2,0.0,0.0001246416552411816,2,0,1,0,0
1994,11,6.150602768446279,1,0,1,2,0.0,0.07291536831609123,2,0,1,0,0
1970,8,9.137231900155545,1,0,347,5,0.0,0.0001246416552411816,0,1,0,0,0
1995,10,4.330733340286331,1,0,3,2,0.0,0.0001246416552411816,2,0,1,0,0
1995,4,5.58724865840025,1,0,2,3,0.0,0.0014956998628941791,0,0,1,0,0
1992,10,7.044032897274685,1,0,3,3,0.0,0.00785242428019444,0,0,1,0,0
1995,6,5.272999558563747,1,0,25,5,0.0,0.00785242428019444,0,0,1,0,0
1995,1,5.846438775057725,1,0,3,2,0.0,0.00785242428019444,0,0,1,0,0
1995,11,3.7376696182833684,1,0,13,3,0.0,0.00785242428019444,0,0,1,0,0
1995,2,5.752572638825633,1,0,1,1,0.0,0.00785242428019444,1,0,1,0,0
1993,10,6.688354713946762,1,0,12,3,0.0,0.00785242428019444,1,0,1,0,0
1993,5,6.862757913051401,1,0,7,2,0.0,0.00785242428019444,1,0,1,0,0
1995,2,5.752572638825633,1,0,7,2,0.0,0.00785242428019444,0,1,0,0,0
1994,12,5.932245187448011,1,0,1,0,0.0,0.014084507042253521,0,1,0,0,0
1995,10,4.290459441148391,1,0,15,5,0.06666666666666667,0.00785242428019444,0,0,1,0,0
1995,11,3.6888794541139363,1,0,3,2,0.0,0.001994266483858906,0,0,1,0,0
1995,11,3.7612001156935624,1,0,10,5,0.0,0.009472765798329803,2,0,1,0,0
1995,11,3.1354942159291497,1,0,21,5,0.0,0.002742116415305995,0,0,0,1,0
1995,5,5.4116460518550396,2,1,4,0,0.25,0.07291536831609123,0,0,1,0,0
1995,8,4.727387818712341,1,0,347,5,0.0,0.01632805683659479,0,0,1,0,0
1991,3,7.461065514354283,1,0,3,3,0.0,0.01632805683659479,3,0,1,0,0
1990,2,7.66105638236183,1,0,15,5,0.0,0.01632805683659479,0,0,1,0,0
1994,3,6.447305862541213,1,0,15,5,0.0,0.01632805683659479,0,0,1,0,0
1995,5,5.318119993844216,1,0,1,0,0.0,0.01632805683659479,0,0,1,0,0
1995,11,2.995732273553991,1,0,2,2,0.0,0.01632805683659479,0,0,0,1,0
1994,11,5.976350909297934,1,0,19,3,0.0,0.01632805683659479,0,0,0,1,0
1995,4,5.497168225293202,1,0,19,3,0.0,0.01632805683659479,0,0,0,1,0
1995,4,5.442417710521793,1,0,2,2,0.0,0.01632805683659479,2,0,0,1,0
1995,9,4.418840607796598,1,0,1,2,0.0,0.01632805683659479,2,0,0,1,0
1995,11,3.713572066704308,1,0,26,5,0.0,0.01632805683659479,0,0,1,0,0
1995,9,4.584967478670572,1,0,1,0,0.0,0.01632805683659479,0,0,1,0,0
1995,10,4.02535169073515,1,0,1,0,0.0,0.01632805683659479,0,0,1,0,0
1993,10,6.654152520183219,1,0,15,5,0.0,0.01632805683659479,1,0,1,0,0
1993,5,6.842683282238422,1,0,2,1,0.0,0.00311604138102954,1,0,1,0,0
1990,9,7.544861068658458,1,0,11,3,0.0,0.0021189081391000874,1,0,1,0,0
1995,10,3.8918202981106265,1,0,11,3,0.0,0.0021189081391000874,1,0,1,0,0
1995,11,3.332204510175204,1,0,347,5,0.0,0.0021189081391000874,1,0,1,0,0
1985,2,8.27664912542186,1,0,4,2,0.0,0.0021189081391000874,1,0,1,0,0
1992,5,7.177782416195197,1,0,4,2,0.0,0.0021189081391000874,1,0,1,0,0
1985,6,8.250097752572845,1,0,7,2,0.0,0.0021189081391000874,1,0,1,0,0
1987,10,8.000684784514748,1,0,59,7,0.0,0.00311604138102954,1,0,1,0,0
1985,11,8.207674424355282,1,0,2,1,0.0,0.0021189081391000874,1,0,1,0,0
1983,5,8.432941638968646,1,0,25,5,0.0,0.0021189081391000874,1,0,1,0,0
1988,1,7.9599745280805365,1,0,7,3,0.0,0.0021189081391000874,1,0,1,0,0
1987,10,8.000684784514748,1,0,3,2,0.0,0.0021189081391000874,1,0,1,0,0
1985,6,8.250097752572845,1,0,3,2,0.0,0.0021189081391000874,1,0,1,0,0
1986,2,8.184513753033722,1,0,5,2,0.0,0.0021189081391000874,2,0,1,0,0
1995,6,5.087596335232384,1,0,5,2,0.0,0.009472765798329803,0,0,1,0,0
1995,3,5.53338948872752,1,0,10,5,0.0,0.009472765798329803,0,0,1,0,0
1995,9,4.1588830833596715,1,0,22,5,0.0,0.009472765798329803,0,0,1,0,0
1995,6,5.135798437050262,1,0,25,5,0.0,0.02492833104823632,0,0,1,0,0
1992,2,7.236339342754344,1,0,31,3,0.0,0.004113174622958993,0,0,1,0,0
1995,5,5.225746673713202,2,1,16,5,0.8125,0.004113174622958993,0,0,1,0,0
1990,1,7.671360923190644,2,1,16,5,0.8125,0.004113174622958993,0,0,1,0,0
1990,1,7.671360923190644,2,1,16,5,0.8125,0.004113174622958993,0,0,1,0,0
1990,1,7.671360923190644,2,1,16,5,0.8125,0.004113174622958993,0,0,1,0,0
1990,1,7.661527081358517,2,1,16,5,0.8125,0.004113174622958993,0,0,1,0,0
1990,1,7.671360923190644,2,1,16,5,0.8125,0.004113174622958993,0,0,1,0,0
1993,7,6.769641976852503,1,0,9,3,0.0,0.004113174622958993,2,0,1,0,0
1995,6,4.941642422609304,1,0,347,5,0.0,0.07291536831609123,0,0,1,0,0
1995,8,4.430816798843313,1,0,347,5,0.0,0.07291536831609123,0,0,1,0,0
1995,4,5.318119993844216,1,0,347,5,0.0,0.07291536831609123,0,0,1,0,0
1995,8,4.3694478524670215,1,0,347,5,0.0,0.07291536831609123,0,0,1,0,0
1995,8,4.430816798843313,1,0,347,5,0.0,0.07291536831609123,0,0,1,0,0
1986,6,8.13739583005665,1,0,1,2,0.0,0.07291536831609123,2,0,1,0,0
1995,5,5.209486152841421,1,0,1,0,0.0,0.07291536831609123,0,0,1,0,0
1989,3,7.8009820712577405,1,0,14,2,0.0,0.07291536831609123,0,0,0,1,0
1992,12,6.977281341630747,1,0,22,5,0.0,0.07291536831609123,0,0,0,1,0
1990,9,7.5406215286571525,1,0,1,0,0.0,0.07291536831609123,0,0,0,1,0
1993,11,6.5722825426940075,1,0,7,2,0.0,0.07291536831609123,0,0,0,1,0
1995,8,4.532599493153256,1,0,10,3,0.0,0.07291536831609123,0,0,0,1,0
1994,11,5.860786223465865,1,0,19,5,0.0,0.07291536831609123,0,0,0,1,0
1992,2,7.210079628170788,1,0,1,0,0.0,0.07291536831609123,0,0,0,1,0
1991,12,7.25063551189868,1,0,9,2,0.0,0.07291536831609123,2,0,0,1,0
1994,11,5.8998973535824915,1,0,2,4,0.0,0.07291536831609123,2,0,0,1,0
1989,5,7.768956044538332,1,0,7,5,0.0,0.07291536831609123,3,0,0,1,0
1991,7,7.370860166536716,1,0,2,4,0.0,0.07291536831609123,4,0,0,1,0
1992,12,6.977281341630747,1,0,1,4,0.0,0.07291536831609123,4,0,0,1,0
1989,5,7.768956044538332,1,0,7,5,0.0,0.07291536831609123,4,0,0,1,0
1987,9,7.995643604287271,1,0,7,5,0.0,0.07291536831609123,4,0,0,1,0
1991,10,7.299797366758161,1,0,1,4,0.0,0.07291536831609123,4,0,0,1,0
1995,6,4.990432586778736,1,0,17,5,0.0,0.07291536831609123,4,0,0,1,0
1990,5,7.601901959875166,1,0,1,5,0.0,0.07291536831609123,5,0,0,1,0
1989,12,7.679251425953058,1,0,3,5,0.0,0.07291536831609123,5,0,0,1,0
1990,10,7.522400231387125,1,0,3,5,0.0,0.07291536831609123,5,0,0,1,0
1995,3,5.424950017481403,1,0,1,0,0.0,0.07291536831609123,0,0,1,0,0
1990,5,7.605392364814935,1,0,7,5,0.0,0.07291536831609123,1,0,1,0,0
1995,5,5.181783550292085,1,0,1,0,0.0,0.07291536831609123,0,1,0,0,0
1994,4,6.269096283706261,1,0,1,0,0.0,0.009472765798329803,0,0,1,0,0
1964,2,9.355306142226368,1,0,3,0,0.0,0.002742116415305995,0,0,1,0,0
1995,6,4.61512051684126,1,0,6,2,0.0,0.02492833104823632,0,0,1,0,0
1995,3,5.187385805840755,1,0,347,5,0.0,0.005110307864888446,0,0,1,0,0
1993,11,6.495265555937008,1,0,2,2,0.0,0.005110307864888446,2,0,0,1,0
1995,6,4.477336814478207,1,0,347,5,0.0,0.005110307864888446,1,0,1,0,0
1995,5,4.6913478822291435,1,0,347,5,0.0,0.0023681914495824507,2,0,1,0,0
1995,6,4.382026634673881,1,0,2,0,0.0,0.00311604138102954,0,0,1,0,0
1995,5,4.852030263919617,1,0,347,5,0.0,0.0023681914495824507,1,0,1,0,0
1995,3,5.220355825078324,1,0,1,0,0.0,0.0023681914495824507,0,1,0,0,0
1995,6,4.30406509320417,1,0,2,0,0.0,0.0004985666209647265,0,1,0,0,0
1994,10,5.749392985908253,1,0,4,2,0.0,0.002742116415305995,2,0,1,0,0
1995,6,4.143134726391533,1,0,347,5,0.0,0.002742116415305995,0,0,1,0,0
1995,3,5.075173815233827,1,0,1,0,0.0,0.002742116415305995,0,1,0,0,0
1994,10,5.707110264748875,1,0,8,4,0.0,0.004736382899164901,2,0,1,0,0
1995,3,4.983606621708336,1,0,347,5,0.0,0.07291536831609123,0,0,1,0,0
1994,2,6.298949246855942,1,0,3,2,0.0,0.004736382899164901,2,0,1,0,0
1988,10,7.7706452341291765,1,0,1,0,0.0,0.07291536831609123,0,0,1,0,0
1989,1,7.739359202689098,1,0,4,1,0.0,0.07291536831609123,0,0,1,0,0
1988,11,7.755767170102998,1,0,32,3,0.0,0.07291536831609123,2,0,1,0,0
1982,9,8.434246270595311,1,0,7,5,0.0,0.07291536831609123,2,0,1,0,0
1994,11,4.997212273764115,1,0,347,5,0.0,0.07291536831609123,0,0,1,0,0
1993,6,6.501289670540389,1,0,347,5,0.0,0.07291536831609123,0,0,1,0,0
1990,3,7.530479995245536,1,0,3,3,0.0,0.07291536831609123,2,0,1,0,0
1991,2,7.326465613840322,1,0,347,5,0.0,0.07291536831609123,0,0,1,0,0
1970,9,9.101417964751995,1,0,11,3,0.0,0.07291536831609123,2,0,1,0,0
1970,2,9.125000324809168,1,0,6,5,0.0,0.07291536831609123,2,0,1,0,0
1986,10,8.037220031133012,1,0,5,2,0.0,0.07291536831609123,2,0,1,0,0
1992,1,7.0825485693553,1,0,2,3,0.0,0.07291536831609123,3,0,1,0,0
1992,12,6.754604099487962,1,0,5,5,0.4,0.07291536831609123,3,0,1,0,0
1989,3,7.711101251840158,1,0,2,1,0.0,0.07291536831609123,0,0,1,0,0
1978,4,8.733755131364893,1,0,7,5,0.0,0.07291536831609123,3,0,1,0,0
1981,5,8.53405030848266,1,0,7,5,0.0,0.07291536831609123,3,0,1,0,0
1995,1,4.653960350157523,1,0,5,2,0.4,0.07291536831609123,0,0,1,0,0
1988,4,7.843848638152472,1,0,3,3,0.0,0.07291536831609123,3,0,1,0,0
1990,9,7.423568444259167,1,0,6,5,0.0,0.07291536831609123,3,0,1,0,0
1990,11,7.394493107219038,1,0,22,5,0.0,0.07291536831609123,0,0,1,0,0
1984,1,8.322880021769905,1,0,7,5,0.0,0.07291536831609123,5,0,1,0,0
1980,5,8.605387202152153,1,0,7,5,0.0,0.07291536831609123,5,0,1,0,0
1982,2,8.47907586930311,1,0,6,5,0.0,0.07291536831609123,5,0,1,0,0
1991,10,7.16703787691222,1,0,3,1,0.0,0.07291536831609123,0,0,1,0,0
1990,11,7.394493107219038,1,0,1,0,0.0,0.07291536831609123,0,0,1,0,0
1988,3,7.862112211662748,1,0,1,0,0.0,0.07291536831609123,0,0,1,0,0
1963,1,9.37305428246393,1,0,31,3,0.0,0.07291536831609123,2,0,1,0,0
1995,1,4.3694478524670215,1,0,347,5,0.0,0.0023681914495824507,2,0,1,0,0
1994,4,5.8664680569332965,2,1,3,0,0.6666666666666666,0.016203415181353608,0,1,0,0,0
1994,1,6.1092475827643655,1,0,1,0,0.0,0.02492833104823632,0,0,1,0,0
1994,4,5.8664680569332965,2,1,3,0,0.6666666666666666,0.016203415181353608,0,1,0,0,0
1994,5,5.780743515792329,1,0,1,2,0.0,0.016203415181353608,2,0,1,0,0
1995,2,3.871201010907891,1,0,347,5,0.0,0.002742116415305995,0,0,1,0,0
1994,7,5.552959584921617,1,0,2,0,0.0,0.001994266483858906,0,0,1,0,0
1994,10,5.209486152841421,1,0,1,0,0.0,0.002742116415305995,0,1,0,0,0
1993,7,6.456769655572163,1,0,1,0,0.0,0.00785242428019444,0,1,0,0,0
1994,11,4.941642422609304,1,0,347,5,0.0,0.00785242428019444,1,0,1,0,0
1984,3,8.30325712085294,1,0,13,2,0.0,0.00785242428019444,1,0,1,0,0
1995,1,3.912023005428146,1,0,1,0,0.0,0.005110307864888446,0,0,1,0,0
1995,1,3.912023005428146,1,0,347,5,0.0,0.0012464165524118161,0,0,1,0,0
1990,11,7.367077059881012,1,0,2,0,0.0,0.005110307864888446,0,0,1,0,0
1994,6,5.541263545158426,1,0,347,5,0.0,0.0023681914495824507,1,0,1,0,0
1994,9,5.176149732573829,1,0,1,2,0.0,0.02492833104823632,2,0,1,0,0
1994,6,5.521460917862246,1,0,347,5,0.0,0.01632805683659479,0,0,1,0,0
1994,6,5.4638318050256105,1,0,1,0,0.0,0.01632805683659479,0,0,1,0,0
1994,10,4.820281565605037,1,0,2,4,0.0,0.01632805683659479,2,0,0,1,0
1994,8,5.187385805840755,1,0,1,2,0.0,0.01632805683659479,2,0,0,1,0
1994,2,5.910796644040527,1,0,2,4,0.0,0.01632805683659479,4,0,0,1,0
1994,11,4.663439094112067,1,0,2,4,0.0,0.01632805683659479,4,0,0,1,0
1994,8,5.262690188904886,1,0,6,2,0.0,0.01632805683659479,0,0,1,0,0
1994,5,5.673323267171493,1,0,1,0,0.0,0.01632805683659479,0,0,1,0,0
1994,9,4.955827057601261,1,0,2,0,0.0,0.0023681914495824507,0,1,0,0,0
1994,10,4.736198448394496,1,0,1,0,0.0,0.0023681914495824507,0,1,0,0,0
1994,12,3.8066624897703196,1,0,17,2,0.0,0.0001246416552411816,0,0,1,0,0
1994,11,4.430816798843313,1,0,14,5,0.07142857142857142,0.02492833104823632,2,0,1,0,0
1994,7,5.3230099791384085,1,0,4,0,0.0,0.02492833104823632,0,0,1,0,0
1990,9,7.377133712833954,1,0,1,2,0.0,0.016203415181353608,2,0,1,0,0
1994,5,5.480638923341991,1,0,347,5,0.0,0.005110307864888446,0,0,1,0,0
1994,10,4.465908118654584,1,0,9,2,0.0,0.005110307864888446,0,0,1,0,0
1985,4,8.182559264068665,1,0,1,0,0.0,0.016203415181353608,0,0,1,0,0
1993,2,6.5722825426940075,1,0,1,0,0.0,0.016203415181353608,0,0,1,0,0
1992,3,6.93828448401696,1,0,1,1,0.0,0.016203415181353608,1,0,1,0,0
1994,9,4.74493212836325,1,0,9,1,0.0,0.005110307864888446,1,0,1,0,0
1993,10,6.082218910376446,1,0,12,3,0.0,0.00785242428019444,0,1,0,0,0
1993,6,6.343880434126331,1,0,1,0,0.0,0.00785242428019444,0,1,0,0,0
1993,11,6.008813185442595,1,0,1,0,0.0,0.00785242428019444,0,1,0,0,0
1994,9,4.605170185988092,1,0,10,5,0.0,0.0001246416552411816,0,1,0,0,0
1993,2,6.522092798170152,1,0,5,2,0.0,0.00785242428019444,0,1,0,0,0
1994,11,3.58351893845611,1,0,13,5,0.0,0.0002492833104823632,0,0,1,0,0
1993,8,6.1675164908883415,1,0,1,0,0.0,0.00785242428019444,0,0,1,0,0
1994,1,5.780743515792329,1,0,1,0,0.0,0.00785242428019444,0,0,1,0,0
1994,11,3.5263605246161616,1,0,50,5,0.0,0.07291536831609123,0,0,1,0,0
1994,11,3.5263605246161616,1,0,347,5,0.0,0.07291536831609123,0,0,1,0,0
1994,10,4.143134726391533,1,0,347,5,0.0,0.07291536831609123,0,0,1,0,0
1994,11,3.7612001156935624,1,0,347,5,0.0,0.07291536831609123,0,0,1,0,0
1994,1,5.733341276897746,1,0,1,1,0.0,0.004237816278200175,1,0,1,0,0
1994,1,5.749392985908253,1,0,12,2,0.0,0.001994266483858906,2,0,1,0,0
1990,10,7.30854279753919,1,0,10,5,0.0,0.004237816278200175,5,0,1,0,0
1994,11,3.295836866004329,1,0,2,2,0.0,0.001994266483858906,2,0,0,1,0
1994,5,5.14166355650266,1,0,347,5,0.0,0.00785242428019444,0,0,1,0,0
1993,11,5.8664680569332965,1,0,1,0,0.0,0.00785242428019444,0,0,1,0,0
1994,2,5.572154032177765,1,0,12,2,0.0,0.0053595911753708085,0,0,1,0,0
1994,7,4.882801922586371,1,0,2,1,0.0,0.00785242428019444,1,0,1,0,0
1993,7,6.208590026096629,1,0,1,2,0.0,0.0053595911753708085,2,0,1,0,0
1994,6,4.955827057601261,1,0,20,5,0.0,0.07291536831609123,0,1,0,0,0
1994,5,5.062595033026967,1,0,1,0,0.0,0.07291536831609123,0,1,0,0,0
1994,4,5.303304908059076,1,0,1,0,0.0,0.07291536831609123,0,1,0,0,0
1994,5,5.062595033026967,1,0,1,0,0.0,0.07291536831609123,0,1,0,0,0
1994,6,4.976733742420574,1,0,1,0,0.0,0.07291536831609123,0,1,0,0,0
1994,8,4.30406509320417,1,0,347,5,0.0,0.07291536831609123,0,0,1,0,0
1994,8,4.30406509320417,1,0,347,5,0.0,0.07291536831609123,0,0,1,0,0
1994,6,4.969813299576001,1,0,347,5,0.0,0.07291536831609123,1,0,1,0,0
1994,8,4.276666119016055,1,0,347,5,0.0,0.07291536831609123,1,0,1,0,0
1993,11,5.8664680569332965,1,0,5,4,0.0,0.00785242428019444,1,0,1,0,0
1992,11,6.583409222158765,1,0,3,2,0.0,0.07291536831609123,1,0,1,0,0
1993,11,5.811140992976701,1,0,3,4,0.0,0.07291536831609123,4,0,1,0,0
1987,11,7.839131648274333,1,0,22,5,0.0,0.07291536831609123,5,0,1,0,0
1994,2,5.517452896464707,1,0,3,5,0.0,0.0053595911753708085,0,1,0,0,0
1994,1,5.568344503761097,1,0,2,0,0.0,0.00785242428019444,0,1,0,0,0
1994,5,4.060443010546419,1,0,15,5,0.0,0.005110307864888446,2,0,1,0,0
1993,10,5.529429087511423,1,0,8,2,0.0,0.004237816278200175,0,0,1,0,0
1994,5,3.6888794541139363,1,0,3,0,0.0,0.002742116415305995,0,0,1,0,0
1994,6,1.791759469228055,1,0,3,0,0.0,0.002742116415305995,0,0,1,0,0
1993,11,5.37989735354046,1,0,10,5,0.0,0.004237816278200175,1,0,1,0,0
1994,2,4.852030263919617,1,0,3,1,0.0,0.010594540695500436,1,0,1,0,0
1991,8,6.950814768442584,1,0,1,0,0.0,0.005110307864888446,0,0,1,0,0
1994,1,4.9344739331306915,1,0,14,2,0.0,0.07291536831609123,0,1,0,0,0
1994,3,4.59511985013459,1,0,20,5,0.0,0.07291536831609123,0,1,0,0,0
1994,4,4.174387269895637,1,0,347,5,0.0,0.07291536831609123,0,0,1,0,0
1993,6,5.91350300563827,1,0,1,0,0.0,0.07291536831609123,0,0,1,0,0
1994,1,4.948759890378168,1,0,9,2,0.0,0.07291536831609123,0,0,1,0,0
1992,2,6.742880635791903,1,0,1,0,0.0,0.07291536831609123,0,0,1,0,0
1990,9,7.210079628170788,1,0,1,0,0.0,0.0001246416552411816,0,0,1,0,0
1993,8,5.683579767338681,1,0,20,5,0.0,0.07291536831609123,0,0,1,0,0
1993,6,5.91350300563827,1,0,11,3,0.0,0.07291536831609123,1,0,1,0,0
1994,5,3.6888794541139363,1,0,347,5,0.0,0.07291536831609123,2,0,1,0,0
1994,4,4.1588830833596715,1,0,23,5,0.0,0.07291536831609123,2,0,1,0,0
1994,3,4.0943445622221,1,0,8,5,0.0,0.001994266483858906,2,0,1,0,0
1993,11,5.093750200806762,1,0,2,2,0.0,0.005110307864888446,0,0,0,1,0
1993,11,5.247024072160486,1,0,347,5,0.0,0.0003739249657235448,0,0,1,0,0
1994,1,4.605170185988092,1,0,347,5,0.0,0.0003739249657235448,0,0,1,0,0
1994,1,4.605170185988092,1,0,2,0,0.0,0.004237816278200175,0,0,1,0,0
1991,6,6.9650803456014065,1,0,2,0,0.0,0.0003739249657235448,0,0,1,0,0
1993,11,5.187385805840755,1,0,1,0,0.0,0.07291536831609123,0,1,0,0,0
1994,2,4.219507705176107,1,0,15,5,0.0,0.0012464165524118161,0,0,0,1,0
1979,2,8.619388703730907,1,0,22,5,0.0,0.07291536831609123,3,0,1,0,0
1993,9,5.37989735354046,1,0,15,5,0.06666666666666667,0.00785242428019444,0,1,0,0,0
1993,8,5.429345628954441,1,0,1,0,0.0,0.00785242428019444,0,0,1,0,0
1993,10,5.10594547390058,1,0,13,3,0.0,0.00785242428019444,0,0,1,0,0
1993,10,5.1298987149230735,1,0,3,2,0.0,0.0003739249657235448,0,1,0,0,0
1993,5,5.736572297479192,1,0,3,2,0.0,0.010594540695500436,1,0,1,0,0
1993,5,5.736572297479192,1,0,31,3,0.0,0.07291536831609123,1,0,1,0,0
1991,8,6.8658910748834385,1,0,8,2,0.0,0.004237816278200175,2,0,1,0,0
1993,10,4.955827057601261,1,0,4,0,0.0,0.00785242428019444,0,0,1,0,0
1993,4,5.786897381366708,1,0,25,5,0.0,0.014084507042253521,1,0,1,0,0
1993,12,4.663439094112067,1,0,347,5,0.0,0.00785242428019444,2,0,1,0,0
1993,5,5.75890177387728,1,0,10,2,0.0,0.014084507042253521,2,0,1,0,0
1993,1,6.0112671744041615,1,0,1,0,0.0,0.002742116415305995,0,0,1,0,0
1993,11,4.6443908991413725,1,0,7,2,0.0,0.07291536831609123,0,0,0,1,0
1993,8,5.342334251964811,1,0,3,0,0.0,0.07291536831609123,0,1,0,0,0
1993,12,4.5217885770490405,1,0,347,5,0.0,0.07291536831609123,0,0,1,0,0
1994,1,4.143134726391533,1,0,2,1,0.0,0.07291536831609123,0,0,1,0,0
1991,9,6.796823718274855,1,0,1,0,0.0,0.07291536831609123,0,0,1,0,0
1993,3,5.834810737062605,1,0,19,5,0.0,0.07291536831609123,5,0,1,0,0
1993,6,5.5053315359323625,1,0,1,0,0.0,0.0021189081391000874,0,1,0,0,0
1993,12,4.356708826689592,1,0,347,5,0.0,0.00311604138102954,1,0,1,0,0
1993,9,5.087596335232384,1,0,347,5,0.0,0.00311604138102954,1,0,1,0,0
1993,11,4.59511985013459,1,0,347,5,0.0,0.00311604138102954,2,0,1,0,0
1993,8,5.087596335232384,1,0,1,0,0.0,0.07291536831609123,0,1,0,0,0
1994,2,0.6931471805599453,1,0,347,5,0.0,0.07291536831609123,0,0,1,0,0
1993,11,4.330733340286331,1,0,347,5,0.0,0.07291536831609123,0,0,1,0,0
1993,10,4.709530201312334,1,0,347,5,0.0,0.07291536831609123,0,0,1,0,0
1986,11,7.67786350067821,1,0,6,4,0.0,0.02492833104823632,0,0,1,0,0
1980,1,8.44009614103127,1,0,8,4,0.0,0.01632805683659479,0,0,1,0,0
1992,1,5.5093883366279774,1,0,3,0,0.0,0.000997133241929453,0,0,1,0,0
1990,1,6.823286122355687,1,0,1,0,0.0,0.000997133241929453,0,0,1,0,0
1990,4,6.661854740545311,1,0,6,4,0.0,0.02492833104823632,2,0,1,0,0
1991,9,5.5134287461649825,1,0,2,2,0.0,0.02492833104823632,0,0,1,0,0
1978,6,8.533066540572527,1,0,14,2,0.0,0.029664713947401222,0,0,1,0,0
1972,1,8.909235279192261,2,1,16,5,0.8125,0.016203415181353608,0,0,1,0,0
1973,10,8.816853240627426,2,1,16,5,0.8125,0.016203415181353608,0,0,1,0,0
1978,11,8.495560891289124,1,0,5,2,0.0,0.004237816278200175,2,0,1,0,0
1989,9,6.733401891837359,1,0,11,4,0.0,0.0053595911753708085,0,0,1,0,0
1981,11,8.214465160759186,1,0,5,3,0.2,0.0012464165524118161,3,0,1,0,0
1990,1,6.437751649736401,1,0,1,0,0.0,0.07291536831609123,0,0,1,0,0
1988,1,7.1372784372603855,1,0,12,5,0.0,0.010594540695500436,5,0,1,0,0
1990,9,5.220355825078324,1,0,20,4,0.0,0.01632805683659479,0,0,1,0,0
1991,1,2.0794415416798357,1,0,1,0,0.0,0.0001246416552411816,0,0,1,0,0
1989,10,6.035481432524756,1,0,2,0,0.0,0.0012464165524118161,0,0,1,0,0
1990,10,3.6635616461296463,1,0,5,2,0.0,0.01632805683659479,0,0,1,0,0
1986,5,5.3612921657094255,1,0,3,2,0.0,0.0012464165524118161,0,0,1,0,0
1985,3,5.583496308781699,1,0,1,0,0.0,0.010594540695500436,0,0,1,0,0
1975,9,8.19863945529737,1,0,14,2,0.0,0.07291536831609123,0,0,1,0,0
1984,9,5.480638923341991,1,0,1,0,0.0,0.01632805683659479,0,0,1,0,0
1966,1,8.85366542803745,1,0,2,0,0.0,0.009472765798329803,0,0,1,0,0
1983,1,6.55250788703459,1,0,2,0,0.0,0.01632805683659479,0,0,1,0,0
1981,1,7.200424892944957,1,0,8,2,0.0,0.004237816278200175,0,0,1,0,0
1979,3,7.527793987721444,1,0,8,2,0.0,0.004237816278200175,0,0,1,0,0
1981,5,6.951772164398911,1,0,5,2,0.0,0.004237816278200175,0,0,1,0,0
1984,2,3.1780538303479458,1,0,2,2,0.0,0.0002492833104823632,2,0,1,0,0
1982,6,6.461468176353717,1,0,2,2,0.0,0.0002492833104823632,2,0,1,0,0
1983,8,4.941642422609304,1,0,20,4,0.0,0.01632805683659479,0,0,1,0,0
1967,1,8.72891172506098,1,0,5,2,0.0,0.004237816278200175,0,0,1,0,0
1983,4,5.337538079701318,1,0,3,2,0.0,0.0012464165524118161,0,0,1,0,0
1979,7,7.365180126021013,1,0,1,0,0.0,0.004237816278200175,0,0,1,0,0
1983,1,5.6131281063880705,1,0,3,0,0.0,0.02492833104823632,0,0,1,0,0
1976,11,7.822444729489319,2,1,5,3,0.2,0.0012464165524118161,0,0,1,0,0
1976,1,7.869783902530146,1,0,1,0,0.0,0.02492833104823632,0,0,1,0,0
1975,1,7.9909154630913255,1,0,2,0,0.0,0.01632805683659479,0,0,1,0,0
1975,1,7.970394907191429,1,0,5,2,0.0,0.004237816278200175,0,0,1,0,0
1981,1,6.539585955617669,1,0,5,2,0.0,0.01632805683659479,0,0,1,0,0
1981,6,6.238324625039508,1,0,2,0,0.0,0.01632805683659479,0,0,1,0,0
1979,1,7.2399325913204695,1,0,1,0,0.0,0.00461174124392372,0,0,1,0,0
1974,10,7.980365765111246,1,0,5,2,0.0,0.004237816278200175,0,0,1,0,0
1979,9,7.001245622069476,1,0,3,0,0.0,0.02492833104823632,0,0,1,0,0
1981,1,6.413458957167357,1,0,3,0,0.0,0.02492833104823632,0,0,1,0,0
1966,1,8.708969906980947,1,0,12,5,0.0,0.010594540695500436,0,0,1,0,0
1975,9,4.812184355372417,1,0,2,0,0.0,0.004237816278200175,0,0,1,0,0
