Interprete;Titre;Editeur / Distributeur;Categorie;Certification;Date de sortie;Date de constat;Duree obtention
UZI;AKRAPOVITCH 5;ARGENTIC MUSIC / CAPITOL MUSIC FRANCE / UNIVERSAL MUSIC FRANCE;Singles;Or;23/01/2020;23/04/2026;6 ans 4 mois
RIM'K;MONSTER;VIRGIN RECORDS FRANCE / UNIVERSAL MUSIC FRANCE;Singles;Or;15/01/2016;23/04/2026;10 ans 5 mois
ALAN WALKER, SABRINA CARPENTER & FARRUKO;ON MY WAY;KREATELL MUSIC / SONY MUSIC ENTERTAINMENT;Singles;Or;15/03/2019;23/04/2026;7 ans 2 mois
JOK'AIR;NUIT ET JOUR;PLAY TWO / BELIEVE;Singles;Or;20/03/2020;23/04/2026;6 ans 2 mois
LACRIM;L'IMMORTALE;PLATA O PLOMO RECORDS / CAPITOL MUSIC FRANCE / UNIVERSAL MUSIC FRANCE;Singles;Or;22/09/2021;23/04/2026;4 ans 7 mois
NIRO;JAMAIS DE NOUS;AMBITION MUSIC / SONY MUSIC ENTERTAINMENT;Singles;Or;10/02/2023;23/04/2026;3 ans 2 mois
TIF;DEMAIN C'EST B3ID;HOUMA SWEET HOUMA / ADA MUSIC FRANCE / WARNER MUSIC FRANCE;Singles;Or;10/03/2023;23/04/2026;3 ans 2 mois
ALOK, MONDELLO’ G, CERES & TRIBBS;LET'S GET FKD UP;COLUMBIA / B1 RECORDINGS / SONY MUSIC ENTERTAINMENT;Singles;Or;17/11/2023;23/04/2026;2 ans 5 mois
YOUSSOUPHA;DIEU EST GRANDE;99 REVOLUTION / ALLPOINTS / BELIEVE;Singles;Or;10/01/2025;23/04/2026;1 an 3 mois
WERENOI;INDUSTRY PLANT;PLR MUSIC / PGP RECORDS / ALLPOINTS / BELIEVE;Singles;Or;11/04/2025;23/04/2026;1 an
JUSTIN BIEBER;DAISIES;UNIVERSAL MUSIC / POLYDOR / UNIVERSAL MUSIC FRANCE;Singles;Or;11/07/2025;23/04/2026;9 mois
SUZANE;VIRILE;3EME BUREAU / WAGRAM;Singles;Or;26/09/2025;23/04/2026;6 mois
TRIANGLE DES BERMUDES;MAME;YPDP / PK INTERACTIVE;Singles;Or;21/07/2023;23/04/2026;2 ans 9 mois
LA FOUINE & TIMAR;BROKEN;PLAY TWO / BELIEVE;Singles;Or;13/11/2025;23/04/2026;5 mois
JUL;TRISTE EVERYDAY;D'OR ET DE PLATINE / BELIEVE;Singles;Or;05/12/2025;23/04/2026;4 mois
JUL;CROCODILE;D'OR ET DE PLATINE / BELIEVE;Singles;Platine;06/12/2019;23/04/2026;6 ans 5 mois
47TER;VIVRE;LABEL ENTRECÔTE/SONY MUSIC ENTERTAINMENT;Singles;Platine;29/10/2020;23/04/2026;5 ans 6 mois
SDM;LA VIE DE RÊVE;92I / CAPITOL / UNIVERSAL MUSIC FRANCE;Singles;Platine;18/02/2021;23/04/2026;5 ans 3 mois
JULIETTE ARMANET;QU'IMPORTE;ROMANCE MUSIQUE / UNIVERSAL MUSIC FRANCE;Singles;Platine;19/11/2021;23/04/2026;4 ans 5 mois
KALASH;TOMBOLO;PLAY TWO / BELIEVE;Singles;Platine;01/04/2022;23/04/2026;4 ans 1 mois
DEAN LEWIS;HOW DO I SAY GOODBYE;UNIVERSAL MUSIC / POLYDOR / UNIVERSAL MUSIC FRANCE;Singles;Platine;31/08/2022;23/04/2026;3 ans 8 mois
LOMEPAL;HASARDER;PINÉALE / IDOL;Singles;Platine;16/09/2022;23/04/2026;3 ans 7 mois
TAYC;CARRY ME;PLAY TWO / BELIEVE;Singles;Platine;09/01/2023;23/04/2026;3 ans 4 mois
BENSON BOONE;MYSTICAL MAGICAL;NIGHT STREET RECORDS, INC./ WARNER RECORDS INC. / WEA / WARNER MUSIC FRANCE;Singles;Platine;24/04/2025;23/04/2026;1 an
PAUL KALKBRENNER & STROMAE;QUE CE SOIT CLAIR;B1 RECORDINGS / SONY MUSIC ENTERTAINMENT;Singles;Platine;28/08/2025;23/04/2026;7 mois
ZED;JOLI;LDS PRODUCTION / BELIEVE;Singles;Diamant;09/09/2022;23/04/2026;3 ans 8 mois
WERENOI FEAT. TIAKOLA;TOUT SEUL;PLR MUSIC / PGP RECORDS / ALLPOINTS / BELIEVE;Singles;Diamant;10/03/2023;23/04/2026;3 ans 2 mois
THE WEEKND FEAT. PLAYBOI CARTI;TIMELESS;UNIVERSAL MUSIC / POLYDOR / UNIVERSAL MUSIC FRANCE;Singles;Diamant;25/09/2024;23/04/2026;1 an 7 mois
THEODORA & GUY2BEZBAR;PAY!;BOSS LADY RECORDS / VIRGIN RECORDS FRANCE / UNIVERSAL MUSIC FRANCE;Singles;Diamant;24/04/2025;23/04/2026;1 an
GIMS & L2B;BLOQUÉ;PLAY TWO / BELIEVE;Singles;Diamant;07/11/2025;23/04/2026;5 mois
GIANNI FEAT. NINHO & DADJU;ACOLYTE;LABEL BLUE SKY / SONY MUSIC ENTERTAINMENT;Singles;Platine;17/03/2023;16/04/2026;3 ans 1 mois
PIERRE GARNIER;L'HORIZON;COLUMBIA / SONY MUSIC ENTERTAINMENT;Singles;Platine;07/06/2024;16/04/2026;1 an 10 mois
HELENA;TOUT A CHANGÉ (RIEN N’A CHANGÉ);RCA GROUP / SONY MUSIC ENTERTAINMENT;Singles;Platine;13/03/2025;16/04/2026;1 an 1 mois
JUNGELI & LENIE;À TES CÔTÉS;NEXT GENERATION - 2054 RECORDS / CAPITOL MUSIC FRANCE / UNIVERSAL MUSIC FRANCE;Singles;Platine;03/04/2025;16/04/2026;1 an
LOUANE;MAMAN;POLYDOR / UNIVERSAL MUSIC FRANCE;Singles;Platine;29/03/2024;16/04/2026;2 ans
DISNEY, SHAKIRA;ZOO;WALT DISNEY RECORDS/POLYDOR/UNIVERSAL MUSIC FRANCE;Singles;Platine;10/10/2025;16/04/2026;6 mois
NINHO & TIAKOLA;LES DIAMANTS DE BOKASSA;REC. 118 / JEFE PRODUCTIONS / WARNER MUSIC FRANCE;Singles;Platine;09/01/2026;16/04/2026;3 mois
DJADJA & DINAZ FEAT. DJ BABS;MALÉFIQUE;CARRÉ MUSIC / BELIEVE;Singles;Diamant;21/07/2017;16/04/2026;8 ans 10 mois
LETO & NINHO;VIE DE STAR;REC. 118 / WARNER MUSIC FRANCE;Singles;Diamant;01/01/2021;16/04/2026;5 ans 4 mois
LA FÈVE;MAUVAIS PAYEUR;WALONE / ADA FRANCE / WARNER MUSIC FRANCE;Singles;Diamant;21/10/2021;16/04/2026;4 ans 6 mois
HUGEL, TOPIC, ARASH & DAECOLM;I ADORE YOU;UNIVERSAL MUSIC / POLYDOR / UNIVERSAL MUSIC FRANCE;Singles;Diamant;19/07/2024;16/04/2026;1 an 9 mois
BIGFLO & OLI;KARMA;GOLDEN CHILD / AURA MUSIC / VIRGIN RECORDS / UNIVERSAL MUSIC FRANCE;Albums;Or;12/03/2026;16/04/2026;1 mois
FRANGLISH;VIBE (MOOD2 EDITION);CAPITOL MUSIC FRANCE / UNIVERSAL MUSIC FRANCE;Albums;Platine;09/07/2021;16/04/2026;4 ans 10 mois
NAPS;LA TN;OK MANY INDUSTRIE / 13EME ART / BELIEVE;Albums;Platine;17/06/2022;16/04/2026;3 ans 10 mois
NONO LA GRINTA;RESTART;MPR RECORDS / WARNER MUSIC FRANCE;Albums;Platine;25/04/2025;16/04/2026;11 mois
SHAWN MENDES;SHAWN MENDES;UNIVERSAL MUSIC / POLYDOR / UNIVERSAL MUSIC FRANCE;Albums;Double Platine;25/05/2018;16/04/2026;8 ans
SCH;AUTOBAHN;MAISON BARON ROUGE / REC. 118 / WARNER MUSIC FRANCE;Albums;Double Platine;18/11/2022;16/04/2026;3 ans 5 mois
INDOCHINE;BABEL BABEL;RCA / SONY MUSIC ENTERTAINMENT;Albums;Triple Platine;07/09/2024;16/04/2026;1 an 7 mois
BILLIE EILISH;XANNY;UNIVERSAL MUSIC / POLYDOR / UNIVERSAL MUSIC FRANCE;Singles;Or;29/03/2019;09/04/2026;7 ans 1 mois
BIRDY;KEEPING YOUR HEAD UP;ATLANTIC RECORDS UK / WARNER MUSIC FRANCE;Singles;Or;01/01/2016;09/04/2026;10 ans 5 mois
BEYONCÉ;ALL NIGHT;PARKWOOD ENTERTAINMENT / COLUMBIA / SONY MUSIC ENTERTAINMENT;Singles;Or;23/04/2016;09/04/2026;10 ans 1 mois
KIKIMOTELEBA;TIGINI;CAPITOL MUSIC FRANCE / UNIVERSAL MUSIC FRANCE;Singles;Or;21/05/2021;09/04/2026;4 ans 11 mois
SOUF;MA REINE;PHONOGRAM / UNIVERSAL MUSIC FRANCE;Singles;Or;20/09/2022;09/04/2026;3 ans 7 mois
KAROL G FEAT. PESO PLUMA;QLONA;UNIVERSAL MUSIC / POLYDOR / UNIVERSAL MUSIC FRANCE;Singles;Or;15/08/2023;09/04/2026;2 ans 8 mois
JOSMAN;PROBLEMES DE RICHE;SIDELINE / SONY MUSIC ENTERTAINMENT;Singles;Or;28/10/2023;09/04/2026;2 ans 5 mois
JOSMAN;COHIBA;SIDELINE	/ SONY MUSIC ENTERTAINMENT;Singles;Or;28/10/2023;09/04/2026;2 ans 5 mois
STRAY KIDS;CHK CHK BOOM;REPUBLIC RECORDS / STRAY KIDS / VIRGIN MUSIC;Singles;Or;20/07/2024;09/04/2026;1 an 8 mois
DAMSO;LAISSE-MOI TRANQUILLE.;TRENTE-QUATRE CENTIMES;Singles;Or;15/11/2024;09/04/2026;1 an 5 mois
WERENOI;11.04.2025;PLR MUSIC / PGP RECORDS / ALLPOINTS / BELIEVE;Singles;Or;07/04/2025;09/04/2026;1 an
MIKI;PARTICULE;STRUCTURE / BELIEVE;Singles;Or;09/07/2025;09/04/2026;9 mois
GIMS & R2;INCOGNITO;GEANTE ROUGE / BELIEVE;Singles;Or;12/12/2025;02/04/2026;3 mois
M83, FELSMANN + TILEY;SOLITUDE;NAÏVE / BELIEVE;Singles;Or;14/05/2020;02/04/2026;5 ans 11 mois
WERENOI;MOTEUR BRÛLANT;PLR MUSIC / PGP RECORDS / ALLPOINTS / BELIEVE;Singles;Or;18/10/2024;02/04/2026;1 an 5 mois
GAUVAIN SERS;POURVU;BELLEVUE / IDOL;Singles;Or;17/12/2016;02/04/2026;9 ans 5 mois
EL ALFA, EL CHERRY SCOM & CJ;LA MAMÁ DE LA MAMÁ;EL JEFE RECORDS / ORCHARD;Singles;Or;22/11/2022;02/04/2026;3 ans 4 mois
TKS 2G;LA POLICE;SHEDWAVE RECORDS / ORCHARD;Singles;Or;11/07/2025;02/04/2026;8 mois
ORELSAN & SDM;SOLEIL LEVANT;7TH MAGNITUDE / STRONG NINJA / RCA / SONY MUSIC ENTERTAINMENT;Singles;Or;06/11/2025;02/04/2026;4 mois
BORMIN';BREAK YOUR HEART;3EME BUREAU / WAGRAM;Singles;Or;29/04/2025;02/04/2026;11 mois
PLK;EA7;PANENKA MUSIC / WAGRAM;Singles;Or;19/01/2024;02/04/2026;2 ans 2 mois
FAVÉ;MODE AVION;MORNING GLORY MUSIC / 109 RECORD / BELIEVE;Singles;Platine;21/06/2022;02/04/2026;3 ans 10 mois
GIMS & THEODORA;SPA;BLACK BELT / BELIEVE;Singles;Platine;16/01/2026;02/04/2026;2 mois
KIDAKI;UNE BALLE QUI TUE ?;JUSTON RECORDS / BELIEVE;Singles;Platine;15/02/2019;02/04/2026;7 ans 2 mois
LA FOUINE & NINHO;ETAT DES LIEUX - PART 1;PLAY TWO / BELIEVE;Singles;Platine;10/04/2025;02/04/2026;11 mois
SUPER-HI & NEEKA;FOLLOWING THE SUN (2026);BLENDED / BELIEVE;Singles;Platine;02/10/2020;02/04/2026;5 ans 6 mois
ZKR;LES GENTILS BANDITS;MORNING GLORY MUSIC / ALL ROAD /  BELIEVE;Singles;Platine;18/02/2022;02/04/2026;4 ans 2 mois
KERCHAK FEAT. KILLEMV & ZIAK;T'AIMERAIS;LABEL BLUE SKY / SONY MUSIC ENTERTAINMENT;Singles;Platine;15/12/2023;02/04/2026;2 ans 3 mois
CHARLOTTE CARDIN;TANT PIS POUR ELLE;PARLOPHONE / WARNER MUSIC FRANCE;Singles;Platine;05/09/2025;02/04/2026;6 mois
BOUSS;BIFF PAS D'LOVE;LE GRAND CARRÉ / LEVEL UP MUSIC / BELIEVE;Singles;Diamant;30/05/2025;02/04/2026;10 mois
JUL;ON M'APPELLE L'OVNI;D'OR ET DE PLATINE / BELIEVE;Singles;Diamant;26/10/2016;02/04/2026;9 ans 6 mois
ANNA OF THE NORTH;LOVERS;PLAY IT AGAIN SAM / PIAS FRANCE / INTEGRAL VIRGIN MUSIC GROUP B.V.;Singles;Or;31/05/2017;26/03/2026;8 ans 11 mois
BENAB;AU CLAIR DE LA RUE;DRACARYS MUSIC / CAPITOL / BENDO / UNIVERSAL MUSIC FRANCE;Singles;Or;12/01/2021;26/03/2026;5 ans 3 mois
BLOOD ORANGE;CHAMPAGNE COAST;UNIVERSAL MUSIC / POLYDOR / UNIVERSAL MUSIC FRANCE;Singles;Or;14/05/2021;26/03/2026;4 ans 11 mois
BRUNO MARS;I JUST MIGHT;ATLANTIC RECORDS / WEA / WARNER MUSIC FRANCE;Singles;Or;09/01/2026;26/03/2026;2 mois
COLLECTIF MÉTISSÉ;DANS LES YEUX D'EMILIE;ARCAPROD / POLYDOR / UNIVERSAL MUSIC FRANCE;Singles;Or;28/07/2023;26/03/2026;2 ans 8 mois
DJADJA & DINAZ;LA HAINE;CARRÉ MUSIC / BELIEVE;Singles;Or;17/03/2017;26/03/2026;9 ans 1 mois
DJADJA & DINAZ;FULL BLACK;CARRÉ MUSIC / BELIEVE;Singles;Or;03/03/2023;26/03/2026;3 ans 1 mois
DON TOLIVER;NO POLE;CACTUS JACK / ATLANTIC / WARNER MUSIC FRANCE;Singles;Or;28/02/2023;26/03/2026;3 ans 1 mois
GAËTAN ROUSSEL;TU ME MANQUES (POURTANT TU ES LÀ);BARCLAY / LABEL PANTHEON / UNIVERSAL MUSIC FRANCE;Singles;Or;28/09/2018;26/03/2026;7 ans 7 mois
HUGH JACKMAN;FROM NOW ON;ATLANTIC RECORDS / WEA / WARNER MUSIC FRANCE;Singles;Or;08/12/2017;26/03/2026;8 ans 5 mois
JUL;JE SUIS COMME TOI;D'OR ET DE PLATINE / BELIEVE;Singles;Or;08/02/2017;26/03/2026;9 ans 3 mois
DAN BLACK & LOUANE;ORCHESTRA;UN PLAN SIMPLE / ORCHARD;Singles;Or;13/06/2025;19/03/2026;9 mois
KPOP DEMON HUNTERS;TAKEDOWN;UNIVERSAL MUSIC / POLYDOR / UNIVERSAL MUSIC FRANCE;Singles;Or;20/06/2025;19/03/2026;9 mois
TAME IMPALA;DRACULA;COLUMBIA / SONY MUSIC ENTERTAINMENT;Singles;Or;26/09/2025;19/03/2026;5 mois
ASHVMA;FOCUS;PDS RECORDS / CAPITOL / UNIVERSAL MUSIC FRANCE / ORCHARD;Singles;Or;03/12/2025;19/03/2026;3 mois
WIXO & LA2S;GMK;QUALITY NO STRESS / WAGRAM;Singles;Or;24/12/2025;19/03/2026;2 mois
JOSMAN;PETITE BULLE;SIDELINE	/ SONY MUSIC ENTERTAINMENT;Singles;Platine;23/01/2020;19/03/2026;6 ans 2 mois
SKG;CASA DE PAPEL;JAIYE - ENJOY GOOD MUSIC / BELIEVE;Singles;Platine;30/04/2018;19/03/2026;8 ans
LUV RESVAL;CETTE FILLE;AWA / SONY MUSIC ENTERTAINMENT;Singles;Platine;04/06/2021;19/03/2026;4 ans 10 mois
ATLXS;PASSO BEM SOLTO;ATLXS / ORCHARD;Singles;Platine;23/04/2024;19/03/2026;1 an 11 mois
FRANGLISH FEAT. DINOS;LA PLUIE;LUTECE MUSIC / BELIEVE;Singles;Platine;21/02/2025;19/03/2026;1 an 1 mois
GP EXPLORER, ADÈLE CASTILLON, ZAMDANE;EN BOUCLE;MAISON BARON ROUGE / BELIEVE;Singles;Platine;02/10/2025;19/03/2026;5 mois
GENEZIO & NISKA;OG;LOSSA RECORDS / BELIEVE;Singles;Platine;27/11/2025;19/03/2026;3 mois
HOSHI;AMOUR CENSURE;JO&CO / BELIEVE;Singles;Diamant;02/12/2019;19/03/2026;6 ans 4 mois
SDM;RIHANNA;92I / CAPITOL / UNIVERSAL MUSIC FRANCE;Singles;Diamant;26/05/2021;19/03/2026;4 ans 10 mois
CLARA LUCIANI;AMOUR TOUJOURS;ROMANCE MUSIQUE / UNIVERSAL MUSIC FRANCE;Singles;Diamant;20/05/2021;19/03/2026;4 ans 10 mois
WERENOI;JAMAL;PLR MUSIC / PGP RECORDS / ALLPOINTS / BELIEVE;Singles;Diamant;03/06/2022;19/03/2026;3 ans 10 mois
JADEN BOSJEN, DAVID GUETTA, SAMI BRIELLE;LET'S GO;SPINNIN' RECORDS / WARNER MUSIC FRANCE;Singles;Diamant;05/07/2024;19/03/2026;1 an 8 mois
UZI;COEUR ABÎMÉ;ARGENTIC MUSIC / CAPITOL MUSIC FRANCE / UNIVERSAL MUSIC FRANCE;Albums;Platine;19/02/2021;19/03/2026;5 ans 1 mois
BEN MAZUÉ;PARADIS;COLUMBIA / SONY MUSIC ENTERTAINMENT;Albums;Double Platine;06/11/2020;19/03/2026;5 ans 5 mois
JULIETTE ARMANET;BRÛLER LE FEU;ROMANCE MUSIQUE / UNIVERSAL MUSIC FRANCE;Albums;Triple Platine;19/11/2021;19/03/2026;4 ans 4 mois
WERENOI;DIAMANT NOIR;PLR MUSIC / PGP RECORDS / ALLPOINTS / BELIEVE;Albums;Triple Platine;11/04/2025;19/03/2026;11 mois
DAMSO;SMEAGOL;CARTHAGE MUSIC / UNIVERSAL MUSIC FRANCE;Singles;Or;16/03/2018;12/03/2026;8 ans 1 mois
KIMBEROSE;I’M SORRY;THE FREED / SONY MUSIC ENTERTAINMENT;Singles;Or;06/10/2017;12/03/2026;8 ans 6 mois
GLK;ZEHMA;PLAY TWO / BELIEVE;Singles;Or;24/06/2021;12/03/2026;4 ans 9 mois
MORAD FEAT. NINHO;MARÍA;M.D.L.R / ORCHARD;Singles;Or;11/05/2023;12/03/2026;2 ans 10 mois
JOSMAN;CARLO;SIDELINE	/ SONY MUSIC ENTERTAINMENT;Singles;Or;28/10/2023;12/03/2026;2 ans 4 mois
CREEPY NUTS;BLING-BANG-BANG-BORN;SONY MUSIC ENTERTAINMENT;Singles;Or;07/01/2024;12/03/2026;2 ans 2 mois
SOUND OF LEGEND;MOONLIGHT SHADOW;PLAY TWO / BELIEVE;Singles;Or;11/10/2024;12/03/2026;1 an 5 mois
WERENOI;COLISÉE;PLR MUSIC / PGP RECORDS / ALLPOINTS / BELIEVE;Singles;Or;11/04/2025;12/03/2026;11 mois
TIAKOLA, GENEZIO & LANDY;CATIMINI;M3LO WORLD / ATLANTIC RECORDS / WARNER MUSIC FRANCE;Singles;Or;20/06/2025;12/03/2026;8 mois
DJADJA & DINAZ;TU SAIS;CARRÉ MUSIC / BELIEVE;Singles;Platine;18/06/2025;05/03/2026;8 mois
RK & NINHO;SALE ÉTAT;HYPER FOCAL MUSIC / FAMILY AND CO PRODUCTIONS / BELIEVE;Singles;Platine;26/09/2025;05/03/2026;5 mois
ED SHEERAN;HAPPIER;ATLANTIC RECORDS UK / WEA / WARNER MUSIC FRANCE;Singles;Diamant;03/03/2017;05/03/2026;9 ans 1 mois
ED SHEERAN FEAT. KHALID;BEAUTIFUL PEOPLE;ATLANTIC RECORDS UK / WEA / WARNER MUSIC FRANCE;Singles;Diamant;28/06/2019;05/03/2026;6 ans 9 mois
SDM;PRINCE DE LA CALLE;92I / CAPITOL / UNIVERSAL MUSIC FRANCE;Singles;Diamant;19/11/2020;05/03/2026;5 ans 4 mois
MAES & WERENOI;CORDILLÈRE;OMERTA 47 RECORDS / CAPITOL MUSIC FRANCE / UNIVERSAL MUSIC FRANCE;Singles;Diamant;18/07/2024;05/03/2026;1 an 7 mois
DAMIANO DAVID;BORN WITH A BROKEN HEART;RCA / SONY MUSIC ENTERTAINMENT;Singles;Diamant;25/10/2024;05/03/2026;1 an 4 mois
BOLÉMVN;VOL 169;MILLENIUM / CAPITOL MUSIC FRANCE / UNIVERSAL MUSIC FRANCE;Albums;Or;28/05/2020;05/03/2026;5 ans 10 mois
BIGA*RANX;EH YO !;WLAB / WAGRAM;Albums;Or;24/06/2022;05/03/2026;3 ans 9 mois
DRAKE;HONESTLY, NEVERMIND;UNIVERSAL MUSIC / POLYDOR / UNIVERSAL MUSIC FRANCE;Albums;Or;17/06/2022;05/03/2026;3 ans 9 mois
TIMAL;ULTIMATUM;ARGENTIC MUSIC / CAPITOL MUSIC FRANCE / UNIVERSAL MUSIC FRANCE;Albums;Or;06/02/2025;05/03/2026;1 an 1 mois
LES ENFOIRÉS;2026, LA BALLADE DES ENFOIRÉS;SONY MUSIC/RESTOS DU COEUR / SONY MUSIC ENTERTAINMENT;Albums;Or;27/02/2026;05/03/2026;
50 CENT;BEST OF 50 CENT;UNIVERSAL MUSIC / POLYDOR / UNIVERSAL MUSIC FRANCE;Albums;Platine;31/03/2017;05/03/2026;9 ans
NINHO & NISKA;GOAT;JEFE PRODUCTIONS / CHARO INC / WARNER MUSIC FRANCE / UNIVERSAL MUSIC FRANCE;Albums;Double Platine;25/10/2024;05/03/2026;1 an 4 mois
MABEL;MAD LOVE;UNIVERSAL MUSIC / POLYDOR / UNIVERSAL MUSIC FRANCE;Singles;Or;07/06/2019;05/03/2026;6 ans 10 mois
SCH;PAS LA PAIX;MILLENIUM / CAPITOL MUSIC FRANCE / UNIVERSAL MUSIC FRANCE;Singles;Or;05/05/2017;05/03/2026;8 ans 11 mois
XXXTENTACION;SAVE ME;EMPIRE / BIGWAX DISTRIBUTION;Singles;Or;12/04/2019;05/03/2026;6 ans 11 mois
KIM;CONFIDENCE;SECTION ZOUK / IDOL;Singles;Or;01/01/2009;28/02/2026;17 ans 4 mois
BOOBA;LA MORT LEUR VA SI BIEN;TALLAC RECORDS / CAPITOL MUSIC FRANCE / UNIVERSAL MUSIC FRANCE;Singles;Or;07/02/2014;28/02/2026;12 ans 2 mois
KANYE WEST;FOLLOW GOD;UNIVERSAL MUSIC / POLYDOR / UNIVERSAL MUSIC FRANCE;Singles;Or;25/10/2019;26/02/2026;6 ans 5 mois
MOJI X SBOY;REGARDE-MOI;WLAB / WAGRAM;Singles;Or;29/05/2019;26/02/2026;6 ans 10 mois
MOHA LA SQUALE;BENITA;ELEKTRA FRANCE / WARNER MUSIC FRANCE;Singles;Or;21/08/2020;26/02/2026;5 ans 7 mois
RILÈS;E A VERDADE;CAPITOL MUSIC FRANCE / UNIVERSAL MUSIC FRANCE;Singles;Or;30/08/2019;26/02/2026;6 ans 7 mois
GEORGIO FEAT. S.PRI NOIR;FULL MOON;PANENKA MUSIC / WAGRAM;Singles;Or;05/05/2021;26/02/2026;4 ans 10 mois
WERENOI;DEREK;AWA / SONY MUSIC ENTERTAINMENT;Singles;Or;18/06/2021;26/02/2026;4 ans 9 mois
LETO FEAT. MAES;DERRIÈRE NOS TOURS;REC.118 / WINTERFELL / WARNER MUSIC FRANCE;Singles;Or;17/09/2021;26/02/2026;4 ans 6 mois
JAZZY BAZZ FEAT. NEKFEU;ÉLÉMENT 115;3.14 PRODUCTION / IDOL;Singles;Or;20/01/2022;26/02/2026;4 ans 1 mois
VØJ & NARVENT;MEMORY REBOOT;VØJ / ORCHARD;Singles;Or;11/05/2023;26/02/2026;2 ans 10 mois
LAUFEY;FROM THE START;LAUFEY / ORCHARD;Singles;Or;11/05/2023;26/02/2026;2 ans 10 mois
DADJU & TAYC;TOUT ESSAYER ?;PLAY TWO / BELIEVE;Singles;Or;16/02/2024;26/02/2026;2 ans
DAVE FEAT. TEMS;RAINDANCE;UNIVERSAL MUSIC / POLYDOR / UNIVERSAL MUSIC FRANCE;Singles;Or;23/10/2025;19/02/2026;3 mois
NINHO;+971;REC. 118 / JEFE PRODUCTIONS / WARNER MUSIC FRANCE;Singles;Or;28/11/2025;19/02/2026;2 mois
TAYLOR SWIFT;OPALITE;UNIVERSAL MUSIC / POLYDOR / UNIVERSAL MUSIC FRANCE;Singles;Or;03/10/2025;19/02/2026;4 mois
WIZKID;JORO;STARBOY/RCA RECORDS / SONY MUSIC ENTERTAINMENT;Singles;Platine;30/09/2019;19/02/2026;6 ans 5 mois
JOSMAN;J'ALLUME;SIDELINE / SONY MUSIC ENTERTAINMENT;Singles;Platine;13/02/2020;19/02/2026;6 ans 1 mois
13 BLOCK;MOOD;ELEKTRA FRANCE / WARNER MUSIC FRANCE;Singles;Platine;06/04/2018;19/02/2026;7 ans 11 mois
CHAPPELL ROAN;PINK PONY CLUB;UNIVERSAL MUSIC / POLYDOR / UNIVERSAL MUSIC FRANCE;Singles;Platine;03/04/2020;19/02/2026;5 ans 11 mois
KALI UCHIS;TELEPATÍA;POLYDOR / UNIVERSAL MUSIC FRANCE;Singles;Platine;18/11/2020;19/02/2026;5 ans 3 mois
PINKFONG;BABY SHARK;PINKFONG / ORCHARD;Singles;Platine;13/01/2023;19/02/2026;3 ans 1 mois
CHEZILE;BEANIE;CHEZILE / 10K PROJECTS / WARNER MUSIC FRANCE;Singles;Or;02/04/2024;19/02/2026;1 an 10 mois
L2B & KLN;OVERBOOKING;O-VNEE MUSIC - 172 RECORD / CAPITOL MUSIC FRANCE / UNIVERSAL MUSIC FRANCE;Singles;Platine;20/02/2025;19/02/2026;1 an
RAYE;WHERE IS MY HUSBAND!;HUMAN RE SOURCES / ORCHARD;Singles;Platine;19/09/2025;19/02/2026;5 mois
R2;JAMAIS TOI;360 OTG / LABEL BLUE SKY / SONY MUSIC ENTERTAINMENT;Singles;Platine;23/09/2025;19/02/2026;4 mois
GP EXPLORER & ANYME023;TOUTE LA NUIT;MAISON BARON ROUGE / BELIEVE;Singles;Platine;02/10/2025;19/02/2026;4 mois
WERENOI, DAMSO & NINHO;TRIPLE V;PLR MUSIC / PGP RECORDS / ALLPOINTS / BELIEVE;Singles;Diamant;11/04/2025;19/02/2026;10 mois
FRANGLISH & KEBLACK;GÉNÉRATION IMPOLIE;LUTECE MUSIC / BELIEVE;Singles;Diamant;12/04/2025;19/02/2026;10 mois
CIGARETTES AFTER SEX;CIGARETTES AFTER SEX;PARTISAN RECORDS / INTEGRAL PIAS;Albums;Double Platine;09/06/2017;19/02/2026;8 ans 9 mois
BAD BUNNY;DEBÍ TIRAR MÁS FOTOS;RIMAS ENTERTAINMENT LLC / ORCHARD;Albums;Double Platine;05/01/2025;19/02/2026;1 an 1 mois
SHAKIRA;EL DORADO;SONY MUSIC LATIN / RCA / SONY MUSIC ENTERTAINMENT;Albums;Platine;26/05/2017;19/02/2026;8 ans 10 mois
DUB INC;SO WHAT;DIVERSITÉ / IDOL / IDOL;Albums;Platine;23/09/2016;19/02/2026;9 ans 6 mois
SOFIANE PAMART;LETTER;88 TOUCHES / DEMAIN / [PIAS];Albums;Platine;11/02/2022;19/02/2026;4 ans
BLACKPINK;BORN PINK;UNIVERSAL MUSIC / POLYDOR / UNIVERSAL MUSIC FRANCE;Albums;Platine;16/09/2022;19/02/2026;3 ans 5 mois
ALEX WARREN;YOU'LL BE ALRIGHT, KID (CHAPTER 1);ATLANTIC RECORDS / WEA / WARNER MUSIC FRANCE;Albums;Platine;27/09/2024;19/02/2026;1 an 5 mois
PNL;DANS LA LÉGENDE;QLF RECORDS / BELIEVE;Albums;Triple Diamant;16/09/2016;19/02/2026;9 ans 6 mois
ALIOCHA SCHNEIDER;ALIOCHA SCHNEIDER;TÔT OU TARD / BELIEVE;Albums;Or;29/09/2023;19/02/2026;2 ans 5 mois
ALONZO;LONGUE VIE À NOUS;ONLY PRO / SONY MUSIC ENTERTAINMENT;Albums;Or;07/02/2025;19/02/2026;1 an
CHILDISH GAMBINO;ME AND YOUR MAMA;VIRGIN RECORDS FRANCE / UNIVERSAL MUSIC FRANCE;Singles;Or;11/11/2016;12/02/2026;9 ans 4 mois
TAYLOR SWIFT;THE MAN;UNIVERSAL MUSIC / POLYDOR / UNIVERSAL MUSIC FRANCE;Singles;Or;23/08/2019;12/02/2026;6 ans 6 mois
JUL FEAT. TK;PAS DE LOVE;D'OR ET DE PLATINE / BELIEVE;Singles;Or;14/06/2019;12/02/2026;6 ans 9 mois
BTS;IDOL;BIGHIT MUSIC / HYBE / SONY MUSIC ENTERTAINMENT / ORCHARD;Singles;Or;24/08/2018;12/02/2026;7 ans 6 mois
LACRIM FEAT. VACRA;JOIE DE FILLES;PLATA O PLOMO RECORDS / SONY MUSIC ENTERTAINMENT;Singles;Diamant;14/06/2024;12/02/2026;1 an 8 mois
DISIZ;PACIFIQUE;POLYDOR / LABEL PANTHEON / UNIVERSAL MUSIC FRANCE;Albums;Platine;09/06/2017;12/02/2026;8 ans 9 mois
CHARLOTTE CARDIN;99 NIGHTS DELUXE;PARLOPHONE / WARNER MUSIC FRANCE;Albums;Platine;25/08/2023;12/02/2026;2 ans 6 mois
CLARA LUCIANI;MON SANG;ROMANCE MUSIQUE / UNIVERSAL MUSIC FRANCE;Albums;Platine;15/11/2024;12/02/2026;1 an 3 mois
DAMIANO DAVID;FUNNY LITTLE FEARS;SONY MUSIC ITALY / ARISTA RECORDS / SONY MUSIC ENTERTAINMENT;Albums;Platine;15/05/2025;12/02/2026;9 mois
ED SHEERAN;÷;EAST WEST UK / WARNER MUSIC FRANCE;Albums;Double Diamant;03/03/2017;12/02/2026;9 ans
NISKA FEAT. GUY2BEZBAR;DE BON MATIN;MILLENIUM / CAPITOL MUSIC FRANCE / UNIVERSAL MUSIC FRANCE;Singles;Platine;19/08/2021;05/02/2026;4 ans 6 mois
LUTHER;GARÇON;SUBLIME / SONY MUSIC ENTERTAINMENT;Singles;Platine;03/06/2022;05/02/2026;3 ans 8 mois
SOMBR;BACK TO FRIENDS;WARNER RECORDS / WEA / WARNER MUSIC FRANCE;Singles;Platine;27/12/2024;05/02/2026;1 an 1 mois
LA FOUINE & L2B;FLYING BLUE;PLAY TWO / BELIEVE;Singles;Platine;12/09/2025;05/02/2026;4 mois
TKS 2G FEAT. MAUREEN;PADDLE;SHEDWAVE RECORDS / ORCHARD;Singles;Platine;19/09/2025;05/02/2026;4 mois
BOSH;SOLITAIRE;ARISTA FRANCE / SONY MUSIC ENTERTAINMENT;Singles;Diamant;27/03/2020;05/02/2026;5 ans 11 mois
LUIDJI;FOUFOUNE PALACE;FOUFOUNE PALACE / WARNER MUSIC FRANCE;Singles;Diamant;02/04/2022;05/02/2026;3 ans 10 mois
RAVYN LENAE;LOVE ME NOT;ATLANTIC RECORDS / WEA / WARNER MUSIC FRANCE;Singles;Diamant;03/05/2024;05/02/2026;1 an 9 mois
RILÈS;BROTHERS;RILÈSUNDAYZ / PSCHENT ALTER K / ALTER K;Singles;Diamant;17/03/2016;05/02/2026;10 ans
SOFIANE;AFFRANCHIS;MILLENIUM / CAPITOL MUSIC FRANCE / UNIVERSAL MUSIC FRANCE;Albums;Double Platine;26/01/2018;05/02/2026;8 ans 1 mois
LINKIN PARK;FROM ZERO;WARNER RECORDS / WEA / WARNER MUSIC FRANCE;Albums;Double Platine;15/11/2024;05/02/2026;1 an 2 mois
KENDRICK LAMAR;BLACK PANTHER THE ALBUM MUSIC FROM AND INSPIRED BY;INTERSCOPE RECORDS	/ POLYDOR / UNIVERSAL MUSIC FRANCE;Albums;Platine;09/02/2018;05/02/2026;8 ans 1 mois
SZA;CTRL;TOP DAWG ENTERTAINMENT/RCA RECORDS / SONY MUSIC ENTERTAINMENT;Albums;Or;11/06/2017;05/02/2026;8 ans 9 mois
CHRIS BROWN;HEARTBREAK ON A FULL MOON;RCA RECORDS LABEL / SONY MUSIC ENTERTAINMENT;Albums;Or;03/11/2017;05/02/2026;8 ans 4 mois
ORELSAN;CIVILISATION;7TH MAGNITUDE / STRONG NINJA / RCA / SONY MUSIC ENTERTAINMENT;Albums;Double Diamant;19/11/2021;05/02/2026;4 ans 3 mois
THEODORA;MEGA BBL;BOSS LADY RECORDS / VIRGIN RECORDS FRANCE / UNIVERSAL MUSIC FRANCE;Albums;Triple Platine;01/11/2024;05/02/2026;1 an 3 mois
JUL FEAT. DJENA DELLA;QU'EST CE QUE JE T'AI FAIT ?;D'OR ET DE PLATINE / BELIEVE;Singles;Or;07/12/2018;05/02/2026;7 ans 3 mois
ORELSAN;DISCIPLINE;7TH MAGNITUDE / STRONG NINJA / RCA / SONY MUSIC ENTERTAINMENT;Singles;Or;16/11/2018;05/02/2026;7 ans 3 mois
CELESTE;STRANGE;UNIVERSAL MUSIC / POLYDOR / UNIVERSAL MUSIC FRANCE;Singles;Or;29/01/2021;05/02/2026;5 ans 1 mois
EDDY DE PRETTO & YSEULT;KISS;VIRGIN RECORDS FRANCE / UNIVERSAL MUSIC FRANCE;Singles;Or;01/09/2021;05/02/2026;4 ans 5 mois
WERENOI;ORDINATEUR;PLR MUSIC / PGP RECORDS / ALLPOINTS / BELIEVE;Singles;Or;28/10/2022;05/02/2026;3 ans 3 mois
LANDY FEAT. LETO & RSKO;CHAQUE JOUR;109 RECORD / MORNING GLORY MUSIC / BELIEVE;Singles;Or;24/02/2023;05/02/2026;2 ans 11 mois
WERENOI;ROLLS ROYCE;PLR MUSIC / PGP RECORDS / ALLPOINTS / BELIEVE;Singles;Or;22/09/2023;05/02/2026;2 ans 4 mois
DRAKE FEAT. SEXYY RED & SZA;RICH BABY DADDY;UNIVERSAL MUSIC / POLYDOR / UNIVERSAL MUSIC FRANCE;Singles;Or;06/10/2023;05/02/2026;2 ans 4 mois
THE WEEKND FEAT. ANITTA;SÃO PAULO;UNIVERSAL MUSIC / POLYDOR / UNIVERSAL MUSIC FRANCE;Singles;Platine;25/09/2024;29/01/2026;1 an 4 mois
KATSEYE;GABRIELA;UNIVERSAL MUSIC / POLYDOR / UNIVERSAL MUSIC FRANCE;Singles;Platine;20/06/2025;29/01/2026;7 mois
J BALVIN & WILLY WILLIAM;MI GENTE;SCORPIO MUSIC / BELIEVE;Singles;Diamant;28/07/2017;29/01/2026;8 ans 7 mois
VIANNEY & ED SHEERAN;CALL ON ME;TÔT OU TARD / BELIEVE;Singles;Diamant;07/10/2022;29/01/2026;3 ans 4 mois
RAYE FEAT. 070 SHAKE;ESCAPISM.;HUMAN RE SOURCES / ORCHARD;Singles;Diamant;12/10/2022;29/01/2026;3 ans 4 mois
NIRO FEAT. ELGRANDETOTO;QUI SAIT ?;AMBITION MUSIC / SONY MUSIC ENTERTAINMENT;Singles;Diamant;10/02/2023;29/01/2026;3 ans
DAMSO & SARAH SEY;PA PA PAW;TRENTE-QUATRE CENTIMES;Singles;Diamant;30/05/2025;29/01/2026;8 mois
LADY GAGA;ABRACADABRA;UNIVERSAL MUSIC / POLYDOR / UNIVERSAL MUSIC FRANCE;Singles;Diamant;03/02/2025;29/01/2026;1 an
TAYLOR SWIFT;THE FATE OF OPHELIA;UNIVERSAL MUSIC / POLYDOR / UNIVERSAL MUSIC FRANCE;Singles;Diamant;03/02/2025;29/01/2026;1 an
MOJI X SBOY;MA GO;WLAB / WAGRAM;Singles;Diamant;18/12/2019;29/01/2026;6 ans 2 mois
TIAKOLA FEAT. RSKO & HAMZA;1H55;M3LO WORLD / ATLANTIC RECORDS / WARNER MUSIC FRANCE;Singles;Diamant;20/09/2024;29/01/2026;1 an 4 mois
NONO LA GRINTA;LOVE YOU;MPR RECORDS / WARNER MUSIC FRANCE;Singles;Diamant;08/10/2025;29/01/2026;3 mois
JUL;LA ZONE  EN PERSONNE;D'OR ET DE PLATINE / BELIEVE;Albums;Diamant;07/12/2018;29/01/2026;7 ans 3 mois
JUL;TP SUR TP;D'OR ET DE PLATINE / BELIEVE;Albums;Double Platine;05/12/2025;29/01/2026;1 mois
LAYLOW;L'ÉTRANGE HISTOIRE DE MR.ANDERSON;DIGITAL MUNDO / SONY MUSIC ENTERTAINMENT;Albums;Triple Platine;16/07/2021;29/01/2026;4 ans 7 mois
MULTI-INTERPRÈTES;THE GREATEST SHOWMAN;ATLANTIC RECORDS / WEA / WARNER MUSIC FRANCE;Albums;Platine;08/12/2017;29/01/2026;8 ans 3 mois
AMIR;C AMIR;PARLOPHONE / WARNER MUSIC FRANCE;Albums;Or;13/09/2024;29/01/2026;1 an 4 mois
ED SHEERAN;PLAY;ATLANTIC RECORDS UK / WEA / WARNER MUSIC FRANCE;Albums;Or;12/09/2025;29/01/2026;4 mois
KEMMLER;ÇA ME GÊNE;ISLAND DEF JAM / UNIVERSAL MUSIC FRANCE;Singles;Or;08/11/2019;22/01/2026;6 ans 3 mois
ADAM NAAS;FADING AWAY;VIRGIN RECORDS FRANCE / UNIVERSAL MUSIC FRANCE;Singles;Or;24/06/2016;22/01/2026;9 ans 8 mois
BIGFLO & OLI;SALOPE !;AURA MUSIC / VIRGIN RECORDS / UNIVERSAL MUSIC FRANCE;Singles;Or;23/06/2017;22/01/2026;8 ans 8 mois
AMINÉ;REEL IT IN;UNIVERSAL MUSIC / POLYDOR / UNIVERSAL MUSIC FRANCE;Singles;Or;15/08/2018;22/01/2026;7 ans 6 mois
REIK;ME NIEGO (VERSIÓN POP);RCA RECORDS LABEL / SONY MUSIC ENTERTAINMENT;Singles;Or;16/02/2018;22/01/2026;8 ans
MADAME MONSIEUR & JÉRÉMY FREROT;COMME UN VOLEUR;PLAY TWO / BELIEVE;Singles;Or;30/08/2019;22/01/2026;6 ans 5 mois
TRAVIS SCOTT;SKELETONS;CACTUS JACK / EPIC / SONY MUSIC ENTERTAINMENT;Singles;Or;05/08/2018;22/01/2026;7 ans 6 mois
NAHIR FEAT. IMEN ES;LE CHOIX;AWA / SONY MUSIC ENTERTAINMENT;Singles;Or;19/03/2021;22/01/2026;4 ans 11 mois
LYNA MAHYEM;ENA W YEK;NOUVELLE ECOLE / WARNER MUSIC FRANCE;Singles;Or;10/12/2021;22/01/2026;4 ans 2 mois
SHAY FEAT. GAZO;A L'ENVERS;BECAUSE MUSIC;Singles;Or;19/01/2024;22/01/2026;2 ans
GIMS;VENT DU NORD;PLAY TWO / BELIEVE;Singles;Or;06/09/2024;22/01/2026;1 an 4 mois
LA FOUINE & L2B;SELEÇÃO;PLAY TWO / BELIEVE;Singles;Or;22/11/2024;22/01/2026;1 an 2 mois
S.PRI NOIR FEAT. ALONZO;MAMAN DORT;MI6 / ALLPOINTS / BELIEVE;Singles;Platine;17/04/2020;15/01/2026;5 ans 9 mois
TAYC;LE MIEL;PLAY TWO / BELIEVE;Singles;Platine;04/12/2020;15/01/2026;5 ans 2 mois
LACRIM FEAT. WERENOI;SENOR DE LOS GALLOS;PLATA O PLOMO RECORDS / CAPITOL MUSIC FRANCE / UNIVERSAL MUSIC FRANCE;Singles;Platine;08/12/2021;15/01/2026;4 ans 1 mois
PIERRE DE MAERE;ENFANT DE;CINQ 7 / WAGRAM;Singles;Platine;06/01/2023;15/01/2026;3 ans
ROSALÍA;LLYLM;COLUMBIA / SONY MUSIC ENTERTAINMENT;Singles;Platine;27/01/2023;15/01/2026;3 ans
FREEZE CORLEONE;JOUR DE PLUS;MMS CORP / JEUNE À JAMAIS;Singles;Platine;11/09/2023;15/01/2026;2 ans 4 mois
CARDI B FEAT. MEGAN THEE STALLION;WAP;ATLANTIC/KSR / WARNER MUSIC FRANCE;Singles;Diamant;07/08/2020;15/01/2026;5 ans 6 mois
ROBIN SCHULZ FEAT. KIDDO;ALL WE GOT;WM GERMANY / WARNER MUSIC FRANCE;Singles;Diamant;16/10/2020;15/01/2026;5 ans 3 mois
NAHIR FEAT. VACRA;PIRANHA;AWA / SONY MUSIC ENTERTAINMENT;Singles;Diamant;26/05/2023;15/01/2026;2 ans 8 mois
UZI;GARS DU ZOO;RPB MUSIC / BELIEVE;Singles;Diamant;01/03/2024;15/01/2026;1 an 10 mois
GENEZIO & LA MANO 1.9;EL GEMANO;PLAY TWO / BELIEVE;Singles;Diamant;31/07/2024;15/01/2026;1 an 5 mois
ED SHEERAN;AZIZAM;ATLANTIC RECORDS UK / WEA / WARNER MUSIC FRANCE;Singles;Diamant;04/04/2025;15/01/2026;9 mois
NIAKS;MANDAT DE DÉPÔT;BYLKA PROD / ADA FRANCE / WARNER MUSIC FRANCE;Albums;Platine;29/09/2023;15/01/2026;2 ans 3 mois
ISHA & LIMSA D'AULNAY;BITUME CAVIAR, VOL.1;PAPA SHANGO / LOGIQUE RECORDS / DEMAIN / DEMAIN / INTEGRAL VIRGIN MUSIC GROUP B.V.;Albums;Or;01/12/2023;15/01/2026;2 ans 1 mois
BEN MAZUÉ;FAMILLE;TOKYTA / SONY MUSIC ENTERTAINMENT;Albums;Or;28/02/2025;15/01/2026;10 mois
JUL;JE FAIS LE SOURD;D'OR ET DE PLATINE / BELIEVE;Singles;Platine;02/12/2016;08/01/2026;9 ans 2 mois
DTF;COSMONAUTE;DTF / MUSICAST;Singles;Platine;18/03/2016;08/01/2026;9 ans 11 mois
KENDRICK LAMAR;PRIDE.;UNIVERSAL MUSIC / POLYDOR / UNIVERSAL MUSIC FRANCE;Singles;Platine;14/04/2017;08/01/2026;8 ans 10 mois
FRANCIS MERCIER & MAGIC SYSTEM;PREMIER GAOU (NITEFREAK REMIX);SPINNIN' DEEP / WEA / WARNER MUSIC FRANCE;Singles;Platine;27/10/2017;08/01/2026;8 ans 3 mois
COLDPLAY;HIGHER POWER;PARLOPHONE / WEA / WARNER MUSIC FRANCE;Singles;Platine;07/05/2021;08/01/2026;4 ans 8 mois
NAPS FEAT. SOFIANE & KALIF HARDCORE;CHICHA KALOUD;OK MANY INDUSTRIE / 13EME ART / BELIEVE;Singles;Platine;08/10/2021;08/01/2026;4 ans 3 mois
METRO BOOMIN FEAT. FUTURE & DON TOLIVER;TOO MANY NIGHTS;UNIVERSAL MUSIC / POLYDOR / UNIVERSAL MUSIC FRANCE;Singles;Platine;02/12/2022;08/01/2026;3 ans 1 mois
HOSHI;PUIS T'AS DANSÉ AVEC MOI;JO&CO / BELIEVE;Singles;Platine;01/09/2023;08/01/2026;2 ans 4 mois
MÅNESKIN;VALENTINE;EPIC / RCA GROUP / SONY MUSIC ENTERTAINMENT;Singles;Platine;10/11/2023;08/01/2026;2 ans 2 mois
BOUSS;RELATION LIBRE;LE GRAND CARRÉ / LEVEL UP MUSIC / BELIEVE;Singles;Platine;01/05/2024;08/01/2026;1 an 8 mois
BAD BUNNY;BAILE INOLVIDABLE;RIMAS ENTERTAINMENT LLC / ORCHARD;Singles;Platine;05/01/2025;08/01/2026;1 an
WERENOI FEAT. SDM & VACRA;JALOUSE;PLR MUSIC / PGP RECORDS / ALLPOINTS / BELIEVE;Singles;Platine;11/04/2025;08/01/2026;9 mois
KAARIS;BOYZ N THE HOOD;VIRGIN MUSIC FRANCE / UNIVERSAL MUSIC FRANCE;Singles;Diamant;11/11/2016;08/01/2026;9 ans 3 mois
JORJA SMITH;BLUE LIGHTS;FAMM LIMITED / BECAUSE;Singles;Diamant;08/06/2018;08/01/2026;7 ans 8 mois
WEJDENE;JE T’AIME DE OUF;VIRGIN MUSIC FRANCE / UNIVERSAL MUSIC FRANCE;Singles;Diamant;25/09/2020;08/01/2026;5 ans 4 mois
SOOLKING FEAT. NINHO;C'EST FORT;LAOBAN INTERNATIONAL / PANDOR / CAPITOL MUSIC FRANCE / UNIVERSAL MUSIC FRANCE;Singles;Or;25/06/2025;08/01/2026;6 mois
BELLO&DALLAS;LE P'TIT;GABOS ENTERTAINMENT / LA TRIADE / REC. 118 / WARNER / WARNER MUSIC FRANCE;Singles;Or;25/07/2025;08/01/2026;5 mois
BLACKBEAR;HOT GIRL BUMMER;ALAMO / SONY MUSIC ENTERTAINMENT;Singles;Platine;21/08/2019;08/01/2026;6 ans 5 mois
KALASH CRIMINEL;SALE SONORITÉ;CAPITOL MUSIC FRANCE / UNIVERSAL MUSIC FRANCE;Singles;Platine;23/09/2016;08/01/2026;9 ans 5 mois
NINHO;MAMA NO CRY;REC. 118 / MAL LUNE MUSIC	/ WARNER MUSIC FRANCE;Singles;Platine;30/03/2018;08/01/2026;7 ans 10 mois
ORELSAN;PERDU D'AVANCE;7TH MAGNITUDE / STRONG NINJA / RCA / SONY MUSIC ENTERTAINMENT;Albums;Double Platine;16/02/2009;01/01/2026;17 ans 1 mois
YL;LARLAR 3 (COPENHAGUE);BLUE HILLS / VIRGIN MUSIC FRANCE / UNIVERSAL MUSIC FRANCE;Singles;Or;05/03/2020;01/01/2026;5 ans 10 mois
ALONZO;J’ÉCRIS;ISLAND DEF JAM / UNIVERSAL MUSIC FRANCE;Singles;Or;28/04/2017;01/01/2026;8 ans 9 mois
VENDREDI SUR MER;ÉCOUTE CHÉRIE;PROFIL DE FACE / SONY MUSIC ENTERTAINMENT;Singles;Or;03/10/2018;01/01/2026;7 ans 4 mois
LARRY;BLOCK;COLUMBIA / SONY MUSIC ENTERTAINMENT;Singles;Or;20/12/2019;01/01/2026;6 ans 1 mois
MOHA LA SQUALE;MIDI MINUIT;ELEKTRA FRANCE / WARNER MUSIC FRANCE;Singles;Or;05/01/2018;01/01/2026;8 ans 1 mois
LETO FEAT. RIM’K;TU DÉCONNES;REC. 118 / WARNER MUSIC FRANCE;Singles;Or;28/06/2019;01/01/2026;6 ans 7 mois
CHILY FEAT. HAMZA;CHILY SAUCE;ARISTA FRANCE / COLUMBIA / SONY MUSIC ENTERTAINMENT;Singles;Or;07/02/2020;01/01/2026;5 ans 11 mois
LIL PEEP;STAR SHOPPING;DEATH NOTE MUSIC, LLC / ORCHARD;Singles;Or;29/06/2018;01/01/2026;7 ans 7 mois
GUY2BEZBAR;BUSINESS;BLUE MAGIC CORP / SONY MUSIC ENTERTAINMENT;Singles;Or;30/03/2021;01/01/2026;4 ans 9 mois
HOME FREE;SEA SHANTY MEDLEY;HOME FREE / ORCHARD;Singles;Or;19/03/2021;01/01/2026;4 ans 10 mois
GRADUR FEAT. HAMZA;MON BB;GRAND SHEGUEY PRODUCTION SERVI / CAPITOL MUSIC FRANCE / UNIVERSAL MUSIC FRANCE;Singles;Or;15/06/2023;01/01/2026;2 ans 7 mois
MAES;AKATSUKI;OMERTA 47 RECORDS / CAPITOL MUSIC FRANCE / UNIVERSAL MUSIC FRANCE;Singles;Or;02/11/2023;01/01/2026;2 ans 2 mois
DADJU & TAYC;APPRENDS-MOI !;PLAY TWO / BELIEVE;Singles;Or;16/02/2024;01/01/2026;1 an 10 mois
CALVIN HARRIS FEAT. CLEMENTINE DOUGLAS;BLESSINGS;COLUMBIA / SONY MUSIC ENTERTAINMENT;Singles;Or;08/05/2025;01/01/2026;7 mois
L2B, IDS & SDM;DAVID DOUILLET;O-VNEE MUSIC - 172 RECORD / CAPITOL MUSIC FRANCE / UNIVERSAL MUSIC FRANCE;Singles;Or;12/06/2025;01/01/2026;6 mois
BAMBY FEAT. KERCHAK;PAS JALOUSE;CARTHAGE MUSIC / UNIVERSAL MUSIC FRANCE;Singles;Or;22/05/2025;01/01/2026;7 mois
NONO LA GRINTA;TERRAIN;MPR RECORDS / WARNER MUSIC FRANCE;Singles;Or;09/07/2025;01/01/2026;5 mois
ALEX WARREN;ETERNITY;ATLANTIC RECORDS / WEA / WARNER MUSIC FRANCE;Singles;Or;18/07/2025;01/01/2026;5 mois
NAZA & GAZO;CONNECTÉS;CAPRICAROLESQUE INDUSTRY/BELIEVE;Singles;Or;18/07/2025;01/01/2026;5 mois
THE WEEKND;PARTY MONSTER;UNIVERSAL MUSIC / POLYDOR / UNIVERSAL MUSIC FRANCE;Singles;Platine;18/11/2016;01/01/2026;9 ans 3 mois
J BALVIN & BAD BUNNY;LA CANCIÓN;UNIVERSAL MUSIC / POLYDOR / UNIVERSAL MUSIC FRANCE;Singles;Platine;28/06/2019;01/01/2026;6 ans 7 mois
GAZO & HAMZA;DRILL FR 5;BSB PROD / SONY MUSIC ENTERTAINMENT;Singles;Platine;02/01/2020;01/01/2026;6 ans 1 mois
WERENOI;VULGAIRE;PGP RECORDS / BELIEVE;Singles;Platine;03/06/2022;01/01/2026;3 ans 7 mois
DERMOT KENNEDY;POWER OVER ME;UNIVERSAL MUSIC / POLYDOR / UNIVERSAL MUSIC FRANCE;Singles;Diamant;16/10/2018;01/01/2026;7 ans 3 mois
LYNDA;SI TU M'AIMES;POLYDOR / LABEL PANTHEON / UNIVERSAL MUSIC FRANCE;Singles;Diamant;12/12/2019;25/12/2025;6 ans 1 mois
LOMEPAL FEAT. ORELSAN;LA VÉRITÉ;PINÉALE / IDOL / INTEGRAL PIAS;Singles;Diamant;07/12/2018;25/12/2025;7 ans 1 mois
SOPRANO FEAT. VINCENZO;LE COACH;REC. 118 / WARNER MUSIC FRANCE;Singles;Diamant;09/11/2018;25/12/2025;7 ans 2 mois
MHD FEAT. TIAKOLA;POLOLO;CAPITOL MUSIC FRANCE / UNIVERSAL MUSIC FRANCE;Singles;Diamant;14/07/2021;25/12/2025;4 ans 6 mois
KIM FEAT. GAZO;LOVE & LOVÉ;HORION / BELIEVE;Singles;Diamant;10/12/2021;25/12/2025;4 ans 1 mois
TRAVIS SCOTT FEAT. PLAYBOI CARTI;FE!N;CACTUS JACK / EPIC / SONY MUSIC ENTERTAINMENT;Singles;Diamant;28/07/2023;25/12/2025;2 ans 5 mois
WERENOI;PONEY;PLR MUSIC / PGP RECORDS / ALLPOINTS / BELIEVE;Singles;Diamant;11/04/2025;25/12/2025;8 mois
BEE GEES;TIMELESS - THE ALL-TIME GREATEST HITS;UNIVERSAL MUSIC / POLYDOR / UNIVERSAL MUSIC FRANCE;Albums;Platine;21/04/2017;25/12/2025;8 ans 9 mois
FLORENT PAGNY;GRANDEUR NATURE;CUADRADA PRODUCTIONS / CAPITOL MUSIC FRANCE / UNIVERSAL MUSIC FRANCE;Albums;Platine;12/09/2025;25/12/2025;3 mois
AYA NAKAMURA;JOURNAL INTIME;REC. 118 / WARNER MUSIC FRANCE;Albums;Double Platine;25/08/2017;25/12/2025;8 ans 5 mois
BTS;LOVE YOURSELF : ‘HER’;INTERSCOPE RECORDS	/ POLYDOR / UNIVERSAL MUSIC FRANCE;Albums;Or;26/10/2018;25/12/2025;7 ans 3 mois
ZED;SOIXVNT3;LDS PRODUCTION / BELIEVE;Albums;Or;28/10/2022;25/12/2025;3 ans 2 mois
RENAUD;PUTAIN DE BEST OF!;PARLOPHONE / WARNER MUSIC FRANCE;Albums;Or;28/05/2021;25/12/2025;4 ans 7 mois
M. POKORA;ADRÉNALINE;COLUMBIA / SONY MUSIC ENTERTAINMENT;Albums;Or;21/03/2025;25/12/2025;9 mois
FEU! CHATTERTON;LABYRINTHE;UNIVERSO EM FOGO / VIRGIN MUSIC FRANCE / UNIVERSAL MUSIC FRANCE;Albums;Or;12/09/2025;25/12/2025;3 mois
ROSALÍA;LUX;COLUMBIA / SONY MUSIC ENTERTAINMENT;Albums;Or;06/11/2025;25/12/2025;1 mois
AYA NAKAMURA;BRISÉ;REC. 118 / WARNER MUSIC FRANCE;Singles;Platine;25/08/2017;18/12/2025;8 ans 5 mois
SO LA LUNE;RODÉ;PLAY TWO / BELIEVE;Singles;Platine;11/06/2021;18/12/2025;4 ans 7 mois
SCH FEAT. DAMSO;02:00;MAISON BARON ROUGE / WARNER MUSIC FRANCE;Singles;Platine;06/12/2024;18/12/2025;1 an
LANDY;A-ONE;109 RECORD / ALLPOINTS / BELIEVE;Albums;Double Platine;13/11/2020;18/12/2025;5 ans 2 mois
GUY2BEZBAR;MAISON BLANCHE;BLUE MAGIC CORP / SONY MUSIC ENTERTAINMENT;Albums;Or;19/07/2024;18/12/2025;1 an 5 mois
ORELSAN;LA FUITE EN AVANT;7TH MAGNITUDE / STRONG NINJA / RCA / SONY MUSIC ENTERTAINMENT;Albums;Platine;06/11/2025;18/12/2025;1 mois
NAPS;POLO KENZO;ALLPOINTS / BELIEVE;Singles;Or;28/06/2019;18/12/2025;6 ans 6 mois
TATE MCRAE;THAT WAY;RCA / SONY MUSIC ENTERTAINMENT;Singles;Or;24/01/2020;18/12/2025;5 ans 11 mois
HÖS COPPERFIELD FEAT. LETO;APRÈS LA PLUIE;TTR / ALLPOINTS / BELIEVE;Singles;Or;28/09/2020;18/12/2025;5 ans 3 mois
NIAKS;HAYLA;BYLKA PROD / ADA FRANCE / WARNER MUSIC FRANCE;Singles;Or;27/05/2022;18/12/2025;3 ans 7 mois
ADÉ;SUNSET;TÔT OU TARD / BELIEVE;Singles;Or;24/08/2022;18/12/2025;3 ans 4 mois
TIAKOLA;SANS NOUVELLE;WATI-B / SONY MUSIC ENTERTAINMENT;Singles;Or;27/09/2022;18/12/2025;3 ans 3 mois
STAR ACADEMY;NE PARTEZ PAS SANS MOI;COLUMBIA / SONY MUSIC ENTERTAINMENT;Singles;Or;22/10/2022;18/12/2025;3 ans 2 mois
JOSMAN;LES FLAMMES;SIDELINE / SONY MUSIC ENTERTAINMENT;Singles;Or;28/10/2023;18/12/2025;2 ans 2 mois
GIGI PEREZ;SAILOR SONG;UNIVERSAL MUSIC / POLYDOR / UNIVERSAL MUSIC FRANCE;Singles;Platine;24/09/2024;11/12/2025;1 an 2 mois
THEODORA;ILS ME RIENT TOUS AU NEZ;BOSS LADY RECORDS / VIRGIN MUSIC FRANCE / UNIVERSAL MUSIC FRANCE;Singles;Platine;01/11/2024;11/12/2025;1 an 1 mois
GIMS & DAMSO;TU ME RENDS BÊTE;PLAY TWO / BELIEVE;Singles;Platine;15/08/2025;11/12/2025;3 mois
BRULUX;BENZEMA;INDEPENDANT / BELIEVE;Singles;Diamant;28/12/2017;11/12/2025;8 ans
PNL;COMME PAS DEUX;QLF RECORDS / MUSICAST / BELIEVE;Singles;Diamant;05/07/2019;11/12/2025;6 ans 6 mois
LA ZARRA;TU T’EN IRAS;CAPITOL MUSIC FRANCE / UNIVERSAL MUSIC FRANCE;Singles;Diamant;11/06/2021;11/12/2025;4 ans 6 mois
GAZO & TIAKOLA;CARTIER;BSB PROD / M3LO WORLD / WATI B / SONY MUSIC ENTERTAINMENT;Singles;Diamant;01/12/2023;11/12/2025;2 ans
KENDRICK LAMAR;NOT LIKE US;UNIVERSAL MUSIC / POLYDOR / UNIVERSAL MUSIC FRANCE;Singles;Diamant;04/05/2024;11/12/2025;1 an 7 mois
GIMS & DADJU;TERMINAL 2F;PLAY TWO / BELIEVE;Singles;Diamant;16/08/2024;11/12/2025;1 an 4 mois
GRACIE ABRAMS;THAT’S SO TRUE;UNIVERSAL MUSIC / POLYDOR / UNIVERSAL MUSIC FRANCE;Singles;Diamant;18/10/2024;11/12/2025;1 an 1 mois
BAD BUNNY;NUEVAYOL;RIMAS ENTERTAINMENT LLC / ORCHARD;Singles;Diamant;05/01/2025;11/12/2025;11 mois
AVICII;TIM;UNIVERSAL MUSIC / POLYDOR / UNIVERSAL MUSIC FRANCE;Albums;Or;06/06/2019;11/12/2025;6 ans 7 mois
SASSO;ENFANT2LARUE VOL.1;WLAB2 / WAGRAM;Albums;Or;18/12/2020;11/12/2025;5 ans
CALVIN HARRIS;96 MONTHS;COLUMBIA / RCA / SONY MUSIC ENTERTAINMENT;Albums;Or;08/08/2024;11/12/2025;1 an 4 mois
AYA NAKAMURA;DESTINÉE;NAKAMURA INDUSTRIE / WARNER MUSIC FRANCE;Albums;Or;21/11/2025;11/12/2025;
INDOCHINE;CENTRAL TOUR;RCA GROUP / SONY MUSIC ENTERTAINMENT;Albums;Double Platine;13/01/2023;11/12/2025;2 ans 11 mois
OLIVIA RODRIGO;GUTS;INTERSCOPE RECORDS	/ POLYDOR / UNIVERSAL MUSIC FRANCE;Albums;Platine;08/09/2023;11/12/2025;2 ans 3 mois
HAMZA;MANIA;JUST WOKE UP / BELIEVE;Albums;Platine;20/06/2025;11/12/2025;5 mois
PIERRE GARNIER;CHAQUE SECONDE;COLUMBIA / SONY MUSIC ENTERTAINMENT;Albums;Triple Platine;07/06/2024;11/12/2025;1 an 6 mois
VALD;SEUM;MILLENIUM / CAPITOL MUSIC FRANCE / UNIVERSAL MUSIC FRANCE;Singles;Or;02/02/2018;04/12/2025;7 ans 11 mois
LIL BABY;FREESTYLE;VIRGIN MUSIC FRANCE / UNIVERSAL MUSIC FRANCE;Singles;Or;01/12/2017;04/12/2025;8 ans 1 mois
1PLIKÉ140;EST-CE QUE T’ASSUMES ?;MILLENIUM / CAPITOL MUSIC FRANCE / UNIVERSAL MUSIC FRANCE;Singles;Or;11/12/2020;04/12/2025;5 ans
FRANGLISH;PEUR D'AIMER;CAPITOL MUSIC FRANCE / UNIVERSAL MUSIC FRANCE;Singles;Or;09/07/2021;04/12/2025;4 ans 5 mois
AMAARAE FEAT. MOLIY;SAD GIRLZ LUV MONEY;UNIVERSAL MUSIC / POLYDOR / UNIVERSAL MUSIC FRANCE;Singles;Or;18/11/2021;04/12/2025;4 ans 1 mois
CAMILLE TIMMERMAN;LA FAMILLE MADRIGAL;WALT DISNEY RECORDS/POLYDOR/UNIVERSAL MUSIC FRANCE;Singles;Or;19/11/2021;04/12/2025;4 ans 1 mois
BIGA*RANX FEAT. ATILI;7 DAYS;WLAB / WAGRAM;Singles;Or;24/06/2022;04/12/2025;3 ans 5 mois
GAZO FEAT. SKREAD;GRA GRA BOOM;BSB PROD / SONY MUSIC ENTERTAINMENT;Singles;Or;01/07/2022;04/12/2025;3 ans 5 mois
DAVID GUETTA & BENNY BENASSI;SATISFACTION;SPINNIN' RECORDS / WARNER MUSIC FRANCE;Singles;Or;12/08/2022;04/12/2025;3 ans 4 mois
HAMZA;TSUNAMI;JUST WOKE UP / ADA FRANCE	/WARNER MUSIC FRANCE;Singles;Or;17/02/2023;04/12/2025;2 ans 10 mois
WERENOI;INTRO ROLEX;PLR MUSIC / PGP RECORDS / ALLPOINTS / BELIEVE;Singles;Or;10/03/2023;04/12/2025;2 ans 9 mois
MICHEL BERGER;VIVRE;WARNER MUSIC FRANCE;Singles;Or;07/10/2022;27/11/2025;3 ans 2 mois
LIL PEEP FEAT. RAINY BEAR;NUTS;DEATH NOTE MUSIC, LLC / ORCHARD;Singles;Or;17/12/2021;27/11/2025;4 ans
NIRO;PAPA FAIT LE PITRE;AMBITION MUSIC / SONY MUSIC ENTERTAINMENT;Singles;Or;15/12/2022;27/11/2025;2 ans 11 mois
LYNDA;LE COEUR OU LA RAISON;BMG / WARNER MUSIC FRANCE;Singles;Or;28/04/2023;27/11/2025;2 ans 7 mois
GAMBI & NLE CHOPPA;BONJOUR;REC. 118 / WARNER MUSIC FRANCE;Singles;Or;18/08/2023;27/11/2025;2 ans 3 mois
DALÍ;CARCAN DE CUIR;ZABETH / WARNER MUSIC FRANCE;Singles;Or;27/10/2023;27/11/2025;2 ans 1 mois
BEKAR FEAT. BLANDINE;IL EXISTE UN ENDROIT;PANENKA MUSIC / WAGRAM;Singles;Or;14/03/2024;27/11/2025;1 an 8 mois
L.E.J;SUMMER 2016;ULM / LABEL PANTHEON / UNIVERSAL MUSIC FRANCE;Singles;Or;05/08/2016;27/11/2025;9 ans 5 mois
TAYLOR SWIFT;I CAN DO IT WITH A BROKEN HEART;UNIVERSAL MUSIC / POLYDOR / UNIVERSAL MUSIC FRANCE;Singles;Or;19/04/2024;27/11/2025;1 an 7 mois
IMAGINE DRAGONS;TAKE ME TO THE BEACH;UNIVERSAL MUSIC / POLYDOR / UNIVERSAL MUSIC FRANCE;Singles;Or;28/06/2024;27/11/2025;1 an 5 mois
INDOCHINE;LA BELLE ET LA BÊTE;RCA / SONY MUSIC ENTERTAINMENT;Singles;Or;07/09/2024;27/11/2025;1 an 2 mois
TIAKOLA;PSYCHOLOGIQUE;M3LO WORLD / ATLANTIC RECORDS / WARNER MUSIC FRANCE;Singles;Or;20/09/2024;27/11/2025;1 an 2 mois
CHRYSTAL;THE DAYS;UNIVERSAL MUSIC / POLYDOR / UNIVERSAL MUSIC FRANCE;Singles;Or;01/10/2024;27/11/2025;1 an 2 mois
LETO;SENTIMENTS BILLETS DE 100;REC.118 / WINTERFELL / WARNER MUSIC FRANCE;Singles;Or;13/12/2024;27/11/2025;11 mois
VITAA & JULIEN DORÉ;VIENS ON ESSAIE;INDIFFÉRENCE PROD / PLAY TWO / SONY MUSIC ENTERTAINMENT;Singles;Or;03/07/2025;27/11/2025;4 mois
BIGFLO & OLI FEAT. JEAN DUJARDIN;POUR UN POTE;AURA MUSIC / VIRGIN RECORDS / UNIVERSAL MUSIC FRANCE;Singles;Platine;07/10/2016;27/11/2025;9 ans 3 mois
CAMILLE LELLOUCHE;N'INSISTE PAS;BELEM / WAGRAM;Singles;Platine;07/03/2021;27/11/2025;4 ans 9 mois
THE WALTERS;I LOVE YOU SO;WARNER RECORDS / WEA / WARNER MUSIC FRANCE;Singles;Platine;21/10/2021;27/11/2025;4 ans 1 mois
LA FÈVE;NO HOOK;WALONE / ADA FRANCE / WARNER MUSIC FRANCE;Singles;Platine;17/12/2021;27/11/2025;4 ans
LINKIN PARK;HEAVY IS THE CROWN;WARNER RECORDS / WEA / WARNER MUSIC FRANCE;Singles;Platine;24/09/2024;27/11/2025;1 an 2 mois
TIAKOLA FEAT. RNBOI & MONSIEUR NOV;RESTE-LÀ;M3LO WORLD / ATLANTIC RECORDS / WARNER MUSIC FRANCE;Singles;Platine;12/09/2024;27/11/2025;1 an 2 mois
RILÈS;PESETAS;RILÈSUNDAYZ / PSCHENT ALTER K / ALTER K;Singles;Platine;29/05/2017;27/11/2025;8 ans 7 mois
GAZO FEAT. LA RVFLEUZE;KAT;BSB PROD / SONY MUSIC ENTERTAINMENT;Singles;Platine;11/07/2025;27/11/2025;4 mois
BILLIE EILISH;I LOVE YOU;UNIVERSAL MUSIC / POLYDOR / UNIVERSAL MUSIC FRANCE;Singles;Diamant;29/03/2019;27/11/2025;6 ans 9 mois
TIAKOLA;POUSSE TOI;BOOSKA-P / IDOL;Singles;Diamant;27/05/2021;27/11/2025;4 ans 6 mois
JOSEPH KAMEL;CELUI QUI PART;DUCHESS PUBLISHING / SONY MUSIC ENTERTAINMENT;Singles;Diamant;09/06/2023;27/11/2025;2 ans 6 mois
JOSMAN;AILLEURS;SIDELINE	/ SONY MUSIC ENTERTAINMENT;Singles;Diamant;28/10/2023;27/11/2025;2 ans 1 mois
PLK;IL PLEUT À PARIS;PANENKA MUSIC / WAGRAM;Singles;Diamant;19/01/2024;27/11/2025;1 an 10 mois
JUL;UN JOUR, JE L'AURAI;D'OR ET DE PLATINE / BELIEVE;Singles;Diamant;15/11/2024;27/11/2025;1 an
SOOLKING & GIMS;CARRÉ OK;LAOBAN INTERNATIONAL / PANDOR / CAPITOL MUSIC FRANCE / UNIVERSAL MUSIC FRANCE;Singles;Diamant;12/12/2024;27/11/2025;11 mois
THEODORA FEAT. JUL;ZOU BISOU;BOSS LADY RECORDS / VIRGIN MUSIC FRANCE / UNIVERSAL MUSIC FRANCE;Singles;Diamant;30/05/2025;18/11/2025;5 mois
STÉPHANE LEGAR;VIDA LOCA;PARLOPHONE / WARNER MUSIC FRANCE;Singles;Or;14/02/2020;13/11/2025;5 ans 9 mois
BOOBA;PANAME;TALLAC RECORDS / CAPITOL MUSIC FRANCE / UNIVERSAL MUSIC FRANCE;Singles;Or;11/03/2017;13/11/2025;8 ans 9 mois
OLIVIA RODRIGO;"ALL I WANT (FROM ""HIGH SCHOOL MUSICAL: THE MUSICAL: THE SERIES"")";WALT DISNEY RECORDS/POLYDOR/UNIVERSAL MUSIC FRANCE;Singles;Or;27/11/2019;13/11/2025;6 ans
JÉRÉMY FREROT;REVOIR;6&7	/ BELIEVE;Singles;Or;09/11/2018;13/11/2025;7 ans 1 mois
ORELSAN FEAT. YBN CORDAE;TOUT CE QUE JE SAIS;7TH MAGNITUDE / STRONG NINJA / SONY MUSIC ENTERTAINMENT;Singles;Or;16/11/2018;13/11/2025;7 ans 1 mois
S-CREW;ENCORE;PANENKA MUSIC / WAGRAM;Singles;Or;10/06/2022;13/11/2025;3 ans 5 mois
L2B;LA ZONE;O-VNEE MUSIC - 172 RECORD / CAPITOL MUSIC FRANCE / UNIVERSAL MUSIC FRANCE;Singles;Or;12/05/2023;13/11/2025;2 ans 6 mois
WAXX & POMME;LAISSEZ-MOI DANSER;TÔT OU TARD / BELIEVE;Singles;Or;23/06/2023;13/11/2025;2 ans 5 mois
DJ MIKE ONE FEAT. VEGEDREAM & T-MATT;BUBBLE UP !;ARGENTIC MUSIC / CAPITOL MUSIC FRANCE / UNIVERSAL MUSIC FRANCE;Singles;Or;22/06/2023;13/11/2025;2 ans 5 mois
CHASE ATLANTIC;FRIENDS;BMG / WARNER MUSIC FRANCE;Singles;Or;06/10/2023;13/11/2025;2 ans 1 mois
RVSSIAN FEAT. RAUW ALEJANDRO & AYRA STARR;SANTA;SONY MUSIC LATIN / SONY MUSIC ENTERTAINMENT;Singles;Or;03/04/2024;13/11/2025;1 an 7 mois
VEN1;BOUGIE;NOUVO MONDE / WARNER MUSIC FRANCE;Singles;Or;07/06/2024;13/11/2025;1 an 5 mois
BAD BUNNY;EOO;RIMAS ENTERTAINMENT LLC / ORCHARD;Singles;Or;05/01/2025;13/11/2025;10 mois
LINH;J'AVOUE;JO&CO / BLACK STAR MUSIC / BELIEVE;Singles;Or;28/03/2025;13/11/2025;7 mois
MAES;NWR;MILLENIUM / CAPITOL MUSIC FRANCE / UNIVERSAL MUSIC FRANCE;Singles;Platine;25/04/2019;13/11/2025;6 ans 7 mois
SCH;HAUT STANDING;REC. 118 / WARNER MUSIC FRANCE;Singles;Platine;05/07/2019;13/11/2025;6 ans 5 mois
LOMEPAL;MONTFERMEIL;PINÉALE / IDOL;Singles;Platine;25/10/2019;13/11/2025;6 ans 1 mois
DJADJA & DINAZ;J'Y PENSE;CARRÉ MUSIC / MUSICAST;Singles;Platine;06/05/2016;13/11/2025;9 ans 7 mois
LETO;17 %;REC.118 / WINTERFELL / WARNER MUSIC FRANCE;Singles;Platine;17/09/2021;13/11/2025;4 ans 2 mois
IMAGINE DRAGONS;CHILDREN OF THE SKY (A STARFIELD SONG);INTERSCOPE RECORDS	/ POLYDOR / UNIVERSAL MUSIC FRANCE;Singles;Platine;30/08/2023;13/11/2025;2 ans 2 mois
SABRINA CARPENTER;PLEASE PLEASE PLEASE;UNIVERSAL MUSIC / POLYDOR / UNIVERSAL MUSIC FRANCE;Singles;Platine;07/06/2024;13/11/2025;1 an 5 mois
BAD BUNNY;MONACO;RIMAS ENTERTAINMENT LLC / ORCHARD;Singles;Platine;13/10/2023;13/11/2025;2 ans 1 mois
SOOLKING & L2B;TOUR DU MONDE;LAOBAN INTERNATIONAL / PANDOR / CAPITOL MUSIC FRANCE / UNIVERSAL MUSIC FRANCE;Singles;Platine;24/07/2025;13/11/2025;3 mois
TYLER, THE CREATOR FEAT. KALI UCHIS;SEE YOU AGAIN;COLUMBIA / SONY MUSIC ENTERTAINMENT;Singles;Diamant;21/07/2017;13/11/2025;8 ans 5 mois
GESAFFELSTEIN & THE WEEKND;LOST IN THE FIRE;COLUMBIA / SONY MUSIC ENTERTAINMENT;Singles;Diamant;11/01/2019;13/11/2025;6 ans 11 mois
PNL;KUTA UBUD;QLF RECORDS / MUSICAST / BELIEVE;Singles;Diamant;03/04/2019;13/11/2025;6 ans 8 mois
NEKFEU;RÉALITÉ AUGMENTÉE;SEINE ZOO / CARTHAGE MUSIC / UNIVERSAL MUSIC FRANCE;Singles;Diamant;02/12/2016;13/11/2025;9 ans
KAZA;DANS TES YEUX;ELEKTRA FRANCE / WARNER MUSIC FRANCE;Singles;Diamant;06/03/2020;13/11/2025;5 ans 9 mois
KOBA LAD FEAT. NINHO;ENCORE;MILLENIUM / CAPITOL MUSIC FRANCE / UNIVERSAL MUSIC FRANCE;Singles;Diamant;22/10/2020;13/11/2025;5 ans 1 mois
TIAKOLA FEAT. SDM;RORO;WATI-B / SONY MUSIC ENTERTAINMENT;Singles;Diamant;27/05/2022;06/11/2025;3 ans 5 mois
KPOP DEMON HUNTERS CAST;KPOP DEMON HUNTERS;UNIVERSAL MUSIC / POLYDOR / UNIVERSAL MUSIC FRANCE;Albums;Platine;20/06/2025;06/11/2025;4 mois
TAYLOR SWIFT;THE LIFE OF A SHOWGIRL;UNIVERSAL MUSIC / POLYDOR / UNIVERSAL MUSIC FRANCE;Albums;Platine;03/10/2025;06/11/2025;1 mois
NIRO;M8RE;AMBITION MUSIC / CAPITOL MUSIC FRANCE / UNIVERSAL MUSIC FRANCE;Albums;Or;21/07/2017;06/11/2025;8 ans 5 mois
TIËSTO;DRIVE;ATLANTIC RECORDS / WEA / WARNER MUSIC FRANCE;Albums;Or;21/04/2023;06/11/2025;2 ans 7 mois
RILÈS;SURVIVAL MODE;RILÈSUNDAYZ / PSCHENT ALTER K / ALTER K;Albums;Or;10/01/2025;06/11/2025;10 mois
FRANGLISH;AURA;LUTECE MUSIC / BELIEVE;Albums;Or;11/04/2025;06/11/2025;6 mois
LOUANE;TIENS MON BEST OF;ISLAND DEF JAM / UNIVERSAL MUSIC FRANCE;Albums;Or;08/05/2025;06/11/2025;6 mois
VEN1;NICHEN;NOUVO MONDE / WARNER MUSIC FRANCE;Albums;Or;30/05/2025;06/11/2025;5 mois
AYA NAKAMURA;AYA;REC. 118 / WARNER MUSIC FRANCE;Albums;Triple Platine;13/11/2020;06/11/2025;5 ans
JUL;JE TRAÎNE SEUL;D'OR ET DE PLATINE / BELIEVE;Singles;Or;02/02/2018;30/10/2025;7 ans 10 mois
DUBDOGZ AND BHASKAR;INFINITY (DUBDOGZ & BHASKAR EDIT);SPINNIN' RECORDS / WARNER MUSIC FRANCE;Singles;Or;31/01/2020;30/10/2025;5 ans 9 mois
METRO BOOMIN & TRAVIS SCOTT;OVERDUE;UNIVERSAL MUSIC / POLYDOR / UNIVERSAL MUSIC FRANCE;Singles;Or;02/11/2018;30/10/2025;7 ans 1 mois
ZKR;FREESTYLE 5MIN #10;ALL ROAD PROD / MORNING GLORY MUSIC / BELIEVE;Singles;Or;25/11/2020;30/10/2025;5 ans
FALLY IPUPA FEAT. NINHO;LIKOLO;ELEKTRA FRANCE / WARNER MUSIC FRANCE;Singles;Or;27/11/2020;30/10/2025;4 ans 11 mois
TAYC;MIEUX;PLAY TWO / BELIEVE;Singles;Or;04/12/2020;30/10/2025;4 ans 11 mois
MINELLI;RAMPAMPAM;WM POLAND / WMI / WARNER MUSIC FRANCE;Singles;Or;05/03/2021;30/10/2025;4 ans 8 mois
MENTISSA;LE BRUIT DU SILENCE;TÔT OU TARD / BELIEVE;Singles;Or;18/11/2022;30/10/2025;2 ans 11 mois
THXSOMCH;SPIT IN MY FACE!;ELEKTRA FRANCE / WARNER MUSIC FRANCE;Singles;Or;20/12/2022;30/10/2025;2 ans 10 mois
LUV RESVAL;AZNVR (UNE MINUTE DE MUSIQUE);AWA / SONY MUSIC ENTERTAINMENT;Singles;Or;05/01/2023;30/10/2025;2 ans 10 mois
CHARLOTTE CARDIN;CONFETTI;ATLANTIC RECORDS /  WARNER MUSIC FRANCE;Singles;Or;11/04/2023;30/10/2025;2 ans 7 mois
KALASH;DOLIPRANE;PLAY TWO / BELIEVE;Singles;Or;10/06/2023;30/10/2025;2 ans 5 mois
OFENBACH & SALEM ILESE;FEELINGS DON'T LIE;WEA / WARNER MUSIC FRANCE;Singles;Or;15/05/2024;30/10/2025;1 an 5 mois
JORDAN ADETUNJI;KEHLANI;300 ENTERTAINMENT / WEA / WARNER MUSIC FRANCE;Singles;Or;18/05/2024;30/10/2025;1 an 5 mois
TATE MCRAE;IT'S OK I'M OK;RCA RECORDS LABEL / SONY MUSIC ENTERTAINMENT;Singles;Or;11/09/2024;30/10/2025;1 an 1 mois
VALD;PROZACZOPIXAN;ECHELON RECORDS / SONY MUSIC ENTERTAINMENT;Singles;Or;27/03/2025;30/10/2025;7 mois
VALD, VLADIMIR CAUCHEMAR & TODIEFOR;REGULATION RELOADED;HALL ACCESS / ECHELON RECORDS / SONY MUSIC ENTERTAINMENT;Singles;Or;27/03/2025;30/10/2025;7 mois
WERENOI, NO LIMIT, DYSTINCT;BOSS;NO LIMIT PROD / SONY MUSIC ENTERTAINMENT;Singles;Or;11/04/2025;30/10/2025;6 mois
WERENOI;DISPENSE;PLR MUSIC / PGP RECORDS / ALLPOINTS / BELIEVE;Singles;Or;11/04/2025;30/10/2025;6 mois
HMZ FEAT. WERENOI;SAISON;VERDANSK / BELIEVE;Singles;Or;16/05/2025;30/10/2025;5 mois
WERENOI;FIRST;PLR MUSIC / PGP RECORDS / ALLPOINTS / BELIEVE;Singles;Or;11/04/2025;23/10/2025;6 mois
TATE MCRAE;JUST KEEP WATCHING;ATLANTIC RECORDS / WEA / WARNER MUSIC FRANCE;Singles;Or;30/05/2025;23/10/2025;4 mois
ED SHEERAN;SAPPHIRE;ATLANTIC RECORDS UK / WEA / WARNER MUSIC FRANCE;Singles;Or;05/06/2025;23/10/2025;4 mois
MARINE;COEUR MALADROIT;COLUMBIA / SONY MUSIC ENTERTAINMENT;Singles;Or;23/05/2025;23/10/2025;5 mois
KULTURR & LETO;BUSY;ELEKTRA FRANCE / WARNER MUSIC FRANCE;Singles;Or;06/06/2025;23/10/2025;4 mois
FANTOMEL & KATE LINN;DAME UN GRRR;UNIVERSAL MUSIC / POLYDOR / UNIVERSAL MUSIC FRANCE;Singles;Or;20/06/2025;23/10/2025;4 mois
KPOP DEMON HUNTERS CAST;SODA POP;UNIVERSAL MUSIC / POLYDOR / UNIVERSAL MUSIC FRANCE;Singles;Or;20/06/2025;23/10/2025;4 mois
J BALVIN;AZUL;UNIVERSAL MUSIC / POLYDOR / UNIVERSAL MUSIC FRANCE;Singles;Platine;19/03/2020;23/10/2025;5 ans 8 mois
AYA NAKAMURA FEAT. SDM;DADDY;REC. 118 / WARNER MUSIC FRANCE;Singles;Platine;27/01/2023;23/10/2025;2 ans 9 mois
VIANNEY & MIKA;KEEP IT SIMPLE;TÔT OU TARD / BELIEVE;Singles;Platine;20/01/2023;23/10/2025;2 ans 9 mois
DAMIANO DAVID;NEXT SUMMER;SONY MUSIC ITALY / ARISTA RECORDS / SONY MUSIC ENTERTAINMENT;Singles;Platine;28/02/2025;23/10/2025;7 mois
TRINIX & MARIANA FROES;VAITIMBORA;TRINIX MUSIC / WEA FRANCE / WARNER MUSIC FRANCE;Singles;Platine;09/04/2025;23/10/2025;6 mois
BEN MAZUÉ;QUAND JE MARCHE;COLUMBIA / SONY MUSIC ENTERTAINMENT;Singles;Diamant;18/09/2020;23/10/2025;5 ans 2 mois
FAOUZIA FEAT. JOHN LEGEND;MINEFIELDS;ATLANTIC RECORDS / WEA / WARNER MUSIC FRANCE;Singles;Diamant;05/11/2020;23/10/2025;5 ans
JEY BROWNIE & FLEM KGB;GTB;ATT MUSIC PRODUCTIONS / BELIEVE;Singles;Diamant;15/12/2022;23/10/2025;2 ans 10 mois
BOOBA;SAGA;TALLAC RECORDS / CAPITOL MUSIC FRANCE / UNIVERSAL MUSIC FRANCE;Singles;Diamant;08/02/2024;23/10/2025;1 an 8 mois
LYNA MAHYEM;FEMME FORTE;BMG RIGHTS MANAGEMENT / UNIVERSAL MUSIC FRANCE;Albums;Or;23/10/2020;23/10/2025;5 ans
KEBLACK;FOCUS MENTALITÉ;MOTEMA RECORDS / BELIEVE;Albums;Double Platine;22/11/2024;16/10/2025;10 mois
VITAA;CHARLOTTE;INDIFFÉRENCE PROD / PLAY TWO / SONY MUSIC ENTERTAINMENT;Albums;Platine;06/10/2023;16/10/2025;2 ans
PNL;RYUK;QLF RECORDS / MUSICAST / BELIEVE;Singles;Diamant;05/07/2019;16/10/2025;6 ans 4 mois
HATIK;MA P'TITE ÉTOILE;PLAY TWO / BELIEVE;Singles;Diamant;12/03/2021;16/10/2025;4 ans 7 mois
ADEN FOYER;THE BALLET GIRL;COLUMBIA / SONY MUSIC ENTERTAINMENT;Singles;Diamant;21/10/2022;16/10/2025;3 ans
GIMS;APPELLE TA COPINE;PLAY TWO / BELIEVE;Singles;Diamant;23/05/2025;16/10/2025;4 mois
TRIANGLE DES BERMUDES;CHARGER;YPDP / PK INTERACTIVE;Singles;Diamant;14/02/2025;16/10/2025;8 mois
KAARIS;GOULAG;VIRGIN MUSIC FRANCE / UNIVERSAL MUSIC FRANCE;Singles;Platine;02/07/2020;16/10/2025;5 ans 4 mois
JUSTIN BIEBER;YUMMY;UNIVERSAL MUSIC / POLYDOR / UNIVERSAL MUSIC FRANCE;Singles;Platine;03/01/2020;16/10/2025;5 ans 10 mois
VALD;GRIS;MILLENIUM / CAPITOL MUSIC FRANCE / UNIVERSAL MUSIC FRANCE;Singles;Platine;02/02/2018;16/10/2025;7 ans 9 mois
VEGEDREAM;MA GO SURE;ISLAND DEF JAM / UNIVERSAL MUSIC FRANCE;Singles;Platine;30/11/2018;16/10/2025;6 ans 11 mois
S1MBA FEAT. DTG;ROVER;PARLOPHONE UK / WARNER MUSIC FRANCE;Singles;Platine;15/11/2019;16/10/2025;6 ans
NINHO;CHACUN SON TOUR;REC. 118 / MAL LUNE MUSIC	/ WARNER MUSIC FRANCE;Singles;Platine;30/03/2018;16/10/2025;7 ans 7 mois
RK;ROCKSTAR;3.5.7 MUSIC / CAPITOL MUSIC FRANCE / UNIVERSAL MUSIC FRANCE;Singles;Platine;05/04/2019;09/10/2025;6 ans 7 mois
MAES;SWITCH UP;LDS PRODUCTION / BELIEVE;Singles;Platine;02/03/2018;09/10/2025;7 ans 8 mois
IZÏA;MON CŒUR;NAÏVE / BELIEVE;Singles;Platine;25/03/2022;09/10/2025;3 ans 7 mois
LEWIS CAPALDI;WISH YOU THE BEST;UNIVERSAL MUSIC / POLYDOR / UNIVERSAL MUSIC FRANCE;Singles;Platine;14/04/2023;09/10/2025;2 ans 6 mois
DAVID GUETTA & SIA;BEAUTIFUL PEOPLE;ATLANTIC RECORDS UK / WARNER MUSIC FRANCE;Singles;Platine;07/03/2025;09/10/2025;7 mois
AYA NAKAMURA & JOÉ DWÈT FILÉ;BADDIES;NAKAMURA INDUSTRIE / WARNER MUSIC FRANCE;Singles;Platine;15/05/2025;09/10/2025;4 mois
CHEU-B, GHOST KILLER TRACK & SDM;CATALINA;MGR & BIG SKY ENTERTAINMENT / ATLANTIC FRANCE / WARNER MUSIC FRANCE;Singles;Platine;04/07/2025;09/10/2025;3 mois
LORENZO;CARTON ROUGE;MFC / ROMANCE MUSIQUE / UNIVERSAL MUSIC FRANCE;Singles;Or;12/01/2018;09/10/2025;7 ans 10 mois
PLK;3 EN 1;PANENKA MUSIC / WAGRAM;Singles;Or;28/08/2020;09/10/2025;5 ans 2 mois
47TER;CHAQUE SOIR;LABEL ENTRECÔTE/SONY MUSIC ENTERTAINMENT;Singles;Or;25/10/2019;09/10/2025;6 ans
JUL;HALLELUJAH;D'OR ET DE PLATINE / BELIEVE;Singles;Or;07/12/2018;09/10/2025;6 ans 11 mois
DAVID BOWIE;MODERN LOVE (2018 REMASTER);PARLOPHONE / CATALOGUE MARKETING CLASSIQUE / WARNER MUSIC FRANCE;Singles;Or;12/10/2018;09/10/2025;7 ans 1 mois
BAD BUNNY & TAINY;CALLAITA;RIMAS ENTERTAINMENT LLC / ORCHARD;Singles;Or;06/05/2022;09/10/2025;3 ans 5 mois
JAYEL;MA JOLIE;CONSTELLATION MUSIC / SONY MUSIC ENTERTAINMENT;Singles;Or;03/06/2022;09/10/2025;3 ans 4 mois
TSEW THE KID;CIGARETTE;MORA MORA / WAGRAM;Singles;Or;30/09/2018;09/10/2025;7 ans 1 mois
ANA MENA;MADRID CITY;SONY MUSIC ENTERTAINMENT;Singles;Or;29/09/2023;09/10/2025;2 ans
VITAA;UN DIMANCHE AVEC TOI;INDIFFÉRENCE PROD / PLAY TWO / SONY MUSIC ENTERTAINMENT;Singles;Or;06/10/2023;09/10/2025;2 ans
NONO LA GRINTA FEAT. LA MANO 1.9;LA QUOI ?;WARNER MUSIC FRANCE;Singles;Or;25/12/2023;09/10/2025;1 an 9 mois
BL3SS, CAMRINWATSIN & BBYCLOSE;KISSES;ATLANTIC RECORDS UK / WARNER MUSIC FRANCE;Singles;Or;22/03/2024;09/10/2025;1 an 6 mois
BOUSS;MA FAMILLE D'ABORD;LE GRAND CARRÉ / LEVEL UP MUSIC / BELIEVE;Singles;Or;01/05/2024;09/10/2025;1 an 5 mois
ZERB, THE CHAINSMOKERS & INK;ADDICTED;DISRUPTOR RECORDS/COLUMBIA / SONY MUSIC ENTERTAINMENT;Singles;Or;02/05/2024;09/10/2025;1 an 5 mois
MAES;SEVRAN B;OMERTA 47 RECORDS / CAPITOL MUSIC FRANCE / UNIVERSAL MUSIC FRANCE;Singles;Or;18/07/2024;09/10/2025;1 an 2 mois
SCH;DEUX MILLE;MAISON BARON ROUGE / WARNER MUSIC FRANCE;Singles;Or;06/12/2024;09/10/2025;10 mois
TATE MCRAE;SPORTS CAR;RCA RECORDS LABEL / SONY MUSIC ENTERTAINMENT;Singles;Or;24/01/2025;09/10/2025;8 mois
MIGOS;CULTURE II;POLYDOR / UNIVERSAL MUSIC FRANCE;Albums;Platine;26/01/2018;02/10/2025;7 ans 9 mois
GAËL FAYE;LUNDI MÉCHANT;EXCUSE MY FRENCH / ALLPOINTS / BELIEVE;Albums;Platine;06/11/2020;02/10/2025;4 ans 11 mois
MAES;PURE;MILLENIUM / CAPITOL MUSIC FRANCE / UNIVERSAL MUSIC FRANCE;Albums;Triple Platine;30/11/2018;02/10/2025;6 ans 11 mois
MARWA LOUD;LOUD;UNIVERSAL MUSIC / POLYDOR / UNIVERSAL MUSIC FRANCE;Albums;Triple Platine;09/03/2018;02/10/2025;7 ans 8 mois
POST MALONE;BETTER NOW;UNIVERSAL MUSIC / POLYDOR / UNIVERSAL MUSIC FRANCE;Singles;Diamant;27/04/2018;02/10/2025;7 ans 6 mois
KEEN'V;OUTÉTÉ;PARLOPHONE / WARNER MUSIC FRANCE;Singles;Or;02/05/2022;02/10/2025;3 ans 5 mois
CHAPPELL ROAN;GOOD LUCK, BABE!;UNIVERSAL MUSIC / POLYDOR / UNIVERSAL MUSIC FRANCE;Singles;Diamant;05/04/2024;25/09/2025;1 an 5 mois
GIMS & JUL;AIR FORCE BLANCHE;PLAY TWO / BELIEVE;Singles;Diamant;20/06/2025;25/09/2025;3 mois
CIGARETTES AFTER SEX;K.;PARTISAN RECORDS / INTEGRAL PIAS;Singles;Platine;15/11/2016;25/09/2025;8 ans 11 mois
MAES;TMAX 530;LDS PRODUCTION / BELIEVE;Singles;Platine;02/03/2018;25/09/2025;7 ans 8 mois
BIGFLO & OLI;DERNIÈRE;AURA MUSIC / VIRGIN RECORDS / UNIVERSAL MUSIC FRANCE;Singles;Platine;23/06/2022;25/09/2025;3 ans 3 mois
MENACE SANTANA;GUAPMAN;FAKE DREAM MUSIC / WARNER MUSIC FRANCE;Singles;Platine;15/07/2022;25/09/2025;3 ans 2 mois
JUNG KOOK FEAT. LATTO;SEVEN;UNIVERSAL MUSIC / POLYDOR / UNIVERSAL MUSIC FRANCE;Singles;Platine;14/07/2023;25/09/2025;2 ans 2 mois
THE WEEKND;DANCING IN THE FLAMES;UNIVERSAL MUSIC / POLYDOR / UNIVERSAL MUSIC FRANCE;Singles;Platine;13/09/2024;25/09/2025;1 an
ANYME023 & SHAYDEE’S;SHAMBALLA;ANYMCORP;Singles;Platine;21/03/2025;25/09/2025;6 mois
FUTURE;SOLO;EPIC/FREEBANDZ/A1 / SONY MUSIC ENTERTAINMENT;Singles;Or;24/02/2017;25/09/2025;8 ans 8 mois
KEKRA;NUMÉRO 9;VRL / BELIEVE;Singles;Or;02/04/2021;25/09/2025;4 ans 6 mois
TAYLOR SWIFT;LOVE STORY (TAYLOR'S VERSION);UNIVERSAL MUSIC / POLYDOR / UNIVERSAL MUSIC FRANCE;Singles;Or;12/02/2021;25/09/2025;4 ans 8 mois
JUL;TOI ET MOI;D'OR ET DE PLATINE / BELIEVE;Singles;Or;25/04/2025;25/09/2025;5 mois
GAZO;KMT;BSB PROD / SONY MUSIC ENTERTAINMENT;Albums;Diamant;01/07/2022;18/09/2025;3 ans 3 mois
STILL FRESH;COEUR NOIR;ARISTA FRANCE / LEGACY / SONY MUSIC ENTERTAINMENT;Albums;Platine;29/09/2017;18/09/2025;8 ans 1 mois
ED SHEERAN;+-= ÷X (TOUR COLLECTION);ATLANTIC RECORDS UK / WEA / WARNER MUSIC FRANCE;Albums;Platine;27/09/2024;18/09/2025;11 mois
VALD;PANDEMONIUM;ECHELON RECORDS / SONY MUSIC ENTERTAINMENT;Albums;Platine;27/03/2025;18/09/2025;5 mois
POP SMOKE;FAITH;UNIVERSAL MUSIC / POLYDOR / UNIVERSAL MUSIC FRANCE;Albums;Or;16/07/2021;18/09/2025;4 ans 2 mois
BEENDO Z;L'ÉLU;GUETTE MUSIC / ADA FRANCE / WARNER MUSIC FRANCE;Albums;Or;17/06/2022;18/09/2025;3 ans 3 mois
STRAY KIDS;KARMA;VIRGIN MUSIC FRANCE / UNIVERSAL MUSIC FRANCE;Albums;Or;22/08/2025;18/09/2025;
EMINEM FEAT. JUICE WRLD;GODZILLA;INTERSCOPE RECORDS	/ POLYDOR / UNIVERSAL MUSIC FRANCE;Singles;Diamant;17/01/2020;18/09/2025;5 ans 9 mois
SCH;COMME SI;MILLENIUM / CAPITOL MUSIC FRANCE / UNIVERSAL MUSIC FRANCE;Singles;Diamant;07/04/2017;18/09/2025;8 ans 6 mois
NINHO FEAT. HÖS;DITA;REC. 118 / MAL LUNE MUSIC	/ WARNER MUSIC FRANCE;Singles;Diamant;08/09/2017;18/09/2025;8 ans 1 mois
LINKIN PARK;THE EMPTINESS MACHINE;WARNER RECORDS / WEA / WARNER MUSIC FRANCE;Singles;Diamant;05/09/2024;18/09/2025;1 an
KENDRICK LAMAR FEAT. ZACARI;LOVE.;UNIVERSAL MUSIC / POLYDOR / UNIVERSAL MUSIC FRANCE;Singles;Platine;14/04/2017;18/09/2025;8 ans 6 mois
RAMMSTEIN;DEUTSCHLAND;UNIVERSAL MUSIC / POLYDOR / UNIVERSAL MUSIC FRANCE;Singles;Platine;28/03/2019;18/09/2025;6 ans 6 mois
GUNNA;FUKUMEAN;300 ENTERTAINMENT / WEA / WARNER MUSIC FRANCE;Singles;Platine;16/06/2023;18/09/2025;2 ans 3 mois
GIMS & KEBLACK;TOUCHÉ;PLAY TWO / BELIEVE;Singles;Platine;11/04/2025;18/09/2025;5 mois
BOOBA FEAT. SDM & SNIGHT B;DOLCE CAMARA (SNIGHT B REMIX);TALLAC RECORDS / CAPITOL MUSIC FRANCE / UNIVERSAL MUSIC FRANCE;Singles;Platine;25/04/2024;18/09/2025;1 an 5 mois
JUL;ETAT D'ÂME;D'OR ET DE PLATINE / BELIEVE;Singles;Or;13/05/2016;18/09/2025;9 ans 5 mois
L2B;TOUT POUR L’EQUIPE;O-VNEE MUSIC - 172 RECORD / CAPITOL MUSIC FRANCE / UNIVERSAL MUSIC FRANCE;Singles;Platine;09/04/2025;11/09/2025;5 mois
THE NEIGHBOURHOOD;YOU GET ME SO HIGH;COLUMBIA / SONY MUSIC ENTERTAINMENT;Singles;Or;22/09/2017;11/09/2025;8 ans 1 mois
DA UZI;PLUS BELLE LA VIE;REC. 118 / WARNER MUSIC FRANCE;Singles;Or;13/12/2019;11/09/2025;5 ans 9 mois
DAMSO;SOMBRE;CARTHAGE MUSIC / UNIVERSAL MUSIC FRANCE;Singles;Or;08/07/2016;11/09/2025;9 ans 3 mois
HUGO TSR;LES VIEUX DE MON ÂGE;DEMAIN / INTEGRAL PIAS;Singles;Or;22/09/2017;11/09/2025;8 ans 1 mois
ZOLA;KINSHASA;AWA / SONY MUSIC ENTERTAINMENT;Singles;Or;05/04/2019;11/09/2025;6 ans 6 mois
KANYE WEST;VIOLENT CRIMES;UNIVERSAL MUSIC / POLYDOR / UNIVERSAL MUSIC FRANCE;Singles;Or;01/06/2018;11/09/2025;7 ans 4 mois
JOHANNE GARNEAU;JE SUIS VAIANA (LE CHANT DES ANCÊTRES);WALT DISNEY RECORDS/POLYDOR/UNIVERSAL MUSIC FRANCE;Singles;Or;25/11/2016;11/09/2025;8 ans 11 mois
THE BLAZE;SHE;ANIMAL 63 / BELIEVE;Singles;Or;07/09/2018;11/09/2025;7 ans 1 mois
SCH;TEMPÊTE;MAISON BARON ROUGE / REC. 118 / WARNER MUSIC FRANCE;Singles;Or;19/03/2021;11/09/2025;4 ans 6 mois
MARSHMELLO & JONAS BROTHERS;LEAVE BEFORE YOU LOVE ME;UNIVERSAL MUSIC / POLYDOR / UNIVERSAL MUSIC FRANCE;Singles;Or;21/05/2021;11/09/2025;4 ans 4 mois
MONTELL FISH;FALL IN LOVE WITH YOU.;VIRGIN MUSIC FRANCE / UNIVERSAL MUSIC FRANCE;Singles;Or;09/05/2022;11/09/2025;3 ans 4 mois
SUKI WATERHOUSE;GOOD LOOKING;SUB POP RECORDS / WARNER / WARNER MUSIC FRANCE;Singles;Or;10/05/2022;11/09/2025;3 ans 4 mois
LOMEPAL;50°;PINÉALE / IDOL;Singles;Or;16/09/2022;11/09/2025;3 ans
THE MARÍAS;NO ONE NOTICED;NICE LIFE / ATLANTIC / WARNER MUSIC FRANCE;Singles;Or;31/05/2024;11/09/2025;1 an 3 mois
TYLER, THE CREATOR FEAT. LOLA;YOUNG	LIKE HIM;COLUMBIA / SONY MUSIC ENTERTAINMENT;Singles;Or;25/10/2024;11/09/2025;10 mois
BLACKPINK;JUMP;YG ENTERTAINMENT / ORCHARD;Singles;Or;11/07/2025;11/09/2025;2 mois
THE ARCHITECT FEAT. L'ENTOURLOOP & SKARRA MUCCI;DREADER THAN DREAD;FACE B / PSCHENT ALTER K / ALTER K;Singles;Or;17/06/2013;11/09/2025;12 ans 4 mois
RSKO FEAT. SDM;MUCHO CUIR;ELEKTRA FRANCE / WARNER MUSIC FRANCE;Singles;Or;03/11/2023;04/09/2025;1 an 10 mois
CHRISTOPHE MAÉ & CEUZANY;PAYS DES MERVEILLES;PARLOPHONE / WARNER MUSIC FRANCE;Singles;Or;24/11/2022;04/09/2025;2 ans 9 mois
M. POKORA;SI ON DISAIT;TF1 MUSIQUE, UN LABEL DE MUZEEK ONE / SONY MUSIC ENTERTAINMENT;Singles;Or;26/09/2020;04/09/2025;5 ans
GAMBI FEAT. HAMZA;TENTATION;REC. 118 / WARNER MUSIC FRANCE;Singles;Or;23/08/2024;04/09/2025;1 an
EVA;ALIBI;AYVI PRODUCTION / CARTHAGE MUSIC / UNIVERSAL MUSIC FRANCE;Singles;Platine;14/06/2019;04/09/2025;6 ans 3 mois
DJADJA & DINAZ;CARRÉ D'AS;ALLPOINTS / BELIEVE;Singles;Platine;22/03/2019;04/09/2025;6 ans 6 mois
K2S;DOUGIE;PLAY TWO / BELIEVE;Singles;Platine;28/06/2024;04/09/2025;1 an 2 mois
TAYLOR SWIFT FEAT. POST MALONE;FORTNIGHT;UNIVERSAL MUSIC / POLYDOR / UNIVERSAL MUSIC FRANCE;Singles;Platine;19/04/2024;04/09/2025;1 an 4 mois
BLACKPINK;KILL THIS LOVE;UNIVERSAL MUSIC / POLYDOR / UNIVERSAL MUSIC FRANCE;Singles;Platine;04/04/2019;04/09/2025;6 ans 6 mois
MGMT;LITTLE DARK AGE;COLUMBIA / SONY MUSIC ENTERTAINMENT;Singles;Platine;17/10/2017;04/09/2025;7 ans 11 mois
FLORA CASH;YOU'RE SOMEBODY ELSE;BEE & EL/RCA RECORDS / SONY MUSIC ENTERTAINMENT;Singles;Platine;19/06/2018;04/09/2025;7 ans 3 mois
AN’OM & VAYN;ASTRONAUTE;LE LABO	/ PSCHENT ALTER K;Singles;Diamant;22/06/2018;04/09/2025;7 ans 3 mois
PNL;BANG;QLF RECORDS / MUSICAST / BELIEVE;Singles;Platine;05/07/2019;28/08/2025;6 ans 2 mois
ORELSAN;LA LUMIÈRE;3EME BUREAU / WAGRAM;Singles;Platine;20/10/2017;28/08/2025;7 ans 11 mois
VALD FEAT. ORELSAN;PEON;ECHELON RECORDS / SONY MUSIC ENTERTAINMENT;Singles;Platine;04/02/2022;28/08/2025;3 ans 7 mois
JUL FEAT. PLK;POSTICHÉ;D'OR ET DE PLATINE / BELIEVE;Singles;Platine;08/12/2023;28/08/2025;1 an 8 mois
LA MANO 1.9 & NISKA;CANON;R.A.T MUSIC / CAPITOL MUSIC FRANCE / UNIVERSAL MUSIC FRANCE;Singles;Platine;12/06/2024;28/08/2025;1 an 2 mois
MYLES SMITH;NICE TO MEET YOU;RCA RECORDS LABEL / SONY MUSIC ENTERTAINMENT;Singles;Platine;08/11/2024;28/08/2025;9 mois
ED SHEERAN;AZIZAM;ATLANTIC RECORDS / WEA / WARNER MUSIC FRANCE;Singles;Platine;04/04/2025;28/08/2025;4 mois
CABALLERO & JEANJASS;SUR MON NOM;VIRGIN MUSIC FRANCE / UNIVERSAL MUSIC FRANCE;Singles;Or;26/02/2017;28/08/2025;8 ans 7 mois
HAMZA;PARADISE;REC. 118 / JUST WOKE UP	 / WARNER MUSIC FRANCE;Singles;Or;25/01/2019;28/08/2025;6 ans 8 mois
ALI GATIE;WHAT IF I TOLD YOU THAT I LOVE YOU;WARNER RECORDS / WEA / WARNER MUSIC FRANCE;Singles;Or;24/01/2020;28/08/2025;5 ans 8 mois
DA UZI;J'AI PRIS LA ROUTE;REC. 118 / WARNER MUSIC FRANCE;Singles;Or;11/04/2020;28/08/2025;5 ans 5 mois
JUL;JE N'AI PAS QUE DES POTES;D'OR ET DE PLATINE / BELIEVE;Singles;Or;18/06/2021;28/08/2025;4 ans 3 mois
LETO;TOUT RECOMMENCER;REC. 118 / WARNER MUSIC FRANCE;Singles;Or;02/09/2021;28/08/2025;4 ans
GUY2BEZBAR;BERETTA;BLUE MAGIC CORP / SONY MUSIC ENTERTAINMENT;Singles;Or;24/03/2022;28/08/2025;3 ans 5 mois
HOUDI;SENSATION;LA REVERIE / ADA FRANCE / WARNER MUSIC FRANCE;Singles;Or;07/07/2023;28/08/2025;2 ans 2 mois
BILLIE EILISH;THE GREATEST;UNIVERSAL MUSIC / POLYDOR / UNIVERSAL MUSIC FRANCE;Singles;Or;17/05/2024;28/08/2025;1 an 3 mois
LYNDA & IMEN ES;1 MINUTE;XX PRODUCTION / INDIFFERENCE / CAPITOL MUSIC FRANCE / UNIVERSAL MUSIC FRANCE;Singles;Or;21/11/2024;28/08/2025;9 mois
L2B FEAT. NISKA;TENDANCE;O-VNEE MUSIC - 172 RECORD / CAPITOL MUSIC FRANCE / UNIVERSAL MUSIC FRANCE;Singles;Or;20/02/2025;28/08/2025;6 mois
ARIANA GRANDE;YES, AND?;UNIVERSAL MUSIC / POLYDOR / UNIVERSAL MUSIC FRANCE;Singles;Platine;12/01/2024;25/08/2025;1 an 7 mois
FRENCH 79 & KID FRANCESCOLI;LOVIN' FEELING;ALTER K / PSCHENT ALTER K;Singles;Or;22/04/2016;21/08/2025;9 ans 5 mois
JUL & MORAD;VATOS LOCOS;D'OR ET DE PLATINE / BELIEVE;Singles;Or;18/06/2020;21/08/2025;5 ans 3 mois
FEDER FEAT. BRYCE VINE & DAN CAPLEN;CONTROL;ELEKTRA FRANCE / WARNER MUSIC FRANCE;Singles;Or;12/04/2018;21/08/2025;7 ans 5 mois
HARRY STYLES;MATILDA;COLUMBIA / SONY MUSIC ENTERTAINMENT;Singles;Or;20/05/2022;21/08/2025;3 ans 3 mois
RSKO;REMORDS;ELEKTRA FRANCE / WARNER MUSIC FRANCE;Singles;Or;08/07/2022;21/08/2025;3 ans 2 mois
JUL;BAÏLA;D'OR ET DE PLATINE / BELIEVE;Singles;Or;20/09/2022;21/08/2025;2 ans 11 mois
NISKA FEAT. ZED;SAL BAYE;MILLENIUM / CAPITOL MUSIC FRANCE / UNIVERSAL MUSIC FRANCE;Singles;Or;24/11/2022;21/08/2025;2 ans 9 mois
SABRINA CARPENTER;FEATHER;UNIVERSAL MUSIC / POLYDOR / UNIVERSAL MUSIC FRANCE;Singles;Or;17/03/2023;21/08/2025;2 ans 5 mois
KUNGS, DAVID GUETTA, IZZY BIZU;ALL NIGHT LONG;ISLAND DEF JAM / UNIVERSAL MUSIC FRANCE;Singles;Or;19/01/2024;21/08/2025;1 an 7 mois
SDM;PLUS RIEN;92I / CAPITOL / UNIVERSAL MUSIC FRANCE;Singles;Or;26/09/2024;21/08/2025;10 mois
NINHO & NISKA;WARIBANA;JEFE PRODUCTIONS / CHARO INC / WARNER MUSIC FRANCE / UNIVERSAL MUSIC FRANCE;Singles;Or;25/10/2024;21/08/2025;10 mois
ALONZO;VAILLANT;ISLAND DEF JAM / UNIVERSAL MUSIC FRANCE;Singles;Platine;20/04/2016;14/08/2025;9 ans 5 mois
LUIDJI;NÉONS ROUGES / BELLES CHANSONS;ISLAND DEF JAM / UNIVERSAL MUSIC FRANCE;Singles;Platine;12/10/2018;14/08/2025;6 ans 11 mois
SQUIDJI;DOUDOU;BELIEVE;Singles;Platine;19/12/2018;14/08/2025;6 ans 9 mois
TIMAL FEAT. MERYL;CARTEL;ELEKTRA FRANCE / WARNER MUSIC FRANCE;Singles;Platine;27/04/2018;14/08/2025;7 ans 4 mois
CAMELPHAT & ELDERBROOK;COLA;DEFECTED RECORDS / WARNER / WARNER MUSIC FRANCE;Singles;Platine;16/06/2017;14/08/2025;8 ans 3 mois
PLK;IDIOTE;PANENKA MUSIC / WAGRAM;Singles;Platine;05/10/2018;14/08/2025;6 ans 11 mois
MHD;MAMAN J’AI MAL;CAPITOL MUSIC FRANCE / UNIVERSAL MUSIC FRANCE;Singles;Platine;15/04/2016;14/08/2025;9 ans 5 mois
TAYC;SANS EFFET;PLAY TWO / BELIEVE;Singles;Platine;19/11/2021;14/08/2025;3 ans 9 mois
GIMS & SOOLKING;APRÈS-VOUS MADAME;PLAY TWO / BELIEVE;Singles;Platine;25/11/2022;14/08/2025;2 ans 9 mois
JUL;CŒUR BLANC;D'OR ET DE PLATINE / BELIEVE;Singles;Platine;08/12/2022;14/08/2025;2 ans 8 mois
YOUSSOUPHA FEAT. INDILA & SKALPOVICH;DREAMIN';BOMAYE MUSIK / BELIEVE;Singles;Platine;23/01/2013;14/08/2025;12 ans 8 mois
HOSHI;MAUVAIS RÊVE;JO&CO / BELIEVE;Singles;Platine;14/04/2023;14/08/2025;2 ans 4 mois
AYA NAKAMURA;42;REC.118 / NAKAMURA INDUSTRIE / WARNER MUSIC FRANCE;Singles;Platine;18/06/2024;14/08/2025;1 an 2 mois
LOUANE;LA PLUIE;ISLAND DEF JAM / UNIVERSAL MUSIC FRANCE;Singles;Platine;27/06/2024;14/08/2025;1 an 1 mois
LIL MOSEY;NOTICED;UNIVERSAL MUSIC / POLYDOR / UNIVERSAL MUSIC FRANCE;Singles;Or;20/07/2018;14/08/2025;7 ans 2 mois
SHAWN MENDES;IF I CAN'T HAVE YOU;UNIVERSAL MUSIC / POLYDOR / UNIVERSAL MUSIC FRANCE;Singles;Or;03/05/2019;14/08/2025;6 ans 4 mois
GIMS FEAT. NIRO;CECI N'EST PAS DU RAP;PLAY TWO / BELIEVE;Singles;Or;29/11/2019;14/08/2025;5 ans 9 mois
L'IMPÉRATRICE;PEUR DES FILLES;MICROQLIMA / IDOL;Singles;Or;07/01/2021;14/08/2025;4 ans 8 mois
OBOY;ALPHA;6&7	/ BELIEVE;Singles;Or;12/07/2019;14/08/2025;6 ans 2 mois
JUL;CHIRON;D'OR ET DE PLATINE / BELIEVE;Singles;Or;07/12/2018;14/08/2025;6 ans 9 mois
JUL;JE SUIS PAS FOU;D'OR ET DE PLATINE / BELIEVE;Singles;Or;02/12/2016;14/08/2025;8 ans 9 mois
TONES AND I;FLY AWAY;ELEKTRA (NEK) / WARNER / WARNER MUSIC FRANCE;Singles;Or;13/11/2020;14/08/2025;4 ans 9 mois
SAWEETIE FEAT. DOJA CAT;BEST FRIEND;ICY/WARNER RECORDS / WARNER MUSIC FRANCE;Singles;Or;07/01/2021;14/08/2025;4 ans 8 mois
YA LEVIS;CHOCOLAT;MCP GROUP / SONY MUSIC ENTERTAINMENT;Singles;Or;25/06/2021;14/08/2025;4 ans 2 mois
DJ SEBB FEAT. JUNIOR, BLACK-T & P.L.L;ROULMAN;SOMY / BELIEVE;Singles;Or;08/04/2022;14/08/2025;3 ans 4 mois
MONTELL FISH;HOTEL;VIRGIN MUSIC FRANCE / UNIVERSAL MUSIC FRANCE;Singles;Or;16/09/2022;14/08/2025;2 ans 11 mois
DADJU & TAYC;LA VIE D'UN... / MA PRÉFÉRÉE;PLAY TWO / BELIEVE;Singles;Or;16/02/2024;14/08/2025;1 an 6 mois
DADJU FEAT. PLK;PARLE-MOI;AMATERASU PROD / CAPITOL / UNIVERSAL MUSIC FRANCE;Singles;Or;11/11/2022;14/08/2025;2 ans 9 mois
ETERNXLKZ;SLAY!;ETERNXLKZ / ORCHARD;Singles;Or;15/03/2024;14/08/2025;1 an 5 mois
SOPRANO;FACILE À DANSER;REC. 118 / WARNER MUSIC FRANCE;Singles;Or;15/04/2024;14/08/2025;1 an 4 mois
COLUMBINE;BART SIMPSON;ROMANCE MUSIQUE / UNIVERSAL MUSIC FRANCE;Singles;Or;06/04/2021;07/08/2025;4 ans 4 mois
THE WEEKND & GESAFFELSTEIN;HURT YOU;UNIVERSAL MUSIC / POLYDOR / UNIVERSAL MUSIC FRANCE;Singles;Or;30/03/2018;07/08/2025;7 ans 5 mois
KEBLACK FEAT. GUY2BEZBAR;MELROSE PLACE;MOTEMA RECORDS / BELIEVE;Singles;Diamant;04/04/2025;31/07/2025;3 mois
CALVIN HARRIS & ELLIE GOULDING;MIRACLE;RCA / SONY MUSIC ENTERTAINMENT;Singles;Diamant;10/03/2023;31/07/2025;2 ans 5 mois
KAVINSKY, ANGÈLE, PHOENIX;NIGHTCALL;LOYAUTÉ, ANGÈLE VL RECORDS, DEADCRUISER, RECORD MAKERS / VIRGIN MUSIC FRANCE / UNIVERSAL MUSIC FRANCE;Singles;Diamant;20/09/2024;31/07/2025;10 mois
R3HAB & A TOUCH OF GLASS;ALL AROUND THE WORLD (LA LA LA);UNIVERSAL MUSIC / POLYDOR / UNIVERSAL MUSIC FRANCE;Singles;Diamant;05/04/2019;31/07/2025;6 ans 4 mois
SDM FEAT. HAMZA;TOKA;92I / CAPITOL / UNIVERSAL MUSIC FRANCE;Singles;Diamant;12/09/2024;31/07/2025;10 mois
BIGA RANX;PETITE MARIE;WLAB / WAGRAM;Singles;Diamant;26/02/2021;31/07/2025;4 ans 5 mois
DJ KAWEST & ATTACHING BOY;CHAMBRE 04;JUSTON RECORDS / WAGRAM;Singles;Diamant;30/01/2025;31/07/2025;6 mois
TIAKOLA FEAT. GENEZIO & PROTOTYPE;PONA NINI;M3LO WORLD / ATLANTIC RECORDS / WARNER MUSIC FRANCE;Singles;Diamant;06/09/2024;31/07/2025;10 mois
JUL;COMME LES GENS D'ICI;D'OR ET DE PLATINE / BELIEVE;Singles;Platine;01/12/2017;31/07/2025;7 ans 9 mois
JUL FEAT. SDM;IL PLEUT DES BALLES;D'OR ET DE PLATINE / BELIEVE;Singles;Platine;07/06/2024;31/07/2025;1 an 1 mois
NIRO;EN DOUBLE APPEL;AMBITION MUSIC / SONY MUSIC ENTERTAINMENT;Singles;Platine;19/09/2019;31/07/2025;5 ans 11 mois
SABRINA CARPENTER;TASTE;UNIVERSAL MUSIC / POLYDOR / UNIVERSAL MUSIC FRANCE;Singles;Platine;23/08/2024;31/07/2025;11 mois
TIAKOLA FEAT. SDM & LIIM’S;PLAISIR NOCIF;M3LO WORLD / ATLANTIC RECORDS / WARNER MUSIC FRANCE;Singles;Platine;20/09/2024;31/07/2025;10 mois
ILIONA;MOINS JOLI;ARTSIDE / BELIEVE;Singles;Or;15/01/2021;31/07/2025;4 ans 7 mois
NAPS;CAP CANAVERAL;ALLPOINTS / BELIEVE;Singles;Or;28/06/2019;31/07/2025;6 ans 2 mois
VANILLE;FOLLOW THE SUN;6&7	/ BELIEVE;Singles;Or;08/02/2019;31/07/2025;6 ans 6 mois
JUNG KOOK, JACK HARLOW;3D;BIGHIT ENTERTAINMENT / INGROOVES;Singles;Or;29/09/2023;31/07/2025;1 an 10 mois
SWING;RIVAGE;URBAN / PIAS FRANCE / INTEGRAL PIAS;Singles;Or;19/01/2018;31/07/2025;7 ans 7 mois
BAD BUNNY;VOY A LLEVARTE PA PR;RIMAS ENTERTAINMENT LLC / ORCHARD;Singles;Or;05/01/2025;31/07/2025;6 mois
NES FT LUTHER;KILLCAM;NINEFOUR / POURQUOI INTERACTIVE;Singles;Or;09/09/2022;31/07/2025;2 ans 11 mois
DOJA CAT;AGORA HILLS;KEMOSABE RECORDS / RCA RECORDS / SONY MUSIC ENTERTAINMENT;Singles;Or;21/09/2023;31/07/2025;1 an 10 mois
DRENCHILL & INDIIANA;FREED FROM DESIRE (DNF REMIXES);NITRON MUSIC / SONY MUSIC ENTERTAINMENT;Singles;Or;09/11/2018;31/07/2025;6 ans 9 mois
GAZO FEAT. LA MANO 1.9;POP;BSB PROD / SONY MUSIC ENTERTAINMENT;Singles;Or;23/10/2024;31/07/2025;9 mois
JULIEN LIEB;LE JEU;TGIT MUSIC & TWIN MUSIC	SONY MUSIC ENTERTAINMENT;Singles;Or;15/11/2024;31/07/2025;8 mois
LAYLOW;WINDOW SHOPPER PART. 1;DIGITAL MUNDO / SONY MUSIC ENTERTAINMENT;Singles;Or;09/07/2021;31/07/2025;4 ans 1 mois
TATE MCRAE;EXES;RCA GROUP / SONY MUSIC ENTERTAINMENT;Singles;Or;16/11/2023;31/07/2025;1 an 8 mois
ZOLA;CLUB;AWA / SONY MUSIC ENTERTAINMENT;Singles;Or;05/04/2019;31/07/2025;6 ans 4 mois
DAMSO;Χ. ZWAAR;TRENTE-QUATRE CENTIMES / UNIVERSAL MUSIC FRANCE;Singles;Or;28/04/2021;31/07/2025;4 ans 3 mois
TATE MCRAE;THINK LATER;RCA RECORDS LABEL / SONY MUSIC ENTERTAINMENT;Albums;Or;08/12/2023;17/07/2025;1 an 7 mois
JEAN-LOUIS AUBERT;PAFINI;PARLOPHONE / WARNER MUSIC FRANCE;Albums;Or;20/09/2024;17/07/2025;10 mois
POST MALONE;CIRCLES;UNIVERSAL MUSIC / POLYDOR / UNIVERSAL MUSIC FRANCE;Singles;Diamant;30/08/2019;17/07/2025;5 ans 11 mois
SOFIANE FEAT. NINHO & HORNET LA FRAPPE;LONGUE VIE;MILLENIUM / CAPITOL MUSIC FRANCE / UNIVERSAL MUSIC FRANCE;Singles;Diamant;09/01/2018;17/07/2025;7 ans 7 mois
JOK'AIR;ABDOMEN;ARISTA FRANCE / SONY MUSIC ENTERTAINMENT;Singles;Diamant;03/12/2017;17/07/2025;7 ans 8 mois
ØDYSSEY FEAT. AMARA ABONTA;FLY;ELEKTRA FRANCE / WARNER MUSIC FRANCE;Singles;Diamant;24/02/2017;17/07/2025;8 ans 6 mois
TIMAL FEAT. MAES;AILLEURS;ELEKTRA FRANCE / WARNER MUSIC FRANCE;Singles;Diamant;28/02/2020;17/07/2025;5 ans 5 mois
HEUSS L'ENFOIRÉ;L'ENFOIRÉ;ALLPOINTS / BELIEVE;Singles;Diamant;30/11/2018;17/07/2025;6 ans 8 mois
YG PABLO;AVM;ART-EAST INC / BELIEVE;Singles;Diamant;14/02/2019;17/07/2025;6 ans 6 mois
KAROL G & SHAKIRA;TQG;UNIVERSAL MUSIC / POLYDOR / UNIVERSAL MUSIC FRANCE;Singles;Diamant;24/02/2023;17/07/2025;2 ans 5 mois
HELENA;MAUVAIS GARÇON;RCA GROUP / SONY MUSIC ENTERTAINMENT;Singles;Diamant;20/11/2024;17/07/2025;7 mois
NINHO;MAUVAIS DJO;REC. 118 / MAL LUNE MUSIC	/ WARNER MUSIC FRANCE;Singles;Platine;07/03/2020;17/07/2025;5 ans 5 mois
LE AYM;MON CŒUR BAT VITE (L'EVADE DU NEVADA);JUSTON RECORDS;Singles;Or;02/02/2018;17/07/2025;7 ans 6 mois
NISKA;ITALIA;CAPITOL MUSIC FRANCE / UNIVERSAL MUSIC FRANCE;Singles;Or;03/06/2016;17/07/2025;9 ans 3 mois
JACK HARLOW;TYLER HERRO;GENERATION NOW/ATLANTIC / WARNER / WARNER MUSIC FRANCE;Singles;Or;22/10/2020;17/07/2025;4 ans 9 mois
LUV RESVAL;HADES;AWA / SONY MUSIC ENTERTAINMENT;Singles;Or;04/06/2021;17/07/2025;4 ans 2 mois
KAMIKAZ FEAT. JUL;JE VEUX;TREIZE POINT DEUX / BELIEVE;Singles;Or;11/06/2021;17/07/2025;4 ans 1 mois
ONEREPUBLIC;SUNSHINE;POLYDOR / UNIVERSAL MUSIC FRANCE;Singles;Or;10/11/2021;17/07/2025;3 ans 8 mois
NOAH KAHAN;STICK SEASON;UNIVERSAL MUSIC / POLYDOR / UNIVERSAL MUSIC FRANCE;Singles;Or;08/07/2022;17/07/2025;3 ans
TIF;SHADOW BOXING;HOUMA SWEET HOUMA / WARNER MUSIC FRANCE;Singles;Or;09/03/2023;17/07/2025;2 ans 4 mois
P!NK;ALL OUT OF FIGHT;RCA RECORDS LABEL / SONY MUSIC ENTERTAINMENT;Singles;Or;30/11/2023;17/07/2025;1 an 7 mois
BOUSS;J'AI LE CŒUR QUI S'EMBALLE;LE GRAND CARRÉ / LEVEL UP MUSIC / BELIEVE;Singles;Or;10/06/2024;17/07/2025;1 an 1 mois
MAC MILLER;THE SPINS;ROSTRUM RECORDS / WARNER MUSIC FRANCE;Singles;Or;13/08/2010;17/07/2025;15 ans 1 mois
GAZO & TIAKOLA;LA MELO EST GANGX;BSB PROD / M3LO WORLD / WATI B / SONY MUSIC ENTERTAINMENT;Albums;Double Platine;01/12/2023;10/07/2025;1 an 7 mois
DRAKE;CERTIFIED LOVER BOY;UNIVERSAL MUSIC / POLYDOR / UNIVERSAL MUSIC FRANCE;Albums;Platine;03/09/2021;10/07/2025;3 ans 10 mois
KENDJI GIRAC;VIVRE...;ISLAND DEF JAM / UNIVERSAL MUSIC FRANCE;Albums;Platine;04/10/2024;10/07/2025;9 mois
GRACIE ABRAMS;THE SECRET OF US;UNIVERSAL MUSIC / POLYDOR / UNIVERSAL MUSIC FRANCE;Albums;Or;21/06/2024;10/07/2025;1 an
ZKR;FREESTYLE 5MIN #8;MORNING GLORY MUSIC / ALL ROAD / ALLPOINTS	BELIEVE;Singles;Diamant;26/06/2020;10/07/2025;5 ans 1 mois
AMIR;RÉTINE;PARLOPHONE / WARNER MUSIC FRANCE;Singles;Diamant;01/10/2021;10/07/2025;3 ans 9 mois
SOFIA CARSON;COME BACK HOME;WALT DISNEY RECORDS/POLYDOR/UNIVERSAL MUSIC FRANCE;Singles;Diamant;12/07/2022;10/07/2025;3 ans
CENTRAL CEE;LET GO;CENTRAL CEE / ADA FRANCE / WARNER MUSIC FRANCE;Singles;Diamant;15/12/2022;03/07/2025;2 ans 7 mois
MARK AMBOR;BELONG TOGETHER;HUNDRED DAYS RECORDS / VIRGIN MUSIC FRANCE / INGROOVES;Singles;Diamant;19/04/2024;03/07/2025;1 an 2 mois
YORSSY;CRF - NOUVELLE ÉCOLE;NETFLIX;Singles;Diamant;05/07/2024;03/07/2025;1 an
THEODORA;KONGOLESE SOUS BBL;NBFD / MAISON NEPTUNE	VIRGIN MUSIC FRANCE / UNIVERSAL MUSIC FRANCE;Singles;Diamant;27/09/2024;03/07/2025;9 mois
CALOGERO;BEST OF;BARCLAY / UNIVERSAL MUSIC FRANCE;Albums;Double Platine;08/11/2019;03/07/2025;5 ans 8 mois
KOBA LAD;CELLOPHANÉ;MILLENIUM / CAPITOL MUSIC FRANCE / UNIVERSAL MUSIC FRANCE;Singles;Platine;21/03/2019;03/07/2025;6 ans 4 mois
ZOLA;CALIFORNIA GIRL;CAPITOL MUSIC FRANCE / UNIVERSAL MUSIC FRANCE;Singles;Platine;06/04/2018;03/07/2025;7 ans 4 mois
L2B FEAT. RSKO;AMIS D'ENFANCE;O-VNEE MUSIC - 172 RECORD / CAPITOL MUSIC FRANCE / UNIVERSAL MUSIC FRANCE;Singles;Platine;29/10/2021;03/07/2025;3 ans 8 mois
SDM FEAT. WERENOI;METALLICA;92I / CAPITOL / UNIVERSAL MUSIC FRANCE;Singles;Platine;26/09/2024;03/07/2025;9 mois
FLORA FISHBACH;UN AUTRE QUE MOI;A+LSO / SONY MUSIC ENTERTAINMENT;Singles;Or;13/01/2017;03/07/2025;8 ans 7 mois
BILLIE EILISH;MY BOY;UNIVERSAL MUSIC / POLYDOR / UNIVERSAL MUSIC FRANCE;Singles;Or;28/07/2017;03/07/2025;8 ans
DABS FEAT. MAES;TES RÊVES;ELEKTRA FRANCE / WARNER MUSIC FRANCE;Singles;Or;01/03/2019;03/07/2025;6 ans 5 mois
PLK;ARAI;PANENKA MUSIC / WAGRAM;Singles;Or;13/09/2019;03/07/2025;5 ans 10 mois
GRAND CORPS MALADE, GAËL FAYE, BEN MAZUÉ;TAILLER LA ROUTE;ANOUCHE RECORDS / SONY MUSIC ENTERTAINMENT;Singles;Or;14/09/2022;03/07/2025;2 ans 10 mois
GIMS;MAINTENANT;PLAY TWO / BELIEVE;Singles;Or;30/09/2022;03/07/2025;2 ans 9 mois
NINHO;YO MOKO OYEBI;REC. 118 / JEFE PRODUCTIONS / WARNER MUSIC FRANCE;Singles;Or;30/06/2023;03/07/2025;2 ans
NINHO;3 MAI 2025;REC. 118 / JEFE PRODUCTIONS / WARNER MUSIC FRANCE;Singles;Or;31/01/2024;03/07/2025;1 an 5 mois
GUY2BEZBAR FEAT. LA MANO 1.9;JERRICAN;BLUE MAGIC CORP / SONY MUSIC ENTERTAINMENT;Singles;Or;20/02/2025;03/07/2025;4 mois
TAYLOR SWIFT;BLANK SPACE (TAYLOR'S VERSION);UNIVERSAL MUSIC / POLYDOR / UNIVERSAL MUSIC FRANCE;Singles;Diamant;27/10/2014;26/06/2025;10 ans 9 mois
DALIDA;30 ANS DÉJÀ;BARCLAY / LABEL PANTHEON / UNIVERSAL MUSIC FRANCE;Albums;Platine;21/04/2017;26/06/2025;8 ans 3 mois
PLK;CHAMBRE 140;PANENKA MUSIC / WAGRAM;Albums;Triple Platine;26/01/2024;26/06/2025;1 an 5 mois
EDDY MITCHELL;AMIGOS;UNIVERSAL MUSIC;Albums;Or;08/11/2024;26/06/2025;7 mois
RIHANNA;NEEDED ME;UNIVERSAL MUSIC / POLYDOR / UNIVERSAL MUSIC FRANCE;Singles;Diamant;28/01/2016;26/06/2025;9 ans 6 mois
CHRISTOPHE MAÉ;IL EST OÙ LE BONHEUR;PARLOPHONE / WARNER MUSIC FRANCE;Singles;Diamant;19/02/2016;26/06/2025;9 ans 5 mois
JOEL CORRY FEAT. MNEK;HEAD & HEART;ATLANTIC RECORDS UK / WARNER MUSIC FRANCE;Singles;Diamant;03/07/2020;26/06/2025;5 ans
PNL;HUMAIN;QLF RECORDS / BELIEVE;Singles;Diamant;16/09/2016;26/06/2025;8 ans 10 mois
DJADJA & DINAZ;ESSAYEZ;CARRÉ MUSIC / BELIEVE;Singles;Diamant;27/03/2021;26/06/2025;4 ans 3 mois
KAARIS FEAT. HAMZA;PANAMA;OG RECORDS / VIRGIN MUSIC FRANCE / UNIVERSAL MUSIC FRANCE;Singles;Diamant;15/12/2023;26/06/2025;1 an 6 mois
LYNDA;PASSE TON CHEMIN;PLAY TWO / BELIEVE;Singles;Diamant;14/06/2024;26/06/2025;1 an
BAD BUNNY;DTMF;RIMAS ENTERTAINMENT LLC / ORCHARD;Singles;Diamant;05/01/2025;26/06/2025;5 mois
BOUSS;PARLER TOUT BAS;LE GRAND CARRÉ / LEVEL UP MUSIC / BELIEVE;Singles;Diamant;06/03/2024;19/06/2025;1 an 3 mois
XXXTENTACION;REVENGE;EMPIRE / BIGWAX DISTRIBUTION;Singles;Platine;12/04/2019;19/06/2025;6 ans 3 mois
LACRIM FEAT. NINHO;DADINHO;PLATA O PLOMO RECORDS / CAPITOL MUSIC FRANCE / UNIVERSAL MUSIC FRANCE;Singles;Platine;15/10/2020;19/06/2025;4 ans 8 mois
LETO & GUY2BEZBAR;SOSA;REC. 118 / WB PRODUCTIONS / WARNER MUSIC FRANCE;Singles;Platine;02/11/2022;19/06/2025;2 ans 8 mois
DAVE & TIAKOLA;SPECIAL;NEIGHBOURHOOD RECORDINGS / VIRGIN MUSIC FRANCE / UNIVERSAL MUSIC FRANCE;Singles;Platine;25/08/2023;19/06/2025;1 an 10 mois
U2;YOU’RE THE BEST THING ABOUT ME;UNIVERSAL MUSIC / POLYDOR / UNIVERSAL MUSIC FRANCE;Singles;Or;06/09/2017;19/06/2025;7 ans 10 mois
RIHANNA;SEX WITH ME;UNIVERSAL MUSIC / POLYDOR / UNIVERSAL MUSIC FRANCE;Singles;Or;28/01/2016;19/06/2025;9 ans 6 mois
IMEN ES;MON MARI;FULGU PROD / CAPITOL / BENDO / UNIVERSAL MUSIC FRANCE;Singles;Or;14/02/2020;19/06/2025;5 ans 5 mois
REMA;CORNY;MAVIN RECORDS / JONZING WORLD / VIRGIN MUSIC FRANCE / UNIVERSAL MUSIC FRANCE;Singles;Or;22/03/2019;19/06/2025;6 ans 4 mois
1PLIKÉ140;LEBARA;MILLENIUM / CAPITOL MUSIC FRANCE / UNIVERSAL MUSIC FRANCE;Singles;Or;11/06/2020;19/06/2025;5 ans 1 mois
STILL FRESH;COMME TOI;NOUVELLE ECOLE / WARNER MUSIC FRANCE;Singles;Or;26/03/2021;19/06/2025;4 ans 3 mois
SOOLKING;FADA;CAPITOL MUSIC FRANCE / UNIVERSAL MUSIC FRANCE;Singles;Or;03/06/2021;19/06/2025;4 ans 1 mois
THE RARE OCCASIONS;NOTION;ELEKTRA FRANCE / WARNER MUSIC FRANCE;Singles;Or;02/12/2021;19/06/2025;3 ans 7 mois
YNG LVCAS & PESO PLUMA;LA BEBE - REMIX;WM MEXICO / WARNER MUSIC FRANCE;Singles;Or;25/01/2023;19/06/2025;2 ans 5 mois
DJADJA & DINAZ;ALPHA;CARRÉ MUSIC / BELIEVE;Singles;Or;03/03/2023;19/06/2025;2 ans 3 mois
SOUND OF LEGEND, GROOVE COVERAGE, DJANE HOUSEKAT;GOD IS A GIRL;PLAY TWO / BELIEVE;Singles;Or;30/06/2023;19/06/2025;2 ans
KALASH;SO COMAN;PLAY TWO / BELIEVE;Singles;Or;02/02/2024;19/06/2025;1 an 4 mois
THE WEEKND;HURRY UP TOMORROW;UNIVERSAL MUSIC / POLYDOR / UNIVERSAL MUSIC FRANCE;Albums;Platine;24/01/2025;12/06/2025;4 mois
LETO;A&H;REC. 118 / WARNER MUSIC FRANCE;Singles;Diamant;28/06/2019;12/06/2025;6 ans
NINHO FEAT. HÖS COPPERFIELD;PIRATE;CARTHAGE MUSIC / UNIVERSAL MUSIC FRANCE;Singles;Diamant;19/03/2020;12/06/2025;5 ans 3 mois
SHAY;PMW;CAPITOL MUSIC FRANCE / UNIVERSAL MUSIC FRANCE;Singles;Diamant;01/07/2016;12/06/2025;9 ans
TIAKOLA;SI J'SAVAIS;WATI-B / SONY MUSIC ENTERTAINMENT;Singles;Diamant;06/05/2022;12/06/2025;3 ans 1 mois
WERENOI;ALL EYES ON ME;PGP RECORDS / BELIEVE;Singles;Diamant;28/10/2022;12/06/2025;2 ans 7 mois
ALEX WARREN;CARRY YOU HOME;ATLANTIC RECORDS / WEA / WARNER MUSIC FRANCE;Singles;Platine;31/05/2024;12/06/2025;1 an
CNCO;REGGAETÓN LENTO (BAILEMOS);SONY MUSIC LATIN / SONY MUSIC ENTERTAINMENT;Singles;Platine;26/08/2016;12/06/2025;8 ans 11 mois
GAZO;PROBATION;BSB PROD / SONY MUSIC ENTERTAINMENT;Singles;Platine;08/11/2024;12/06/2025;7 mois
HAMZA;KYKY2BONDY;JUST WOKE UP / BELIEVE;Singles;Platine;02/05/2025;12/06/2025;1 mois
JOK’AIR & ALONZO;COMME TU ES;PLAY TWO / BELIEVE;Singles;Platine;14/02/2019;12/06/2025;6 ans 5 mois
LANA DEL REY;SAY YES TO HEAVEN;POLYDOR / UNIVERSAL MUSIC FRANCE;Singles;Platine;19/05/2023;12/06/2025;2 ans 1 mois
MC MENOR JP;MENINA DE VERMELHO;UNIVERSAL MUSIC / POLYDOR / UNIVERSAL MUSIC FRANCE;Singles;Platine;18/10/2024;12/06/2025;7 mois
FRED AGAIN.. FEAT. THE BLESSED MADONNA;MAREA (WE’VE LOST DANCING);ATLANTIC RECORDS / WEA / WARNER MUSIC FRANCE;Singles;Platine;22/02/2021;05/06/2025;4 ans 4 mois
YOUNG THUG FEAT. KARLAE & YUNG BLEU;TRANCE;300 ENTERTAINMENT / WEA / WARNER MUSIC FRANCE;Singles;Platine;16/04/2021;05/06/2025;4 ans 2 mois
ZZOILO;MON AMOUR;UNIVERSAL MUSIC / POLYDOR / UNIVERSAL MUSIC FRANCE;Singles;Platine;30/12/2020;05/06/2025;4 ans 5 mois
BEACH WEATHER;SEX, DRUGS, ETC.;8123 / ARISTA RECORDS  / SONY MUSIC ENTERTAINMENT;Singles;Platine;04/11/2016;05/06/2025;8 ans 8 mois
JOK'AIR;QUOI DE NEUF BÉBÉ;PLAY TWO / BELIEVE;Singles;Platine;12/05/2023;05/06/2025;2 ans 1 mois
PRINCE ROYCE FEAT. MYKE TOWERS;CARITA DE INOCENTE (REMIX);SONY MUSIC LATIN / SONY MUSIC ENTERTAINMENT;Singles;Or;07/02/2020;05/06/2025;5 ans 4 mois
CARLA MORRISON;DISFRUTO;COLUMBIA / B1 / SONY MUSIC ENTERTAINMENT;Singles;Or;10/04/2020;05/06/2025;5 ans 2 mois
KAZA;HRTBRK #4;ELEKTRA FRANCE / WARNER MUSIC FRANCE;Singles;Or;06/03/2020;05/06/2025;5 ans 3 mois
GAMBI;J'DEVIENS FOU;REC. 118 / WARNER MUSIC FRANCE;Singles;Or;10/07/2020;05/06/2025;4 ans 11 mois
1PLIKÉ140;MA MISSION;MILLENIUM / CAPITOL MUSIC FRANCE / UNIVERSAL MUSIC FRANCE;Singles;Or;11/06/2020;05/06/2025;5 ans
PATRICK FIORI FEAT. SOPRANO;CHEZ NOUS (PLAN D'AOU, AIR BEL);SMART / RCA / SONY MUSIC ENTERTAINMENT;Singles;Or;29/09/2017;05/06/2025;7 ans 9 mois
ZIAK;S.P.S;MILLENIUM / CAPITOL MUSIC FRANCE / UNIVERSAL MUSIC FRANCE;Singles;Or;15/07/2021;05/06/2025;3 ans 11 mois
TK;JE PENSE PLUS À TOI;RIEN 100 RIEN / BELIEVE;Singles;Or;04/12/2020;05/06/2025;4 ans 6 mois
GREEN MONTANA;CHAQUE JOUR DE LA SEMAINE;CAPITOL MUSIC FRANCE / UNIVERSAL MUSIC FRANCE;Singles;Or;15/04/2022;05/06/2025;3 ans 2 mois
BURNA BOY;IT'S PLENTY;ATLANTIC RECORDS / WEA / WARNER MUSIC FRANCE;Singles;Or;08/07/2022;05/06/2025;2 ans 11 mois
GAZO & TIAKOLA;AFRIKANBADMAN;BSB PROD / M3LO WORLD / WATI B / SONY MUSIC ENTERTAINMENT;Singles;Or;01/12/2023;05/06/2025;1 an 6 mois
LOMIIEL;HAY LUPITA;OPEN SHIFT / VYDIA;Singles;Or;28/03/2024;05/06/2025;1 an 2 mois
DADI;DOUCEMENT - NOUVELLE ÉCOLE;NETFLIX;Singles;Or;12/07/2024;29/05/2025;10 mois
H.E.M;ZINZIN;VIRGIN MUSIC FRANCE / UNIVERSAL MUSIC FRANCE;Singles;Or;02/08/2024;29/05/2025;10 mois
KENDRICK LAMAR & SZA;LUTHER;UNIVERSAL MUSIC / POLYDOR / UNIVERSAL MUSIC FRANCE;Singles;Or;22/11/2024;29/05/2025;6 mois
GOJIRA;FORTITUDE;ROADRUNNER RECORDS / WEA / WARNER MUSIC FRANCE;Albums;Or;30/04/2021;29/05/2025;4 ans 1 mois
DRAKE;FOR ALL THE DOGS;UNIVERSAL MUSIC / POLYDOR / UNIVERSAL MUSIC FRANCE;Albums;Or;06/10/2023;29/05/2025;1 an 8 mois
JON BRION;L'AMOUR OUF;FONTANA / LABEL PANTHEON / UNIVERSAL MUSIC FRANCE;Albums;Or;11/10/2024;29/05/2025;7 mois
ROSÉ;ROSIE;ATLANTIC RECORDS / WEA / WARNER MUSIC FRANCE;Albums;Or;06/12/2024;29/05/2025;5 mois
SIFAX FEAT. SOFIANE;MECS DE CITÉS;CAPITOL MUSIC FRANCE / UNIVERSAL MUSIC FRANCE;Singles;Diamant;09/06/2020;29/05/2025;5 ans
NISKA;DU LUNDI AU LUNDI;MILLENIUM / CAPITOL MUSIC FRANCE / UNIVERSAL MUSIC FRANCE;Singles;Diamant;15/07/2019;29/05/2025;5 ans 11 mois
LES FRANGINES;DONNEZ-MOI;JO&CO / BELIEVE;Singles;Diamant;08/03/2019;29/05/2025;6 ans 3 mois
ZOLA;ASTROBOY;AWA / SONY MUSIC ENTERTAINMENT;Singles;Diamant;05/04/2019;29/05/2025;6 ans 2 mois
SZA;KILL BILL;TOP DAWG ENTERTAINMENT/RCA RECORDS / RCA GROUP / SONY MUSIC ENTERTAINMENT;Singles;Diamant;09/12/2022;29/05/2025;2 ans 6 mois
BECKY G FEAT. OMEGA;ARRANCA;KEMOSABE RECORDS / RCA RECORDS / SONY MUSIC ENTERTAINMENT;Singles;Diamant;10/03/2023;29/05/2025;2 ans 3 mois
BILLIE EILISH;"WHAT WAS I MADE FOR? [FROM THE MOTION PICTURE ""BARBIE""]";UNIVERSAL MUSIC / POLYDOR / UNIVERSAL MUSIC FRANCE;Singles;Diamant;13/07/2023;22/05/2025;1 an 10 mois
JOSEPH KAMEL FEAT. JULIEN DORÉ;BEAU;DUCHESS PUBLISHING / SONY MUSIC ENTERTAINMENT;Singles;Diamant;27/10/2023;22/05/2025;1 an 7 mois
LOLA YOUNG;MESSY;UNIVERSAL MUSIC / POLYDOR / UNIVERSAL MUSIC FRANCE;Singles;Diamant;30/05/2024;22/05/2025;11 mois
PLK;DIS-MOI OUI;PANENKA MUSIC / WAGRAM;Singles;Platine;01/03/2018;22/05/2025;7 ans 3 mois
SOPRANO;COEURDONNIER;REC. 118 / WARNER MUSIC FRANCE;Singles;Platine;14/10/2016;22/05/2025;8 ans 8 mois
BEN MAZUE;GAFFE AUX AUTRES;COLUMBIA / SONY MUSIC ENTERTAINMENT;Singles;Platine;06/11/2020;22/05/2025;4 ans 7 mois
DINOS;93 MESURES;SPKTAQLR / CAPITOL MUSIC FRANCE / UNIVERSAL MUSIC FRANCE;Singles;Platine;26/11/2020;22/05/2025;4 ans 6 mois
SDM;#MALENTOURÉ;92I / CAPITOL / UNIVERSAL MUSIC FRANCE;Singles;Platine;02/11/2021;22/05/2025;3 ans 7 mois
L2B FEAT. FRANGLISH;DANS LA CHAMBRE / MONEY;O-VNEE MUSIC - 172 RECORD / BELIEVE;Singles;Platine;17/03/2023;22/05/2025;2 ans 2 mois
REMA;CHARM;MAVIN RECORDS / JONZING WORLD / VIRGIN MUSIC FRANCE / UNIVERSAL MUSIC FRANCE;Singles;Platine;27/04/2023;22/05/2025;2 ans 1 mois
BURNA BOY;CITY BOYS;ATLANTIC US / WEA / WARNER MUSIC FRANCE;Singles;Platine;24/08/2023;22/05/2025;1 an 9 mois
UZI FEAT. JKSN;50G;RPB MUSIC / BELIEVE;Singles;Platine;21/06/2024;22/05/2025;11 mois
STEFFLON DON;16 SHOTS;UNIVERSAL MUSIC / POLYDOR / UNIVERSAL MUSIC FRANCE;Singles;Or;23/05/2017;22/05/2025;8 ans 1 mois
LARRY;CITÉ BLANCHE;GOTHVM RECORDS / SONY MUSIC ENTERTAINMENT;Singles;Or;31/01/2020;22/05/2025;5 ans 4 mois
SAEZ;MON EUROPÉENNE;CINQ 7 / WAGRAM;Singles;Or;22/11/2019;22/05/2025;5 ans 6 mois
AYA NAKAMURA FEAT. DAVIDO;GANG;REC. 118 / WARNER MUSIC FRANCE;Singles;Or;26/10/2018;22/05/2025;6 ans 8 mois
DINOS;DIPTYQUE;SPKTAQLR / CAPITOL MUSIC FRANCE / UNIVERSAL MUSIC FRANCE;Singles;Or;26/11/2020;22/05/2025;4 ans 6 mois
ALPHA WANN;APDL;DON DADA RECORDS / VIRGIN MUSIC FRANCE / UNIVERSAL MUSIC FRANCE;Singles;Or;25/02/2021;22/05/2025;4 ans 3 mois
LANA DEL REY;CHEMTRAILS OVER THE COUNTRY CLUB;POLYDOR / UNIVERSAL MUSIC FRANCE;Singles;Or;11/01/2021;22/05/2025;4 ans 5 mois
SASSO FEAT. JUL;C'EST MA VIE;WLAB / WAGRAM;Singles;Or;09/07/2021;22/05/2025;3 ans 11 mois
FRESH LADOUILLE;EMOTION;ELEKTRA FRANCE / WARNER MUSIC FRANCE;Singles;Or;02/07/2021;22/05/2025;3 ans 11 mois
RIDSA;OLÉ;PLAY TWO / BELIEVE;Singles;Or;24/06/2022;22/05/2025;2 ans 11 mois
SOLANN;ROME;CINQ 7 / WAGRAM;Singles;Or;05/12/2023;22/05/2025;1 an 5 mois
LA PIG CHENILLISTE;LA CHENILLE SYNCHRO (LA CHEU-CHEU);PARLOPHONE / WARNER MUSIC FRANCE;Singles;Or;25/12/2023;22/05/2025;1 an 5 mois
LADY GAGA;DISEASE;UNIVERSAL MUSIC / POLYDOR / UNIVERSAL MUSIC FRANCE;Singles;Or;25/10/2024;22/05/2025;6 mois
SCH;STIGMATES;MAISON BARON ROUGE / WARNER MUSIC FRANCE;Singles;Or;30/10/2024;22/05/2025;6 mois
GIMS;BABY;PLAY TWO / BELIEVE;Singles;Or;22/02/2025;22/05/2025;2 mois
WIZTHEMC, BEES & HONEY;SHOW ME LOVE;BAMBOO ARTISTS	/ SOUNDON;Singles;Or;07/02/2025;22/05/2025;3 mois
HAMZA;MI AMOR;JUST WOKE UP / BELIEVE;Singles;Or;11/05/2015;22/05/2025;10 ans 2 mois
SCH;JVLIVS;REC. 118 / MAISON BARON ROUGE / WARNER MUSIC FRANCE;Albums;Triple Platine;19/10/2018;15/05/2025;6 ans 8 mois
CALYPSO ROSE;ABATINA;BECAUSE MUSIC/ WMI / WARNER MUSIC FRANCE;Singles;Or;11/03/2016;08/05/2025;9 ans 3 mois
RONE;BYE BYE MACADAM;WAGRAM;Singles;Or;18/09/2020;08/05/2025;4 ans 8 mois
STEPHAN EICHER;DÉJEUNER EN PAIX;UMSM / POLYDOR / UNIVERSAL MUSIC FRANCE;Singles;Diamant;01/06/1991;08/05/2025;34 ans 5 mois
EMKAL;EX;HYPER FOCAL / BELIEVE;Singles;Or;23/12/2020;08/05/2025;4 ans 5 mois
SENSEY’ & JOÉ DWÈT FILÉ;HONEY DAMOISEAU;PLAY TWO / BELIEVE;Singles;Or;03/03/2023;08/05/2025;2 ans 2 mois
MADEINPARIS & MAUREEN;AUTO;LABEL BLUE SKY / EPIC / SONY MUSIC ENTERTAINMENT;Singles;Or;22/02/2023;08/05/2025;2 ans 2 mois
LUIDJI;MISKINE;FOUFOUNE PALACE BONJOUR / ISLAND DEF JAM	/ UNIVERSAL MUSIC FRANCE;Singles;Or;22/06/2023;08/05/2025;1 an 10 mois
NINHO;BRANCHÉ SUR SNAP;REC. 118 / JEFE PRODUCTIONS / WARNER MUSIC FRANCE;Singles;Or;30/06/2023;08/05/2025;1 an 10 mois
JUL;SENSATIONS;D'OR ET DE PLATINE / BELIEVE;Singles;Or;24/11/2023;08/05/2025;1 an 5 mois
CENTRAL CEE FEAT. LIL BABY;BAND4BAND;LIVE YOURS / COLUMBIA / ONY MUSIC ENTERTAINMENT;Singles;Or;22/05/2024;08/05/2025;11 mois
LADY GAGA;THE FAME;INTERSCOPE RECORDS	/ POLYDOR / UNIVERSAL MUSIC FRANCE;Albums;Triple Diamant;19/08/2008;08/05/2025;16 ans 11 mois
EMINEM;KAMIKAZE;POLYDOR / UNIVERSAL MUSIC FRANCE;Albums;Platine;31/08/2018;08/05/2025;6 ans 9 mois
ARIANA GRANDE;ETERNAL SUNSHINE;POLYDOR / UNIVERSAL MUSIC FRANCE;Albums;Platine;08/03/2024;08/05/2025;1 an 2 mois
CHILY;5EME CHAMBRE;ARISTA FRANCE / COLUMBIA / SONY MUSIC ENTERTAINMENT;Albums;Or;07/02/2020;08/05/2025;5 ans 3 mois
13 ORGANISÉ;13 ORGANISÉ 2;RIEN 100 RIEN / BELIEVE;Albums;Or;04/10/2024;08/05/2025;7 mois
4KEUS GANG;O'KCLH;MG RECORDS / MODULOR;Singles;Diamant;02/09/2017;08/05/2025;7 ans 9 mois
NÉPAL FEAT. DOUMS;SUGA SUGA;TRIPLE 4 GEAR / IDOL;Singles;Diamant;23/08/2019;08/05/2025;5 ans 9 mois
NINHO;MALCOLM;REC. 118 / MAL LUNE MUSIC	/ WARNER MUSIC FRANCE;Singles;Diamant;21/10/2016;08/05/2025;8 ans 8 mois
XXXTENTACION;HOPE;VIRGIN RECORDS FRANCE / UNIVERSAL MUSIC FRANCE;Singles;Diamant;16/03/2018;08/05/2025;7 ans 3 mois
CHARLOTTE CARDIN;FEEL GOOD;PARLOPHONE / WARNER MUSIC FRANCE;Singles;Diamant;15/09/2023;08/05/2025;1 an 8 mois
HOZIER;TOO SWEET;UNIVERSAL MUSIC / POLYDOR / UNIVERSAL MUSIC FRANCE;Singles;Diamant;22/03/2024;08/05/2025;1 an 1 mois
EMINEM;VENOM;INTERSCOPE RECORDS	/ POLYDOR / UNIVERSAL MUSIC FRANCE;Singles;Platine;31/08/2018;08/05/2025;6 ans 9 mois
TIMAL;VATOS;ELEKTRA FRANCE / WARNER MUSIC FRANCE;Singles;Platine;19/07/2017;08/05/2025;7 ans 11 mois
GRAND CORPS MALADE & SUZANE;PENDANT 24H;ANOUCHE PRODUCTIONS / VIRGIN MUSIC FRANCE / UNIVERSAL MUSIC FRANCE;Singles;Platine;11/09/2020;08/05/2025;4 ans 8 mois
JOSMAN;PEACE, HAINE, LOVE;SIDELINE	/ SONY MUSIC ENTERTAINMENT;Singles;Platine;18/03/2022;08/05/2025;3 ans 2 mois
RIDSA;NOUS DEUX;PLAY TWO / BELIEVE;Singles;Platine;25/11/2022;08/05/2025;2 ans 5 mois
MR. BELT & WEZOL;IT'S NOT RIGHT BUT IT'S OKAY;SONY MUSIC ENTERTAINMENT;Singles;Platine;23/02/2024;08/05/2025;1 an 2 mois
BENSON BOONE;SLOW IT DOWN;NIGHT STREET RECORDS, INC./ WARNER RECORDS INC. / WEA / WARNER MUSIC FRANCE;Singles;Platine;21/03/2024;08/05/2025;1 an 1 mois
INDOCHINE;LE CHANT DES CYGNES;RCA / SONY MUSIC ENTERTAINMENT;Singles;Platine;14/06/2024;08/05/2025;10 mois
ARIANA GRANDE;WE CAN'T BE FRIENDS (WAIT FOR YOUR LOVE);UNIVERSAL MUSIC / POLYDOR / UNIVERSAL MUSIC FRANCE;Singles;Platine;08/03/2024;08/05/2025;1 an 2 mois
JOK'AIR, LINEMA;SENSUALITÉ;PLAY TWO / BELIEVE;Singles;Or;19/11/2021;01/05/2025;3 ans 5 mois
NOODELS;BETE DE MEUF;TEMPS PLEIN MUSIC / BELIEVE;Singles;Or;25/06/2021;01/05/2025;3 ans 10 mois
RAUW ALEJANDRO & CHENCHO CORLEONE;DESESPERADOS;SONY MUSIC LATIN/DUARS ENTERTAINMENT / SONY MUSIC ENTERTAINMENT;Singles;Or;09/12/2021;01/05/2025;3 ans 5 mois
BEYONCE;ALIEN SUPERSTAR;PARKWOOD ENTERTAINMENT / COLUMBIA / SONY MUSIC ENTERTAINMENT;Singles;Or;29/07/2022;01/05/2025;2 ans 9 mois
JOSMAN & SOFIANE PAMART;TULUM, MÉXICO;SIDELINE / SONY MUSIC ENTERTAINMENT;Singles;Or;24/02/2023;01/05/2025;2 ans 2 mois
ALONZO;HASTA LA VISTA;ONLY PRO / SONY MUSIC ENTERTAINMENT;Singles;Or;05/06/2024;01/05/2025;11 mois
THE WEEKND;CRY FOR ME;UNIVERSAL MUSIC / POLYDOR / UNIVERSAL MUSIC FRANCE;Singles;Or;31/01/2025;01/05/2025;3 mois
POMME;LES FAILLES CACHÉES;VIRGIN MUSIC FRANCE / UNIVERSAL MUSIC FRANCE;Albums;Double Platine;01/11/2019;24/04/2025;5 ans 6 mois
CAMILA CABELLO;FAMILIA;EPIC / RCA GROUP / SONY MUSIC ENTERTAINMENT;Albums;Or;07/04/2022;24/04/2025;3 ans 1 mois
CHARLOTTE CARDIN;99 NIGHTS DELUXE;PARLOPHONE / WARNER MUSIC FRANCE;Albums;Or;25/08/2023;24/04/2025;1 an 8 mois
LOÏC NOTTET;MR/MME;RCA GROUP / SONY MUSIC ENTERTAINMENT;Singles;Diamant;20/03/2020;24/04/2025;5 ans 2 mois
ROMÉO ELVIS & LE MOTEL;J'AI VU;ISLAND DEF JAM / UNIVERSAL MUSIC FRANCE;Singles;Diamant;17/03/2017;24/04/2025;8 ans 2 mois
JOK’AIR FEAT. CHILLA & YSEULT;NOS SOUVENIRS;PLAY TWO / BELIEVE;Singles;Diamant;29/03/2019;24/04/2025;6 ans 1 mois
AYA NAKAMURA FEAT. AYRA STARR;HYPÉ;REC.118 / NAKAMURA INDUSTRIE / WARNER MUSIC FRANCE;Singles;Diamant;26/01/2024;24/04/2025;1 an 3 mois
CHORD OVERSTREET;HOLD ON;UNIVERSAL MUSIC / POLYDOR / UNIVERSAL MUSIC FRANCE;Singles;Platine;03/02/2017;24/04/2025;8 ans 4 mois
PANIC! AT THE DISCO;HOUSE OF MEMORIES;DECAYDANCE/FUELED BY RAMEN / WARNER MUSIC FRANCE;Singles;Platine;15/01/2016;24/04/2025;9 ans 4 mois
DJ KAYZ FEAT. NAZA & KEBLACK;COM’DAB;JUSTON 2 / PRESSAGE / WAGRAM;Singles;Platine;03/06/2016;24/04/2025;9 ans
VITAA & SLIMANE;DE L'OR;INDIFFERENCE PROD / CAPITOL MUSIC FRANCE / UNIVERSAL MUSIC FRANCE;Singles;Platine;01/10/2020;24/04/2025;4 ans 7 mois
TAYC FEAT. LETO;RIDE;PLAY TWO / BELIEVE;Singles;Platine;16/10/2020;24/04/2025;4 ans 7 mois
AYA NAKAMURA;FLY;REC. 118 / WARNER MUSIC FRANCE;Singles;Platine;13/11/2020;24/04/2025;4 ans 6 mois
OBOY;YSL;SYNDICATE RECORDS / BELIEVE;Singles;Platine;10/09/2021;24/04/2025;3 ans 8 mois
TIAKOLA;PARAPLUIE;WATI-B / SONY MUSIC ENTERTAINMENT;Singles;Platine;27/05/2022;24/04/2025;2 ans 11 mois
SDM;NOUS DEUX;92I / CAPITOL / UNIVERSAL MUSIC FRANCE;Singles;Platine;02/12/2022;24/04/2025;2 ans 5 mois
SDM FEAT. ZED & SLKRACK;FRANKLIN SAINT;92I / CAPITOL / UNIVERSAL MUSIC FRANCE;Singles;Platine;01/12/2022;24/04/2025;2 ans 5 mois
WERENOI;LOCATION;ALLPOINTS / BELIEVE;Singles;Platine;16/02/2024;24/04/2025;1 an 2 mois
GENEZIO & LA MANO 1.9;EL GEMANO;PLAY TWO / BELIEVE;Singles;Platine;31/07/2024;24/04/2025;8 mois
RONISIA;DOUCEMENT;EPIC / SONY MUSIC ENTERTAINMENT;Singles;Or;22/01/2021;24/04/2025;4 ans 3 mois
LETO;RIHANNA;REC.118 / WINTERFELL / WARNER MUSIC FRANCE;Singles;Or;17/09/2021;24/04/2025;3 ans 7 mois
HORNET LA FRAPPE FEAT. LANDY;KAWASAKI;REC.118 / WINTERFELL / WARNER MUSIC FRANCE;Singles;Or;18/03/2022;24/04/2025;3 ans 1 mois
WERENOI;BALMAIN;PLR MUSIC / PGP RECORDS / ALLPOINTS / BELIEVE;Singles;Or;11/05/2022;24/04/2025;2 ans 11 mois
NIRO;MENS REA;MILLENIUM / CAPITOL MUSIC FRANCE / UNIVERSAL MUSIC FRANCE;Albums;Or;27/04/2018;10/04/2025;7 ans
NEJ;ATHENA;MIEL NOIR / BELIEVE;Albums;Or;06/10/2023;10/04/2025;1 an 6 mois
STRAY KIDS;HOP;VIRGIN MUSIC FRANCE / UNIVERSAL MUSIC FRANCE;Albums;Or;13/12/2024;10/04/2025;3 mois
OBOY;NUIT;SYNDICATE RECORDS / BELIEVE;Singles;Diamant;16/03/2018;10/04/2025;7 ans 2 mois
SCH FEAT. FREEZE CORLEONE;MANNSCHAFT;REC. 118 / WARNER MUSIC FRANCE;Singles;Diamant;19/03/2021;10/04/2025;4 ans 1 mois
JASON DERULO;ACAPULCO;ATLANTIC RECORDS / WEA / WARNER MUSIC FRANCE;Singles;Diamant;03/09/2021;10/04/2025;3 ans 7 mois
MORAD FEAT. JUL;SE GRITA;M.D.L.R / ORCHARD;Singles;Diamant;11/05/2023;10/04/2025;1 an 11 mois
VACRA & PLK;CONFIDENCES;CARTHAGE MUSIC / ARAI MUSIC / UNIVERSAL MUSIC FRANCE;Singles;Diamant;09/05/2024;10/04/2025;11 mois
LETO;J'CROIS QU'ILS ONT PAS COMPRIS;REC.118 / WINTERFELL / WARNER MUSIC FRANCE;Singles;Diamant;19/07/2024;10/04/2025;8 mois
MAËLLE;TOUTES LES MACHINES ONT UN CŒUR;BARCLAY / UNIVERSAL MUSIC FRANCE;Singles;Platine;05/04/2019;10/04/2025;6 ans 1 mois
MALUMA;HAWÁI;SONY MUSIC LATIN / SONY MUSIC ENTERTAINMENT;Singles;Platine;31/07/2020;10/04/2025;4 ans 9 mois
SOUND OF LEGEND;SOME KIND OF KISS;PLAY TWO / BELIEVE;Singles;Platine;24/02/2023;10/04/2025;2 ans 1 mois
MAES FEAT. PLK;4MOTION;OMERTA 47 RECORDS / CAPITOL MUSIC FRANCE / UNIVERSAL MUSIC FRANCE;Singles;Platine;29/02/2024;10/04/2025;1 an 1 mois
JÉRÉMY FREROT;ADIEU;6&7	/ BELIEVE;Singles;Platine;22/04/2024;10/04/2025;11 mois
GIMS;OHMA TOKITA;PLAY TWO / BELIEVE;Singles;Platine;26/09/2024;10/04/2025;6 mois
JUL;JE LÈVE LA MOTO;D'OR ET DE PLATINE / BELIEVE;Singles;Or;16/09/2017;10/04/2025;7 ans 8 mois
JUL;JE TRACE MA ROUTE;D'OR ET DE PLATINE / BELIEVE;Singles;Or;16/09/2017;10/04/2025;7 ans 8 mois
ONEREPUBLIC;RUNAWAY;POLYDOR / UNIVERSAL MUSIC FRANCE;Singles;Platine;26/05/2023;10/04/2025;1 an 10 mois
JUL;SANTCHELITA;D'OR ET DE PLATINE / BELIEVE;Singles;Or;06/12/2019;10/04/2025;5 ans 5 mois
SNEAZZY FEAT. ALPHA WANN, NEKFEU & S.PRI NOIR;ÉTINCELLES;ALLPOINTS / BELIEVE;Singles;Or;06/03/2020;10/04/2025;5 ans 2 mois
LYNA MAHYEM FEAT. IMEN ES;ENVOÛTÉ;NOUVELLE ECOLE / WARNER MUSIC FRANCE;Singles;Or;22/10/2020;10/04/2025;4 ans 6 mois
ZKR;SOURIRE DE MILLIONNAIRE;MORNING GLORY MUSIC / ALL ROAD / ALLPOINTS	BELIEVE;Singles;Or;08/01/2021;10/04/2025;4 ans 3 mois
MIG;HISTOIRE;ADEBIZIK RECORDS & ROYAL MUSIC / CAPITOL MUSIC FRANCE / UNIVERSAL MUSIC FRANCE;Singles;Or;24/06/2021;10/04/2025;3 ans 10 mois
JULIETTE ARMANET;TU ME PLAY;ROMANCE MUSIQUE / UNIVERSAL MUSIC FRANCE;Singles;Or;10/12/2021;10/04/2025;3 ans 4 mois
SDM;RAGNAR;92I / CAPITOL / UNIVERSAL MUSIC FRANCE;Singles;Or;10/11/2022;10/04/2025;2 ans 5 mois
ZOKUSH;BUTIN;AURA MUSIC / VIRGIN RECORDS / UNIVERSAL MUSIC FRANCE;Singles;Or;08/12/2022;10/04/2025;2 ans 4 mois
HOSHI;JE PARTIRAI;JO&CO / BELIEVE;Singles;Or;26/05/2023;10/04/2025;1 an 10 mois
CHARLI XCX FEAT. BILLIE EILISH;GUESS;ATLANTIC RECORDS / WEA / WARNER MUSIC FRANCE;Singles;Or;10/06/2024;10/04/2025;10 mois
YORSSY;RACKS - BOOSKA NOUVELLE ÉCOLE;NETFLIX;Singles;Or;02/08/2024;10/04/2025;8 mois
SDM FEAT. JOSMAN;AFFRANCHIS;92I / CAPITOL / UNIVERSAL MUSIC FRANCE;Singles;Or;26/09/2024;10/04/2025;6 mois
TAYC;ROOM 96;PLAY TWO / BELIEVE;Albums;Or;14/02/2023;27/03/2025;2 ans 1 mois
POST MALONE FEAT. SWAE LEE;SUNFLOWER;UNIVERSAL MUSIC / POLYDOR / UNIVERSAL MUSIC FRANCE;Singles;Diamant;18/10/2018;27/03/2025;6 ans 6 mois
JUL;ASALTO;D'OR ET DE PLATINE / BELIEVE;Singles;Diamant;07/12/2018;27/03/2025;6 ans 4 mois
LAYLOW FEAT. DAMSO;R9R-LINE;DIGITAL MUNDO / SONY MUSIC ENTERTAINMENT;Singles;Diamant;16/07/2021;27/03/2025;3 ans 9 mois
TAYLOR SWIFT;LOOK WHAT YOU MADE ME DO;UNIVERSAL MUSIC / POLYDOR / UNIVERSAL MUSIC FRANCE;Singles;Platine;25/08/2017;27/03/2025;7 ans 8 mois
JUL;INSPI D'AILLEURS;D'OR ET DE PLATINE / BELIEVE;Singles;Platine;15/06/2018;27/03/2025;6 ans 10 mois
LEFA FEAT. SCH;SMILE;2L MUSIC / SONY MUSIC ENTERTAINMENT;Singles;Platine;10/07/2020;27/03/2025;4 ans 9 mois
SCH;BÉNÉFICE;REC. 118 / WARNER MUSIC FRANCE;Singles;Platine;19/10/2018;27/03/2025;6 ans 6 mois
NINHO;M.I.L.S;REC. 118 / MAL LUNE MUSIC	/ WARNER MUSIC FRANCE;Singles;Platine;21/10/2016;27/03/2025;8 ans 6 mois
TIAKOLA;RIRI / NO CAMERA;WATI-B / SONY MUSIC ENTERTAINMENT;Singles;Platine;27/05/2022;27/03/2025;2 ans 10 mois
SHABOOZEY;A BAR SONG (TIPSY);AMERICAN DOGWOOD / EMPIRE;Singles;Platine;12/04/2024;27/03/2025;11 mois
TAYLOR SWIFT;AUGUST;UNIVERSAL MUSIC / POLYDOR / UNIVERSAL MUSIC FRANCE;Singles;Or;24/07/2020;27/03/2025;4 ans 8 mois
CHICO ROSE FEAT. AFROJACK;SAD;SPINNIN' REMIXES / WARNER MUSIC FRANCE;Singles;Or;30/08/2019;27/03/2025;5 ans 7 mois
JUL;FAUT QUE JE ME TIRE DE LÀ;D'OR ET DE PLATINE / BELIEVE;Singles;Or;06/12/2019;27/03/2025;5 ans 4 mois
4KEUS;AMERICAN GIRL;WATI-B / RCA / SONY MUSIC ENTERTAINMENT;Singles;Or;28/09/2018;27/03/2025;6 ans 7 mois
POST MALONE FEAT. THE WEEKND;ONE RIGHT NOW;UNIVERSAL MUSIC / POLYDOR / UNIVERSAL MUSIC FRANCE;Singles;Or;05/11/2021;27/03/2025;3 ans 5 mois
NEJ;INDOMPTABLE;MIEL NOIR / BELIEVE;Singles;Or;13/12/2019;27/03/2025;5 ans 4 mois
JASON DERULO FEAT. DIDO;WHEN LOVE SUCKS;ATLANTIC RECORDS / WEA / WARNER MUSIC FRANCE;Singles;Or;18/05/2023;27/03/2025;1 an 10 mois
FRANGLISH;SI T'ES PAS LÀ;CAPITOL MUSIC FRANCE / UNIVERSAL MUSIC FRANCE;Singles;Or;25/01/2024;27/03/2025;1 an 2 mois
BOLÉMVN & JUNGELI;ON Y VA;PLAY TWO / BELIEVE;Singles;Or;26/04/2024;27/03/2025;11 mois
LA TRAINE, DJ SAD FEAT. PITROIPA & NINOCESS;IL EST MARIÉ;JUSTON 2 / PRESSAGE / WAGRAM;Singles;Or;16/05/2024;27/03/2025;10 mois
DENDEN;ILS SE DEMANDENT;Y&W / AURA MUSIC / VIRGIN RECORDS / UNIVERSAL MUSIC FRANCE;Singles;Or;28/10/2024;27/03/2025;5 mois
THE BLACK EYED PEAS;SHUT UP;UNIVERSAL MUSIC / POLYDOR / UNIVERSAL MUSIC FRANCE;Singles;Platine;13/01/2004;27/03/2025;21 ans 6 mois
BILLIE EILISH;NO TIME TO DIE;UNIVERSAL MUSIC / POLYDOR / UNIVERSAL MUSIC FRANCE;Singles;Platine;14/02/2020;20/03/2025;5 ans 2 mois
NINHO;BINKS TO BINKS 6;REC. 118 / MAL LUNE MUSIC	/ WARNER MUSIC FRANCE;Singles;Platine;01/01/2019;20/03/2025;6 ans 3 mois
NISKA;SNAPCHAT;MILLENIUM / CAPITOL MUSIC FRANCE / UNIVERSAL MUSIC FRANCE;Singles;Platine;22/09/2017;20/03/2025;7 ans 7 mois
MANUEL TURIZO;LA BACHATA;SONY MUSIC LATIN/LA INDUSTRIA / SONY MUSIC ENTERTAINMENT;Singles;Platine;26/05/2022;20/03/2025;2 ans 10 mois
AMK;MALYA;BLOOD BROTHER'S RECORDS / CAPITOL MUSIC FRANCE / UNIVERSAL MUSIC FRANCE;Singles;Platine;27/05/2022;20/03/2025;2 ans 10 mois
COEUR DE PIRATE, ARTHUR H & MARC LAVOINE;VIVRE OU NE PAS VIVRE;BARCLAY / LABEL PANTHEON / UNIVERSAL MUSIC FRANCE;Singles;Or;02/06/2016;20/03/2025;8 ans 11 mois
ARCADIAN;LES SABLES ÉMOUVANTS;DECCA RECORDS FRANCE / UNIVERSAL MUSIC FRANCE;Singles;Or;13/10/2017;20/03/2025;7 ans 6 mois
PURPLE DISCO MACHINE & KUNGS FEAT. JULIAN PERRETTA;SUBSTITUTION;ISLAND DEF JAM / UNIVERSAL MUSIC FRANCE;Singles;Diamant;30/03/2023;13/03/2025;1 an 11 mois
AMIR;ÉTATS D'AMOUR;PARLOPHONE / WARNER MUSIC FRANCE;Singles;Platine;25/08/2017;13/03/2025;7 ans 7 mois
MOHA LA SQUALE;SANTA MONICA;ELEKTRA FRANCE / WARNER MUSIC FRANCE;Singles;Platine;04/11/2019;13/03/2025;5 ans 5 mois
NINHO FEAT. ALONZO;CE SOIR;REC. 118 / MAL LUNE MUSIC	/ WARNER MUSIC FRANCE;Singles;Platine;08/09/2017;13/03/2025;7 ans 7 mois
POP SMOKE FEAT. A BOOGIE WIT DA HOODIE;HELLO;UNIVERSAL MUSIC / POLYDOR / UNIVERSAL MUSIC FRANCE;Singles;Platine;20/07/2020;13/03/2025;4 ans 8 mois
MISTER V FEAT. DOSSEH;GANG;HEY PELO / BELIEVE;Singles;Platine;31/01/2020;13/03/2025;5 ans 2 mois
LOST FREQUENCIES;RISE;EPIC AMSTERDAM / SONY MUSIC ENTERTAINMENT;Singles;Platine;19/03/2021;13/03/2025;4 ans
DERTAY;MA CAME;MAISON MASSENA / VIRGIN RECORDS FRANCE / UNIVERSAL MUSIC FRANCE;Singles;Platine;09/12/2022;13/03/2025;2 ans 3 mois
HAMZA;AU BOUT DE LA NUIT;JUST WOKE UP / ADA FRANCE	/WARNER MUSIC FRANCE;Singles;Platine;17/02/2023;13/03/2025;2 ans 1 mois
LOREEN;IS IT LOVE;POLYDOR / UNIVERSAL MUSIC FRANCE;Singles;Platine;13/10/2023;13/03/2025;1 an 5 mois
KATY PERRY;HARLEYS IN HAWAII;UNIVERSAL MUSIC / POLYDOR / UNIVERSAL MUSIC FRANCE;Singles;Or;16/10/2019;13/03/2025;5 ans 5 mois
LIVAÏ;QUELQU'UN DE BIEN;MAISON D'ARTEAST / BELIEVE;Singles;Or;03/07/2020;13/03/2025;4 ans 9 mois
LORENZO FEAT. JEAN DUJARDIN & VLADIMIR CAUCHEMAR;LE DARON;MFC / ROMANCE MUSIQUE / UNIVERSAL MUSIC FRANCE;Singles;Or;02/12/2022;13/03/2025;2 ans 3 mois
ZOLA;NOCHEY;AWA / SONY MUSIC ENTERTAINMENT;Singles;Or;17/03/2023;13/03/2025;2 ans
CHRIS BROWN;ANGEL NUMBERS / TEN TOES;CHRIS BROWN ENTERTAINMENT/RCA RECORDS / SONY MUSIC ENTERTAINMENT;Singles;Or;09/11/2023;13/03/2025;1 an 4 mois
ZOLA & KOBA LAD;ALLER SANS RETOUR;TRUTH RECORDS / AWA / BMF	SONY MUSIC ENTERTAINMENT;Singles;Or;08/12/2023;13/03/2025;1 an 3 mois
STYLETO;FAUT QUE TU M'AIMES;COLUMBIA / SONY MUSIC ENTERTAINMENT;Singles;Or;15/03/2024;13/03/2025;1 an
VEN1;SD NIGHT;NOUVO MONDE / WARNER MUSIC FRANCE;Singles;Or;19/07/2024;13/03/2025;7 mois
JUL FEAT. FRANCÈ ZITO;CAPATA;D'OR ET DE PLATINE / BELIEVE;Singles;Or;06/12/2024;13/03/2025;3 mois
SDM;OCHO;92I / CAPITOL / UNIVERSAL MUSIC FRANCE;Albums;Triple Platine;09/04/2021;06/03/2025;3 ans 11 mois
TIMAL;TROP CHAUD;ELEKTRA FRANCE / WARNER MUSIC FRANCE;Albums;Double Platine;27/04/2018;06/03/2025;6 ans 11 mois
IBRAHIM MAALOUF;40 MELODIES;MISTER IBÉ/SONY ATV/MUSIC PUBLISHING / MISTER IBE;Albums;Or;06/11/2020;06/03/2025;4 ans 4 mois
NUIT INCOLORE;LA LOI DU PAPILLON;CINQ 7 / WAGRAM;Albums;Or;10/11/2023;06/03/2025;1 an 4 mois
ZKR;MODE OPÉRATOIRE, VOL. 1;ALL ROAD PROD / MORNING GLORY MUSIC / BELIEVE;Albums;Or;02/02/2024;06/03/2025;1 an 1 mois
CHARLI XCX;BRAT;ATLANTIC RECORDS / WEA / WARNER MUSIC FRANCE;Albums;Or;07/06/2024;06/03/2025;9 mois
TYLER, THE CREATOR;IGOR;COLUMBIA / SONY MUSIC ENTERTAINMENT;Albums;Platine;17/05/2019;06/03/2025;5 ans 10 mois
DTF;LA HASS AVANT LE BONHEUR;DTF / BELIEVE;Albums;Platine;18/03/2016;06/03/2025;9 ans 1 mois
KOBA LAD;LA C;MILLENIUM / CAPITOL MUSIC FRANCE / UNIVERSAL MUSIC FRANCE;Singles;Diamant;16/08/2018;06/03/2025;6 ans 7 mois
OBOY;MÉLODIE;SYNDICATE RECORDS / BELIEVE;Singles;Diamant;03/07/2020;06/03/2025;4 ans 8 mois
DAMSO & KALASH;ALPHA;TRENTE-QUATRE CENTIMES;Singles;Diamant;15/11/2024;06/03/2025;3 mois
CHRISTOPHE MAE;LA PARISIENNE;WARNER / CATALOGUE MARKETING CLASSIQUE / WARNER MUSIC FRANCE;Singles;Or;13/05/2016;27/02/2025;8 ans 11 mois
DJ LESKA, BOLÉMVN, VEGEDREAM;GHENDA;KELANIGHT / 312 RECORDS / BELIEVE;Singles;Or;23/06/2021;27/02/2025;3 ans 8 mois
SDM;KEUR NWAR;92I / CAPITOL / UNIVERSAL MUSIC FRANCE;Singles;Or;26/05/2021;27/02/2025;3 ans 9 mois
GROS MO & NEKFEU;PARADIS ARTIFICIEL;AKKA CRÉATIONS / PIAS FRANCE / INTEGRAL PIAS;Singles;Or;06/05/2022;27/02/2025;2 ans 10 mois
MÅNESKIN;HONEY (ARE U COMING?);EPIC / SONY MUSIC ENTERTAINMENT;Singles;Or;01/09/2023;27/02/2025;1 an 6 mois
NIAKS;A LAS SEIS;BYLKA PROD / WARNER MUSIC FRANCE;Singles;Or;29/09/2023;27/02/2025;1 an 5 mois
GAZO & TIAKOLA;24/34;BSB PROD / M3LO WORLD / WATI B / SONY MUSIC ENTERTAINMENT;Singles;Or;01/12/2023;27/02/2025;1 an 3 mois
JYEUHAIR;PEACE - NOUVELLE ÉCOLE;NETFLIX;Singles;Or;12/07/2024;27/02/2025;7 mois
KEBLACK FEAT. SDM;BOULOT;MOTEMA RECORDS / BELIEVE;Singles;Or;22/11/2024;27/02/2025;3 mois
MELODY GARDOT;SUNSET IN THE BLUE;DECCA RECORDS FRANCE / UNIVERSAL MUSIC FRANCE;Albums;Platine;23/10/2020;20/02/2025;4 ans 4 mois
PITBULL;GREATEST HITS;MR.305/POLO GROUNDS MUSIC/RCA RECORDS	 / SONY MUSIC ENTERTAINMENT;Albums;Platine;01/12/2017;20/02/2025;7 ans 3 mois
KORE;EN PASSANT PÉCHO (BANDE ORIGINALE INSPIRÉE DU FILM);AWA/RCA / SONY MUSIC ENTERTAINMENT;Albums;Platine;12/03/2021;20/02/2025;4 ans
GAZO;APOCALYPSE;BSB PROD / SONY MUSIC ENTERTAINMENT;Albums;Platine;29/11/2024;20/02/2025;2 mois
LETO;VIRUS: AVANT L'ALBUM;REC. 118 / WARNER MUSIC FRANCE;Albums;Or;17/04/2020;20/02/2025;4 ans 11 mois
TYLER, THE CREATOR;CALL ME IF YOU GET LOST;COLUMBIA / SONY MUSIC ENTERTAINMENT;Albums;Or;25/06/2021;20/02/2025;3 ans 8 mois
OMAH LAY;BOY ALONE;KEYQAAD/SIRE RECORDS / WEA / WARNER MUSIC FRANCE;Albums;Or;14/07/2022;20/02/2025;2 ans 7 mois
NOUVELLE ÉCOLE;NOUVELLE ÉCOLE | SAISON 3 | L'ALBUM INTÉGRAL (SÉRIE NETFLIX);NETFLIX;Albums;Or;06/09/2024;20/02/2025;5 mois
NINHO;PARIS C'EST MAGIQUE;REC. 118 / WARNER MUSIC FRANCE;Singles;Diamant;21/03/2019;20/02/2025;6 ans
BARBARA PRAVI;VOILÀ;VIRGIN MUSIC FRANCE / UNIVERSAL MUSIC FRANCE;Singles;Diamant;06/11/2020;20/02/2025;4 ans 4 mois
SASSO FEAT. KAZA;ELLE VEUT;CONSTELLATION / WLAB / WAGRAM;Singles;Diamant;09/07/2021;20/02/2025;3 ans 8 mois
ROSÉ & BRUNO MARS;APT.;ATLANTIC RECORDS / WEA / WARNER MUSIC FRANCE;Singles;Diamant;18/10/2024;20/02/2025;4 mois
KENDRICK LAMAR;DNA.;UNIVERSAL MUSIC / POLYDOR / UNIVERSAL MUSIC FRANCE;Singles;Platine;14/04/2017;20/02/2025;7 ans 11 mois
METRO BOOMIN FEAT. GUNNA;SPACE CADET;UNIVERSAL MUSIC / POLYDOR / UNIVERSAL MUSIC FRANCE;Singles;Platine;02/11/2018;20/02/2025;6 ans 4 mois
KHALID;BETTER;RIGHT HAND MUSIC GROUP, LLC/RCA RECORDS / SONY MUSIC ENTERTAINMENT;Singles;Platine;13/09/2018;20/02/2025;6 ans 6 mois
CLAUDIO CAPÉO;PLUS HAUT;JO&CO / BELIEVE;Singles;Platine;07/12/2018;20/02/2025;6 ans 3 mois
TIMAL;COPILOTE;ELEKTRA FRANCE / WARNER MUSIC FRANCE;Singles;Platine;28/02/2020;20/02/2025;5 ans
ANGÈLE;FLEMME;SAÏMIRI / ROMANCE MUSIQUE / UNIVERSAL MUSIC FRANCE;Singles;Platine;05/10/2018;20/02/2025;6 ans 5 mois
SAM SMITH;DIAMONDS;UNIVERSAL MUSIC / POLYDOR / UNIVERSAL MUSIC FRANCE;Singles;Platine;17/09/2020;20/02/2025;4 ans 5 mois
SDM;JACQUE*** BAG;92I / CAPITOL / UNIVERSAL MUSIC FRANCE;Singles;Platine;01/12/2022;20/02/2025;2 ans 3 mois
VIANNEY, KENDJI GIRAC, SOPRANO;JE SUIS FOU;TÔT OU TARD / BELIEVE;Singles;Platine;09/11/2023;20/02/2025;1 an 3 mois
JOK'AIR;BIG DADDY JOK;ARISTA FRANCE / SONY MUSIC ENTERTAINMENT;Singles;Or;24/02/2017;13/02/2025;8 ans 1 mois
VIDEOCLUB;EN NUIT;PETIT LION PRODUCTIONS / SONY MUSIC ENTERTAINMENT;Singles;Or;19/06/2019;13/02/2025;5 ans 8 mois
4KEUS;FOCUS;WATI-B / SONY MUSIC ENTERTAINMENT;Singles;Or;03/01/2020;13/02/2025;5 ans 2 mois
BURNA BOY;ANYBODY;BAD HABIT/ON A SPACESHIP/ATLANTIC / WARNER MUSIC FRANCE;Singles;Or;14/06/2019;13/02/2025;5 ans 9 mois
JAHYANAI;DWEET SO;SMART / RCA GROUP / SONY MUSIC ENTERTAINMENT;Singles;Or;13/07/2018;13/02/2025;6 ans 8 mois
PLK FEAT. MAES;CARTELO;PANENKA MUSIC / WAGRAM;Singles;Or;13/09/2019;13/02/2025;5 ans 6 mois
ANGÈLE;INSOMNIES;SAIMIRI / ROMANCE MUSIQUE / UNIVERSAL MUSIC FRANCE;Singles;Or;07/11/2019;13/02/2025;5 ans 4 mois
CARDI B;UP;ATLANTIC RECORDS / WEA / WARNER MUSIC FRANCE;Singles;Or;05/02/2021;13/02/2025;4 ans
AYA NAKAMURA;VIP;REC. 118 / WARNER MUSIC FRANCE;Singles;Or;21/09/2022;13/02/2025;2 ans 5 mois
TAYLOR SWIFT;LAVENDER HAZE;UNIVERSAL MUSIC / POLYDOR / UNIVERSAL MUSIC FRANCE;Singles;Or;21/10/2022;13/02/2025;2 ans 4 mois
NEW WEST;THOSE EYES;UNIVERSAL MUSIC / POLYDOR / UNIVERSAL MUSIC FRANCE;Singles;Or;06/01/2023;13/02/2025;2 ans 1 mois
METRO BOOMIN, A$AP ROCKY & ROISEE;AM I DREAMING;UNIVERSAL MUSIC / POLYDOR / UNIVERSAL MUSIC FRANCE;Singles;Or;02/06/2023;13/02/2025;1 an 8 mois
JUL FEAT. VACRA;COCO;D'OR ET DE PLATINE / BELIEVE;Singles;Or;09/06/2023;13/02/2025;1 an 8 mois
RSKO & IDS;BOOM BOOM;ELEKTRA FRANCE / WARNER MUSIC FRANCE;Singles;Or;22/02/2024;13/02/2025;11 mois
JUL;BB;D'OR ET DE PLATINE / BELIEVE;Singles;Or;07/06/2024;13/02/2025;8 mois
KENDJI GIRAC;ELLE M'A AIMÉ;MERCURY / BARLCAY / UNIVERSAL MUSIC FRANCE;Singles;Platine;25/08/2014;06/02/2025;10 ans 7 mois
JUICE WRLD;LEGENDS NEVER DIE;UNIVERSAL MUSIC / POLYDOR / UNIVERSAL MUSIC FRANCE;Albums;Or;10/07/2020;06/02/2025;4 ans 7 mois
LYNDA;UN PEU DE MOI;BMG RIGHTS MANAGEMENT / UNIVERSAL MUSIC FRANCE;Albums;Or;28/04/2023;06/02/2025;1 an 9 mois
LETO;TRAP$TAR 3;REC.118 / WINTERFELL / WARNER MUSIC FRANCE;Albums;Or;20/10/2023;06/02/2025;1 an 3 mois
BILLIE EILISH;HAPPIER THAN EVER;INTERSCOPE RECORDS	/ POLYDOR / UNIVERSAL MUSIC FRANCE;Albums;Double Platine;30/07/2021;06/02/2025;3 ans 6 mois
JUL;C'EST QUAND QU'IL S'ÉTEINT ?;D'OR ET DE PLATINE / BELIEVE;Albums;Double Platine;09/06/2023;06/02/2025;1 an 8 mois
SHAKA PONK;SHAKA PONK;TÔT OU TARD / BELIEVE;Albums;Platine;16/06/2023;06/02/2025;1 an 8 mois
JUL;INARRÊTABLE;D'OR ET DE PLATINE / BELIEVE;Albums;Platine;06/12/2024;06/02/2025;2 mois
TOM GREGORY;FINGERTIPS;B1 / SONY MUSIC ENTERTAINMENT;Singles;Diamant;22/01/2020;06/02/2025;5 ans 1 mois
JUL;BWO;D'OR ET DE PLATINE / BELIEVE;Singles;Diamant;29/06/2018;06/02/2025;6 ans 8 mois
JOSMAN;AU BOUT;CHOKE INDUSTRY / WAGRAM;Singles;Diamant;09/06/2017;06/02/2025;7 ans 9 mois
DINOS;HELSINKI;SPKTAQLR / BECAUSE;Singles;Diamant;27/04/2018;06/02/2025;6 ans 10 mois
KENDJI GIRAC FEAT. DADJU;DANS MES BRAS;ISLAND DEF JAM / UNIVERSAL MUSIC FRANCE;Singles;Diamant;08/10/2020;06/02/2025;4 ans 4 mois
ACRAZE;DO IT TO IT;UNIVERSAL MUSIC / POLYDOR / UNIVERSAL MUSIC FRANCE;Singles;Diamant;20/08/2021;06/02/2025;3 ans 6 mois
LADY GAGA;HOLD MY HAND;POLYDOR / UNIVERSAL MUSIC FRANCE;Singles;Diamant;03/05/2022;06/02/2025;2 ans 9 mois
WERENOI;GRISAILLE;PLR MUSIC / PGP RECORDS / ALLPOINTS / BELIEVE;Singles;Platine;10/03/2023;30/01/2025;1 an 11 mois
GIMS;CIEL;PLAY TWO / BELIEVE;Singles;Platine;18/10/2024;30/01/2025;3 mois
KAARIS;NRV;VIRGIN MUSIC FRANCE / UNIVERSAL MUSIC FRANCE;Singles;Or;30/07/2020;30/01/2025;4 ans 6 mois
L'ALGERINO;INTERNATIONAL;ONLY PRO / VIRGIN MUSIC FRANCE / UNIVERSAL MUSIC FRANCE;Singles;Or;16/06/2018;30/01/2025;6 ans 8 mois
JOÉ DWET FILÉ;#TPM;DF EMPIRE / CAPITOL / BENDO / UNIVERSAL MUSIC FRANCE;Singles;Or;11/04/2018;30/01/2025;6 ans 10 mois
LE CLUB;BALOTELLI;LE CLUB / BELIEVE;Singles;Or;19/04/2017;30/01/2025;7 ans 10 mois
PNL;TAHIA;QLF RECORDS / BELIEVE;Singles;Or;19/07/2019;30/01/2025;5 ans 7 mois
HAMZA;HENNY ME NOIE;REC. 118 / WARNER MUSIC FRANCE;Singles;Or;01/03/2019;30/01/2025;6 ans
NAPS;MA BELLA;OK MANY INDUSTRIE / 13EME ART / BELIEVE;Singles;Or;01/06/2018;30/01/2025;6 ans 9 mois
DADJU;MA WOMAN;AMATERASU PROD / CAPITOL / UNIVERSAL MUSIC FRANCE;Singles;Or;17/11/2019;30/01/2025;5 ans 3 mois
THE PAPER KITES;BLOOM;NETTWERK RECORDS / WARNER / WARNER MUSIC FRANCE;Singles;Or;28/03/2017;30/01/2025;7 ans 11 mois
LUTHER;BLAKE & MORTIMER;SUBLIME / SONY MUSIC ENTERTAINMENT;Singles;Or;23/03/2022;30/01/2025;2 ans 10 mois
BAD BUNNY FEAT. BOMBA ESTÉREO;OJITOS LINDOS;RIMAS ENTERTAINMENT LLC / ORCHARD;Singles;Or;06/05/2022;30/01/2025;2 ans 9 mois
JUL;COURTOISIE;D'OR ET DE PLATINE / BELIEVE;Singles;Or;03/06/2022;30/01/2025;2 ans 8 mois
KERCHAK;BLUE;LABEL BLUE SKY / SONY MUSIC ENTERTAINMENT;Singles;Or;11/07/2022;30/01/2025;2 ans 7 mois
KYGO FEAT. ZAK ABEL & NILE RODGERS;FOR LIFE;KYGO / RCA / SONY MUSIC ENTERTAINMENT;Singles;Or;18/04/2024;30/01/2025;9 mois
PONKO FEAT. HAMZA;MES LOVÉS;TREZ RECORDZ / JUST WOKE UP / BELIEVE;Singles;Or;21/06/2024;30/01/2025;7 mois
RIDSA;ROSA;PLAY TWO / BELIEVE;Singles;Or;27/01/2023;30/01/2025;2 ans
CASSEURS FLOWTERS;ORELSAN & GRINGE SONT LES CASSEURS FLOWTERS;3EME BUREAU / WAGRAM;Albums;Double Platine;18/11/2013;30/01/2025;11 ans 4 mois
HOSHI;CŒUR PARAPLUIE;JO&CO / BELIEVE;Albums;Platine;01/09/2023;23/01/2025;1 an 5 mois
SOFIANE PAMART;NOCHE;88 TOUCHES / DEMAIN / [PIAS];Albums;Or;20/10/2023;23/01/2025;1 an 3 mois
ALAN WALKER;DIFFERENT WORLD;KREATELL MUSIC / RCA / SONY MUSIC ENTERTAINMENT;Albums;Or;14/12/2018;23/01/2025;6 ans 2 mois
AMEL BENT FEAT. IMEN ÈS;JUSQU'AU BOUT;VVS ONE /INDIFFERENCE /CAPITOL / UNIVERSAL MUSIC FRANCE;Singles;Diamant;11/06/2020;23/01/2025;4 ans 8 mois
LACRIM FEAT. BOOBA;OH BAH OUI;CAPITOL MUSIC FRANCE / UNIVERSAL MUSIC FRANCE;Singles;Diamant;31/03/2017;23/01/2025;7 ans 11 mois
POLO & PAN;CANOPÉE;VIRGIN MUSIC FRANCE / UNIVERSAL MUSIC FRANCE;Singles;Diamant;10/06/2016;23/01/2025;8 ans 8 mois
WERENOI;TELEGRAM 2;PLR MUSIC / PGP RECORDS / ALLPOINTS / BELIEVE;Albums;Platine;22/09/2023;23/01/2025;1 an 4 mois
LAYLOW;VENT DE L'EST;DIGITAL MUNDO / BELIEVE;Singles;Diamant;07/12/2018;23/01/2025;6 ans 2 mois
HOSHI;ET MÊME APRÈS JE T'AIMERAI;JO&CO / BELIEVE;Singles;Diamant;29/01/2021;23/01/2025;4 ans
LADY GAGA & BRUNO MARS;DIE WITH A SMILE;UNIVERSAL MUSIC / POLYDOR / UNIVERSAL MUSIC FRANCE;Singles;Diamant;16/08/2024;23/01/2025;5 mois
DADJU;TROUVEZ-LA MOI;AMATERASU PROD / CAPITOL / UNIVERSAL MUSIC FRANCE;Singles;Platine;24/11/2017;23/01/2025;7 ans 3 mois
2TH FEAT. ODETTO;TCHIN TCHIN;APOLLO SOUND / BELIEVE;Singles;Or;11/09/2020;16/01/2025;4 ans 4 mois
JUL FEAT. NAPS;GUYTOUNE;D'OR ET DE PLATINE / BELIEVE;Singles;Or;18/12/2020;16/01/2025;4 ans 1 mois
DRAKE FEAT. LIL BABY;GIRLS WANT GIRLS;UNIVERSAL MUSIC / POLYDOR / UNIVERSAL MUSIC FRANCE;Singles;Or;03/09/2021;16/01/2025;3 ans 5 mois
BAD BUNNY;MOSCOW MULE;RIMAS ENTERTAINMENT LLC / ORCHARD;Singles;Or;06/05/2022;16/01/2025;2 ans 8 mois
PLK FEAT. VACRA;CHOUCHOU;PANENKA MUSIC / WAGRAM;Singles;Or;01/02/2024;16/01/2025;11 mois
WERENOI FEAT. MAES & SCH;LA VIE DE STAR;ALLPOINTS / BELIEVE;Singles;Or;16/02/2024;16/01/2025;11 mois
LACRIM FEAT. SDM;COLISÉE;PLATA O PLOMO RECORDS / SONY MUSIC ENTERTAINMENT;Singles;Or;17/05/2024;16/01/2025;8 mois
CLAUDIO CAPÉO;PENSO A TE;JO&CO / BELIEVE;Albums;Double Platine;27/11/2020;09/01/2025;4 ans 2 mois
DA UZI;MEXICO;REC. 118 / VRAI2VRAI PRODUCTION / WARNER MUSIC FRANCE;Albums;Platine;18/01/2019;09/01/2025;6 ans
SZA;SOS;TOP DAWG ENTERTAINMENT/RCA RECORDS / SONY MUSIC ENTERTAINMENT;Albums;Platine;08/12/2022;09/01/2025;2 ans 1 mois
BOOBA;AD VITAM ÆTERNAM;TALLAC RECORDS / CAPITOL MUSIC FRANCE / UNIVERSAL MUSIC FRANCE;Albums;Platine;08/02/2024;09/01/2025;11 mois
ISK;VÉRITÉ;VIRGIN MUSIC FRANCE / UNIVERSAL MUSIC FRANCE;Albums;Or;28/05/2021;09/01/2025;3 ans 8 mois
MAJOR LAZER;MAJOR LAZER ESSENTIALS;THIRD PARDEE RECORDS / BECAUSE;Albums;Or;19/10/2018;09/01/2025;6 ans 3 mois
JOSEPH KAMEL;MIROIRS;COLUMBIA / SONY MUSIC ENTERTAINMENT;Albums;Or;27/10/2023;09/01/2025;1 an 2 mois
RSKO;MEMORY;ELEKTRA FRANCE / WARNER MUSIC FRANCE;Singles;Or;03/11/2023;09/01/2025;1 an 2 mois
ZAMDANE;SOLSAD;AFFAMES RECORDS / CAPITOL / BENDO / UNIVERSAL MUSIC FRANCE;Albums;Or;22/02/2024;09/01/2025;10 mois
NISKA;W.L.G;MILLENIUM / CAPITOL MUSIC FRANCE / UNIVERSAL MUSIC FRANCE;Singles;Diamant;09/08/2018;09/01/2025;6 ans 6 mois
SANTA;RECOMMENCE-MOI;999 PRODUCTIONS / PARLOPHONE / WARNER MUSIC FRANCE;Singles;Diamant;22/03/2024;09/01/2025;9 mois
DAVID GUETTA & ONEREPUBLIC;I DON'T WANNA WAIT;PARLOPHONE	/ WARNER MUSIC FRANCE;Singles;Diamant;05/04/2024;09/01/2025;9 mois
VEN1;HAKAYET;NOUVO MONDE / WARNER MUSIC FRANCE;Singles;Diamant;20/11/2023;09/01/2025;1 an 1 mois
TAYC;C'EST LUI;H24 / ISLAND DEF JAM / BENDO / UNIVERSAL MUSIC FRANCE;Singles;Platine;21/06/2019;09/01/2025;5 ans 7 mois
EVA;JAZZ;AYVI PRODUCTION / CARTHAGE MUSIC / UNIVERSAL MUSIC FRANCE;Singles;Platine;05/07/2019;09/01/2025;5 ans 7 mois
LABRINTH;STILL DON'T KNOW MY NAME;MILAN / SONY MUSIC CLASSIQUE ET JAZZ / SONY MUSIC ENTERTAINMENT;Singles;Platine;04/10/2019;09/01/2025;5 ans 4 mois
JOÉ DWÈT FILÉ;4 KAMPÉ;PLAY TWO / BELIEVE;Singles;Platine;25/10/2024;09/01/2025;2 mois
KANYE WEST;FADE;UNIVERSAL MUSIC / POLYDOR / UNIVERSAL MUSIC FRANCE;Singles;Or;01/04/2016;09/01/2025;8 ans 10 mois
ANITTA & J BALVIN;DOWNTOWN;WM BRAZIL / WARNER MUSIC FRANCE;Singles;Or;19/11/2017;09/01/2025;7 ans 2 mois
DINOS;LES PLEURS DU MAL;SPKTAQLR / BECAUSE;Singles;Or;30/03/2018;09/01/2025;6 ans 10 mois
GIMS;GUNSHOT;PLAY TWO / SONY MUSIC ENTERTAINMENT;Singles;Or;23/03/2018;09/01/2025;6 ans 10 mois
MULTI INTERPRÈTES;JE TE CHERCHE;WALT DISNEY RECORDS/POLYDOR/UNIVERSAL MUSIC FRANCE;Singles;Or;15/11/2019;09/01/2025;5 ans 2 mois
ALPHA WANN, 3010 & NEKFEU;3095 PT2;DON DADA RECORDS	/ CARTHAGE MUSIC / IDOL;Singles;Or;18/12/2020;09/01/2025;4 ans 1 mois
TAYLOR SWIFT;WILDEST DREAMS (TAYLOR'S VERSION);UNIVERSAL MUSIC / POLYDOR / UNIVERSAL MUSIC FRANCE;Singles;Platine;27/10/2014;26/12/2024;10 ans 3 mois
SOPRANO;L'EVEREST;REC. 118 / WARNER MUSIC FRANCE;Albums;Double Diamant;14/10/2016;26/12/2024;8 ans 3 mois
PLK;POLAK;PANENKA MUSIC / WAGRAM;Albums;Triple Platine;05/10/2018;26/12/2024;6 ans 3 mois
LACRIM;PERSONA NON GRATA;PLATA O PLOMO RECORDS / CAPITOL MUSIC FRANCE / UNIVERSAL MUSIC FRANCE;Albums;Platine;10/12/2021;26/12/2024;3 ans 1 mois
JULIEN DORÉ;IMPOSTEUR;COLUMBIA / SONY MUSIC ENTERTAINMENT;Albums;Platine;08/11/2024;26/12/2024;1 mois
CHARLES AZNAVOUR;SES PLUS BELLES CHANSONS;BARCLAY / LABEL PANTHEON / UNIVERSAL MUSIC FRANCE;Albums;Or;18/05/2018;26/12/2024;6 ans 8 mois
ART DE RUE;ART DE RUE;URBAN STREET / BECAUSE MUSIC;Albums;Or;30/10/2020;26/12/2024;4 ans 2 mois
ZAMDANE;COULEUR DE MA PEINE;BLACK PALLADIUM MUSIC / CAPITOL / BENDO / UNIVERSAL MUSIC FRANCE;Albums;Or;24/02/2022;26/12/2024;2 ans 10 mois
TIF;1.6;HOUMA SWEET HOUMA / ADA MUSIC FRANCE / WARNER MUSIC FRANCE;Albums;Or;10/03/2023;26/12/2024;1 an 9 mois
PATRICK FIORI;LE CHANT EST LIBRE;RCA GROUP / SONY MUSIC ENTERTAINMENT;Albums;Or;09/02/2024;26/12/2024;10 mois
IMAGINE DRAGONS;LOOM;UNIVERSAL MUSIC / POLYDOR / UNIVERSAL MUSIC FRANCE;Albums;Or;28/06/2024;26/12/2024;6 mois
THE CURE;SONGS OF A LOST WORLD;UNIVERSAL MUSIC / POLYDOR / UNIVERSAL MUSIC FRANCE;Albums;Or;01/11/2024;26/12/2024;1 mois
SHAY FEAT. NISKA;LIQUIDE;MILLENIUM / CAPITOL MUSIC FRANCE / UNIVERSAL MUSIC FRANCE;Singles;Diamant;10/05/2019;26/12/2024;5 ans 8 mois
DJADJA & DINAZ;BOMBA;ALLPOINTS / BELIEVE;Singles;Diamant;22/03/2019;26/12/2024;5 ans 10 mois
BILLIE EILISH;BIRDS OF A FEATHER;UNIVERSAL MUSIC / POLYDOR / UNIVERSAL MUSIC FRANCE;Singles;Diamant;17/05/2024;26/12/2024;7 mois
SEVDALIZA, PABLLO VITTAR, YSEULT;ALIBI;TWISTED ELEGANCE / BELIEVE;Singles;Diamant;28/06/2024;26/12/2024;6 mois
SDM;POUR ELLE;92I / CAPITOL / UNIVERSAL MUSIC FRANCE;Singles;Diamant;26/09/2024;26/12/2024;3 mois
GIMS FEAT. DADJU & ALONZO;10/10;PLAY TWO / SONY MUSIC ENTERTAINMENT;Singles;Platine;26/04/2019;26/12/2024;5 ans 9 mois
KERCHAK;CALME TOI;LABEL BLUE SKY / SONY MUSIC ENTERTAINMENT;Singles;Platine;12/08/2022;26/12/2024;2 ans 4 mois
DASHA;AUSTIN (BOOTS STOP WORKIN');WEA / WARNER MUSIC FRANCE;Singles;Platine;15/03/2024;26/12/2024;9 mois
POMME;JE SAIS PAS DANSER;VIRGIN MUSIC FRANCE / UNIVERSAL MUSIC FRANCE;Singles;Or;30/08/2019;26/12/2024;5 ans 4 mois
ALAIN BASHUNG;IMMORTELS;BARCLAY / LABEL PANTHEON / UNIVERSAL MUSIC FRANCE;Singles;Or;28/09/2018;26/12/2024;6 ans 4 mois
SCH;TOKAREV;REC. 118 / WARNER MUSIC FRANCE;Singles;Or;19/10/2018;26/12/2024;6 ans 3 mois
DIVERS;A MILLION DREAMS;WEA / WARNER MUSIC FRANCE;Singles;Or;08/12/2017;26/12/2024;7 ans 1 mois
TIMAL FEAT. PLK;PROMIS;ELEKTRA FRANCE / WARNER MUSIC FRANCE;Singles;Or;28/02/2020;26/12/2024;4 ans 10 mois
PLAYBOI CARTI;SKY;UNIVERSAL MUSIC / POLYDOR / UNIVERSAL MUSIC FRANCE;Singles;Or;25/12/2020;26/12/2024;4 ans
BILLIE EILISH;NDA;UNIVERSAL MUSIC / POLYDOR / UNIVERSAL MUSIC FRANCE;Singles;Or;09/07/2021;26/12/2024;3 ans 6 mois
RONISIA FEAT. TIAKOLA;COMME MOI;EPIC / SONY MUSIC ENTERTAINMENT;Singles;Or;24/09/2021;26/12/2024;3 ans 3 mois
LUTHER;LESSGUI;SUBLIME / SONY MUSIC ENTERTAINMENT;Singles;Or;10/05/2022;26/12/2024;2 ans 8 mois
JUL;TÉNÉBREUX;D'OR ET DE PLATINE / BELIEVE;Singles;Or;03/06/2022;26/12/2024;2 ans 7 mois
ELIZA ROSE;B.O.T.A. (BADDEST OF THEM ALL);WEA / WARNER MUSIC FRANCE;Singles;Or;12/08/2022;19/12/2024;2 ans 4 mois
TIF;AMNESIA;HOUMA SWEET HOUMA / WARNER MUSIC FRANCE;Singles;Or;02/02/2023;19/12/2024;1 an 10 mois
JENIFER;NOUVELLE PAGE;SONY MUSIC/TF1 ENTERTAINMENT / SONY MUSIC ENTERTAINMENT;Singles;Double Platine;26/10/2018;12/12/2024;6 ans 2 mois
KENDJI GIRAC;VIVRE...;ISLAND DEF JAM / UNIVERSAL MUSIC FRANCE;Albums;Or;04/10/2024;12/12/2024;2 mois
NINHO;VRAIS;REC. 118 / MAL LUNE MUSIC	/ WARNER MUSIC FRANCE;Singles;Diamant;30/03/2018;12/12/2024;6 ans 9 mois
KOBA LAD FEAT. NINHO;QUOTIDIEN;MILLENIUM / CAPITOL MUSIC FRANCE / UNIVERSAL MUSIC FRANCE;Singles;Or;19/04/2019;12/12/2024;5 ans 8 mois
LAYLOW;10';DIGITAL MUNDO / IDOL;Singles;Diamant;09/12/2016;12/12/2024;8 ans 1 mois
A2H;LE CŒUR DES FILLES;PALACE PROD / BELIEVE;Singles;Diamant;16/09/2020;12/12/2024;4 ans 3 mois
CASSÖ, RAYE, D-BLOCK EUROPE;PRADA;B1 / SONY MUSIC ENTERTAINMENT;Singles;Diamant;11/08/2023;12/12/2024;1 an 4 mois
CORNEILLE FEAT. AYA NAKAMURA & TRINIX;AVEC CLASSE;WLAB / WAGRAM;Singles;Diamant;02/02/2024;12/12/2024;10 mois
KALASH;TAKEN;CAPITOL MUSIC FRANCE / UNIVERSAL MUSIC FRANCE;Singles;Platine;06/05/2016;12/12/2024;8 ans 8 mois
THE NEIGHBOURHOOD;SOFTCORE;COLUMBIA / SONY MUSIC ENTERTAINMENT;Singles;Platine;09/03/2018;12/12/2024;6 ans 10 mois
4KEUS FEAT. NAZA, KEBLACK & DRY;MIGNON GARÇON;WATI-B / SONY MUSIC ENTERTAINMENT;Singles;Platine;29/04/2018;12/12/2024;6 ans 8 mois
FEU! CHATTERTON;MONDE NOUVEAU;VIRGIN MUSIC FRANCE / UNIVERSAL MUSIC FRANCE;Singles;Platine;21/01/2021;12/12/2024;3 ans 11 mois
ORELSAN FEAT. SKRED;ENSEMBLE;3EME BUREAU / WAGRAM;Singles;Platine;19/11/2021;12/12/2024;3 ans 1 mois
MAËLLE;L'EFFET DE MASSE;BARCLAY / UNIVERSAL MUSIC FRANCE;Singles;Or;06/09/2019;12/12/2024;5 ans 4 mois
PARCELS;OVERNIGHT;BECAUSE MUSIC;Singles;Or;21/06/2017;12/12/2024;7 ans 7 mois
VALD;STRIP;MILLENIUM / CAPITOL MUSIC FRANCE / UNIVERSAL MUSIC FRANCE;Singles;Or;20/01/2017;12/12/2024;8 ans
FEDER;BREATHE;ELEKTRA FRANCE / WARNER MUSIC FRANCE;Singles;Or;24/11/2017;12/12/2024;7 ans 1 mois
CHASE ATLANTIC;SWIM;WARNER RECORDS /  WARNER MUSIC FRANCE;Singles;Or;04/10/2017;12/12/2024;7 ans 3 mois
DINOS;COEURJACKING;SPKTAQLR / CAPITOL MUSIC FRANCE / UNIVERSAL MUSIC FRANCE;Singles;Or;24/01/2020;12/12/2024;4 ans 11 mois
DJADJA & DINAZ;GANJA;CARRE MUSIC / ALLPOINTS / BELIEVE;Singles;Or;06/12/2019;12/12/2024;5 ans 1 mois
LIN-MANUEL MIRANDA;"SOUS LES APPARENCES (DE ""ENCANTO: LA FANTASTIQUE FAMILLE MADRIGAL""/BANDE ORIGINALE FRANÇAISE DU FILM)";WALT DISNEY RECORDS/POLYDOR/UNIVERSAL MUSIC FRANCE;Singles;Or;19/11/2021;12/12/2024;3 ans 1 mois
LACRIM, MISTER YOU, KOBA LAD, NIRO & LE RAT LUCIANO;REDA (PARTIE 3);PLATA O PLOMO RECORDS / CAPITOL MUSIC FRANCE / UNIVERSAL MUSIC FRANCE;Singles;Or;09/12/2021;12/12/2024;3 ans
SDM;CETTE ANNÉE-LÀ;92I / CAPITOL / UNIVERSAL MUSIC FRANCE;Singles;Or;01/12/2022;12/12/2024;2 ans
WERENOI;FAF;ALLPOINTS / BELIEVE;Singles;Or;16/02/2024;12/12/2024;10 mois
NAZA FEAT. TIAKOLA;UNE HISTOIRE;CAPRICAROLESQUE INDUSTRY 2024 / BELIEVE;Singles;Or;14/06/2024;12/12/2024;6 mois
AMK;THUG - NOUVELLE ÉCOLE;BLOOD BROTHER'S RECORDS / CAPITOL MUSIC FRANCE / UNIVERSAL MUSIC FRANCE;Singles;Or;12/07/2024;12/12/2024;5 mois
NINHO, NISKA & KOBA LAD;911;JEFE PRODUCTIONS / CHARO INC / WMF / UMF / WARNER MUSIC FRANCE / UNIVERSAL MUSIC FRANCE;Singles;Or;06/09/2024;12/12/2024;3 mois
MYLÈNE FARMER;NEVERMORE;STUFFED MONKEY / SONY MUSIC ENTERTAINMENT;Vidéos;Diamant;29/11/2024;06/12/2024;
NINHO & NISKA;COCO;JEFE PRODUCTIONS / CHARO INC / WARNER MUSIC FRANCE / UNIVERSAL MUSIC FRANCE;Singles;Diamant;12/07/2024;28/11/2024;4 mois
KENDRICK LAMAR & SZA;ALL THE STARS;UNIVERSAL MUSIC / POLYDOR / UNIVERSAL MUSIC FRANCE;Singles;Platine;04/01/2018;28/11/2024;7 ans
HAMZA;FREE YSL;JUST WOKE UP / ADA FRANCE	/WARNER MUSIC FRANCE;Singles;Platine;17/02/2023;28/11/2024;1 an 9 mois
THE WEEKND FEAT. PLAYBOI CARTI & MADONNA;POPULAR;UNIVERSAL MUSIC / ISLAND DEF JAM	/ UNIVERSAL MUSIC FRANCE;Singles;Platine;02/06/2023;28/11/2024;1 an 6 mois
MARNIK, NAELECK, VINAI;BOYZ IN PARIS;SIGNATUNE / SONY MUSIC ENTERTAINMENT;Singles;Platine;28/07/2023;28/11/2024;1 an 4 mois
ADAM PORT, STRYV, KEINEMUSIK, ORSO, MALACHIII;MOVE;KEINEMUSIK / INNERVISIONS;Singles;Platine;28/06/2024;28/11/2024;5 mois
RIDSA;LAISSER COULER;WLAB / WAGRAM;Singles;Or;22/02/2019;28/11/2024;5 ans 10 mois
JUL;BEELY;D'OR ET DE PLATINE / BELIEVE;Singles;Or;15/06/2017;28/11/2024;7 ans 6 mois
DJADJA & DINAZ;MAGICIEN;ALLPOINTS / BELIEVE;Singles;Or;22/03/2019;28/11/2024;5 ans 9 mois
BENAB FEAT. MAES;ANDALE;DRACARYS MUSIC / CAPITOL / BENDO / UNIVERSAL MUSIC FRANCE;Singles;Or;18/02/2024;28/11/2024;9 mois
HOSHI;J'TE PARDONNE;JO&CO / BELIEVE;Singles;Or;18/06/2021;28/11/2024;3 ans 5 mois
CAMILLE LELLOUCHE;NE ME JUGEZ PAS;BELEM / WAGRAM;Singles;Or;26/11/2021;28/11/2024;3 ans
NEJ';JE T'A(B)IME;MIEL NOIR / BELIEVE;Singles;Or;17/12/2021;28/11/2024;2 ans 11 mois
VEGEDREAM FEAT. NEJ;PANSEMENT;ISLAND DEF JAM / UNIVERSAL MUSIC FRANCE;Singles;Or;07/04/2022;28/11/2024;2 ans 8 mois
J9UEVE FEAT. ZAMDANE;SANS TOI;AJ RECORDS/SONY MUSIC ENTERTAINMENT;Singles;Or;24/06/2022;28/11/2024;2 ans 5 mois
GAZO;JEUX DANGEREUX;BSB PROD / SONY MUSIC ENTERTAINMENT;Singles;Or;01/07/2022;28/11/2024;2 ans 5 mois
NAPS FEAT. GAMBI;PURPLE;OK MANY INDUSTRIE / 13EME ART / BELIEVE;Singles;Or;10/03/2023;28/11/2024;1 an 8 mois
JUL FEAT. TIAKOLA;MINÉ SUR PANAME;D'OR ET DE PLATINE / BELIEVE;Singles;Or;08/12/2023;28/11/2024;11 mois
SOOLKING FEAT. SCH;TIKI TAKA;LAOBAN INTERNATIONAL / PANDOR / CAPITOL MUSIC FRANCE / UNIVERSAL MUSIC FRANCE;Singles;Or;01/02/2024;28/11/2024;10 mois
LETO;TOUT GÂCHÉ;REC. 118 / WARNER MUSIC FRANCE;Singles;Or;24/05/2024;28/11/2024;6 mois
HELENA;SUMMER BODY;RCA GROUP / SONY MUSIC ENTERTAINMENT;Singles;Or;21/06/2024;28/11/2024;5 mois
13 ORGANISÉ;BANDE ORGANISÉE 2;RIEN 100 RIEN / BELIEVE;Singles;Or;15/08/2024;28/11/2024;3 mois
FAUVE;VIEUX FRERES/PARTIE 1;FAUVE CORP / WARNER MUSIC FRANCE;Albums;Double Platine;03/02/2014;21/11/2024;10 ans 11 mois
LUJIPEKA;MONTAGNES RUSSES;ROMANCE MUSIQUE / UNIVERSAL MUSIC FRANCE;Albums;Platine;05/11/2021;21/11/2024;3 ans 1 mois
LUIDJI;SAISON 00;FOUFOUNE PALACE / ISLAND DEF JAM	/ UNIVERSAL MUSIC FRANCE;Albums;Platine;22/06/2023;21/11/2024;1 an 5 mois
G-EAZY;THE BEAUTIFUL & DAMNED;BPG/RVG/RCA RECORDS / SONY MUSIC ENTERTAINMENT;Albums;Or;15/12/2017;21/11/2024;7 ans
OASIS;KNEBWORTH 1996;BIG BROTHER RECORDINGS LTD / SEASON OF MIST;Albums;Or;19/11/2021;21/11/2024;3 ans
BERNARD LAVILLIERS;MÉTAMORPHOSE;BARCLAY / UNIVERSAL MUSIC FRANCE;Albums;Or;17/11/2023;21/11/2024;1 an
GUY2BEZBAR;MONACO;BLUE MAGIC CORP / SONY MUSIC ENTERTAINMENT;Singles;Diamant;11/07/2024;21/11/2024;4 mois
BIGA RANX;MY FACE;X RAY PRODUCTION / ALTER K;Singles;Platine;23/05/2017;21/11/2024;7 ans 7 mois
WERENOI FEAT. SDM;DANS UN VERRE;PLR MUSIC / PGP RECORDS / ALLPOINTS / BELIEVE;Singles;Platine;16/02/2024;14/11/2024;9 mois
KOFS;CETTE ANNÉE-LÀ;MILLENIUM / CAPITOL MUSIC FRANCE / UNIVERSAL MUSIC FRANCE;Singles;Or;22/12/2017;14/11/2024;6 ans 11 mois
13 BLOCK;ZIDANE;ELEKTRA FRANCE / WARNER MUSIC FRANCE;Singles;Or;21/12/2018;14/11/2024;5 ans 11 mois
MULTI INTERPRÈTES;UN POCO LOCO;WALT DISNEY RECORDS/POLYDOR/UNIVERSAL MUSIC FRANCE;Singles;Or;24/11/2017;14/11/2024;7 ans
LACRIM;ROCKEFELLER;CAPITOL MUSIC FRANCE / UNIVERSAL MUSIC FRANCE;Singles;Or;31/03/2017;14/11/2024;7 ans 8 mois
DJADJA & DINAZ;MOI-MÊME;CARRÉ MUSIC / BELIEVE;Singles;Or;27/03/2021;14/11/2024;3 ans 8 mois
WERENOI;CRÉDIBILITÉ;PLR MUSIC / PGP RECORDS / ALLPOINTS / BELIEVE;Singles;Or;03/06/2022;14/11/2024;2 ans 5 mois
SCH;ACTES;REC. 118 / WARNER MUSIC FRANCE;Singles;Or;18/11/2022;14/11/2024;2 ans
JUL;RAGNAR;D'OR ET DE PLATINE / BELIEVE;Singles;Or;26/05/2023;14/11/2024;1 an 5 mois
FAVÉ;VIBES;MORNING GLORY MUSIC / 109 RECORD / BELIEVE;Singles;Or;23/06/2023;14/11/2024;1 an 5 mois
TOMMY RICHMAN;MILLION DOLLAR BABY;CONCORD RECORDS / VIRGIN MUSIC FRANCE / UNIVERSAL MUSIC FRANCE;Singles;Or;10/05/2024;14/11/2024;6 mois
LACRIM;GUSTAVO GAVIRIA;CAPITOL MUSIC FRANCE / UNIVERSAL MUSIC FRANCE;Singles;Diamant;26/10/2015;14/11/2024;9 ans 2 mois
DJADJA & DINAZ;ON S’PROMET;CARRÉ MUSIC / BELIEVE;Albums;Triple Platine;06/05/2016;07/11/2024;8 ans 7 mois
WERENOI;CARRÉ;PLR MUSIC / PGP RECORDS / ALLPOINTS / BELIEVE;Albums;Triple Platine;09/03/2023;07/11/2024;1 an 8 mois
ARIANA GRANDE;POSITIONS;ISLAND DEF JAM / UNIVERSAL MUSIC FRANCE;Albums;Platine;30/10/2020;07/11/2024;4 ans
METRO BOOMIN;HEROES & VILLAINS;UNIVERSAL MUSIC / POLYDOR / UNIVERSAL MUSIC FRANCE;Albums;Platine;02/12/2022;07/11/2024;1 an 11 mois
TAYC;COMME TOI;PLAY TWO / BELIEVE;Singles;Diamant;01/12/2020;07/11/2024;3 ans 11 mois
ASHH;LOLITA;S16 / VIRGIN MUSIC FRANCE / UNIVERSAL MUSIC FRANCE;Singles;Diamant;23/06/2017;07/11/2024;7 ans 5 mois
LOMEPAL;PLUS DE LARMES;PINÉALE / IDOL / INTEGRAL PIAS;Singles;Diamant;07/12/2018;07/11/2024;6 ans
DINOS FEAT. DAMSO;DU MAL À TE DIRE;SPKTAQLR / CAPITOL MUSIC FRANCE / UNIVERSAL MUSIC FRANCE;Singles;Diamant;02/07/2021;07/11/2024;3 ans 4 mois
NINHO;SKY PRIORITY;REC. 118 / MAL LUNE MUSIC	/ WARNER MUSIC FRANCE;Singles;Diamant;03/12/2021;07/11/2024;2 ans 11 mois
KALASH CRIMINEL FEAT. JUL;DANS LA ZONE;SALE SONORITÉ RECORDS/BELIEVE;Singles;Platine;20/11/2020;07/11/2024;4 ans
NOUR;PREMIER AMOUR;POLYDOR / UNIVERSAL MUSIC FRANCE;Singles;Platine;07/10/2022;07/11/2024;2 ans 1 mois
AYA NAKAMURA FEAT. TIAKOLA;CADEAU;REC. 118 / WARNER MUSIC FRANCE;Singles;Platine;27/01/2023;07/11/2024;1 an 9 mois
LIL MOSEY;BLUEBERRY FAYGO;INTERSCOPE RECORDS	/ POLYDOR / UNIVERSAL MUSIC FRANCE;Singles;Or;06/02/2020;07/11/2024;4 ans 9 mois
JOK’AIR FEAT. LAYLOW;CLIC CLAC BANG BANG;PLAY TWO / BELIEVE;Singles;Or;23/10/2020;07/11/2024;4 ans 1 mois
AYA NAKAMURA;HOT;REC. 118 / WARNER MUSIC FRANCE;Singles;Or;13/11/2020;07/11/2024;4 ans
SCH;LA NUIT;MILLENIUM / CAPITOL MUSIC FRANCE / UNIVERSAL MUSIC FRANCE;Singles;Or;05/05/2017;07/11/2024;7 ans 7 mois
WILEY FEAT. STEFLON DON, SEAN PAUL & IDRIS ELBA;BOASTY;BMG RIGHTS MANAGEMENT (UK) LTD		WARNER MUSIC FRANCE;Singles;Or;16/04/2019;07/11/2024;5 ans 7 mois
ANGÈLE;QUE DU LOVE;SAIMIRI / ROMANCE MUSIQUE / UNIVERSAL MUSIC FRANCE;Singles;Or;07/11/2019;07/11/2024;5 ans
SCH;JVLIVS PREQUEL : GIULIO;MAISON BARON ROUGE / WARNER MUSIC FRANCE;Albums;Platine;31/05/2024;24/10/2024;4 mois
MANESKIN;CHOSEN;EPIC / RCA GROUP / SONY MUSIC ENTERTAINMENT;Albums;Or;08/12/2017;24/10/2024;6 ans 11 mois
NINHO FEAT. NISKA;ELLE A MAL;REC. 118 / MAL LUNE MUSIC	/ WARNER MUSIC FRANCE;Singles;Diamant;21/10/2016;24/10/2024;8 ans 1 mois
WERENOI;10.03.2023;PLR MUSIC / PGP RECORDS / ALLPOINTS / BELIEVE;Singles;Diamant;23/02/2023;24/10/2024;1 an 8 mois
CYRIL;STUMBLIN' IN;SPINNIN' RECORDS / WEA / WARNER MUSIC FRANCE;Singles;Diamant;10/11/2023;24/10/2024;11 mois
BEYONCÉ;TEXAS HOLD 'EM;PARKWOOD ENTERTAINMENT / COLUMBIA / SONY MUSIC ENTERTAINMENT;Singles;Diamant;09/02/2024;24/10/2024;8 mois
DJADJA & DINAZ;FORZA;CARRE MUSIC / ALLPOINTS / BELIEVE;Singles;Platine;06/12/2019;24/10/2024;4 ans 11 mois
AMIR;CE SOIR;PARLOPHONE	/ WARNER MUSIC FRANCE;Singles;Platine;12/11/2021;24/10/2024;2 ans 11 mois
NINHO;ATHÉNA;REC. 118 / MAL LUNE MUSIC	/ WARNER MUSIC FRANCE;Singles;Platine;03/12/2021;24/10/2024;2 ans 11 mois
HAMZA;CODÉINE 19;JUST WOKE UP / ADA FRANCE	/WARNER MUSIC FRANCE;Singles;Platine;17/02/2023;24/10/2024;1 an 8 mois
UZI;GARS DU ZOO;RPB MUSIC / BELIEVE;Singles;Platine;01/03/2024;24/10/2024;7 mois
SANTA;RECOMMENCE-MOI;999 PRODUCTIONS / PARLOPHONE / WARNER MUSIC FRANCE;Singles;Platine;22/03/2024;24/10/2024;7 mois
HERVÉ;SI BIEN DU MAL;ROMANCE MUSIQUE / UNIVERSAL MUSIC FRANCE;Singles;Or;26/03/2020;24/10/2024;4 ans 7 mois
THE NEIGHBOURHOOD;REFLECTIONS;COLUMBIA / SONY MUSIC ENTERTAINMENT;Singles;Or;09/03/2018;24/10/2024;6 ans 8 mois
PLK;NANA;PANENKA MUSIC / WAGRAM;Singles;Or;13/09/2019;24/10/2024;5 ans 2 mois
DUB INC;MACHÉ BÉCIF;DUB INC / KURONEKO MEDIA / IDOL;Singles;Or;23/09/2016;24/10/2024;8 ans 2 mois
DINOS;DEMAIN N'EXISTE PLUS;SPKTAQLR / CAPITOL MUSIC FRANCE / UNIVERSAL MUSIC FRANCE;Singles;Or;26/11/2020;24/10/2024;3 ans 11 mois
BENAB;LA NIGHT;DRACARYS MUSIC / CAPITOL / BENDO / UNIVERSAL MUSIC FRANCE;Singles;Or;18/02/2021;24/10/2024;3 ans 8 mois
SDM;VAN DAMME;92I / CAPITOL / UNIVERSAL MUSIC FRANCE;Singles;Or;18/03/2021;24/10/2024;3 ans 7 mois
MAREUX;THE PERFECT GIRL;REVOLUTION RECORDS / WARNER MUSIC FRANCE;Singles;Or;08/12/2021;24/10/2024;2 ans 11 mois
FELIX JAEHN & RAY DALTON;CALL IT LOVE;UNIVERSAL MUSIC / POLYDOR / UNIVERSAL MUSIC FRANCE;Singles;Or;16/09/2022;24/10/2024;2 ans 1 mois
BLACKPINK;SHUT DOWN;UNIVERSAL MUSIC / POLYDOR / UNIVERSAL MUSIC FRANCE;Singles;Or;16/09/2022;24/10/2024;2 ans 1 mois
JUNGLE;BACK ON 74;CAIOLA RECORDS / ORCHARD;Singles;Or;27/07/2023;24/10/2024;1 an 3 mois
JUL;VACANCIA;D'OR ET DE PLATINE / BELIEVE;Singles;Or;19/01/2024;24/10/2024;9 mois
SHABOOZEY;A BAR SONG (TIPSY);AMERICAN DOGWOOD / EMPIRE;Singles;Or;12/04/2024;24/10/2024;6 mois
KAVINSKY;NIGHTCALL;VIRGIN MUSIC FRANCE / UNIVERSAL MUSIC FRANCE;Singles;Diamant;02/04/2010;24/10/2024;14 ans 9 mois
LUDOVICO EINAUDI;EXPERIENCE;DECCA RECORDS FRANCE / UNIVERSAL MUSIC FRANCE;Singles;Diamant;01/01/2013;24/10/2024;11 ans 11 mois
BOOBA FEAT. KAARIS;KALASH;TALLAC RECORDS / CAPITOL MUSIC FRANCE / UNIVERSAL MUSIC FRANCE;Singles;Diamant;01/01/2012;24/10/2024;13 ans
CHRISTOPHE MAE;C'EST DRÔLE LA VIE;PARLOPHONE	/ WARNER MUSIC FRANCE;Albums;Platine;17/03/2023;17/10/2024;1 an 7 mois
GAZO;BECTE;BSB PROD / SONY MUSIC ENTERTAINMENT;Singles;Diamant;01/07/2022;17/10/2024;2 ans 3 mois
MARWA LOUD FEAT. MOHA K;GHIR NTIYA;ARGENTIC MUSIC / CAPITOL MUSIC FRANCE / UNIVERSAL MUSIC FRANCE;Singles;Or;05/05/2022;10/10/2024;2 ans 5 mois
NIAKS;NINETTA;BYLKA PROD / WARNER MUSIC FRANCE;Singles;Or;21/01/2022;10/10/2024;2 ans 9 mois
SCH;CIEL ROUGE;REC. 118 / WARNER MUSIC FRANCE;Singles;Or;19/10/2018;10/10/2024;6 ans
SONS DE LA NATURE PROJET FRANCE DE TRAXLAB;BRUIT DE PLUIE SUR LE TOIT;OLORON RECORDS / BELIEVE;Singles;Or;12/07/2017;10/10/2024;7 ans 4 mois
SZA;THE WEEKEND;TOP DAWG ENTERTAINMENT/RCA RECORDS / RCA GROUP / SONY MUSIC ENTERTAINMENT;Singles;Or;09/06/2017;10/10/2024;7 ans 5 mois
THE BLAZE;JUVENILE;ANIMAL 63 / BELIEVE;Singles;Or;07/04/2017;10/10/2024;7 ans 7 mois
VEGEDREAM FEAT. JOÉ DWET FILÉ;INSTAGRAM;ISLAND DEF JAM / UNIVERSAL MUSIC FRANCE;Singles;Or;15/03/2019;10/10/2024;5 ans 7 mois
LOST FREQUENCIES, ELLEY DUHÉ, X AMBASSADORS;BACK TO YOU;EPIC AMSTERDAM / SONY MUSIC ENTERTAINMENT;Singles;Or;09/12/2022;10/10/2024;1 an 10 mois
TRINIX;HOTSTEPPER;WEA / WARNER MUSIC FRANCE;Singles;Or;05/04/2024;10/10/2024;6 mois
YUZMV;LE CHEMIN;PLAY TWO / BELIEVE;Singles;Or;25/10/2019;10/10/2024;5 ans
JUSTIN QUILES, CHIMBALA, ZION & LENNOX;LOCO;WEA LATINA / WARNER MUSIC FRANCE;Singles;Or;13/05/2021;10/10/2024;3 ans 5 mois
BOOBA;CARAMEL;TALLAC RECORDS / CAPITOL MUSIC FRANCE / UNIVERSAL MUSIC FRANCE;Singles;Or;21/09/2012;03/10/2024;12 ans 2 mois
ARCADIAN;ARCADIAN;DECCA RECORDS FRANCE / UNIVERSAL MUSIC FRANCE;Singles;Platine;14/04/2017;03/10/2024;7 ans 6 mois
JOK'AIR;JOK'RAMBO;PLAY TWO / BELIEVE;Albums;Or;25/05/2018;03/10/2024;6 ans 5 mois
LONDON GRAMMAR;CALIFORNIAN SOIL;BECAUSE MUSIC;Albums;Or;16/04/2021;03/10/2024;3 ans 6 mois
FRANGLISH;PRIME;CAPITOL MUSIC FRANCE / UNIVERSAL MUSIC FRANCE;Albums;Or;15/02/2024;03/10/2024;7 mois
KENDJI GIRAC FEAT. SOPRANO;NO ME MIRES MÁS;ISLAND DEF JAM / UNIVERSAL MUSIC FRANCE;Singles;Diamant;08/01/2016;03/10/2024;8 ans 10 mois
JUL;POW POW;D'OR ET DE PLATINE / BELIEVE;Singles;Diamant;06/12/2019;03/10/2024;4 ans 10 mois
SDM FEAT. PLK;JACK FUEGO;432 INC / WARNER MUSIC FRANCE;Singles;Diamant;19/05/2021;03/10/2024;3 ans 5 mois
ANGÈLE;LIBRE;SAÏMIRI / ROMANCE MUSIQUE / UNIVERSAL MUSIC FRANCE;Singles;Diamant;08/12/2021;03/10/2024;2 ans 10 mois
SABRINA CARPENTER;ESPRESSO;UNIVERSAL MUSIC / POLYDOR / UNIVERSAL MUSIC FRANCE;Singles;Diamant;12/04/2024;03/10/2024;5 mois
THEODORT;WAYEH;BUDOKAI / ERRRO / SONY MUSIC ENTERTAINMENT;Singles;Diamant;30/04/2024;03/10/2024;5 mois
HEUSS L’ENFOIRÉ & WERENOI;MÉLANINE;VERDANSK / STRAW PROD / BELIEVE;Singles;Diamant;03/05/2024;03/10/2024;5 mois
POST MALONE FEAT. YOUNG THUG;GOODBYES;UNIVERSAL MUSIC / POLYDOR / UNIVERSAL MUSIC FRANCE;Singles;Platine;05/07/2019;03/10/2024;5 ans 3 mois
THE WEEKND;REMINDER;UNIVERSAL MUSIC / POLYDOR / UNIVERSAL MUSIC FRANCE;Singles;Platine;25/11/2016;03/10/2024;7 ans 11 mois
MASEGO & FKG;TADOW;UNIVERSAL MUSIC / POLYDOR / UNIVERSAL MUSIC FRANCE;Singles;Platine;07/09/2018;03/10/2024;6 ans 1 mois
PLK;HOLA;PANENKA MUSIC / WAGRAM;Singles;Platine;13/09/2019;03/10/2024;5 ans 1 mois
ANGÈLE;TU ME REGARDES;SAÏMIRI / ROMANCE MUSIQUE / UNIVERSAL MUSIC FRANCE;Singles;Platine;07/11/2019;03/10/2024;4 ans 11 mois
LAYLOW;MALADRESSE;DIGITAL MUNDO / BELIEVE;Singles;Platine;05/12/2018;03/10/2024;5 ans 10 mois
ZOLA;BAD BI;AWA / SONY MUSIC ENTERTAINMENT;Singles;Platine;18/12/2020;03/10/2024;3 ans 10 mois
NEKFEU;SOUS LES NUAGES;SEINE ZOO / CARTHAGE MUSIC / UNIVERSAL MUSIC FRANCE;Singles;Platine;21/06/2019;19/09/2024;5 ans 3 mois
BLACK PUMAS;COLORS;ATO RECORDS / INTEGRAL PIAS;Singles;Platine;16/04/2019;19/09/2024;5 ans 6 mois
LUIDJI;GISÈLE (PART. 4);FOUFOUNE PALACE / ISLAND DEF JAM	/ UNIVERSAL MUSIC FRANCE;Singles;Platine;26/04/2019;19/09/2024;5 ans 5 mois
LYNDA;FINI D'ESPÉRER;BMG RIGHTS MGMT FRANCE SARL	 / WARNER MUSIC FRANCE;Singles;Or;25/11/2022;19/09/2024;1 an 10 mois
DERMOT KENNEDY;KISS ME;UNIVERSAL MUSIC / POLYDOR / UNIVERSAL MUSIC FRANCE;Singles;Platine;02/09/2022;19/09/2024;2 ans
VACRA;PLAN SÉQUENCE;CARTHAGE MUSIC / ARAI MUSIC / UNIVERSAL MUSIC FRANCE;Singles;Platine;23/09/2022;19/09/2024;2 ans
VEN1;HAKAYET;NOUVO MONDE / WARNER MUSIC FRANCE;Singles;Platine;20/11/2023;19/09/2024;10 mois
JUL;BEUH À LA NOIX DE COCO;D'OR ET DE PLATINE / BELIEVE;Singles;Or;09/12/2022;19/09/2024;1 an 9 mois
JOÉ DWÈT FILÉ FEAT. TIAKOLA;DÉLIRE;DF EMPIRE / SONY MUSIC ENTERTAINMENT;Singles;Or;26/05/2023;19/09/2024;1 an 4 mois
GUY2BEZBAR FEAT. SDM;DIS-MOI;BLUE MAGIC CORP / SONY MUSIC ENTERTAINMENT;Singles;Or;17/11/2023;19/09/2024;10 mois
DUA LIPA;ILLUSION;WEA / WARNER MUSIC FRANCE;Singles;Or;11/04/2024;19/09/2024;5 mois
NINHO;BINKS TO BINKS 4;REC. 118 / WARNER MUSIC FRANCE;Singles;Or;17/01/2017;19/09/2024;7 ans 9 mois
HAMZA;LATE NIGHTS;REC. 118 / JUST WOKE UP	/ WARNER MUSIC FRANCE;Singles;Or;20/12/2019;19/09/2024;4 ans 9 mois
JUL;FLÊCHEUR FOU;D'OR ET DE PLATINE / BELIEVE;Singles;Or;30/06/2017;19/09/2024;7 ans 3 mois
PLK;DÉGAINE DE BANDIT;PANENKA MUSIC / WAGRAM;Singles;Or;28/08/2020;19/09/2024;4 ans 1 mois
TAYC;ALOVIOU;H24 / ISLAND DEF JAM / BENDO / UNIVERSAL MUSIC FRANCE;Singles;Or;21/06/2019;19/09/2024;5 ans 3 mois
KRN;LES ANGES;CAPITOL MUSIC FRANCE / UNIVERSAL MUSIC FRANCE;Singles;Or;11/03/2021;19/09/2024;3 ans 6 mois
EMMA PETERS;LE TEMPS PASSE;LOCAL / BELIEVE;Singles;Or;24/09/2021;19/09/2024;3 ans
WERENOI;DÉJÀ VU;PLR MUSIC / PGP RECORDS / ALLPOINTS / BELIEVE;Singles;Or;03/06/2022;19/09/2024;2 ans 3 mois
KENDJI GIRAC;AMIGO;ISLAND DEF JAM / UNIVERSAL MUSIC FRANCE;Albums;Diamant;31/08/2018;19/09/2024;6 ans 1 mois
IMAGINE DRAGONS;EVOLVE;INTERSCOPE RECORDS	/ POLYDOR / UNIVERSAL MUSIC FRANCE;Albums;Diamant;22/06/2017;19/09/2024;7 ans 4 mois
TIMAL;CALIENTE;ELEKTRA FRANCE / WARNER MUSIC FRANCE;Albums;Double Platine;28/02/2020;19/09/2024;4 ans 7 mois
VIANNEY;À 2 À 3;TÔT OU TARD / BELIEVE;Albums;Double Platine;10/11/2023;19/09/2024;10 mois
DADJU & TAYC;HERITAGE;AMATERASU PROD / GOOD MOOD PUBLISHING / H24 / BELIEVE;Albums;Platine;16/02/2024;19/09/2024;7 mois
TAYLOR SWIFT;SPEAK NOW (TAYLOR'S VERSION);UNIVERSAL MUSIC / POLYDOR / UNIVERSAL MUSIC FRANCE;Albums;Or;07/07/2023;19/09/2024;1 an 2 mois
LINKIN PARK;PAPERCUTS - SINGLES COLLECTION 2000-2023;WARNER RECORDS / CATALOGUE MARKETING CLASSIQUE / WARNER MUSIC FRANCE;Albums;Or;12/04/2024;19/09/2024;5 mois
BENSON BOONE;FIREWORKS & ROLLERBLADES;WEA / WARNER MUSIC FRANCE;Singles;Or;05/04/2024;19/09/2024;5 mois
RAY DALTON;IN MY BONES;EPIC / SONY MUSIC ENTERTAINMENT;Singles;Diamant;17/01/2020;19/09/2024;4 ans 8 mois
HOZIER;HOZIER;UNIVERSAL MUSIC / POLYDOR;Albums;Platine;06/10/2014;12/09/2024;10 ans
LANDY;ASSA BAING;ALLPOINTS / BELIEVE;Albums;Platine;08/03/2019;12/09/2024;5 ans 7 mois
AIME SIMONE;SHINING LIGHT;NO START NO END / BECAUSE;Singles;Diamant;31/07/2020;05/09/2024;4 ans 1 mois
JOSMAN;BABYGIRL;SIDELINE / SONY MUSIC ENTERTAINMENT;Singles;Platine;06/03/2020;05/09/2024;4 ans 6 mois
KALASH FEAT. MAUREEN;LAPTOP;PLAY TWO / BELIEVE;Singles;Platine;29/04/2022;05/09/2024;2 ans 4 mois
SLIMANE & CLAUDIO CAPEO;CHEZ TOI;CAPITOL MUSIC FRANCE / UNIVERSAL MUSIC FRANCE;Singles;Platine;01/09/2022;05/09/2024;2 ans
NISKA;GENKIDAMA;MILLENIUM / CAPITOL MUSIC FRANCE / UNIVERSAL MUSIC FRANCE;Singles;Platine;23/11/2022;05/09/2024;1 an 9 mois
DYSTINCT FEAT. NAZA;BUSINESS;AVALON MUSIC / SONY MUSIC ENTERTAINMENT;Singles;Platine;01/06/2023;05/09/2024;1 an 3 mois
KYGO & AVA MAX;WHATEVER;KYGO / RCA / SONY MUSIC ENTERTAINMENT;Singles;Platine;19/01/2024;05/09/2024;7 mois
S-CREW;JUSQU'AU BOUT (CREED);SEINE ZOO / CARTHAGE MUSIC / UNIVERSAL MUSIC FRANCE;Singles;Or;12/01/2016;05/09/2024;8 ans 9 mois
LAYLOW;POIZON;DIGITAL MUNDO / SONY MUSIC ENTERTAINMENT;Singles;Or;25/02/2020;05/09/2024;4 ans 7 mois
KAARIS FEAT. GIMS;1ER COEUR;OG RECORDS / LUTECE MUSIC / VIRGIN MUSIC FRANCE / UNIVERSAL MUSIC FRANCE;Singles;Or;03/09/2020;05/09/2024;4 ans
VIANNEY;N'ATTENDONS PAS;TÔT OU TARD / BELIEVE;Singles;Or;07/05/2020;05/09/2024;4 ans 4 mois
JOÉ DWÈT FILÉ;LA MÊME CHOSE;DF EMPIRE / SONY MUSIC ENTERTAINMENT;Singles;Or;27/11/2020;05/09/2024;3 ans 9 mois
BOOBA;JE SAIS;TALLAC RECORDS / CAPITOL MUSIC FRANCE / UNIVERSAL MUSIC FRANCE;Singles;Or;04/03/2021;05/09/2024;3 ans 6 mois
TRINIX & QUEEN D;SHE SAID (BIG JET PLANE);INSIDE RECORDS / BELIEVE;Singles;Or;23/07/2021;05/09/2024;3 ans 2 mois
TIAKOLA;R.I.PEACE;WATI-B / SONY MUSIC ENTERTAINMENT;Singles;Or;27/05/2022;05/09/2024;2 ans 3 mois
YG PABLO & SOFIANE PAMART FEAT. JOSMAN;22H22;88 TOUCHES PRODUCTION / SXUPER / POLYDOR / UNIVERSAL MUSIC FRANCE;Singles;Or;23/06/2023;05/09/2024;1 an 2 mois
WERENOI FEAT. AYA NAKAMURA;CHALEUR;PLR MUSIC / PGP RECORDS / ALLPOINTS / BELIEVE;Singles;Or;16/02/2024;05/09/2024;6 mois
JULIETTE ARMANET;L’AMOUR EN SOLITAIRE;BARCLAY / ROMANCE MUSIQUE / UNIVERSAL MUSIC FRANCE;Singles;Diamant;22/04/2017;05/09/2024;7 ans 5 mois
TAME IMPALA;THE SLOW RUSH;VIRGIN MUSIC FRANCE / UNIVERSAL MUSIC FRANCE;Albums;Or;14/02/2020;29/08/2024;4 ans 7 mois
MATTHIEU GONET;JOSÉPHINE S'ARRONDIT (BANDE ORIGINALE DU FILM);UGC / IDOL;Albums;Or;10/02/2016;29/08/2024;8 ans 8 mois
ALEC BENJAMIN;NARRATED FOR YOU;WEA / WARNER MUSIC FRANCE;Albums;Or;16/11/2018;29/08/2024;5 ans 10 mois
RIDSA;EQUATEUR;PLAY TWO / BELIEVE;Albums;Or;27/01/2023;29/08/2024;1 an 7 mois
SCH;6.45I;MILLENIUM / CAPITOL MUSIC FRANCE / UNIVERSAL MUSIC FRANCE;Singles;Diamant;09/12/2016;29/08/2024;7 ans 10 mois
ANGÈLE;JALOUSIE;SAÏMIRI	/ ROMANCE MUSIQUE / UNIVERSAL MUSIC FRANCE;Singles;Diamant;20/09/2018;29/08/2024;6 ans
PNL;MENACE;QLF RECORDS / MUSICAST / BELIEVE;Singles;Diamant;03/04/2019;29/08/2024;5 ans 5 mois
FIREBOY DML & ED SHEERAN;PERU;YBNL NATION / EMPIRE;Singles;Diamant;24/12/2021;29/08/2024;2 ans 8 mois
TIAKOLA FEAT. HAMZA;ATASANTÉ;WATI-B / SONY MUSIC ENTERTAINMENT;Singles;Diamant;27/05/2022;29/08/2024;2 ans 3 mois
NISKA;MUSTAPHA JEFFERSON;CAPITOL MUSIC FRANCE / UNIVERSAL MUSIC FRANCE;Singles;Platine;13/05/2016;29/08/2024;8 ans 5 mois
STUPEFLIP;THE ANTIDOTE;ETIC SYSTEM / MODULOR;Singles;Platine;24/01/2017;29/08/2024;7 ans 8 mois
MIG FEAT. TIAKOLA;QUAND J'Y REPENSE;VIRGIN MUSIC FRANCE / CAPITOL MUSIC FRANCE / UNIVERSAL MUSIC FRANCE;Singles;Platine;29/09/2022;29/08/2024;1 an 11 mois
MÅNESKIN;I WANNA BE YOUR SLAVE;RCA RECORDS LABEL / SONY MUSIC ENTERTAINMENT;Singles;Diamant;19/03/2021;22/08/2024;3 ans 5 mois
1PLIKÉ140;CANADA;MILLENIUM / CAPITOL MUSIC FRANCE / UNIVERSAL MUSIC FRANCE;Singles;Diamant;06/01/2022;22/08/2024;2 ans 7 mois
BENNETT;VOIS SUR TON CHEMIN;WARNER MUSIC CENTRAL EUROPE / WEA / WARNER MUSIC FRANCE;Singles;Diamant;04/08/2023;22/08/2024;1 an
MATMATAH;EMMA;BARCLAY - MERCURY / UNIVERSAL MUSIC FRANCE;Singles;Or;15/03/2004;22/08/2024;20 ans 8 mois
JUL FEAT. SDM;J'FAIS PLAISIR À LA ZONE;D'OR ET DE PLATINE / BELIEVE;Singles;Diamant;08/12/2023;22/08/2024;8 mois
KEBLACK FEAT. FRANGLISH;BOUCAN;MOTEMA RECORDS / BELIEVE;Singles;Diamant;25/04/2024;22/08/2024;3 mois
KENDRICK LAMAR FEAT. LEFTY GUNPLAY;TV OFF;UNIVERSAL MUSIC / POLYDOR / UNIVERSAL MUSIC FRANCE;Singles;Or;22/11/2024;21/08/2024;3 mois
KAARIS & KALASH CRIMINEL;SVR;OG RECORDS / SONY MUSIC ENTERTAINMENT;Albums;Or;28/01/2022;15/08/2024;2 ans 7 mois
DYSTINCT;LAYALI;AVALON MUSIC / SONY MUSIC ENTERTAINMENT;Albums;Or;08/06/2023;15/08/2024;1 an 2 mois
SLIMANE;VIENS ON S'AIME;CAPITOL MUSIC FRANCE / UNIVERSAL MUSIC FRANCE;Singles;Diamant;22/09/2017;15/08/2024;6 ans 11 mois
MAES;MAMA;MILLENIUM / CAPITOL MUSIC FRANCE / UNIVERSAL MUSIC FRANCE;Singles;Diamant;29/11/2018;15/08/2024;5 ans 9 mois
CIGARETTES AFTER SEX;APOCALYPSE;PARTISAN RECORDS / INTEGRAL PIAS;Singles;Diamant;21/03/2017;15/08/2024;7 ans 6 mois
DAMSO;LOVÉ;CARTHAGE MUSIC / UNIVERSAL MUSIC FRANCE;Singles;Diamant;28/04/2017;15/08/2024;7 ans 4 mois
ZAHO DE SAGAZAN;LA SYMPHONIE DES ÉCLAIRS;DISPARATE / VIRGIN MUSIC FRANCE / UNIVERSAL MUSIC FRANCE;Singles;Diamant;31/03/2023;15/08/2024;1 an 4 mois
WERENOI;TU CONNAIS;PLR MUSIC / PGP RECORDS / ALLPOINTS / BELIEVE;Singles;Diamant;22/09/2023;15/08/2024;10 mois
BIGFLO & OLI;PLUS TARD;POLYDOR / LABEL PANTHEON / UNIVERSAL MUSIC FRANCE;Singles;Platine;31/10/2018;15/08/2024;5 ans 10 mois
SCH;INTERLUDE;REC. 118 / WARNER MUSIC FRANCE;Singles;Platine;29/11/2023;15/08/2024;8 mois
OUSSAMA;NSITI;ELEKTRA FRANCE / WARNER MUSIC FRANCE;Singles;Platine;12/08/2022;15/08/2024;2 ans
DAVID GUETTA & ONEREPUBLIC;I DON'T WANNA WAIT;PARLOPHONE	/ WARNER MUSIC FRANCE;Singles;Platine;05/04/2024;15/08/2024;4 mois
KYGO & ONEREPUBLIC;LOSE SOMEBODY;KYGO / SONY MUSIC ENTERTAINMENT;Singles;Or;15/05/2020;15/08/2024;4 ans 3 mois
ASHE;MORAL OF THE STORY;UNIVERSAL MUSIC / POLYDOR / UNIVERSAL MUSIC FRANCE;Singles;Or;07/02/2020;15/08/2024;4 ans 7 mois
KALIPSXAU;CORPS À CORPS;NIRVANA STUDIO / BELIEVE;Singles;Or;14/02/2021;15/08/2024;3 ans 6 mois
NIAKS;PIB;BYLKA PROD / WARNER MUSIC FRANCE;Singles;Or;16/07/2021;15/08/2024;3 ans 1 mois
MENACE SANTANA;FAIS UN VOEU !;FAKE DREAM MUSIC / ADA FRANCE / WARNER MUSIC FRANCE;Singles;Or;17/12/2021;15/08/2024;2 ans 8 mois
THE WEEKND;IS THERE SOMEONE ELSE?;UNIVERSAL MUSIC / POLYDOR / UNIVERSAL MUSIC FRANCE;Singles;Or;29/04/2022;15/08/2024;2 ans 3 mois
BILLIE EILISH;HOTLINE (EDIT);UNIVERSAL MUSIC / POLYDOR / UNIVERSAL MUSIC FRANCE;Singles;Or;09/05/2023;15/08/2024;1 an 3 mois
JUL;ENTRAÎNEMENT;D'OR ET DE PLATINE / BELIEVE;Singles;Or;06/06/2023;15/08/2024;1 an 2 mois
FREEZE CORLEONE;ANCELOTTI;MMS CORP / JEUNE À JAMAIS;Singles;Or;11/09/2023;15/08/2024;11 mois
LOUANE;LES ÉTOILES;ISLAND DEF JAM / UNIVERSAL MUSIC FRANCE;Singles;Or;18/09/2023;15/08/2024;11 mois
THEODORT;TOKO DOMBI;BUDOKAI / ERRRO / SONY MUSIC ENTERTAINMENT;Singles;Or;18/03/2024;15/08/2024;5 mois
ETIENNE DAHO;TIRER LA NUIT SUR LES ÉTOILES;BARCLAY / UNIVERSAL MUSIC FRANCE;Albums;Or;12/05/2023;01/08/2024;1 an 2 mois
GUY2BEZBAR;AMBITION;BLUE MAGIC CORP / SONY MUSIC ENTERTAINMENT;Albums;Or;17/11/2023;01/08/2024;8 mois
DAMSO;TIEKSVIE;CARTHAGE MUSIC / UNIVERSAL MUSIC FRANCE;Singles;Platine;16/03/2018;01/08/2024;6 ans 5 mois
NINHO FEAT. TITO;ZÉRO PALUCHE;REC. 118 / MAL LUNE MUSIC	/ WARNER MUSIC FRANCE;Singles;Platine;22/03/2019;01/08/2024;5 ans 5 mois
NEJ;PARO;MIEL NOIR / BELIEVE;Singles;Platine;21/05/2021;01/08/2024;3 ans 2 mois
R3HAB, INNA & SASH!;ROCK MY BODY;SPINNIN' RECORDS / WEA / WARNER MUSIC FRANCE;Singles;Platine;28/04/2023;01/08/2024;1 an 3 mois
JOGGA FEAT. WILSKO & 7IA;SKEU SKEU;ELEKTRA FRANCE / WARNER MUSIC FRANCE;Singles;Platine;29/09/2023;01/08/2024;10 mois
WEJDENE;COCO;VIRGIN MUSIC FRANCE / UNIVERSAL MUSIC FRANCE;Singles;Diamant;19/08/2020;01/08/2024;4 ans
MOHA LA SQUALE;BANDOLERO;ELEKTRA FRANCE / WARNER MUSIC FRANCE;Singles;Diamant;11/02/2018;01/08/2024;6 ans 6 mois
LOMEPAL;BEAU LA FOLIE;PINÉALE / IDOL / INTEGRAL PIAS;Singles;Diamant;07/02/2018;01/08/2024;6 ans 6 mois
GRAND CORPS MALADE & KIMBEROSE;NOS PLUS BELLES ANNÉES;ANOUCHE RECORDS / UNIVERSAL MUSIC FRANCE;Singles;Diamant;27/08/2021;01/08/2024;2 ans 11 mois
TREI DEGETE - SQUEEZIE, KRONOMUZIK & MYD;TIME TIME;BALAI STEAK // PLAY TWO / BELIEVE;Singles;Diamant;15/11/2021;01/08/2024;2 ans 9 mois
ZOLA FEAT. TIAKOLA;TOUTE LA JOURNÉE;AWA / SONY MUSIC ENTERTAINMENT;Singles;Diamant;03/02/2023;01/08/2024;1 an 6 mois
SLIMANE;MON AMOUR;NOE MUSIC / CAPITOL MUSIC FRANCE / UNIVERSAL MUSIC FRANCE;Singles;Diamant;08/11/2023;01/08/2024;8 mois
BOOBA FEAT. SDM;DOLCE CAMARA;TALLAC RECORDS / CAPITOL MUSIC FRANCE / UNIVERSAL MUSIC FRANCE;Singles;Diamant;08/02/2024;01/08/2024;5 mois
KPOINT FEAT. JOÉ DWÈT FILÉ;CORPS À CORPS;REC. 118 / WARNER MUSIC FRANCE;Singles;Or;03/07/2020;01/08/2024;4 ans 1 mois
LACRIM;RAFA & CARLOS;PLATA O PLOMO RECORDS / CAPITOL MUSIC FRANCE / UNIVERSAL MUSIC FRANCE;Singles;Or;15/10/2020;01/08/2024;3 ans 10 mois
TWO FEET;I FEEL LIKE I'M DROWNING;POLYDOR / UNIVERSAL MUSIC FRANCE;Singles;Or;10/11/2017;01/08/2024;6 ans 9 mois
VEGEDREAM FEAT. DADJU;CALIMERO;ISLAND DEF JAM / UNIVERSAL MUSIC FRANCE;Singles;Or;12/04/2019;01/08/2024;5 ans 4 mois
SAF;JE T'EMMÈNE;CARBO PRODUCTION	/ SONY MUSIC ENTERTAINMENT;Singles;Or;19/03/2021;01/08/2024;3 ans 5 mois
SCH;NIOBE;REC. 118 / WARNER MUSIC FRANCE;Singles;Or;16/11/2022;01/08/2024;1 an 8 mois
OFENBACH & SVEA;BODY TALK;ELEKTRA FRANCE / WARNER MUSIC FRANCE;Singles;Or;24/02/2023;01/08/2024;1 an 5 mois
DAU;FINALE - NOUVELLE ÉCOLE;NETFLIX;Singles;Or;02/06/2023;01/08/2024;1 an 2 mois
IMAGINE DRAGONS;EYES CLOSED;POLYDOR / UNIVERSAL MUSIC FRANCE;Singles;Or;03/04/2024;01/08/2024;4 mois
NISKA;LE MONDE EST MÉCHANT;MILLENIUM / CAPITOL MUSIC FRANCE / UNIVERSAL MUSIC FRANCE;Albums;Triple Platine;05/11/2021;25/07/2024;2 ans 9 mois
PLK;PLATINUM;PANENKA MUSIC / WAGRAM;Albums;Platine;30/03/2018;25/07/2024;6 ans 4 mois
SIA;THIS IS ACTING;MONKEY PUZZLE RECORDS/RCA RECORDS / SONY MUSIC ENTERTAINMENT;Albums;Platine;29/01/2016;25/07/2024;8 ans 7 mois
JUL;DÉCENNIE;D'OR ET DE PLATINE / BELIEVE;Albums;Platine;19/01/2024;25/07/2024;6 mois
BLACK PUMAS;BLACK PUMAS;ATO RECORDS / INTEGRAL PIAS;Albums;Or;21/06/2019;25/07/2024;5 ans 2 mois
METRO BOOMIN;NOT ALL HEROES WEAR CAPES;POLYDOR / UNIVERSAL MUSIC FRANCE;Albums;Or;02/11/2018;25/07/2024;5 ans 9 mois
ZIAK;PISTOL & ZAMAL;MILLENIUM / CAPITOL MUSIC FRANCE / UNIVERSAL MUSIC FRANCE;Singles;Or;21/03/2023;18/07/2024;1 an 4 mois
GIMS;LES DERNIÈRES VOLONTÉS DE MOZART (SYMPHONY);PLAY TWO / BELIEVE;Albums;Platine;02/12/2022;18/07/2024;1 an 7 mois
FELIX JAEHN;I;POLYDOR / UNIVERSAL MUSIC FRANCE;Albums;Or;16/02/2018;18/07/2024;6 ans 6 mois
CHARLIE PUTH;VOICENOTES;ATLANTIC RECORDS / WEA / WARNER MUSIC FRANCE;Albums;Or;11/05/2018;18/07/2024;6 ans 3 mois
PURPLE DISCO MACHINE;EXOTICA;COLUMBIA / RCA / SONY MUSIC ENTERTAINMENT;Albums;Or;15/10/2021;18/07/2024;2 ans 9 mois
GAUTIER CAPUCON;SENSATIONS;WARNER CLASSICS / CATALOGUE MARKETING CLASSIQUE / WARNER MUSIC FRANCE;Albums;Or;04/11/2022;18/07/2024;1 an 8 mois
JUNGKOOK;GOLDEN;POLYDOR / UNIVERSAL MUSIC FRANCE;Albums;Or;03/11/2023;18/07/2024;8 mois
LAYLOW;TRINITY;DIGITAL MUNDO / SONY MUSIC ENTERTAINMENT;Albums;Double Platine;28/02/2020;18/07/2024;4 ans 5 mois
TRAVIS SCOTT;BUTTERFLY EFFECT;CACTUS JACK / EPIC / SONY MUSIC ENTERTAINMENT;Singles;Diamant;18/05/2017;18/07/2024;7 ans 3 mois
DJADJA & DINAZ;À LA COOL;CARRÉ MUSIC / BELIEVE;Singles;Diamant;06/05/2016;18/07/2024;8 ans 3 mois
NISKA;44;MILLENIUM / CAPITOL MUSIC FRANCE / UNIVERSAL MUSIC FRANCE;Singles;Diamant;05/11/2021;18/07/2024;2 ans 8 mois
TAYC;P A S C O M M E Ç A;PLAY TWO / BELIEVE;Singles;Diamant;19/11/2021;18/07/2024;2 ans 8 mois
NISKA FEAT. MHD;VERSUS;MILLENIUM / CAPITOL MUSIC FRANCE / UNIVERSAL MUSIC FRANCE;Singles;Platine;22/09/2017;18/07/2024;6 ans 11 mois
JUL;MON BÉBÉ D'AMOUR;D'OR ET DE PLATINE / BELIEVE;Singles;Platine;06/12/2019;18/07/2024;4 ans 8 mois
KOBA LAD FEAT. FREEZE CORLEONE;7 SUR 7;MILLENIUM / CAPITOL MUSIC FRANCE / UNIVERSAL MUSIC FRANCE;Singles;Platine;23/09/2020;18/07/2024;3 ans 10 mois
DYSTINCT FEAT. MHD;TEK TEK;AVALON MUSIC / SONY MUSIC ENTERTAINMENT;Singles;Platine;14/05/2023;18/07/2024;1 an 2 mois
K.FLAY;HIGH ENOUGH;INTERSCOPE RECORDS	/ POLYDOR / UNIVERSAL MUSIC FRANCE;Singles;Or;10/03/2017;18/07/2024;7 ans 5 mois
BRULUX;442;INDEPENDANT / BELIEVE;Singles;Or;22/12/2017;18/07/2024;6 ans 8 mois
ROMEO SANTOS;IMITADORA;SONY MUSIC LATIN / SONY MUSIC ENTERTAINMENT;Singles;Or;23/06/2017;18/07/2024;7 ans 2 mois
SOFIANE FEAT. HORNET LA FRAPPE, GLK, YL;LE CERCLE;MILLENIUM / CAPITOL MUSIC FRANCE / UNIVERSAL MUSIC FRANCE;Singles;Or;12/05/2017;18/07/2024;7 ans 3 mois
L’ALLEMAND FEAT. HORNET LA FRAPPE;SANS PERMIS;SIX NUEVE RECORDS	/ BELIEVE;Singles;Or;26/03/2021;18/07/2024;3 ans 4 mois
THE WEEKND;AFTER HOURS;POLYDOR / UNIVERSAL MUSIC FRANCE;Albums;Diamant;20/03/2020;11/07/2024;4 ans 4 mois
MARC LAVOINE;LES MORCEAUX D’AMOUR;BARCLAY / UNIVERSAL MUSIC FRANCE;Albums;Platine;08/06/2019;11/07/2024;5 ans 2 mois
KAARIS;OR NOIR PART 3;VIRGIN MUSIC FRANCE / UNIVERSAL MUSIC FRANCE;Albums;Platine;25/01/2019;11/07/2024;5 ans 6 mois
CABALLERO & JEANJASS;DOUBLE HÉLICE 2;VIRGIN MUSIC FRANCE / UNIVERSAL MUSIC FRANCE;Albums;Or;12/05/2017;11/07/2024;7 ans 3 mois
TOTO;40 TRIPS AROUND THE SUN;COLUMBIA/LEGACY / SONY MUSIC CATALOGUE / SONY MUSIC ENTERTAINMENT;Albums;Or;09/02/2018;11/07/2024;6 ans 6 mois
NIAKS;MANDAT DE DÉPÔT;BYLKA PROD / ADA FRANCE / WARNER MUSIC FRANCE;Albums;Or;29/09/2023;11/07/2024;9 mois
BILLIE EILISH;OCEAN EYES;POLYDOR / UNIVERSAL MUSIC FRANCE;Singles;Diamant;18/11/2016;11/07/2024;7 ans 9 mois
KAARIS;GUN SALUTE;VIRGIN MUSIC FRANCE / UNIVERSAL MUSIC FRANCE;Singles;Diamant;25/01/2019;11/07/2024;5 ans 6 mois
LIL TECCA;RANSOM;POLYDOR / UNIVERSAL MUSIC FRANCE;Singles;Diamant;04/06/2019;11/07/2024;5 ans 2 mois
TATE MCRAE;YOU BROKE ME FIRST;RCA RECORDS LABEL / SONY MUSIC ENTERTAINMENT;Singles;Diamant;17/04/2020;04/07/2024;4 ans 3 mois
LACRIM FEAT. MAES;BOSTON GEORGE;PLATA O PLOMO RECORDS / CAPITOL MUSIC FRANCE / UNIVERSAL MUSIC FRANCE;Singles;Diamant;15/10/2020;04/07/2024;3 ans 9 mois
AYA NAKAMURA;BOBO;REC. 118 / WARNER MUSIC FRANCE;Singles;Diamant;27/05/2021;04/07/2024;3 ans 1 mois
YL;NINA;VIRGIN MUSIC FRANCE / UNIVERSAL MUSIC FRANCE;Singles;Platine;01/02/2019;04/07/2024;5 ans 6 mois
BURNA BOY;YE;BAD HABIT/ON A SPACESHIP/ATLANTIC/WEA / WARNER MUSIC FRANCE;Singles;Platine;26/01/2018;04/07/2024;6 ans 6 mois
VIANNEY;POUR DE VRAI;TÔT OU TARD / BELIEVE;Singles;Platine;30/10/2020;04/07/2024;3 ans 8 mois
GREEN MONTANA FEAT. SDM;EVIDEMMENT;CAPITOL MUSIC FRANCE / UNIVERSAL MUSIC FRANCE;Singles;Platine;27/05/2021;04/07/2024;3 ans 1 mois
REMA;SOUNDGASM;MAVIN RECORDS / JONZING WORLD / VIRGIN MUSIC FRANCE / UNIVERSAL MUSIC FRANCE;Singles;Platine;10/06/2021;04/07/2024;3 ans 1 mois
SDM;FREESTYLE 8;CAPITOL MUSIC FRANCE / UNIVERSAL MUSIC FRANCE;Singles;Platine;28/10/2021;04/07/2024;2 ans 8 mois
TRINIX & FAFÁ DE BELÉM;EMORIO;TRINIX MUSIC / WEA FRANCE / WARNER MUSIC FRANCE;Singles;Platine;28/04/2023;04/07/2024;1 an 2 mois
GIMS & DYSTINCT;SPIDER;PLAY TWO / BELIEVE;Singles;Platine;10/05/2024;04/07/2024;1 mois
TIËSTO & SEVENN;BOOM;UNIVERSAL MUSIC / POLYDOR / UNIVERSAL MUSIC FRANCE;Singles;Or;15/12/2017;04/07/2024;6 ans 7 mois
LOUANE;NO;ISLAND DEF JAM / UNIVERSAL MUSIC FRANCE;Singles;Or;10/11/2017;04/07/2024;6 ans 8 mois
TAYLOR SWIFT;DELICATE;UNIVERSAL MUSIC / POLYDOR / UNIVERSAL MUSIC FRANCE;Singles;Or;10/11/2017;04/07/2024;6 ans 8 mois
PLK FEAT. KRISY;PAS CE SOIR;PANENKA MUSIC / WAGRAM;Singles;Or;18/06/2017;04/07/2024;7 ans 1 mois
SCH;MORT DE RIRE;REC. 118 / WARNER MUSIC FRANCE;Singles;Or;20/07/2018;04/07/2024;6 ans
JUL;AMORE;D'OR ET DE PLATINE / BELIEVE;Singles;Or;07/12/2018;04/07/2024;5 ans 7 mois
JUL;VIVRE MES RÊVES;D'OR ET DE PLATINE / BELIEVE;Singles;Or;04/07/2016;04/07/2024;8 ans 1 mois
LANDY;LE MÊME;109 RECORD / BELIEVE;Singles;Or;18/12/2020;04/07/2024;3 ans 7 mois
OMAH LAY;UNDERSTAND;SIRE / WARNER MUSIC FRANCE;Singles;Or;08/07/2021;04/07/2024;3 ans
ALEX SENSATION, FARRUKO & PRINCE ROYCE FEAT. MARIAH ANGELIQ & KEVIN LYTTLE;AFTER PARTY;UNIVERSAL MUSIC / POLYDOR / UNIVERSAL MUSIC FRANCE;Singles;Or;04/02/2022;04/07/2024;2 ans 5 mois
LAMATRIX FEAT. NINHO;11H;DIGNE MUSIC / SONY MUSIC ENTERTAINMENT;Singles;Or;11/03/2022;04/07/2024;2 ans 4 mois
LUTHER;ALAKAZAM;SUBLIME / SONY MUSIC ENTERTAINMENT;Singles;Or;23/03/2022;04/07/2024;2 ans 3 mois
KAZA;HRTBRK #6;ELEKTRA FRANCE / WARNER MUSIC FRANCE;Singles;Or;20/01/2023;04/07/2024;1 an 5 mois
EDDY DE PRETTO;LOVE'N'TENDRESSE;OTTERPED EDITIONS / VIRGIN MUSIC FRANCE / UNIVERSAL MUSIC FRANCE;Singles;Or;07/09/2023;04/07/2024;10 mois
TIAKOLA;X;M3LO WORLD / ATLANTIC RECORDS / WARNER MUSIC FRANCE;Singles;Or;03/03/2024;04/07/2024;4 mois
ANTHONY KAVANAGH;POUR LES HOMMES;UNIVERSAL MUSIC FRANCE / MCA / WALT DISNEY RECORDS;Singles;Platine;25/11/2016;04/07/2024;7 ans 8 mois
BRUNO MARS;THE LAZY SONG;WARNER MUSIC FRANCE / WARNER / RHINO;Singles;Diamant;30/11/2021;04/07/2024;2 ans 7 mois
LACRIM;SABLIER;CAPITOL MUSIC FRANCE / UNIVERSAL MUSIC FRANCE;Singles;Or;11/05/2015;27/06/2024;9 ans 3 mois
DJADJA & DINAZ;SPLEEN;CARRE MUSIC / ALLPOINTS / BELIEVE;Albums;Triple Platine;20/03/2021;27/06/2024;3 ans 3 mois
LACRIM;J'AI MAL;CAPITOL MUSIC FRANCE / UNIVERSAL MUSIC FRANCE;Singles;Or;30/11/2015;20/06/2024;8 ans 8 mois
M. POKORA;DANSE AVEC MOI;SONY MUSIC/TF1 ENTERTAINMENT / SONY MUSIC ENTERTAINMENT;Singles;Or;08/11/2019;20/06/2024;4 ans 8 mois
JUL FEAT. HEUSS L’ENFOIRÉ;GTA;D'OR ET DE PLATINE / BELIEVE;Singles;Or;14/06/2019;20/06/2024;5 ans 1 mois
FRANGLISH;EX;CAPITOL MUSIC FRANCE / UNIVERSAL MUSIC FRANCE;Singles;Or;11/06/2020;20/06/2024;4 ans 1 mois
LUJIPEKA;PUTAIN D'ÉPOQUE;ROMANCE MUSIQUE / UNIVERSAL MUSIC FRANCE;Singles;Or;27/03/2020;20/06/2024;4 ans 3 mois
BEN MAZUÉ;LE COEUR NOUS ANIME;COLUMBIA / SONY MUSIC ENTERTAINMENT;Singles;Or;06/11/2020;20/06/2024;3 ans 8 mois
ALPHA WANN;MITSUBISHI;DON DADA RECORDS / VIRGIN MUSIC FRANCE / UNIVERSAL MUSIC FRANCE;Singles;Or;25/02/2021;20/06/2024;3 ans 4 mois
OBOY;BÉTOILE;SYNDICATE RECORDS / BELIEVE;Singles;Or;10/09/2021;20/06/2024;2 ans 9 mois
NAPS FEAT. JUL, SCH & KALIF HARDCORE;AVENGERS;OK MANY INDUSTRIE / 13EME ART / BELIEVE;Singles;Or;08/10/2021;20/06/2024;2 ans 8 mois
JUL;AGHJU CAPITU;D'OR ET DE PLATINE / BELIEVE;Singles;Or;10/12/2021;20/06/2024;2 ans 6 mois
LF SYSTEM;AFRAID TO FEEL;WARNER MUSIC FRANCE;Singles;Or;02/05/2022;20/06/2024;2 ans 2 mois
DINOS FEAT. HAMZA;CHROME HEARTS;SPKTAQLR / CAPITOL MUSIC FRANCE / UNIVERSAL MUSIC FRANCE;Singles;Or;04/11/2022;20/06/2024;1 an 7 mois
OFENBACH FEAT. FAST BOY;LOVE ME NOW;ELEKTRA FRANCE / WARNER MUSIC FRANCE;Singles;Or;06/09/2022;20/06/2024;1 an 9 mois
JUL;J'FAIS QUE DANSER;D'OR ET DE PLATINE / BELIEVE;Singles;Or;03/11/2023;20/06/2024;7 mois
BRUNO MARS;RUNAWAY BABY;ATLANTIC RECORDS / CATALOGUE MARKETING CLASSIQUE / WARNER MUSIC FRANCE;Singles;Or;18/12/2020;13/06/2024;3 ans 6 mois
PHIL COLLINS;YOU CAN'T HURRY LOVE (2016 REMASTER);WEA / CATALOGUE MARKETING CLASSIQUE / WARNER MUSIC FRANCE;Singles;Or;26/02/2016;13/06/2024;8 ans 5 mois
WORAKLS;PORTO;HUNGRY MUSIC/WO PUBLISHING/BELIEVE;Singles;Platine;21/06/2014;13/06/2024;10 ans 1 mois
KENDRICK LAMAR;DAMN.;POLYDOR / UNIVERSAL MUSIC FRANCE;Albums;Double Platine;14/04/2017;13/06/2024;7 ans 3 mois
DINOS;STAMINA, MEMENTO;SPKTAQLR / CAPITOL MUSIC FRANCE / UNIVERSAL MUSIC FRANCE;Albums;Double Platine;26/11/2020;13/06/2024;3 ans 7 mois
SOFIANE PAMART;PLANET;88 TOUCHES / DEMAIN / [PIAS];Albums;Platine;22/11/2019;13/06/2024;4 ans 7 mois
GREEN MONTANA;NOSTALGIA +;CAPITOL MUSIC FRANCE / UNIVERSAL MUSIC FRANCE;Albums;Platine;14/04/2022;13/06/2024;2 ans 2 mois
LA FÈVE;24;WALONE / ADA FRANCE / WARNER MUSIC FRANCE;Albums;Or;22/12/2023;13/06/2024;5 mois
RIM'K;CELLOPHANÉ;FRENESIK / VIRGIN MUSIC FRANCE / UNIVERSAL MUSIC FRANCE;Singles;Diamant;28/10/2016;13/06/2024;7 ans 8 mois
NINHO FEAT. CENTRAL CEE;EUROSTAR;REC. 118 / JEFE PRODUCTIONS / WARNER MUSIC FRANCE;Singles;Diamant;30/06/2023;13/06/2024;11 mois
DUA LIPA;HOUDINI;WEA / WARNER MUSIC FRANCE;Singles;Diamant;09/11/2023;13/06/2024;7 mois
CNCO, MEGHAN TRAINOR & SEAN PAUL;HEY DJ;SYCO MUSIC / SONY MUSIC ENTERTAINMENT;Singles;Platine;09/11/2018;13/06/2024;5 ans 8 mois
SCH;ÇA IRA;REC. 118 / WARNER MUSIC FRANCE;Singles;Platine;22/11/2019;13/06/2024;4 ans 7 mois
LABRINTH;FORMULA;MILAN / SONY MUSIC ENTERTAINMENT;Singles;Platine;04/10/2019;13/06/2024;4 ans 9 mois
THERAPIE TAXI;BLESSE-MOI;PANENKA MUSIC / WAGRAM;Singles;Platine;08/01/2021;13/06/2024;3 ans 5 mois
MALUMA;HP;SONY MUSIC LATIN / SONY MUSIC ENTERTAINMENT;Singles;Or;03/03/2019;13/06/2024;5 ans 4 mois
VIANNEY;LA FILLE DU SUD;TÔT OU TARD / BELIEVE;Singles;Or;30/10/2020;06/06/2024;3 ans 7 mois
BORIS WAY;LOSE MY MIND;B1 / SONY MUSIC ENTERTAINMENT;Singles;Or;28/04/2023;06/06/2024;1 an 1 mois
THE NEIGHBOURHOOD;DADDY ISSUES;COLUMBIA / SONY MUSIC ENTERTAINMENT;Singles;Platine;30/10/2015;30/05/2024;8 ans 8 mois
FREEZE CORLEONE;ADC;MMS CORP / JEUNE À JAMAIS;Albums;Platine;11/09/2023;30/05/2024;8 mois
THE STROKES;THE NEW ABNORMAL;CULT RECORDS/RCA RECORDS / RCA GROUP / SONY MUSIC ENTERTAINMENT;Albums;Or;10/04/2020;30/05/2024;4 ans 2 mois
IBRAHIM MAALOUF;DALIDA BY IBRAHIM MAALOUF;BARCLAY / LABEL PANTHEON / UNIVERSAL MUSIC FRANCE;Albums;Or;17/11/2017;30/05/2024;6 ans 7 mois
SDM;YAKALELO;CAPITOL MUSIC FRANCE / UNIVERSAL MUSIC FRANCE;Singles;Diamant;02/07/2020;30/05/2024;3 ans 11 mois
FLUME FEAT. KAI;NEVER BE LIKE YOU (MARTIN SOLVEIG REMIX);TRANSGRESSIVE	/ PIAS FRANCE / INTEGRAL PIAS;Singles;Diamant;16/01/2016;30/05/2024;8 ans 5 mois
CALEMA;TE AMO;POLYDOR / UNIVERSAL MUSIC FRANCE;Singles;Diamant;02/02/2020;30/05/2024;4 ans 4 mois
RIHANNA;LIFT ME UP;POLYDOR / UNIVERSAL MUSIC FRANCE;Singles;Diamant;28/10/2022;30/05/2024;1 an 7 mois
BENSON BOONE;BEAUTIFUL THINGS;NIGHT STREET RECORDS, INC./ WARNER RECORDS INC. / WEA / WARNER MUSIC FRANCE;Singles;Diamant;18/01/2024;30/05/2024;4 mois
NINHO;POURQUOI;REC. 118 / MAL LUNE MUSIC	/ WARNER MUSIC FRANCE;Singles;Platine;08/09/2017;30/05/2024;6 ans 9 mois
TIMAL;MARIA;ELEKTRA FRANCE / WARNER MUSIC FRANCE;Singles;Platine;27/04/2018;30/05/2024;6 ans 2 mois
GREEN MONTANA FEAT. SDM;NEYMAR JR;CAPITOL MUSIC FRANCE / UNIVERSAL MUSIC FRANCE;Singles;Platine;14/04/2022;30/05/2024;2 ans 1 mois
NINHO, REDVOLUTION;CAROLINA;REDVOLUTION / BELIEVE;Singles;Platine;14/10/2022;30/05/2024;1 an 7 mois
VEGEDREAM;PERSONNE;ISLAND DEF JAM / UNIVERSAL MUSIC FRANCE;Singles;Or;12/07/2019;30/05/2024;4 ans 11 mois
BAZZI FEAT. CAMILA CABELLO;BEAUTIFUL;IAMCOSMIC / WARNER MUSIC FRANCE;Singles;Or;20/09/2017;30/05/2024;6 ans 9 mois
ALICE MERTON;NO ROOTS;PAPER PLANE RECORDS INTERNATIONAL / SONY MUSIC ENTERTAINMENT;Singles;Or;03/02/2017;30/05/2024;7 ans 5 mois
BILLIE EILISH;LISTEN BEFORE I GO;INTERSCOPE RECORDS	/ POLYDOR / UNIVERSAL MUSIC FRANCE;Singles;Or;29/03/2019;30/05/2024;5 ans 2 mois
13 ORGANISÉ;C’EST MAINTENANT;RIEN 100 RIEN / BELIEVE;Singles;Or;09/10/2020;30/05/2024;3 ans 8 mois
IZAID;DANS SA CHAMBRE;IZAID / BELIEVE;Singles;Or;27/04/2019;30/05/2024;5 ans 2 mois
TIËSTO FEAT. KAROL G;DON'T BE SHY;ATLANTIC RECORDS / WEA / WARNER MUSIC FRANCE;Singles;Or;12/08/2021;30/05/2024;2 ans 10 mois
D4VD;HERE WITH ME;POLYDOR / UNIVERSAL MUSIC FRANCE;Singles;Or;22/09/2022;30/05/2024;1 an 8 mois
NINHO;FREESTYLE LVL UP 3;REC. 118 / JEFE PRODUCTIONS / WARNER MUSIC FRANCE;Singles;Or;22/05/2023;30/05/2024;1 an
JACK HARLOW;LOVIN ON ME;GENERATION NOW/ATLANTIC / WEA / WARNER MUSIC FRANCE;Singles;Or;10/11/2023;30/05/2024;6 mois
PLK;ENNA;PANENKA MUSIC / WAGRAM;Albums;Diamant;28/08/2020;23/05/2024;3 ans 9 mois
TRAVIS SCOTT;ASTROWORLD;CACTUS JACK / EPIC / SONY MUSIC ENTERTAINMENT;Albums;Double Platine;05/08/2018;23/05/2024;5 ans 10 mois
ALONZO;AVENUE DE ST ANTOINE;ISLAND DEF JAM / UNIVERSAL MUSIC FRANCE;Albums;Double Platine;20/05/2016;23/05/2024;8 ans 1 mois
SOFIANE;BANDIT SALETÉ;MILLENIUM / CAPITOL MUSIC FRANCE / UNIVERSAL MUSIC FRANCE;Singles;Double Platine;20/05/2017;23/05/2024;7 ans 1 mois
1PLIKÉ140;1PLIKTOI;MILLENIUM / CAPITOL MUSIC FRANCE / UNIVERSAL MUSIC FRANCE;Albums;Platine;11/06/2020;23/05/2024;4 ans
SHAY;MÊME PAS BONNE;MILLENIUM / CAPITOL MUSIC FRANCE / UNIVERSAL MUSIC FRANCE;Singles;Or;10/05/2019;16/05/2024;5 ans 1 mois
DJADJA & DINAZ;AVANT;CARRÉ MUSIC / BELIEVE;Singles;Or;17/03/2017;16/05/2024;7 ans 3 mois
13 ORGANISÉ;WAR ZONE;RIEN 100 RIEN / BELIEVE;Singles;Or;09/10/2020;16/05/2024;3 ans 7 mois
BENZZ;JE M'APPELLE;UNIVERSAL MUSIC / POLYDOR / UNIVERSAL MUSIC FRANCE;Singles;Or;21/04/2022;16/05/2024;2 ans 1 mois
KEEN’V;J'AIMERAIS TROP;WARNER MUSIC FRANCE;Singles;Platine;06/12/2012;16/05/2024;11 ans 7 mois
TAYLOR SWIFT;1989 (TAYLOR'S VERSION);UNIVERSAL MUSIC / POLYDOR / UNIVERSAL MUSIC FRANCE;Albums;Platine;27/10/2023;16/05/2024;6 mois
KAZA;TOXIC;ELEKTRA FRANCE / WARNER MUSIC FRANCE;Albums;Or;30/04/2021;16/05/2024;3 ans 1 mois
BARBARA PRAVI;ON N’ENFERME PAS LES OISEAUX;VIRGIN MUSIC FRANCE / UNIVERSAL MUSIC FRANCE;Albums;Or;27/08/2021;16/05/2024;2 ans 9 mois
PLK;C'EST MORT;PANENKA MUSIC / WAGRAM;Singles;Diamant;10/07/2020;16/05/2024;3 ans 10 mois
XXXTENTACION FEAT. TRIPPIE REDD;FUCK LOVE;EMPIRE / BIGWAX DISTRIBUTION;Singles;Diamant;12/04/2019;16/05/2024;5 ans 2 mois
NEKFEU;LES ÉTOILES VAGABONDES;SEINE ZOO / CARTHAGE MUSIC / UNIVERSAL MUSIC FRANCE;Singles;Diamant;06/06/2019;16/05/2024;5 ans
DAMSO;COEUR EN MIETTES;TRENTE-QUATRE CENTIMES / UNIVERSAL MUSIC FRANCE;Singles;Diamant;17/09/2020;16/05/2024;3 ans 8 mois
VICTOR THOMPSON & EHIS D'GREATEST;THIS YEAR (BLESSINGS);NWE WORLDWIDE / ORCHARD;Singles;Diamant;04/01/2023;16/05/2024;1 an 4 mois
ALONZO;ASSURANCE VIE;ISLAND DEF JAM / UNIVERSAL MUSIC FRANCE;Singles;Platine;28/02/2019;16/05/2024;5 ans 3 mois
NAZA;SAC À DOS;MUKONGO BUSINESS / BELIEVE;Singles;Platine;08/09/2017;16/05/2024;6 ans 9 mois
OFFSET & METRO BOOMIN;RIC FLAIR DRIP;SLAUGHTER GANG, LLC/EPIC/QUALITY CONTROL MUSIC/MOTOWN/CAPITOL/BOOMINATI WORLDWIDE/REPUBLIC	/ SONY MUSIC ENTERTAINMENT;Singles;Platine;23/12/2017;16/05/2024;6 ans 5 mois
DAMSO;DIX LEURRES;CARTHAGE MUSIC / UNIVERSAL MUSIC FRANCE;Singles;Platine;15/06/2018;16/05/2024;6 ans
SELENA GOMEZ;LOSE YOU TO LOVE ME;UNIVERSAL MUSIC / POLYDOR / UNIVERSAL MUSIC FRANCE;Singles;Or;23/10/2019;16/05/2024;4 ans 7 mois
BILLIE EILISH;BELLYACHE;UNIVERSAL MUSIC / POLYDOR / UNIVERSAL MUSIC FRANCE;Singles;Or;24/02/2017;16/05/2024;7 ans 3 mois
BRUNO MARS FEAT. GUCCI MANE;THAT'S WHAT I LIKE;ATLANTIC RECORDS / WARNER MUSIC FRANCE;Singles;Diamant;17/11/2016;09/05/2024;7 ans 7 mois
PIERRE GARNIER;CEUX QU'ON ÉTAIT;COLUMBIA / SONY MUSIC ENTERTAINMENT;Singles;Diamant;07/02/2024;09/05/2024;3 mois
ZOLA;OUAIS OUAIS;AWA / SONY MUSIC ENTERTAINMENT;Singles;Diamant;05/10/2018;09/05/2024;5 ans 8 mois
IMAGINE DRAGONS;SYMPHONY;INTERSCOPE RECORDS / POLYDOR / UNIVERSAL MUSIC FRANCE;Singles;Platine;01/07/2022;09/05/2024;1 an 10 mois
DJADJA & DINAZ;CAPITAINE;CARRÉ MUSIC	/ BELIEVE;Singles;Diamant;03/03/2023;09/05/2024;1 an 2 mois
LA FEMME;ELLE NE T'AIME PAS;VIRGIN RECORDS FRANCE / UNIVERSAL MUSIC FRANCE;Singles;Platine;02/09/2016;09/05/2024;7 ans 9 mois
VIANNEY;MOI AIMER TOI;TOT OU TARD	/ WAGRAM;Singles;Diamant;25/11/2016;09/05/2024;7 ans 6 mois
NEKFEU;FEU;CARTHAGE MUSIC / UNIVERSAL MUSIC FRANCE;Albums;Double Diamant;08/06/2015;09/05/2024;9 ans
SHECK WES;MO BAMBA;INTERSCOPE RECORDS / POLYDOR \ UNIVERSAL MUSIC FRANCE;Singles;Or;31/01/2018;09/05/2024;6 ans 4 mois
DJ KAYZ;EN FAMILLE;CAPITOL / BENDO	UNIVERSAL MUSIC FRANCE;Albums;Or;29/06/2018;09/05/2024;5 ans 11 mois
GAËTAN ROUSSEL;ECLECT!QUE;PLAY TWO / SONY MUSIC ENTERTAINMENT;Albums;Or;24/11/2023;09/05/2024;5 mois
DJADJA & DINAZ;DÉSTABILISÉ;CARRE-MUSIC / BELIEVE;Singles;Diamant;13/02/2017;25/04/2024;7 ans 3 mois
YANISS ODUA;CHALAWA;CAAN DUN MUSIC / MUSICAST / BELIEVE;Singles;Or;20/03/2014;25/04/2024;10 ans 2 mois
SCH;LE CODE;REC. 118 / WARNER MUSIC FRANCE;Singles;Diamant;19/10/2018;25/04/2024;5 ans 7 mois
THE LYNDHURST ORCHESTRA;"NOW WE ARE FREE (FROM ""GLADIATOR"" SOUNDTRACK)";UNIVERSAL MUSIC / POLYDOR / UNIVERSAL MUSIC FRANCE;Singles;Platine;02/05/2000;25/04/2024;24 ans 3 mois
SHAY;JOLIE GO;JOLIE GARCE RECORDS / BECAUSE MUSIC;Singles;Platine;03/03/2023;25/04/2024;1 an 1 mois
TAYLOR SWIFT;LOVER;ISLAND DEF JAM / UNIVERSAL MUSIC FRANCE;Albums;Platine;23/08/2019;25/04/2024;4 ans 8 mois
WERENOI;CHEMIN D'OR;PLR MUSIC / PGP RECORDS / ALLPOINTS / BELIEVE;Singles;Diamant;10/03/2023;25/04/2024;1 an 1 mois
TRINIDAD CARDONA;DINERO;POLYDOR / UNIVERSAL MUSIC FRANCE;Singles;Platine;01/02/2018;25/04/2024;6 ans 3 mois
ASHH;MILA 809;VIRGIN MUSIC FRANCE  / UNIVERSAL MUSIC FRANCE;Albums;Or;07/07/2017;25/04/2024;6 ans 10 mois
NÉPAL;2016 - 2018;TRIPLE 4 GEAR / IDOL;Albums;Platine;23/08/2019;25/04/2024;4 ans 8 mois
NAPS;FOLLE;13EME ART MUSIC	/ BELIEVE;Singles;Or;01/06/2018;25/04/2024;5 ans 11 mois
ZOLA FEAT. LETO;MA JOLIE;AWA / SONY MUSIC ENTERTAINMENT;Singles;Or;20/11/2020;25/04/2024;3 ans 5 mois
ZOLA;VISTA;AWA / SONY MUSIC ENTERTAINMENT;Singles;Or;18/12/2020;25/04/2024;3 ans 4 mois
ALONZO FEAT. JUL;ILS LE SAVENT;ISLAND DEF JAM / UNIVERSAL MUSIC FRANCE;Singles;Or;20/05/2016;25/04/2024;8 ans
SELENA GOMEZ;BAD LIAR;POLYDOR / UNIVERSAL MUSIC FRANCE;Singles;Or;18/05/2017;25/04/2024;7 ans
MAÎTRE GIMS;ENTRE NOUS C'EST MORT;PLAY TWO  / SONY MUSIC ENTERTAINMENT;Singles;Or;23/03/2018;25/04/2024;6 ans 2 mois
HORNET LA FRAPPE;KEDABA;REC. 118 /  WARNER MUSIC FRANCE;Singles;Or;02/07/2021;25/04/2024;2 ans 10 mois
DOPEBWOY FEAT. CHIVV & 3ROBI;CARTIER;VIRGIN MUSIC FRANCE  / UNIVERSAL MUSIC FRANCE;Singles;Or;23/06/2017;25/04/2024;6 ans 11 mois
ZIAK;CA SUFFIT;MILLENIUM / CAPITOL MUSIC FRANCE / UNIVERSAL MUSIC FRANCE;Singles;Or;21/10/2021;25/04/2024;2 ans 6 mois
GUY2BEZBAR;JOUR ET NUIT;BLUE MAGIC CORP /  SONY MUSIC ENTERTAINMENT;Singles;Or;19/11/2021;25/04/2024;2 ans 5 mois
TIËSTO;LAY LOW (RADICAL REDEMPTION REMIX);MUSICAL FREEDOM /  WARNER MUSIC FRANCE;Singles;Or;06/01/2023;25/04/2024;1 an 3 mois
HOSHI;IL SUFFIT D'Y CROIRE;JO&CO / SONY MUSIC FRANCE;Albums;Triple Platine;23/03/2018;25/04/2024;6 ans 2 mois
THE WEEKND;I WAS NEVER THERE;ISLAND DEF JAM / UNIVERSAL MUSIC FRANCE;Singles;Platine;30/03/2018;25/04/2024;6 ans 1 mois
NISKA;MATUIDI CHARO (PSG);MILLENIUM / CAPITOL MUSIC FRANCE / UNIVERSAL MUSIC FRANCE;Singles;Diamant;18/09/2015;25/04/2024;8 ans 8 mois
DUA LIPA;DANCE THE NIGHT (FROM BARBIE THE ALBUM);ATLANTIC RECORDS / WEA / WARNER MUSIC FRANCE;Singles;Diamant;25/05/2023;25/04/2024;11 mois
SAEZ;#HUMANITÉ;CINQ 7 / WAGRAM;Albums;Or;30/11/2018;18/04/2024;5 ans 5 mois
IAM;YASUKE;VIRGIN MUSIC FRANCE	/ UNIVERSAL MUSIC FRANCE;Albums;Or;22/11/2019;18/04/2024;4 ans 5 mois
JOHNNY HALLYDAY;JOHNNY HALLYDAY SYMPHONIQUE;LABEL PANTHEON	/ UNIVERSAL MUSIC FRANCE;Albums;Or;01/12/2023;18/04/2024;4 mois
A$AP ROCKY;TESTING;A$AP WORLDWIDE/POLO GROUNDS MUSIC/RCA RECORDS /SONY MUSIC ENTERTAINMENT;Albums;Or;27/05/2018;18/04/2024;5 ans 11 mois
GEORGIO FEAT. PLK;QUAND TOUT S'ENFLAMME;PANENKA MUSIC / WAGRAM;Singles;Or;03/02/2023;18/04/2024;1 an 2 mois
ROSALÍA & RAUW ALEJANDRO;BESO;COLUMBIA RECORDS/ DUARS ENTERTAINMENT/SONY MUSIC LATIN / SONY MUSIC ENTERTAINMENT;Singles;Diamant;24/03/2023;11/04/2024;1 an
MISTER YOU;LA COSTA;HASTA LA MUERTE / BELIEVE;Singles;Platine;08/01/2021;11/04/2024;3 ans 3 mois
TIAKOLA;LA CLÉ;WATI-B / SONY MUSIC ENTERTAINMENT;Singles;Diamant;23/12/2021;11/04/2024;2 ans 4 mois
NAPS FEAT. GAZO;VAMOS;OK MANY INDUSTRIE / 13ÈME ART MUSIC / BELIEVE;Singles;Diamant;17/06/2022;11/04/2024;1 an 10 mois
ARIANA GRANDE;NO TEARS LEFT TO CRY;ISLAND DEF JAM / UNIVERSAL MUSIC FRANCE;Singles;Diamant;20/04/2018;11/04/2024;6 ans
MENTISSA;MAMMA MIA;TÔT OU TARD / BELIEVE;Singles;Platine;18/11/2022;11/04/2024;1 an 5 mois
OFENBACH;I;ELEKTRA FRANCE / WARNER MUSIC FRANCE;Albums;Or;02/09/2022;11/04/2024;1 an 7 mois
PLK;DANS LES CLIPS;WAGRAM / PANENKA MUSIC / PANENKA MUSIC;Singles;Platine;28/08/2020;11/04/2024;3 ans 8 mois
KEBLACK;ELLE FAIT QUE M'TÉMA;MUKONGO BUSINESS / MUSICAST / BELIEVE;Singles;Or;27/01/2017;11/04/2024;7 ans 3 mois
JÉRÉMY FREROT;À LA VIE QU’ON MÈNE;6&7	/ BELIEVE;Singles;Or;15/10/2021;11/04/2024;2 ans 6 mois
BILLIE EILISH;SIX FEET UNDER;POLYDOR / UNIVERSAL MUSIC FRANCE;Singles;Or;17/11/2016;11/04/2024;7 ans 6 mois
NIRO;S3;CAPITOL MUSIC FRANCE/ UNIVERSAL MUSIC FRANCE;Singles;Or;09/12/2016;11/04/2024;7 ans 5 mois
LA SYNESIA;CASSE-TOI D'ICI;ISLAND DEF JAM/ UNIVERSAL MUSIC FRANCE;Singles;Or;17/03/2017;11/04/2024;7 ans 2 mois
MILEY CYRUS;ANGELS LIKE YOU;RCA RECORDS LABEL / RCA GROUP / SONY MUSIC ENTERTAINMENT;Singles;Or;27/11/2020;11/04/2024;3 ans 5 mois
KORE & WERENOI;TUCIBI (EXTRAIT DE LA BO DE « EN PASSANT PÉCHO »);AWA /RCA / SONY MUSIC ENTERTAINMENT;Singles;Or;12/03/2021;11/04/2024;3 ans 1 mois
DAMSO;YOUVOI;TRENTE-QUATRE CENTIMES / UNIVERSAL MUSIC FRANCE;Singles;Or;28/04/2021;11/04/2024;2 ans 11 mois
LIL UZI VERT;JUST WANNA ROCK;GENERATION NOW / ATLANTIC / WARNER	WARNER MUSIC FRANCE;Singles;Or;17/10/2022;11/04/2024;1 an 6 mois
DAVIDO;UNAVAILABLE;COLUMBIA / SONY MUSIC ENTERTAINMENT;Singles;Or;01/04/2023;11/04/2024;1 an
PLK;DINGUE;PANENKA MUSIC / WAGRAM;Singles;Diamant;01/02/2019;11/04/2024;5 ans 3 mois
MAÎTRE GIMS;MIAMI VICE;PLAY TWO / SONY MUSIC ENTERTAINMENT;Singles;Platine;15/03/2019;11/04/2024;5 ans 1 mois
AYA NAKAMURA FEAT. OBOY;PRÉFÉRÉ;REC.118  / WARNER MUSIC FRANCE;Singles;Platine;13/11/2020;11/04/2024;3 ans 5 mois
LA FOUINE;PAPA;JIVE EPIC / RCA GROUP / SONY MUSIC ENTERTAINMENT;Singles;Or;17/01/2011;04/04/2024;13 ans 4 mois
LE CLASSICO ORGANISÉ;CŒUR DE PIRATE;RIEN 100 RIEN / BELIEVE;Singles;Diamant;05/11/2021;04/04/2024;2 ans 5 mois
SLIMANE;CHRONIQUES D'UN CUPIDON;CAPITOL MUSIC FRANCE / UNIVERSAL MUSIC FRANCE;Albums;Double Platine;01/09/2022;04/04/2024;1 an 7 mois
DAMSO;IPSÉITÉ;CARTHAGE MUSIC	/ UNIVERSAL MUSIC FRANCE;Albums;Double Diamant;27/04/2017;04/04/2024;7 ans
JENIFER FEAT. SLIMANE;LES CHOSES SIMPLES;TF1 ENTERTAINMENT / SONY MUSIC ENTERTAINMENT;Singles;Platine;26/10/2018;04/04/2024;5 ans 6 mois
NINHO FEAT. YARO;LE JEU;REC. 118 / MAL LUNE MUSIC	/ WARNER MUSIC FRANCE;Singles;Platine;07/03/2020;04/04/2024;4 ans 1 mois
DOSSEH FEAT. MAES;L'ODEUR DU CHARBON;SPKTAQLR / CAPITOL MUSIC FRANCE / UNIVERSAL MUSIC FRANCE;Singles;Diamant;28/06/2019;04/04/2024;4 ans 10 mois
NIRO;TAULIER;AMBITION MUSIC / SONY MUSIC ENTERTAINMENT;Albums;Or;27/01/2023;04/04/2024;1 an 2 mois
THE WEEKND;HEARTLESS;ISLAND DEF JAM / UNIVERSAL MUSIC FRANCE;Singles;Or;27/11/2019;04/04/2024;4 ans 5 mois
DJADJA & DINAZ;UN MILLION PAR MOIS;CARRE MUSIC / ALLPOINTS / BELIEVE;Singles;Platine;29/10/2019;21/03/2024;4 ans 5 mois
GAZO X TIAKOLA;LA MELO EST GANGX;BSB PROD / M3LO WORLD / WATI B / SONY MUSIC ENTERTAINMENT;Albums;Platine;01/12/2023;21/03/2024;3 mois
DADJU;LIONNE;CAPITOL MUSIC FRANCE / UNIVERSAL MUSIC FRANCE;Singles;Diamant;24/11/2017;21/03/2024;6 ans 4 mois
SIA;MUSIC-;ATLANTIC RECORDS / WEA / WARNER MUSIC FRANCE;Albums;Or;12/02/2021;21/03/2024;3 ans 1 mois
JUL;MÉLANCOLIE DU SOIR;D'OR ET DE PLATINE / BELIEVE;Singles;Or;29/06/2018;21/03/2024;5 ans 9 mois
SCYLLA & SOFIANE PAMART;LE MONDE EST À MES PIEDS;URBAN / PIAS FRANCE;Singles;Or;26/09/2018;21/03/2024;5 ans 6 mois
MUSTARD & RODDY RICH;BALLIN';POLYDOR / UNIVERSAL MUSIC FRANCE;Singles;Or;28/06/2019;21/03/2024;4 ans 9 mois
PATRICK FIORI;LES GENS QU'ON AIME;SMART / SONY MUSIC ENTERTAINMENT;Singles;Or;29/09/2017;21/03/2024;6 ans 6 mois
NÉPAL;BABYLONE;TRIPLE 4 GEAR / IDOL;Singles;Platine;23/08/2019;21/03/2024;4 ans 7 mois
REMA;RAVE & ROSES;VIRGIN RECORDS FRANCE / UNIVERSAL MUSIC FRANCE;Albums;Platine;29/04/2022;21/03/2024;1 an 11 mois
LEFA;T'Y ARRIVAIS PAS;SONY MUSIC ENTERTAINMENT / SONY MUSIC ENTERTAINMENT / 2L MUSIC;Singles;Platine;18/10/2019;21/03/2024;4 ans 5 mois
YARO FEAT. NINHO;DERNIER ETAGE;LAST SHOOT MUSIC / BELIEVE;Singles;Platine;25/03/2022;21/03/2024;2 ans
NAPS;POCHON BLEU;13EME ART MUSIC	/ BELIEVE;Albums;Triple Platine;19/05/2017;21/03/2024;6 ans 11 mois
LOUANE;ON ETAIT BEAU;ISLAND DEF JAM / UNIVERSAL MUSIC FRANCE;Singles;Diamant;23/06/2017;21/03/2024;6 ans 10 mois
WERENOI FEAT. PLK;ESCORTE;PLR MUSIC / PGP RECORDS / ALLPOINTS / BELIEVE;Singles;Platine;10/03/2023;21/03/2024;1 an
ZZ TOP;LA GRANGE (2005 REMASTER);RHINO / WARNER MUSIC FRANCE;Singles;Or;26/07/1973;21/03/2024;51 ans 4 mois
ZKR	FEAT. KOBA LAD;POURSUITE;ALLROAD / MORNING GLORY MUSIC / ALLPOINTS / BELIEVE;Singles;Or;09/10/2020;14/03/2024;3 ans 5 mois
JUL;BEUH D'HOLLANDE;D'OR ET DE PLATINE / BELIEVE;Singles;Or;08/12/2023;14/03/2024;3 mois
TAYLOR SWIFT;YOU NEED TO CALM DOWN;ISLAND DEF JAM / UNIVERSAL MUSIC FRANCE;Singles;Or;14/06/2019;14/03/2024;4 ans 9 mois
FRANGLISH;DONNA IMMA;CAPITOL MUSIC FRANCE / UNIVERSAL MUSIC FRANCE;Singles;Or;05/04/2019;14/03/2024;5 ans
SDM FEAT. NISKA;FAME;CAPITOL MUSIC FRANCE / UNIVERSAL MUSIC FRANCE;Singles;Or;01/12/2022;14/03/2024;1 an 3 mois
SOOLKING FEAT. CHEB MAMI;CA FAIT DES ANNEES;CAPITOL MUSIC FRANCE / UNIVERSAL MUSIC FRANCE;Singles;Or;19/03/2020;14/03/2024;4 ans
MAC MILLER;GOOD NEWS;WARNER RECORD / WARNER MUSIC FRANCE;Singles;Or;09/01/2020;14/03/2024;4 ans 2 mois
TAYC;LES LARMES;CAPITOL / BENDO / UNIVERSAL MUSIC FRANCE;Singles;Or;13/12/2019;14/03/2024;4 ans 3 mois
JOSMAN;SEC;SIDELINE	/ SONY MUSIC ENTERTAINMENT;Singles;Or;29/01/2021;14/03/2024;3 ans 2 mois
SCH FEAT. LE RAT LUCIANO ET JUL;FANTÔME;REC. 118 / WARNER MUSIC FRANCE;Singles;Or;19/03/2021;14/03/2024;3 ans
HAMZA FEAT. TIAKOLA;ATASANTÉ PART.2;JUST WOKE UP / WARNER MUSIC FRANCE;Singles;Or;17/02/2023;14/03/2024;1 an 1 mois
LINKIN PARK;LOST;WARNER RECORDS / WARNER MUSIC FRANCE;Singles;Or;10/02/2023;14/03/2024;1 an 1 mois
CALVIN HARRIS FEAT. FRANK OCEAN & MIGOS;SLIDE;COLUMBIA / SONY MUSIC ENTERTAINMENT;Singles;Diamant;24/02/2017;14/03/2024;7 ans 1 mois
BOULEVARD DES AIRS FEAT. VIANNEY;ALLEZ RESTE;COLUMBIA / SONY MUSIC ENTERTAINMENT;Singles;Diamant;31/08/2018;14/03/2024;5 ans 7 mois
KANYE WEST;FATHER STRETCH MY HANDS PT. 1;ISLAND DEF JAM / UNIVERSAL MUSIC FRANCE;Singles;Or;01/04/2016;07/03/2024;8 ans
QUAVO & TAKEOFF;HOTEL LOBBY (UNC & PHEW);CAPITOL MUSIC FRANCE / UNIVERSAL MUSIC FRANCE;Singles;Or;20/05/2022;07/03/2024;1 an 9 mois
MEDUZA & JAMES CARTER FEAT. ELLEY DUHE & FASTBOY;BAD MEMORIES;ISLAND DEF JAM / UNIVERSAL MUSIC FRANCE;Singles;Or;22/07/2022;07/03/2024;1 an 7 mois
YSEULT;CORPS;NAIVE / BELIEVE;Singles;Diamant;03/04/2020;29/02/2024;3 ans 11 mois
LOMEPAL;À PEU PRÈS;PINÉALE / IDOL;Singles;Diamant;16/09/2022;29/02/2024;1 an 5 mois
NO LIMIT,  GAZO & DAMSO;LA RUE;NO LIMIT PROD / SONY MUSIC ENTERTAINMENT;Singles;Diamant;11/05/2023;29/02/2024;9 mois
MMZ;BULMA;MMZ Music / BELIEVE;Singles;Platine;04/11/2016;29/02/2024;7 ans 5 mois
LAYLOW;IVERSON;DIGITALMUNDO / SONY MUSIC ENTERTAINMENT;Singles;Platine;16/07/2021;29/02/2024;2 ans 7 mois
FALLY IPUPA FEAT. AYA NAKAMURA;BAD BOY;ELEKTRA FRANCE / WARNER MUSIC FRANCE;Singles;Platine;16/06/2017;29/02/2024;6 ans 9 mois
RITA MITSOUKO;LES RITA MITSOUKO;BECAUSE MUSIC / WARNER MUSIC FRANCE;Albums;Or;27/09/2019;29/02/2024;4 ans 5 mois
CHRISTOPHE WILLEM;PANORAMA;RCA GROUP / SONY MUSIC ENTERTAINMENT;Albums;Or;16/09/2022;29/02/2024;1 an 5 mois
SASSO;J'PICOLE;WLAB / WAGRAM;Singles;Diamant;18/09/2020;29/02/2024;3 ans 5 mois
FRESH FEAT. SHAY;KOBE;ICB RECORDS	/ BELIEVE;Singles;Or;27/10/2022;29/02/2024;1 an 4 mois
NISKA;ZIFUKORO;CAPITOL MUSIC FRANCE  / UNIVERSAL MUSIC FRANCE;Singles;Or;13/04/2016;29/02/2024;7 ans 11 mois
AMY FEAT. LYNA MAHYEM & LYLAH;VA LÀ-BAS;REC. 118 / WARNER MUSIC FRANCE;Singles;Or;28/06/2019;29/02/2024;4 ans 8 mois
LETO FEAT. NISKA;NOUVEAUX RICHES;REC. 118 / WARNER MUSIC FRANCE;Singles;Or;31/07/2020;29/02/2024;3 ans 7 mois
FOOLS GARDEN;LEMON TREE;BMG RIGHTS MANAGEMENT GMBH / WARNER MUSIC FRANCE;Singles;Or;08/01/2021;29/02/2024;3 ans 2 mois
LOGOBI GT;SUCRÉ SALÉ (JUNIOR CALDERA REMIX 2014);WAGRAM;Singles;Platine;10/10/2011;29/02/2024;12 ans 6 mois
AYA NAKAMURA;CHÉRIE;REC. 118 / WARNER MUSIC FRANCE;Singles;Or;17/08/2023;29/02/2024;6 mois
DINOS;HIVER À PARIS;SPKTAQLR / CAPITOL MUSIC FRANCE / UNIVERSAL MUSIC FRANCE;Albums;Platine;03/11/2022;29/02/2024;1 an 4 mois
DJADJA & DINAZ;PAS LÀ;CARRÉ MUSIC	/ BELIEVE;Singles;Platine;03/03/2023;29/02/2024;1 an
KORE X LACRIM;MANGO;AWA/RCA GROUP/ SONY MUSIC ENTERTAINMENT;Singles;Platine;07/02/2021;29/02/2024;3 ans 1 mois
MUSE;WILL OF THE PEOPLE;WEA / WARNER MUSIC FRANCE;Albums;Platine;26/08/2022;29/02/2024;1 an 6 mois
ED SHEERAN;EYES CLOSED;ATLANTIC RECORDS UK	/ WEA / WARNER MUSIC FRANCE;Singles;Platine;24/03/2023;22/02/2024;11 mois
JOSMAN;J.000.$;SIDELINE	/ SONY MUSIC ENTERTAINMENT;Albums;Or;28/10/2023;22/02/2024;3 mois
NISKA FEAT MAES;BLUE MAGIC;MILLENIUM / CAPITOL MUSIC FRANCE / UNIVERSAL MUSIC FRANCE;Singles;Platine;05/11/2021;22/02/2024;2 ans 3 mois
THERAPIE TAXI;ALINE;PANENKA MUSIC / WAGRAM;Singles;Or;20/06/2018;22/02/2024;5 ans 9 mois
JOSMAN;V&V;CHOKE INDUSTRY / IDOL;Singles;Or;22/08/2018;22/02/2024;5 ans 7 mois
JUL;JE KILL AU MIC;D'OR ET DE PLATINE / BELIEVE;Singles;Or;25/06/2021;22/02/2024;2 ans 8 mois
KINA;CAN WE KISS FOREVER ?;COLUMBIA / SONY MUSIC ENTERTAINMENT;Singles;Or;31/08/2018;22/02/2024;5 ans 6 mois
LINKIN PARK;ONE MORE LIGHT;WARNER RECORDS / WARNER MUSIC FRANCE;Singles;Or;19/05/2017;15/02/2024;6 ans 10 mois
JOSMAN;L'OEIL DE LA JOCONDE;SIDELINE	 / SONY MUSIC ENTERTAINMENT;Singles;Or;18/03/2022;15/02/2024;1 an 11 mois
ZIAK;LLORET DE MAR;MILLENIUM / CAPITOL MUSIC FRANCE / UNIVERSAL MUSIC FRANCE;Singles;Or;12/11/2021;15/02/2024;2 ans 3 mois
BOOBA;TONY SOSA;TALLAC RECORDS / CAPITOL MUSIC FRANCE / UNIVERSAL MUSIC FRANCE;Singles;Or;23/02/2015;08/02/2024;9 ans 1 mois
MHD FEAT. DADJU;BÉBÉ;CAPITOL MUSIC FRANCE / UNIVERSAL MUSIC FRANCE;Singles;Diamant;19/09/2018;08/02/2024;5 ans 5 mois
RONISIA;RONISIA;EPIC	/ SONY MUSIC ENTERTAINMENT;Albums;Platine;28/01/2022;08/02/2024;2 ans
KYGO;KIDS IN LOVE;RCA GROUP / SONY MUSIC ENTERTAINMENT;Albums;Platine;03/11/2017;08/02/2024;6 ans 4 mois
MULTI INTERPRÈTES;GUARDIANS OF THE GALAXY VOL. 2 : AWESOME MIX VOL. 2;WALT DISNEY RECORDS / MCA / UNIVERSAL MUSIC FRANCE;Albums;Platine;21/04/2017;08/02/2024;6 ans 10 mois
TAYLOR SWIFT;EVERMORE;ISLAND DEF JAM / UNIVERSAL MUSIC FRANCE;Albums;Or;11/12/2020;08/02/2024;3 ans 2 mois
WERENOI FEAT. SCH;MAGOT;ALLPOINTS  / BELIEVE;Singles;Or;22/09/2023;08/02/2024;4 mois
NAZA;GATER LE COIN;BOMAYE MUSIK / BELIEVE;Singles;Or;21/10/2016;08/02/2024;7 ans 4 mois
KYO & COEUR DE PIRATE;DERNIERE DANSE;RCA GROUP	SONY MUSIC ENTERTAINMENT;Singles;Or;23/06/2023;08/02/2024;7 mois
NEMIR FEAT. ALPHA WANN;SUR MA VIE;CAPITOL MUSIC FRANCE / UNIVERSAL MUSIC FRANCE;Singles;Or;12/07/2019;08/02/2024;4 ans 7 mois
4KEUS GANG FEAT. NINHO;MIDI DANS LE GHETTO;PLAY TWO / BELIEVE;Singles;Platine;08/06/2018;08/02/2024;5 ans 9 mois
SCH;ALL EYES ON ME;REC. 118 / WARNER MUSIC FRANCE;Singles;Or;29/11/2019;08/02/2024;4 ans 3 mois
LOI FEAT. ROBIN;GOLD;WEA / WARNER MUSIC FRANCE;Singles;Or;16/09/2022;08/02/2024;1 an 5 mois
FAVÉ FEAT. GAZO;FLASHBACK;109 RECORD / MORNING GLORY MUSIC / BELIEVE;Singles;Diamant;15/09/2023;08/02/2024;4 mois
NINHO;BON QU'À ÇA;REC. 118 / JEFE PRODUCTIONS / WARNER MUSIC FRANCE;Singles;Or;30/06/2023;08/02/2024;7 mois
PLK;NOUVELLES;PANENKA MUSIC / WAGRAM;Singles;Diamant;14/04/2023;08/02/2024;10 mois
M. POKORA & DADJU;SI ON DISAIT;SONY MUSIC/TF1 ENTERTAINMENT / SONY MUSIC ENTERTAINMENT;Singles;Platine;05/02/2021;08/02/2024;3 ans
YL;VAILLANTE;UNIVERSAL MUSIC DIVISION VIRGIN MUSIC DISTRIBUTION / UNIVERSAL MUSIC FRANCE;Singles;Platine;16/04/2020;01/02/2024;3 ans 10 mois
VITAA & SLIMANE;VERSUS;CAPITOL / UNIVERSAL MUSIC FRANCE;Albums;Double Diamant;23/08/2019;01/02/2024;4 ans 6 mois
MISTER YOU;LE GRAND MECHANT YOU;SIX-0-NINE / BELIEVE;Albums;Or;18/11/2016;01/02/2024;7 ans 3 mois
TRAVIS SCOTT;BIRDS IN THE TRAP SING MCKNIGHT;CACTUS JACK / EPIC / SONY MUSIC ENTERTAINMENT;Albums;Platine;10/09/2016;01/02/2024;7 ans 6 mois
P!NK;TRUSTFALL;RCA RECORDS LABEL / SONY MUSIC ENTERTAINMENT;Albums;Or;17/02/2023;01/02/2024;11 mois
JAZZY BAZZ FEAT. JOSMAN;ALBICELESTE;3.14 PRODUCTION	 / IDOL;Singles;Or;21/01/2022;01/02/2024;2 ans
AJR;WEAK;BLACK BUTTER / SONY MUSIC ENTERTAINMENT;Singles;Or;03/02/2017;01/02/2024;7 ans 1 mois
4KEUS;VIE D'ARTISTE;WATI-B / SONY MUSIC ENTERTAINMENT;Singles;Or;06/12/2019;01/02/2024;4 ans 2 mois
JESSIE REYEZ;FIGURES;JESSIE REYEZ PROFIT SPLIT / UNIVERSAL MUSIC FRANCE;Singles;Or;21/04/2017;01/02/2024;6 ans 10 mois
DRAKE FEAT. 21 SAVAGE;JIMMY COOKS;ISLAND DEF JAM	UNIVERSAL MUSIC FRANCE;Singles;Or;17/06/2022;01/02/2024;1 an 7 mois
NISKA;LA ZONE EST MINÉE;MILLENIUM / CAPITOL MUSIC FRANCE / UNIVERSAL MUSIC FRANCE;Singles;Or;05/09/2019;18/01/2024;4 ans 5 mois
NISKA FEAT. HEUSS L'ENFOIRE;MOULA;MILLENIUM / CAPITOL MUSIC FRANCE / UNIVERSAL MUSIC FRANCE;Singles;Or;05/09/2019;18/01/2024;4 ans 5 mois
BILLIE EILISH;WATCH;ONE RECORDS / UNIVERSAL MUSIC FRANCE;Singles;Or;30/06/2017;18/01/2024;6 ans 7 mois
NÉPAL;SKYCLUB;TRIPLE 4 GEAR / IDOL;Singles;Or;23/08/2019;18/01/2024;4 ans 5 mois
HEUSS L'ENFOIRÉ;L'ANCIEN;MIDI MIDI PRODUCTION/150 PROD / BELIEVE;Singles;Or;18/09/2020;18/01/2024;3 ans 4 mois
DJADJA & DINAZ;LOUP;CARRÉ MUSIC / BELIEVE;Singles;Or;27/03/2021;18/01/2024;2 ans 10 mois
LAYLOW;VOIR LE MONDE BRULER;DIGITALMUNDO / SONY MUSIC ENTERTAINMENT;Singles;Or;16/07/2021;18/01/2024;2 ans 6 mois
THE WEEKND;OUT OF TIME;ISLAND DEF JAM / UNIVERSAL MUSIC FRANCE;Singles;Or;05/04/2022;18/01/2024;1 an 9 mois
NATHAN DAWE FEAT. ELLA HENDERSON;21 REASONS;ATLANTIC RECORDS UK / WEA / WARNER MUSIC FRANCE;Singles;Or;29/04/2022;18/01/2024;1 an 8 mois
GIMS X DADJU X SLIMANE;BELLE;PLAY TWO / SONY MUSIC ENTERTAINMENT;Singles;Platine;04/04/2021;18/01/2024;2 ans 9 mois
PLK;DEMAIN;PANENKA MUSIC / WAGRAM;Singles;Diamant;14/04/2023;11/01/2024;9 mois
KEBLACK;LAISSE MOI;MOTEMA RECORDS / BELIEVE;Singles;Diamant;08/09/2023;11/01/2024;4 mois
KALASH CRIMINEL;PIANO SOMBRE;CAPITOL MUSIC FRANCE / UNIVERSAL MUSIC FRANCE;Singles;Platine;20/05/2017;11/01/2024;6 ans 8 mois
NUIT INCOLORE;DÉPASSÉ;CINQ 7 / WAGRAM;Singles;Diamant;15/12/2022;11/01/2024;1 an 1 mois
DAVID KUSHNER;DAYLIGHT;VIRGIN MUSIC FRANCE	/ UNIVERSAL MUSIC FRANCE;Singles;Diamant;14/04/2023;11/01/2024;9 mois
IÑIGO QUINTERO;SI NO ESTÁS;ACQUSTIC/ BELIEVE;Singles;Diamant;10/02/2023;11/01/2024;11 mois
LABRINTH, SIA & DIPLO;LABRINTH, SIA & DIPLO PRESENT... LSD;RECORDS / COLUMBIA / SONY MUSIC CATALOGUE;Albums;Or;12/04/2019;11/01/2024;4 ans 9 mois
GAËL FAYE;RESPIRE;EXCUSE MY FRENCH / BELIEVE;Singles;Or;26/08/2020;11/01/2024;3 ans 5 mois
PLAYBOI CARTI;MAGNOLIA;ONE RECORDS / UNIVERSAL MUSIC FRANCE;Singles;Or;14/04/2017;11/01/2024;6 ans 10 mois
FREEZE CORLEONE;CHEN LADEN;UNIVERSAL MUSIC DIVISION VIRGIN MUSIC DISTRIBUTION DEAL / UNIVERSAL MUSIC FRANCE;Singles;Or;11/09/2020;11/01/2024;3 ans 4 mois
LEFA FEAT. PLK;230;2L MUSIC / SONY MUSIC ENTERTAINMENT;Singles;Or;10/07/2020;11/01/2024;3 ans 6 mois
LABRINTH;FOREVER;MILAN / SONY MUSIC ENTERTAINMENT;Singles;Or;04/10/2019;11/01/2024;4 ans 4 mois
JUSTIN BIEBER FEAT. CHANCE THE RAPPER;HOLY;ISLAND DEF JAM / UNIVERSAL MUSIC FRANCE;Singles;Or;18/09/2020;11/01/2024;3 ans 4 mois
ANGÈLE;PLUS DE SENS;ROMANCE MUSIQUE / UNIVERSAL MUSIC FRANCE;Singles;Or;08/12/2021;11/01/2024;2 ans 1 mois
M. POKORA;QUI ON EST;TF1 MUSIQUE	/ MCA / UNIVERSAL MUSIC FRANCE;Singles;Or;29/08/2022;11/01/2024;1 an 4 mois
LOMEPAL;NE ME RAMÈNE PAS;PINEALE PROD - GRAND MUSIQUE MANAGEMENT / IDOL;Singles;Diamant;07/12/2018;11/01/2024;5 ans 2 mois
THE WEEKND;TAKE MY BREATH;ISLAND DEF JAM / UNIVERSAL MUSIC;Singles;Diamant;06/08/2021;11/01/2024;2 ans 5 mois
DAMSO;SENTIMENTAL;TRENTE-QUATRE CENTIMES / UNIVERSAL MUSIC FRANCE;Singles;Platine;17/09/2020;11/01/2024;3 ans 4 mois
DAMSO;BPM;TRENTE-QUATRE CENTIMES  / UNIVERSAL MUSIC FRANCE;Singles;Platine;17/09/2020;11/01/2024;3 ans 4 mois
SLIMANE;DES MILLIERS DE JE T'AIME;CAPITOL MUSIC FRANCE / UNIVERSAL MUSIC FRANCE;Singles;Diamant;02/09/2022;11/01/2024;1 an 4 mois
VIANNEY FEAT.  MENTISSA;PARCE QUE C'EST TOI;TÔT OU TARD / BELIEVE;Singles;Or;15/10/2021;28/12/2023;2 ans 2 mois
SOPRANO;VENGA MI;REC. 118	/ WARNER MUSIC FRANCE;Singles;Or;25/05/2022;28/12/2023;1 an 7 mois
MEGHAN TRAINOR;MADE YOU LOOK;EPIC	/ SONY MUSIC ENTERTAINMENT;Singles;Or;21/10/2022;28/12/2023;1 an 2 mois
WERENOI;SOLITAIRE;PLR MUSIC & PGP RECORDS / BELIEVE;Singles;Diamant;03/06/2022;28/12/2023;1 an 7 mois
CALVIN HARRIS & SAM SMITH;DESIRE;COLUMBIA / SONY MUSIC ENTERTAINMENT;Singles;Or;28/07/2023;28/12/2023;5 mois
VLADIMIR CAUCHEMAR FEAT. ASDEK, LAYLOW & RIM'K;BRRR;VIRGIN MUSIC FRANCE	/ UNIVERSAL MUSIC FRANCE;Singles;Or;07/04/2021;28/12/2023;2 ans 9 mois
HUGO TSR;FENÊTRE SUR RUE;CLM / PIAS;Singles;Or;05/11/2012;28/12/2023;11 ans 3 mois
JUL;LA TÊTE DANS LES NUAGES;D'OR ET DE PLATINE / BELIEVE;Singles;Platine;23/10/2017;28/12/2023;6 ans 3 mois
DON TOLIVER;NO IDEA;WE RUN IT ENT./CACTUS JACK/ATLANTIC / WARNER MUSIC FRANCE;Singles;Platine;29/05/2019;28/12/2023;4 ans 7 mois
LOMEPAL;MAUVAIS ORDRE;PINÉALE / IDOL;Singles;Platine;16/09/2022;28/12/2023;1 an 3 mois
PATRICK BRUEL;ENCORE UNE FOIS;COLUMBIA / SONY MUSIC ENTERTAINMENT;Albums;Platine;18/11/2022;28/12/2023;1 an 1 mois
TIMAL;FUEGO;CAPITOL MUSIC FRANCE / UNIVERSAL MUSIC FRANCE;Singles;Or;30/09/2021;21/12/2023;2 ans 3 mois
STROMAE;FILS DE JOIE;POLYDOR / UNIVERSAL MUSIC FRANCE;Singles;Or;03/03/2022;21/12/2023;1 an 9 mois
PLK;HUBERT ET SAID;PANENKA / WAGRAM;Singles;Or;12/11/2021;21/12/2023;2 ans 1 mois
KAZA;PARE-BALLES;ELEKTRA FRANCE / WARNER MUSIC FRANCE;Singles;Or;02/10/2020;21/12/2023;3 ans 3 mois
LOREEN;TATTOO;POLYDOR / ONE RECORDS / UNIVERSAL MUSIC FRANCE;Singles;Diamant;25/02/2023;21/12/2023;9 mois
GREEN MONTANA;MELANCHOLIA 999;CAPITOL MUSIC FRANCE / UNIVERSAL MUSIC FRANCE;Albums;Or;11/06/2021;21/12/2023;2 ans 6 mois
LUV RESVAL;TOUT S'EN VA;AWA / SONY MUSIC ENTERTAINMENT;Singles;Platine;12/02/2021;21/12/2023;2 ans 10 mois
J BALVIN & SKRILLEX;IN DA GETTO;ISLAND DEF JAM / UNIVERSAL MUSIC FRANCE;Singles;Platine;02/07/2021;21/12/2023;2 ans 6 mois
FAUVE;BLIZZARD;FAUVE CORP / IDOL;Singles;Platine;28/04/2013;21/12/2023;10 ans 9 mois
SAM SMITH;FIRE ON FIRE;CAPITOL / UNIVERSAL MUSIC FRANCE;Singles;Platine;21/12/2018;21/12/2023;5 ans
DRAKE;CONTROLLA;ISLAND DEF JAM / UNIVERSAL MUSIC FRANCE;Singles;Platine;06/05/2016;21/12/2023;7 ans 8 mois
RIHANNA;ANTI;UNIVERSAL MUSIC / ISLAND DEF JAM	/ UNIVERSAL MUSIC FRANCE;Albums;Triple Platine;28/01/2016;21/12/2023;8 ans
IMAGINE DRAGONS;MERCURY - ACTS 1 & 2;INTERSCOPE RECORDS	/ ONE RECORDS / UNIVERSAL MUSIC FRANCE;Albums;Triple Platine;03/09/2021;21/12/2023;2 ans 3 mois
THE ROLLING STONES;HACKNEY DIAMONDS;VIRGIN RECORDS FRANCE / UNIVERSAL MUSIC FRANCE;Albums;Platine;20/10/2023;21/12/2023;2 mois
ASAF AVIDAN;THE STUDY ON FALLING;POLYDOR / ONE RECORDS / UNIVERSAL MUSIC FRANCE;Albums;Or;03/11/2017;21/12/2023;6 ans 2 mois
POMME;(LOT 2) CONSOLATION;VIRGIN MUSIC FRANCE / UNIVERSAL MUSIC FRANCE;Albums;Or;25/08/2023;21/12/2023;3 mois
MULTI INTERPRÈTES;NRJ MUSIC AWARDS 2022;NRJ MUSIC / LABEL PANTHEON / UNIVERSAL MUSIC FRANCE;Albums;Or;04/11/2022;21/12/2023;1 an 1 mois
RODDY RICCH;PLEASE EXCUSE ME FOR BEING ANTISOCIAL;ATLANTIC RECORDS / WEA / WARNER MUSIC FRANCE;Albums;Or;06/12/2019;21/12/2023;4 ans 1 mois
JOHNNY HALLYDAY;MADE IN ROCK'N'ROLL;PARLOPHONE / WARNER MUSIC FRANCE;Albums;Or;17/11/2023;21/12/2023;1 mois
KYGO FEAT. Paul McCartney & Michael Jackson;SAY SAY SAY;KYGO / RCA RECORDS / SONY MUSIC ENTERTAINMENT;Singles;Or;31/03/2023;14/12/2023;8 mois
OLIVIA RODRIGO;GOOD 4 U;POLYDOR / UNIVERSAL MUSIC FRANCE;Singles;Diamant;14/05/2021;14/12/2023;2 ans 7 mois
BOOBA;FUTUR 2.0;TALLAC RECORDS / CAPITOL MUSIC FRANCE / UNIVERSAL MUSIC FRANCE;Albums;Triple Platine;26/11/2013;14/12/2023;10 ans 2 mois
S.PRI NOIR;MASQUE BLANC;AllPoints / BELIEVE;Albums;Platine;01/06/2018;07/12/2023;5 ans 7 mois
BEN MAZUÉ & POMME;J'ATTENDS;COLUMBIA / SONY MUSIC ENTERTAINMENT;Singles;Platine;15/09/2017;07/12/2023;6 ans 3 mois
RITON & OLIVER HELDENS FEAT. VULA;TURN ME ON;Ministry of Sound Recordings  / SONY MUSIC ENTERTAINMENT;Singles;Platine;13/09/2019;07/12/2023;4 ans 3 mois
JAZZY BAZZ;NUIT;IDOL;Albums;Or;07/09/2018;07/12/2023;5 ans 3 mois
JULIEN DORÉ;LA FIÈVRE;SONY MUSIC ENTERTAINMENT / COLUMBIA / COLUMBIA;Singles;Platine;25/06/2020;07/12/2023;3 ans 6 mois
JUL;JE VAIS TOUT CASSER;D'OR ET DE PLATINE / BELIEVE;Singles;Or;07/12/2018;07/12/2023;5 ans
JULIETTE ARMANET;FLAMME;ROMANCE MUSIQUE / UNIVERSAL MUSIC FRANCE;Singles;Or;07/09/2022;07/12/2023;1 an 3 mois
NINHO;LA VIE DE JOHNNY;REC. 118 / JEFE PRODUCTIONS / WARNER MUSIC FRANCE;Singles;Or;30/06/2023;07/12/2023;5 mois
VEGEDREAM;LA RUE;ISLAND DEF JAM / UNIVERSAL MUSIC FRANCE;Singles;Or;23/03/2018;07/12/2023;5 ans 9 mois
OLIVIA RODRIGO;HAPPIER;POLYDOR /UNIVERSAL MUSIC FRANCE;Singles;Or;21/05/2021;07/12/2023;2 ans 7 mois
PARADIS;TOI ET MOI;BARCLAY / LABEL PANTHEON / UNIVERSAL MUSIC FRANCE;Singles;Or;10/02/2016;07/12/2023;7 ans 11 mois
SOFIANE FEAT. GIMS;ARAFRICAIN;MILLENIUM / CAPITOL MUSIC FRANCE / UNIVERSAL MUSIC FRANCE;Singles;Or;26/01/2018;07/12/2023;5 ans 11 mois
HOSHI /;MANÈGE À TROIS;JO & CO / SONY MUSIC ENTERTAINMENT;Singles;Or;19/05/2017;07/12/2023;6 ans 7 mois
LOSSA2SQUA;HINATA;NEVRALZYK / BELIEVE;Singles;Or;01/05/2020;07/12/2023;3 ans 7 mois
PENTATONIX;HALLELUJAH;RCA RECORDS LABEL / SONY MUSIC ENTERTAINMENT;Singles;Or;21/10/2016;07/12/2023;7 ans 2 mois
MAES;OMERTA;CAPITOL MUSIC FRANCE / UNIVERSAL MUSIC FRANCE;Albums;Platine;29/03/2023;07/12/2023;8 mois
DISIZ;L’AMOUR;ARGENTIC MUSIC / CAPITOL MUSIC FRANCE / UNIVERSAL MUSIC FRANCE;Albums;Platine;17/03/2022;07/12/2023;1 an 9 mois
TIAKOLA FEAT. GAZO & NISKA;MODE AV;WATI-B / SONY MUSIC ENTERTAINMENT;Singles;Diamant;27/05/2022;07/12/2023;1 an 6 mois
THE NEIGHBOURHOOD;SWEATER WEATHER;THE [R]EVOLVE GROUP / LEGACY / SONY MUSIC ENTERTAINMENT;Singles;Diamant;07/08/2012;30/11/2023;11 ans 5 mois
LA FOUINE;QUAND JE PARTIRAI;JIVE EPIC / RCA GROUP / SONY MUSIC ENTERTAINMENT;Singles;Or;04/02/2013;30/11/2023;10 ans 11 mois
COLUMBINE;ADIEU BIENTÔT;ROMANCE MUSIQUE / UNIVERSAL MUSIC FRANCE;Singles;Diamant;29/09/2018;30/11/2023;5 ans 2 mois
ÖWNBOSS, SEVEK;MOVE YOUR BODY;WEA / WARNER MUSIC FRANCE;Singles;Platine;29/10/2021;30/11/2023;2 ans 1 mois
PNL;TU SAIS PAS;QLF RECORDS / BELIEVE;Singles;Diamant;14/09/2016;30/11/2023;7 ans 3 mois
ZIAK;CHROME;MILLENIUM / CAPITOL MUSIC FRANCE / UNIVERSAL MUSIC FRANCE;Albums;Or;23/02/2023;30/11/2023;9 mois
DIVERS;BARBIE (BANDE ORIGINALE DU FILM);ATLANTIC RECORDS /  WEA / WARNER MUSIC FRANCE;Albums;Or;21/07/2023;30/11/2023;4 mois
KEBLACK;MENTEUSE;MUKONGO BUSINESS / BELIEVE;Singles;Or;07/05/2018;30/11/2023;5 ans 7 mois
L2B, FRANGLISH;DANS LA CHAMBRE / MONEY;O-VNEE MUSIC X 172 RECORD / BELIEVE;Singles;Or;17/03/2023;30/11/2023;8 mois
SHAY;JOLIE;MILLENIUM / CAPITOL MUSIC FRANCE	/ UNIVERSAL MUSIC FRANCE;Singles;Or;29/11/2018;23/11/2023;5 ans
NOAH CYRUS;JULY;RECORDS/COLUMBIA / SONY MUSIC ENTERTAINMENT;Singles;Or;31/07/2017;23/11/2023;6 ans 4 mois
LAYLOW;...DE BATARD;DIGITALMUNDO / SONY MUSIC ENTERTAINMENT;Singles;Or;28/02/2020;23/11/2023;3 ans 9 mois
LACRIM FEAT. WERENOI;SENOR DE LOS GALLOS;PLATA O PLOMO RECORDS / CAPITOL MUSIC FRANCE	/ UNIVERSAL MUSIC FRANCE;Singles;Or;08/12/2021;23/11/2023;1 an 11 mois
NINHO;EN CHIEN;REC. 118 / MAL LUNE MUSIC	/ WARNER MUSIC FRANCE;Singles;Platine;07/03/2020;23/11/2023;3 ans 9 mois
LYNDA FEAT. DADJU;ADIEU;UNIVERSAL MUSIC DIVISION POLYDOR	 / UNIVERSAL MUSIC FRANCE;Singles;Platine;08/03/2019;23/11/2023;4 ans 9 mois
LOUANE;SI T'ÉTAIS LÀ;ISLAND DEF JAM / UNIVERSAL MUSIC FRANCE;Singles;Diamant;13/10/2017;23/11/2023;6 ans 2 mois
LOMEPAL;MAUVAIS ORDRE;PINÉALE / IDOL / PIAS FRANCE;Albums;Triple Platine;16/09/2022;23/11/2023;1 an 2 mois
HORNET LA FRAPPE FEAT. LACRIM;ROLLS;REC. 118 / DIEZ PEUFRA / WARNER MUSIC FRANCE;Singles;Platine;21/09/2018;23/11/2023;5 ans 2 mois
BOOBA;À LA FOLIE;TALLAC RECORDS / CAPITOL / UNIVERSAL MUSIC FRANCE;Singles;Platine;30/11/2017;23/11/2023;6 ans
BRUNO MARS;24K MAGIC;WARNER MUSIC FRANCE / CATALOGUE MARKETING CLASSIQUE / ATLANTIC RECORDS;Albums;Triple Platine;18/11/2016;23/11/2023;7 ans 1 mois
BILLIE EILISH;IDONTWANNABEYOUANYMORE;Darkroom / UNIVERSAL MUSIC FRANCE;Singles;Platine;22/12/2017;23/11/2023;6 ans
BEYONCÉ;RENAISSANCE;PARKWOOD ENTERTAINMENT / COLUMBIA / SONY MUSIC ENTERTAINMENT;Albums;Platine;29/07/2022;23/11/2023;1 an 4 mois
NAKRY;LEWÉ;BELIEVE / NAKRY;Singles;Platine;16/02/2020;23/11/2023;3 ans 9 mois
LA FAMAX;J'VEUX M'EN ALLER;LA FAMAX PROD / MODULOR;Singles;Or;15/10/2017;16/11/2023;6 ans 2 mois
DAVID GUETTA X BECKY HILL X ELLA HENDERSON;CRAZY WHAT LOVE CAN DO;PARLOPHONE UK / WARNER MUSIC FRANCE;Singles;Platine;08/04/2022;16/11/2023;1 an 7 mois
KING SERENITY, LOCKO, SERGIO ALEJANDRO;ALL FOR U (AMEYATCHI);CAN'T STOP PRODUCTIONS / IDOL;Singles;Or;14/06/2023;16/11/2023;5 mois
LUV RESVAL;MPC, PART II (LA RIVIÈRE);AWA / SONY MUSIC ENTERTAINMENT;Singles;Or;07/05/2021;16/11/2023;2 ans 6 mois
THE WEEKND;LESS THAN ZERO;ISLAND DEF JAM / UNIVERSAL MUSIC FRANCE;Singles;Or;29/04/2022;16/11/2023;1 an 6 mois
DOVE CAMERON;BOYFRIEND;DISRUPTOR RECORDS / COLUMBIA / SONY MUSIC ENTERTAINMENT;Singles;Or;11/02/2022;16/11/2023;1 an 9 mois
BOOBA;KOA;TALLAC RECORDS / CAPITOL MUSIC FRANCE / UNIVERSAL MUSIC FRANCE;Singles;Or;13/10/2022;16/11/2023;1 an 1 mois
NICKI MINAJ, ICE SPICE, AQUA;BARBIE WORLD (FROM BARBIE THE ALBUM);ATLANTIC RECORDS / WEA/ WARNER MUSIC FRANCE;Singles;Or;23/06/2023;16/11/2023;4 mois
RENAUD;PUTAIN DE BEST OF !;PARLOPHONE	 / CATALOGUE MARKETING CLASSIQUE / WARNER MUSIC FRANCE;Albums;Platine;28/05/2021;16/11/2023;2 ans 6 mois
PLK;2069';PANENKA / WAGRAM;Albums;Platine;14/04/2023;16/11/2023;7 mois
VALD;V;ECHELON RECORDS / SONY MUSIC ENTERTAINMENT;Albums;Double Platine;04/02/2022;16/11/2023;1 an 9 mois
NATHAN EVANS;WELLERMAN;VIRGIN RECORDS FRANCE / UNIVERSAL MUSIC FRANCE;Singles;Diamant;21/01/2021;16/11/2023;2 ans 10 mois
GRADUR & FRANGLISH;TRUCS DE CHOSES (GAME OVER 3);ARGENTIC MUSIC / CAPITOL MUSIC FRANCE / UNIVERSAL MUSIC FRANCE;Singles;Diamant;29/07/2021;16/11/2023;2 ans 4 mois
PLK;TÉNÉBREUX;PANENKA MUSIC / WAGRAM;Singles;Or;19/07/2017;16/11/2023;6 ans 5 mois
LACRIM;LACRIM;PLATA O PLOMO RECORDS / CAPITOL MUSIC FRANCE / UNIVERSAL MUSIC FRANCE;Albums;Platine;08/02/2019;09/11/2023;4 ans 9 mois
MÅNESKIN;THE LONELIEST;EPIC	SONY /  SONY MUSIC ENTERTAINMENT;Singles;Diamant;07/10/2022;09/11/2023;1 an 1 mois
NAPS FEAT. RAISSE;HASTA LUEGO;13EME ART MUSIC / BELIEVE;Singles;Or;01/06/2018;02/11/2023;5 ans 6 mois
LAYLOW;TRINITYVILLE;DIGITAL MUNDO / SONY MUSIC ENTERTAINMENT;Singles;Or;24/01/2020;02/11/2023;3 ans 9 mois
21 SAVAGE FEAT. J. COLE;A LOT;SLAUGHTER GANG, LLC / EPIC RECORDS / SONY MUSIC ENTERTAINMENT;Singles;Or;23/12/2018;02/11/2023;4 ans 11 mois
NEMIR;ÇA SERT;CAPITOL MUSIC FRANCE / UNIVERSAL MUSIC FRANCE;Singles;Or;26/01/2018;02/11/2023;5 ans 10 mois
KAARIS;CHARGE;VIRGIN RECORDS FRANCE / UNIVERSAL MUSIC FRANCE;Singles;Platine;01/01/2014;01/11/2023;9 ans 11 mois
BURNA BOY;GBONA;BAD HABIT/ON A SPACESHIP/ATLANTIC / WARNER MUSIC FRANCE;Singles;Platine;27/09/2018;26/10/2023;5 ans 1 mois
JUL;SUPERSTAR;D'OR ET DE PLATINE / BELIEVE;Singles;Diamant;19/05/2022;26/10/2023;1 an 5 mois
DAMSO;LITHOPÉDION;CAPITOL / UNIVERSAL MUSIC FRANCE;Albums;Diamant;15/06/2018;26/10/2023;5 ans 5 mois
DAMSO;BATTERIE FAIBLE;CAPITOL MUSIC FRANCE / UNIVERSAL MUSIC FRANCE;Albums;Triple Platine;08/07/2016;26/10/2023;7 ans 4 mois
SOOLKING & GAZO;CASANOVA;LAOBAN INTERNATIONAL / PANDOR / CAPITOL MUSIC FRANCE / UNIVERSAL MUSIC FRANCE;Singles;Diamant;06/07/2023;26/10/2023;3 mois
FRESH;A L'ABRI;ICB RECORDS / BELIEVE;Albums;Or;28/10/2022;26/10/2023;1 an
CATS ON TREES;IF YOU FEEL;TÔT OU TARD / BELIEVE;Singles;Or;09/03/2018;26/10/2023;5 ans 8 mois
XXXTENTACION;CHANGES;VIRGIN MUSIC FRANCE	 / UNIVERSAL MUSIC FRANCE;Singles;Diamant;02/03/2018;26/10/2023;5 ans 8 mois
JUL;BDG;D'OR ET DE PLATINE / BELIEVE;Singles;Or;14/06/2019;26/10/2023;4 ans 5 mois
JUL;SON EX;D'OR ET DE PLATINE / BELIEVE;Singles;Or;18/12/2020;26/10/2023;2 ans 10 mois
KANYE WEST;FAMOUS;ISLAND DEF JAM / UNIVERSAL MUSIC FRANCE;Singles;Or;28/03/2016;26/10/2023;7 ans 8 mois
BURNA BOY;ALONE;MCA / UNIVERSAL MUSIC FRANCE;Singles;Or;04/11/2022;26/10/2023;11 mois
LYNDA;BOUTEILLE À LA MER;POLYDOR / UNIVERSAL MUSIC FRANCE;Singles;Or;17/06/2021;26/10/2023;2 ans 4 mois
DOJA CAT FEAT. THE WEEKND;YOU RIGHT;KEMOSABE RECORDS / RCA RECORDS / SONY MUSIC ENTERTAINMENT;Singles;Or;25/06/2021;26/10/2023;2 ans 4 mois
PURPLE DISCO MACHINE FEAT. EYELAR;DOPAMINE;COLUMBIA LOCAL / SONY MUSIC ENTERTAINMENT;Singles;Or;27/08/2021;26/10/2023;2 ans 2 mois
LIZZO;2 BE LOVED (AM I READY);ATLANTIC RECORDS /WEA / WARNER MUSIC FRANCE;Singles;Platine;15/07/2022;26/10/2023;1 an 3 mois
POP SMOKE;INVINCIBLE;ISLAND DEF JAM / UNIVERSAL MUSIC FRANCE;Singles;Platine;07/02/2020;26/10/2023;3 ans 9 mois
LAYLOW FEAT. LOMEPAL;BURNING MAN;DIGITALMUNDO / SONY MUSIC ENTERTAINMENT;Singles;Platine;28/02/2020;26/10/2023;3 ans 8 mois
AYA NAKAMURA;POMPOM;REC. 118 / WARNER MUSIC FRANCE;Singles;Platine;26/10/2018;26/10/2023;5 ans
PNL;SHENMUE;MUSICAST / QLF RECORDS / BELIEVE;Singles;Diamant;03/04/2019;26/10/2023;4 ans 7 mois
LACRIM FEAT. DAMSO;NOCHE;CAPITOL MUSIC FRANCE / UNIVERSAL MUSIC FRANCE;Singles;Diamant;16/11/2017;26/10/2023;6 ans
KEKRA;KEKRA;VRL / BELIEVE;Albums;Or;02/04/2021;19/10/2023;2 ans 7 mois
LAYLOW;.RAW-Z;DIGITAL MUNDO / PSCHENT ALTER K;Albums;Or;07/12/2018;19/10/2023;4 ans 11 mois
SOPRANO;CHASSEUR D'ETOILES;REC.118 / WARNER MUSIC FRANCE;Albums;Triple Platine;03/09/2021;19/10/2023;2 ans 1 mois
METALLICA;72 SEASONS;VIRGIN MUSIC FRANCE / UNIVERSAL MUSIC FRANCE;Albums;Or;14/04/2023;19/10/2023;6 mois
DADJU;CULLINAN;CAPITOL MUSIC FRANCE / UNIVERSAL MUSIC FRANCE;Albums;Platine;12/05/2022;05/10/2023;1 an 5 mois
PURPLE DISCO MACHINE & SOPHIE AND THE GIANTS;IN THE DARK;COLUMBIA / SONY MUSIC ENTERTAINMENT;Singles;Platine;21/01/2022;05/10/2023;1 an 8 mois
JUSTIN BIEBER;JUSTICE;ISLAND DEF JAM / UNIVERSAL MUSIC FRANCE;Albums;Platine;19/03/2021;05/10/2023;2 ans 7 mois
GRADUR;ELLE ÉTAIT;MILLENIUM / CAPITOL MUSIC FRANCE / UNIVERSAL MUSIC FRANCE;Singles;Or;27/11/2015;05/10/2023;7 ans 11 mois
KERCHAK;CONFIANCE;LABEL BLUE SKY / SONY MUSIC ENTERTAINMENT;Albums;Or;04/11/2022;05/10/2023;11 mois
MATMATAH;LAMBÉ AN DRO;MERCURY / BARLCAY / UNIVERSAL MUSIC FRANCE;Singles;Platine;15/03/2004;05/10/2023;19 ans 10 mois
THE KID LAROI;F*CK LOVE 3+: OVER YOU;COLUMBIA / SONY MUSIC ENTERTAINMENT;Albums;Or;23/07/2021;05/10/2023;2 ans 2 mois
BURNA BOY;LOVE, DAMINI;ATLANTIC RECORDS / WEA / WARNER MUSIC FRANCE;Albums;Or;08/07/2022;05/10/2023;1 an 3 mois
SHAKIRA;ME ENAMORÉ;SONY MUSIC LATIN / SONY MUSIC ENTERTAINMENT;Singles;Platine;07/04/2017;05/10/2023;6 ans 7 mois
GAËL FAYE;CHALOUPER;EXCUSE MY FRENCH / BELIEVE;Singles;Or;06/11/2020;05/10/2023;2 ans 11 mois
TK FEAT ZAHO;DU RÊVE;RIEN 100 RIEN	/ BELIEVE;Singles;Or;04/12/2020;05/10/2023;2 ans 10 mois
MIG;PAS RALENTIR;UNIVERSAL MUSIC DIVISION VIRGIN MUSIC DISTRIBUTION DEAL / UNIVERSAL MUSIC FRANCE;Singles;Or;24/06/2021;05/10/2023;2 ans 3 mois
MADEINPARIS;SEX (INTERLUDE);LABEL BLUE SKY / EPIC RECORDS FRANCE / SONY MUSIC ENTERTAINMENT;Singles;Or;18/02/2022;05/10/2023;1 an 7 mois
MENACE SANTANA;BOOSK'HALLOWEEN;FAKE DREAM MUSIC / WARNER MUSIC FRANCE;Singles;Or;30/10/2021;05/10/2023;1 an 11 mois
JUL;EMOTIONS;D'OR ET DE PLATINE / BELIEVE;Albums;Diamant;24/06/2016;05/10/2023;7 ans 4 mois
KUNGS FEAT. JAMIE N COMMONS;DON'T YOU KNOW;ISLAND DEF JAM / UNIVERSAL MUSIC FRANCE;Singles;Diamant;24/06/2016;28/09/2023;7 ans 4 mois
JAIN;SOULDIER;COLUMBIA / SONY MUSIC ENTERTAINMENT;Albums;Double Platine;24/08/2018;28/09/2023;5 ans 2 mois
13 BLOCK;BLO II;ELEKTRA FRANCE / WARNER MUSIC FRANCE;Albums;Or;27/11/2020;28/09/2023;2 ans 10 mois
HARLEY;SUPALIFE 4;FULL RECORDS / BELIEVE;Singles;Or;14/10/2022;28/09/2023;11 mois
GRADUR;SHEGUEYVARA 2;MILLENIUM / CAPITOL MUSIC FRANCE / UNIVERSAL MUSIC FRANCE;Albums;Double Platine;27/11/2015;28/09/2023;7 ans 11 mois
MALUMA;11:00 PM;SONY MUSIC LATIN / SONY MUSIC ENTERTAINMENT;Singles;Or;17/05/2019;28/09/2023;4 ans 5 mois
PLK & NISKA;ON SAIT JAMAIS;PANENKA MUSIC / WAGRAM;Singles;Diamant;28/08/2020;28/09/2023;3 ans 1 mois
DRAKE FEAT GIVEON;CHICAGO FREESTYLE;ISLAND DEF JAM / UNIVERSAL MUSIC FRANCE;Singles;Or;01/05/2020;28/09/2023;3 ans 5 mois
LORENZO;POWER RANGERS;ROMANCE MUSIQUE / UNIVERSAL MUSIC FRANCE;Singles;Or;23/08/2019;28/09/2023;4 ans 1 mois
SCH;ALUMINIUM;REC.118 / WARNER MUSIC FRANCE;Singles;Or;19/03/2021;28/09/2023;2 ans 6 mois
DAMSO	QUOTIDIEN DE BAISÉ;QUOTIDIEN DE BAISÉ;CAPITOL MUSIC FRANCE / UNIVERSAL MUSIC FRANCE;Singles;Or;08/07/2016;28/09/2023;7 ans 3 mois
GAZO FEAT FRANGLISH  & LANDY;GO;BSB PROD / SONY MUSIC ENTERTAINMENT;Singles;Or;26/02/2021;28/09/2023;2 ans 7 mois
BOYWITHUKE;TOXIC;ISLAND DEF JAM / UNIVERSAL MUSIC FRANCE;Singles;Or;29/10/2021;28/09/2023;1 an 11 mois
RONISIA FEAT GAZO;200 KM/H;EPIC	/ SONY MUSIC ENTERTAINMENT;Singles;Or;09/12/2022;28/09/2023;9 mois
NINHO;25 G;REC. 118 / JEFE PRODUCTIONS / WARNER MUSIC FRANCE;Singles;Or;07/06/2023;28/09/2023;3 mois
ZOLA;SURVIE;AWA / SONY MUSIC ENTERTAINMENT;Albums;Double Platine;13/11/2020;14/09/2023;2 ans 10 mois
LACRIM FEAT.  GIMS;CE SOIR NE SORS PAS;CAPITOL/ UNIVERSAL MUSIC FRANCE;Singles;Diamant;07/07/2017;14/09/2023;6 ans 3 mois
ORELSAN;L'ODEUR DE L'ESSENCE;3ÈME BUREAU / WAGRAM MUSIC;Singles;Diamant;17/11/2021;14/09/2023;1 an 10 mois
VENGABOYS;BOOM, BOOM, BOOM, BOOM!!;MCA /UNIVERSAL MUSIC FRANCE;Singles;Or;06/11/1998;14/09/2023;25 ans 2 mois
ZOUFRIS MARACAS;PRISON DOREE;CHAPTER TWO / WAGRAM;Albums;Or;12/03/2012;14/09/2023;11 ans 8 mois
GHOST;MELIORA;VIRGIN MUSIC FRANCE / UNIVERSAL MUSIC FRANCE;Albums;Or;21/08/2015;14/09/2023;8 ans 2 mois
ZIAK FEAT. MAES;RHUM & MACHETTE;MILLENIUM / CAPITOL MUSIC FRANCE	/ UNIVERSAL MUSIC FRANCE;Singles;Or;09/11/2021;07/09/2023;1 an 10 mois
NATALIE TAYLOR;SURRENDER;COLUMBIA / SONY MUSIC ENTERTAINMENT;Singles;Or;29/10/2019;07/09/2023;3 ans 10 mois
THE WEEKND FEAT. LANA DEL REY;STARGIRL INTERLUDE;ISLAND DEF JAM / UNIVERSAL MUSIC FRANCE;Singles;Or;25/11/2016;07/09/2023;6 ans 10 mois
NEKFEU;INTERLUDE FIFTY;SEINE ZOO RECORDS / POLYDOR / UNIVERSAL MUSIC FRANCE;Singles;Or;21/06/2019;07/09/2023;4 ans 3 mois
PURPLE DISCO MACHINE FEAT. JOE KILLINGTON & DUANE HARDEN;DEVIL IN ME (PDM CLUB DUB MIX);COLUMBIA  / SONY MUSIC ENTERTAINMENT;Singles;Platine;13/10/2017;07/09/2023;5 ans 11 mois
JOSMAN;INTRO;SIDELINE	/ SONY MUSIC ENTERTAINMENT;Singles;Diamant;18/03/2022;07/09/2023;1 an 5 mois
AYRA STARR;RUSH;MAVIN RECORDS / PLATOON;Singles;Diamant;21/10/2022;07/09/2023;10 mois
LUCKY LUKE;COOLER THAN ME;COLUMBIA / B1 RECORDINGS / SONY MUSIC ENTERTAINMENT;Singles;Diamant;05/02/2018;07/09/2023;5 ans 8 mois
PLK;A LA BASE;PANENKA MUSIC / WAGRAM;Singles;Platine;15/10/2021;07/09/2023;1 an 11 mois
BEYONCÉ;BREAK MY SOUL;PARKWOOD ENTERTAINMENT / COLUMBIA / SONY MUSIC ENTERTAINMENT;Singles;Platine;21/06/2022;07/09/2023;1 an 2 mois
21 SAVAGE;BANK ACCOUNT;Slaughter Gang, LLC / Epic Records / SONY MUSIC ENTERTAINMENT;Singles;Platine;09/07/2017;07/09/2023;6 ans 3 mois
WERENOI;TELEGRAM;PLR MUSIC / PGP RECORDS / BELIEVE;Albums;Platine;03/06/2022;07/09/2023;1 an 3 mois
13 ORGANISÉ;COMBIEN;RIEN 100 RIEN	/ BELIEVE;Singles;Or;09/10/2020;07/09/2023;2 ans 11 mois
PRIME;J'AIME PAS L'AMOUR;PRIME CORP PRODUCTIONS / WAGRAM;Singles;Or;05/04/2020;07/09/2023;3 ans 5 mois
CLARA LUCIANI;TOUT LE MONDE (SAUF TOI);ROMANCE MUSIQUE / UNIVERSAL MUSIC FRANCE;Singles;Or;27/07/2021;07/09/2023;2 ans 1 mois
TSEW THE KID;MÊME LES MONSTRES RÊVENT D'AMOUR;MORA MORA	/ WAGRAM;Singles;Or;10/02/2019;07/09/2023;4 ans 7 mois
TSEW THE KID;OTAGE;MORA MORA	/ WAGRAM;Singles;Or;14/12/2018;07/09/2023;4 ans 9 mois
DAMSO;Ψ. PASSION;TRENTE-QUATRE CENTIMES / UNIVERSAL MUSIC FRANCE;Singles;Or;28/04/2021;07/09/2023;2 ans 4 mois
BOOBA;DRAGON;TALLAC RECORDS / CAPITOL MUSIC FRANCE / UNIVERSAL MUSIC FRANCE;Singles;Or;15/07/2021;07/09/2023;2 ans 2 mois
SOOLKING FEAT. KENDJI GIRAC;BAILA;CAPITOL MUSIC FRANCE / UNIVERSAL MUSIC FRANCE;Singles;Or;27/05/2022;07/09/2023;1 an 3 mois
DAMSO;QALF;TRENTE-QUATRE CENTIMES / UNIVERSAL MUSIC FRANCE;Albums;Diamant;17/09/2020;31/08/2023;2 ans 11 mois
DJADJA & DINAZ;BONKASA;CARRÉ MUSIC	/ BELIEVE;Singles;Platine;20/07/2022;31/08/2023;1 an 1 mois
GEORGIO;HÉRA;PANENKA MUSIC / WAGRAM;Singles;Platine;04/11/2016;31/08/2023;6 ans 11 mois
METRO BOOMIN & THE WEEKND & 21 SAVAGE;CREEPIN';ISLAND DEF JAM / UNIVERSAL MUSIC FRANCE;Singles;Diamant;02/12/2022;31/08/2023;9 mois
AMIR;LES RUES DE MA PEINE;CATALOGUE MARKETING CLASSIQUE / WARNER MUSIC FRANCE;Singles;Or;27/10/2017;24/08/2023;5 ans 10 mois
NINHO;VIOLET;REC. 118 / MAL LUNÉ MUSIC	/ WARNER MUSIC FRANCE;Singles;Or;30/03/2018;24/08/2023;5 ans 5 mois
SHAY;ANTIDOTE;MILLENIUM / UNIVERSAL MUSIC FRANCE;Albums;Platine;10/05/2019;24/08/2023;4 ans 4 mois
NEKFEU;KEN KANEKI;POLYDOR / SEINE ZOO / UNIVERSAL MUSIC FRANCE;Singles;Diamant;21/06/2019;24/08/2023;4 ans 2 mois
ORELSAN;ATHÉNA;3EME BUREAU	/ WAGRAM;Singles;Platine;19/11/2021;24/08/2023;1 an 9 mois
DJADJA & DINAZ;PERDU;CARRÉ MUSIC / BELIEVE;Singles;Platine;10/12/2020;24/08/2023;2 ans 8 mois
NISKA;MR SAL;Universal Music Division Capitol Music F / UNIVERSAL MUSIC FRANCE;Singles;Platine;08/11/2019;24/08/2023;3 ans 10 mois
LYNDA;SI TU M'AIMES 2;POLYDOR / UNIVERSAL MUSIC FRANCE;Singles;Platine;29/01/2021;17/08/2023;2 ans 7 mois
BTS;PROOF;POLYDOR / UNIVERSAL MUSIC FRANCE;Albums;Platine;10/06/2022;17/08/2023;1 an 2 mois
IBRAHIM MAALOUF;RED & BLACK LIGHT;MISTER IBÉ/SONY ATV/MUSIC PUBLISHING / MISTER IBE;Albums;Platine;25/09/2015;17/08/2023;8 ans
DTF;100 RÊVES;QLF RECORDS / BELIEVE;Singles;Platine;29/04/2017;17/08/2023;6 ans 4 mois
THE WEEKND;DIE FOR YOU;ISLAND DEF JAM / UNIVERSAL MUSIC FRANCE;Singles;Diamant;25/11/2016;17/08/2023;6 ans 9 mois
MILEY CYRUS FEAT. DUA LIPA;PRISONER;RCA RECORDS LABEL / RCA GROUP / SONY MUSIC ENTERTAINMENT;Singles;Or;27/11/2020;17/08/2023;2 ans 9 mois
THE FAIM;SUMMER IS A CURSE;BMG Rights Management (US) LLC / WARNER MUSIC FRANCE;Singles;Platine;18/05/2018;17/08/2023;5 ans 3 mois
NINHO;FREESTYLE LVL UP 2;REC. 118 / JEFE PRODUCTIONS / WARNER MUSIC FRANCE;Singles;Or;11/05/2023;17/08/2023;3 mois
ROSA LINN;SNAP;COLUMBIA / SONY MUSIC ENTERTAINMENT;Singles;Diamant;19/03/2022;17/08/2023;1 an 5 mois
THE BLACK EYED PEAS;LET'S GET IT STARTED;UNIVERSAL MUSIC / POLYDOR / UNIVERSAL MUSIC FRANCE;Singles;Or;01/01/2004;17/08/2023;19 ans 10 mois
BOOBA;D.U.C.;AZ / CAPITOL MUSIC FRANCE / UNIVERSAL MUSIC FRANCE;Albums;Double Platine;13/04/2015;17/08/2023;8 ans 5 mois
CLAUDIO CAPEO;ROSE DES VENTS;JO&CO / BELIEVE;Albums;Platine;25/11/2022;10/08/2023;8 mois
6IX9INE;DUMMY BOY;VIRGIN MUSIC FRANCE	/ UNIVERSAL MUSIC FRANCE;Albums;Or;21/01/2022;10/08/2023;1 an 6 mois
SAEZ;LE MANIFESTE LULU;CINQ 7 / WAGRAM;Albums;Or;10/03/2017;10/08/2023;6 ans 6 mois
BRUCE SPRINGSTEEN;WESTERN STARS;COLUMBIA / SONY MUSIC ENTERTAINMENT;Albums;Or;14/06/2019;10/08/2023;4 ans 2 mois
ALONZO;TRAFICANTE;ONLY PRO / SONY MUSIC ENTERTAINMENT;Singles;Diamant;03/03/2022;10/08/2023;1 an 5 mois
JOSMAN;XS;CHOKE INDUSTRY / IDOL;Singles;Diamant;19/04/2018;10/08/2023;5 ans 4 mois
NEKFEU;ÓΛΆ ΚΑΛΆ;SEINE ZOO / POLYDOR / UNIVERSAL MUSIC FRANCE;Singles;Platine;06/06/2019;10/08/2023;4 ans 2 mois
NINHO;BAVARD;REC. 118 / MAL LUNE MUSIC	/ WARNER MUSIC FRANCE;Singles;Or;30/03/2018;10/08/2023;5 ans 5 mois
PLK;DÉCEMBRE;PANENKA MUSIC / WAGRAM;Singles;Or;27/02/2023;10/08/2023;5 mois
TIMAL & BOOBA;CAMÉLÉON;ARGENTIC MUSIC / CALIENTE RECORDS / CAPITOL MUSIC FRANCE / UNIVERSAL MUSIC FRANCE;Singles;Or;25/08/2022;10/08/2023;11 mois
SDM;#MALENTOURÉ;CAPITOL MUSIC FRANCE / UNIVERSAL MUSIC FRANCE;Singles;Or;02/12/2021;10/08/2023;1 an 8 mois
JUL;LE BOUTON;D'OR ET DE PLATINE / BELIEVE;Singles;Or;24/06/2021;10/08/2023;2 ans 1 mois
MYD FEAT. JAWNY;THE SUN;ED BANGER RECORDS / BECAUSE;Singles;Platine;06/10/2017;27/07/2023;5 ans 10 mois
ZOLA;ENVIE7VIE;AWA / SONY MUSIC ENTERTAINMENT;Singles;Or;17/03/2023;27/07/2023;4 mois
AYA NAKAMURA;NIRVANA;REC. 118 / WARNER MUSIC FRANCE;Singles;Or;13/11/2020;27/07/2023;2 ans 8 mois
DAMSO FEAT. FALLY IPUPA;FAIS ÇA BIEN;TRENTE-QUATRE CENTIMES / UNIVERSAL MUSIC FRANCE;Singles;Or;17/09/2020;27/07/2023;2 ans 10 mois
MAES;ZIPETTE;MILLENIUM / CAPITOL MUSIC FRANCE / UNIVERSAL MUSIC FRANCE;Singles;Or;29/11/2018;27/07/2023;4 ans 8 mois
ED SHEERAN;SUPERMARKET FLOWERS;EAST WEST UK / WARNER MUSIC FRANCE;Singles;Or;03/03/2017;27/07/2023;6 ans 5 mois
ZOLA;MOJO;AWA / SONY MUSIC ENTERTAINMENT;Singles;Or;05/04/2019;27/07/2023;4 ans 4 mois
PATRICK BRUEL;PAS EU LE TEMPS;COLUMBIA / SONY MUSIC ENTERTAINMENT;Singles;Or;02/11/2018;27/07/2023;4 ans 9 mois
LOU & LENNY-KIM;MIRACULOUS;SONY MUSIC/TF1 ENTERTAINMENT / SONY MUSIC ENTERTAINMENT;Singles;Or;04/10/2017;27/07/2023;5 ans 10 mois
KENDJI GIRAC;LES YEUX DE LA MAMA;ISLAND DEF JAM / UNIVERSAL MUSIC FRANCE;Singles;Diamant;23/11/2015;27/07/2023;7 ans 9 mois
TIAKOLA;RIRI / NO CAMERA;WATI-B / SONY MUSIC ENTERTAINMENT;Singles;Or;27/05/2022;20/07/2023;1 an 1 mois
RICKY RICH FEAT. ARAM MAFIA;HABIBI;WM GERMANY / WEA / WARNER MUSIC FRANCE;Singles;Or;27/01/2021;20/07/2023;2 ans 6 mois
MAES;GALACTIC;CAPITOL MUSIC FRANCE / UNIVERSAL MUSIC FRANCE;Singles;Platine;05/01/2023;20/07/2023;6 mois
DJ LESKA FEAT. NAZA & VEGETA;ENFUMÉ;Kelanight Music / BELIEVE;Singles;Platine;12/04/2019;20/07/2023;4 ans 4 mois
BEYONCÉ;CUFF IT;COLUMBIA / SONY MUSIC ENTERTAINMENT;Singles;Diamant;29/07/2022;20/07/2023;11 mois
SDM;MR. OCHO;CAPITOL MUSIC FRANCE / UNIVERSAL MUSIC FRANCE;Singles;Diamant;01/12/2022;20/07/2023;7 mois
BOOBA FEAT. KAYNA SAMET;DESTINÉE;TALLAC RECORDS / CAPITOL MUSIC FRANCE / UNIVERSAL MUSIC FRANCE;Singles;Or;01/01/2002;20/07/2023;21 ans 10 mois
LARRY FEAT. RK;WOIN WOIN;GOTHVM RECORDS / SONY MUSIC ENTERTAINMENT;Singles;Diamant;06/11/2019;20/07/2023;3 ans 9 mois
ALVARO SOLER;SOFIA;ISLAND DEF JAM / UNIVERSAL MUSIC FRANCE;Singles;Platine;15/04/2016;20/07/2023;7 ans 4 mois
ALONZO;CAPO DEI CAPI VOL. II & III;ONLY PRO/ ISLAND DEF JAM	/ UNIVERSAL MUSIC FRANCE;Albums;Platine;26/03/2021;20/07/2023;2 ans 4 mois
DTF;ON IRA OU ?;QLF RECORDS	/ BELIEVE;Albums;Platine;11/10/2019;20/07/2023;3 ans 9 mois
EVA;FEED;ALDAM PRODUCTION / MCA	/ UNIVERSAL MUSIC FRANCE;Albums;Platine;20/08/2020;20/07/2023;2 ans 11 mois
TROIS CAFÉS GOURMANDS;ON T'EMMÈNE;PLAY TWO / BELIEVE;Singles;Platine;10/07/2020;20/07/2023;3 ans
KENDJI GIRAC;MARIA MARIA;ISLAND DEF JAM / UNIVERSAL MUSIC FRANCE;Singles;Or;20/04/2018;20/07/2023;5 ans 3 mois
JUL;COUP DE GENOUX;D'OR ET DE PLATINE / BELIEVE;Singles;Or;29/06/2018;20/07/2023;5 ans 1 mois
ORELSAN;ADIEU LES FILLES;WAGRAM MUSIC / 3ÈME BUREAU	/ WAGRAM;Singles;Or;16/11/2018;20/07/2023;4 ans 8 mois
GAMBI;ON S'TAILLE;REC. 118 / WARNER MUSIC FRANCE;Singles;Or;10/07/2020;20/07/2023;3 ans
JUL;LA DOUDOUNE;D'OR ET DE PLATINE / BELIEVE;Singles;Or;06/12/2019;20/07/2023;3 ans 8 mois
MAES;FETTY WAP;OMERTA 47 RECORDS / CAPITOL MUSIC FRANCE / UNIVERSAL MUSIC FRANCE;Singles;Diamant;09/11/2022;20/07/2023;8 mois
LYNDA;J’TE DONNERAI;POLYDOR / UNIVERSAL MUSIC FRANCE;Singles;Or;16/10/2020;20/07/2023;2 ans 9 mois
NINHO;FREESTYLE LVL UP 1;REC. 118 / JEFE PRODUCTIONS / WARNER MUSIC FRANCE;Singles;Or;02/05/2023;06/07/2023;2 mois
LYNDA;PAPILLON;POLYDOR / UNIVERSAL MUSIC FRANCE;Albums;Platine;16/10/2020;06/07/2023;2 ans 9 mois
ADELE;OH MY GOD;COLUMBIA / SONY MUSIC ENTERTAINMENT;Singles;Platine;19/11/2021;06/07/2023;1 an 7 mois
NINHO;MOOD;REC. 118 / MAL LUNE MUSIC	/ WARNER MUSIC FRANCE;Singles;Platine;03/12/2021;06/07/2023;1 an 7 mois
ATEYABA;ATEYABA;CAPITOL / UNIVERSAL MUSIC France;Albums;Or;02/06/2014;30/06/2023;9 ans 2 mois
TINLICKER & HELSLOOT;BECAUSE YOU MOVE ME;B1 / SONY MUSIC ENTERTAINMENT;Singles;Diamant;31/07/2017;29/06/2023;5 ans 11 mois
LOUANE;AIMER À MORT;ISLAND DEF JAM / UNIVERSAL MUSIC FRANCE;Singles;Platine;22/10/2020;29/06/2023;2 ans 8 mois
BOOBA;MON PAYS;TALLAC RECORDS / CAPITOL MUSIC FRANCE / UNIVERSAL MUSIC FRANCE;Singles;Or;13/04/2015;29/06/2023;8 ans 3 mois
SASSO;ENFANT2LARUE VOL.2;Constellation Music  / WAGRAM;Albums;Or;09/07/2021;29/06/2023;2 ans
MAC MILLER;SWIMMING;WEA / WARNER MUSIC FRANCE;Albums;Or;03/08/2018;29/06/2023;4 ans 11 mois
LUKAS GRAHAM;LUKAS GRAHAM (BLUE ALBUM);POLYDOR / UNIVERSAL MUSIC FRANCE;Albums;Or;01/04/2016;29/06/2023;7 ans 4 mois
FREYA RIDINGS;CASTLES;CAPITOL MUSIC FRANCE / UNIVERSAL MUSIC FRANCE;Singles;Platine;30/05/2019;29/06/2023;4 ans 1 mois
AYA NAKAMURA FEAT. MHD;PROBLÈMES;REC. 118	/ WARNER MUSIC FRANCE;Singles;Or;25/08/2017;29/06/2023;5 ans 11 mois
DADJU;CONFESSIONS;AMATERASU PROD / CAPITOL MUSIC FRANCE / UNIVERSAL MUSIC FRANCE;Singles;Or;31/10/2019;29/06/2023;3 ans 8 mois
SOOLKING;LIBERTÉ;CAPITOL MUSIC FRANCE / UNIVERSAL MUSIC FRANCE;Singles;Or;14/03/2019;29/06/2023;4 ans 4 mois
JAMES ARTHUR;NAKED;COLUMBIA LOCAL	/ SONY MUSIC ENTERTAINMENT;Singles;Or;24/11/2017;29/06/2023;5 ans 8 mois
BILLIE EILISH;YOUR POWER;POLYDOR / UNIVERSAL MUSIC FRANCE;Singles;Or;29/04/2021;29/06/2023;2 ans 2 mois
SWEDISH HOUSE MAFIA & CONNIE CONSTANCE;HEAVEN TAKES YOU HOME;ISLAND DEF JAM / UNIVERSAL MUSIC FRANCE;Singles;Or;15/04/2022;29/06/2023;1 an 2 mois
HAMZA;INTRODUCTION;JUST WOKE UP / ADA FRANCE / WARNER MUSIC FRANCE;Singles;Or;12/01/2023;29/06/2023;5 mois
ROSALÍA;LLYLM;COLUMBIA / SONY MUSIC ENTERTAINMENT;Singles;Or;27/01/2023;29/06/2023;5 mois
VALD;MA MEILLEURE AMIE;CAPITOL / UNIVERSAL MUSIC FRANCE;Singles;Diamant;01/12/2016;29/06/2023;6 ans 8 mois
JAIN;MAKEBA;COLUMBIA / SONY MUSIC ENTERTAINMENT;Singles;Diamant;22/06/2015;29/06/2023;8 ans 1 mois
CORSU - MEZU MEZU;CORSU - MEZU MEZU 2;RCA GROUP / SONY MUSIC ENTERTAINMENT;Albums;Platine;26/08/2022;29/06/2023;10 mois
LOMEPAL;DECRESCENDO;PINÉALE / IDOL;Singles;Diamant;16/09/2022;29/06/2023;9 mois
GAZO;MOLLY - A COLORS SHOW;BSB PROD / SONY MUSIC ENTERTAINMENT;Singles;Diamant;30/05/2022;29/06/2023;1 an 1 mois
SCH;CRACK;REC. 118 / WARNER MUSIC FRANCE;Singles;Platine;19/03/2021;29/06/2023;2 ans 3 mois
NAPS;T-SHIRT CROCO;13EME ART RECORDS / BELIEVE;Singles;Platine;05/10/2016;29/06/2023;6 ans 9 mois
LARRY;ENFANT COMPLIQUÉ;GOTHVM RECORDS / SONY MUSIC ENTERTAINMENT;Singles;Platine;31/01/2020;29/06/2023;3 ans 5 mois
PETER VON POEHL;THE STORY OF THE IMPOSSIBLE;NEST & SOUND / MODULOR;Singles;Platine;01/01/2006;26/06/2023;17 ans 8 mois
ZAYN;MIND OF MINE;RCA RECORDS LABEL / RCA GROUP/ SONY MUSIC ENTERTAINMENT;Albums;Or;25/03/2016;22/06/2023;7 ans 4 mois
MOHA LA SQUALE;M'APPELLE PAS MON FRÉROT;ELEKTRA FRANCE / WARNER MUSIC FRANCE;Singles;Or;05/01/2018;15/06/2023;5 ans 6 mois
NIRO;BLASÉ;CAPITOL MUSIC FRANCE / UNIVERSAL MUSIC FRANCE;Singles;Or;07/07/2017;15/06/2023;6 ans
KUNGS;LIPSTICK;ISLAND DEF JAM / UNIVERSAL MUSIC FRANCE;Singles;Or;28/10/2021;15/06/2023;1 an 7 mois
SHAWN MENDES;IT'LL BE OKAY;ISLAND DEF JAM / UNIVERSAL MUSIC FRANCE;Singles;Or;02/12/2021;15/06/2023;1 an 6 mois
LOMEPAL;CRYSTAL;PINÉALE / IDOL;Singles;Or;16/09/2022;15/06/2023;9 mois
SCH;ASSOCES;REC118 / WARNER MUSIC FRANCE;Singles;Or;19/03/2021;15/06/2023;2 ans 3 mois
DAMSO;Π. VANTABLACK;TRENTE-QUATRE CENTIMES / UNIVERSAL MUSIC FRANCE;Singles;Platine;28/04/2021;15/06/2023;2 ans 1 mois
STROMAE;MON AMOUR;POLYDOR / UNIVERSAL MUSIC FRANCE;Singles;Or;03/03/2022;15/06/2023;1 an 3 mois
TAYLOR SWIFT;LOVE STORY;UNIVERSAL MUSIC / POLYDOR / UNIVERSAL MUSIC FRANCE;Singles;Or;24/02/2009;15/06/2023;14 ans 6 mois
DINOS FEAT. NEKFEU;MOINS UN;SPKTAQLR / CAPITOL MUSIC FRANCE / UNIVERSAL MUSIC FRANCE;Singles;Platine;26/11/2020;08/06/2023;2 ans 6 mois
LORENZO;DAMDAMDEO;MFC	 / ROMANCE MUSIQUE / UNIVERSAL MUSIC FRANCE;Singles;Platine;04/07/2019;08/06/2023;3 ans 11 mois
RK;MENTALITÉ;CAPITOL MUSIC FRANCE / UNIVERSAL MUSIC FRANCE;Albums;Or;06/10/2022;08/06/2023;8 mois
GIMS;LES DERNIÈRES VOLONTÉS DE MOZART (SYMPHONY);PLAY TWO / BELIEVE;Albums;Or;02/12/2022;08/06/2023;6 mois
S-CREW FEAT. PLK & DOUMS;MAUVAIS DANS LE FOND;PANENKA / WAGRAM;Singles;Or;10/06/2022;08/06/2023;1 an
LOUANE;DONNE-MOI TON CŒUR;ISLAND DEF JAM / UNIVERSAL MUSIC FRANCE;Singles;Or;02/07/2020;08/06/2023;2 ans 11 mois
RILÈS;MYSELF N THE SEA;CAPITOL MUSIC FRANCE / UNIVERSAL MUSIC FRANCE;Singles;Or;14/06/2019;08/06/2023;4 ans
SQUEEZIE FEAT. JOYCA;BYE BYE;CAPITOL MUSIC FRANCE / UNIVERSAL MUSIC FRANCE;Singles;Or;14/06/2019;08/06/2023;4 ans
DUA LIPA;BLOW YOUR MIND (MWAH);WARNER RECORDS	/ WARNER MUSIC FRANCE;Singles;Or;26/08/2016;08/06/2023;6 ans 10 mois
SCH;VNTM;REC118 / WARNER MUSIC FRANCE;Singles;Or;19/10/2018;08/06/2023;4 ans 8 mois
MULTI INTERPRÈTES;DANS UN AUTRE MONDE;MCA / UNIVERSAL MUSIC FRANCE;Singles;Or;15/11/2019;08/06/2023;3 ans 7 mois
GAZO;A$AP;BSB PROD / SONY MUSIC ENTERTAINMENT;Singles;Or;25/02/2021;08/06/2023;2 ans 3 mois
DRAKE FEAT. TRAVIS SCOTT;FAIR TRADE;OVO / UNIVERSAL MUSIC FRANCE;Singles;Or;03/09/2021;08/06/2023;1 an 9 mois
TOM GRENNAN;LITTLE BIT OF LOVE;INSANITY RECORDS / SONY MUSIC ENTERTAINMENT;Singles;Platine;08/01/2021;08/06/2023;2 ans 5 mois
PHIL COLLINS;THE SINGLES;CATALOGUE MARKETING CLASSIQUE / RHINO / WARNER MUSIC FRANCE;Albums;Platine;14/10/2016;08/06/2023;6 ans 8 mois
SDM Feat MAES;PASSAT;CAPITOL MUSIC FRANCE / UNIVERSAL MUSIC FRANCE;Singles;Diamant;10/12/2021;08/06/2023;1 an 6 mois
PEDRO SAMPAIO, ANITTA, DADJU, MC PEDRINHO, NICKY JAM;DANÇARINA;WM BRAZIL / WEA /  WARNER MUSIC FRANCE;Singles;Diamant;02/02/2022;01/06/2023;1 an 4 mois
ZKR;DANS LES MAINS;MORNING GLORY MUSIC / ALL ROAD / ALLPOINTS / BELIEVE;Albums;Platine;08/01/2021;01/06/2023;2 ans 5 mois
DAMSO;GRAINE DE SABLIER;CAPITOL MUSIC FRANCE / UNIVERSAL MUSIC FRANCE;Singles;Platine;08/07/2016;01/06/2023;6 ans 11 mois
HARRY STYLES;ADORE YOU;COLUMBIA  / SONY MUSIC ENTERTAINMENT;Singles;Platine;06/12/2019;01/06/2023;3 ans 6 mois
MADAME MONSIEUR;MERCY;PLAY TWO  / BELIEVE;Singles;Or;20/01/2018;01/06/2023;5 ans 5 mois
TIAKOLA;MEUDA;WATI-B / SONY MUSIC ENTERTAINMENT;Singles;Diamant;27/05/2022;18/05/2023;11 mois
IMAGINE DRAGONS;BONES;INTERSCOPE RECORDS	/ POLYDOR / UNIVERSAL MUSIC FRANCE;Singles;Diamant;11/03/2022;18/05/2023;1 an 2 mois
KUNGS;CLAP YOUR HANDS;ISLAND DEF JAM / UNIVERSAL MUSIC FRANCE;Singles;Diamant;17/02/2022;18/05/2023;1 an 3 mois
ORELSAN;DU PROPRE;3EME BUREAU / WAGRAM;Singles;Diamant;19/11/2021;18/05/2023;1 an 6 mois
JOÉ DWÈT FILÉ FEAT. RONISIA;JOLIE MADAME;DF EMPIRE / SONY MUSIC ENTERTAINMENT;Singles;Diamant;09/04/2021;18/05/2023;2 ans 1 mois
OFENBACH FEAT. LAGIQUE;WASTED LOVE;ELEKTRA FRANCE / WARNER MUSIC FRANCE;Singles;Diamant;08/01/2021;18/05/2023;2 ans 4 mois
NISKA;SILICONÉ;MILLENIUM / CAPITOL MUSIC FRANCE / UNIVERSAL MUSIC FRANCE;Singles;Diamant;05/09/2019;18/05/2023;3 ans 9 mois
CERISE CALIXTE;LE BLEU LUMIÈRE;UNIVERSAL / MCA / UNIVERSAL MUSIC FRANCE;Singles;Diamant;18/11/2016;18/05/2023;6 ans 7 mois
ZIAK;GALERIE;MILLENIUM / CAPITOL MUSIC FRANCE / UNIVERSAL MUSIC FRANCE;Singles;Platine;19/05/2021;18/05/2023;2 ans
ONEREPUBLIC;RUN;POLYDOR / UNIVERSAL MUSIC FRANCE;Singles;Platine;05/05/2021;18/05/2023;2 ans
LUJIPEKA;POUPÉE RUSSE;ROMANCE MUSIQUE / UNIVERSAL MUSIC FRANCE;Singles;Platine;20/11/2020;18/05/2023;2 ans 6 mois
DAVE;LOCATION;VIRGIN RECORDS FRANCE / UNIVERSAL MUSIC FRANCE;Singles;Platine;08/03/2019;18/05/2023;4 ans 3 mois
ED SHEERAN	FEAT. CAMILA CABELLO & CARDI B;SOUTH OF THE BORDER;ASYLUM / WEA / WARNER MUSIC FRANCE;Singles;Platine;12/07/2019;18/05/2023;3 ans 10 mois
NINHO;L'ANCIEN;REC. 118 / MAL LUNE MUSIC	/ WARNER MUSIC FRANCE;Singles;Platine;22/03/2019;18/05/2023;4 ans 2 mois
HAMZA FEAT. OFFSET;SADIO;JUST WOKE UP / ADA FRANCE / WARNER MUSIC FRANCE;Singles;Or;17/02/2023;18/05/2023;3 mois
THE AVENER & WALDECK FEAT. PATRIZIA FERRARA;QUANDO QUANDO;CAPITOL MUSIC FRANCE / UNIVERSAL MUSIC FRANCE;Singles;Or;06/05/2022;18/05/2023;1 an
JACK HARLOW;FIRST CLASS;GENERATION NOW/ATLANTIC / WEA / WARNER MUSIC FRANCE;Singles;Or;08/04/2022;18/05/2023;1 an 1 mois
CLARA LUCIANI;CŒUR;ROMANCE MUSIQUE / UNIVERSAL MUSIC FRANCE;Singles;Or;27/07/2021;18/05/2023;1 an 10 mois
DJADJA & DINAZ;DEMAIN SERA MEILLEUR;CARRÉ MUSIC / BELIEVE;Singles;Or;27/03/2021;18/05/2023;2 ans 2 mois
BILLIE EILISH;ILOMILO;INTERSCOPE RECORDS	/ POLYDOR / UNIVERSAL MUSIC FRANCE;Singles;Or;29/03/2019;18/05/2023;4 ans 2 mois
LA FOUINE;VENI VIDI VICI;JIVE EPIC / RCA GROUP / SONY MUSIC ENTERTAINMENT;Singles;Or;13/12/2010;11/05/2023;12 ans 7 mois
NIRO;OX7;CAPITOL MUSIC FRANCE / UNIVERSAL MUSIC FRANCE;Albums;Platine;08/07/2017;11/05/2023;5 ans 11 mois
LIL NAS X;MONTERO;COLUMBIA / SONY MUSIC ENTERTAINMENT;Albums;Platine;17/09/2021;11/05/2023;1 an 8 mois
JOHNNY HALLYDAY;LÉGENDE - BEST OF 20 TITRES;MERCURY RECORDS / LABEL PANTHEON / UNIVERSAL MUSIC FRANCE;Albums;Or;25/11/2022;11/05/2023;5 mois
STING;THE BRIDGE;POLYDOR / UNIVERSAL MUSIC FRANCE;Albums;Or;19/11/2021;11/05/2023;1 an 5 mois
GABRY PONTE/LUM!X/PREZIOSO;THUNDER;SPINNIN' RECORDS / WEA / WARNER MUSIC FRANCE;Singles;Diamant;07/05/2021;11/05/2023;2 ans
DA UZI FEAT. NINHO;CROIS MOI;REC. 118 / WARNER MUSIC FRANCE;Singles;Diamant;06/03/2020;11/05/2023;3 ans 2 mois
NAPS;EN DÉTENTE;ALLPOINTS / BELIEVE;Singles;Diamant;28/06/2019;11/05/2023;3 ans 11 mois
ELLEY DUHÉ;MIDDLE OF THE NIGHT;NOT FIT FOR SOCIETY/RCA RECORDS	SONY MUSIC ENTERTAINMENT;Singles;Diamant;10/01/2020;11/05/2023;3 ans 4 mois
ARIANA GRANDE;THANK U, NEXT;ISLAND DEF JAM / UNIVERSAL MUSIC FRANCE;Singles;Diamant;04/11/2018;11/05/2023;4 ans 6 mois
JASON DERULO;TAKE YOU DANCING;ATLANTIC RECORDS/ WARNER MUSIC FRANCE;Singles;Platine;22/07/2020;27/04/2023;2 ans 9 mois
POST MALONE;GO FLEX;ISLAND DEF JAM / UNIVERSAL MUSIC FRANCE;Singles;Or;22/04/2016;27/04/2023;7 ans 1 mois
LARRY;ROUTINE;GOTHVM RECORDS / SONY MUSIC ENTERTAINMENT;Singles;Or;08/05/2020;27/04/2023;3 ans
PLK;BUNKOEUR;PANENKA / WAGRAM;Singles;Or;05/10/2018;27/04/2023;4 ans 7 mois
NIRO;MILLENIALS (GENERATION Y);AMBITION MUSIC / SONY MUSIC ENTERTAINMENT;Singles;Or;16/07/2021;27/04/2023;1 an 9 mois
DTF;COMME TU VEUX;MUSICAST / BELIEVE;Singles;Diamant;18/03/2016;27/04/2023;7 ans 2 mois
GAULLIN;MOONLIGHT;COLUMBIA /B1 RECORDINGS / SONY MUSIC ENTERTAINMENT;Singles;Platine;12/04/2018;27/04/2023;5 ans 1 mois
DAMSO FEAT. ANGÈLE;SILENCE;Universal Music Division Capitol Music F / UNIVERSAL MUSIC FRANCE;Singles;Diamant;26/06/2018;27/04/2023;4 ans 10 mois
PNL;MOWGLI II;QLF RECORDS / BELIEVE;Singles;Diamant;05/06/2019;27/04/2023;3 ans 11 mois
ZOLA;FUCKBOI;AWA / SONY MUSIC ENTERTAINMENT;Singles;Platine;05/04/2019;20/04/2023;4 ans 1 mois
LADY GAGA;STUPID LOVE;POLYDOR / UNIVERSAL MUSIC FRANCE;Singles;Platine;28/02/2020;20/04/2023;3 ans 2 mois
VALD;ANUNNAKI;ECHELON RECORDS / SONY MUSIC ENTERTAINMENT;Singles;Platine;07/01/2022;20/04/2023;1 an 3 mois
BLACKPINK;THE ALBUM;POLYDOR / UNIVERSAL MUSIC FRANCE;Albums;Or;02/10/2020;20/04/2023;2 ans 7 mois
CABALLERO & JEANJASS;HIGH & FINES HERBES;VIRGIN RECORDS FRANCE / UNIVERSAL MUSIC FRANCE;Albums;Or;10/04/2020;20/04/2023;3 ans
HORNET LA FRAPPE;TOUJOURS NOUS-MÊMES;REC. 118 / DIEZ PEUFRA	/ WARNER MUSIC FRANCE;Albums;Or;27/08/2021;20/04/2023;1 an 8 mois
KUNGS;CLUB AZUR;ISLAND DEF JAM/ UNIVERSAL MUSIC FRANCE;Albums;Or;18/03/2022;20/04/2023;1 an 1 mois
DIVA FAUNE;GET UP!;PLAY TWO / BELIEVE;Singles;Platine;19/01/2018;20/04/2023;5 ans 3 mois
DAMSO;MORT;CAPITOL MUSIC FRANCE / UNIVERSAL MUSIC FRANCE;Singles;Or;16/03/2018;20/04/2023;5 ans 2 mois
ALAN WALKER;SING ME TO SLEEP;MER RECORDINGS / SONY MUSIC ENTERTAINMENT;Singles;Or;29/05/2016;20/04/2023;6 ans 11 mois
SCH;PETIT COEUR;REC. 118 / WARNER MUSIC FRANCE;Singles;Or;29/11/2019;20/04/2023;3 ans 5 mois
XXXTENTACION;NUMB;VIRGIN RECORDS FRANCE / UNIVERSAL MUSIC FRANCE;Singles;Or;16/03/2018;20/04/2023;5 ans 2 mois
POP SMOKE;GANGSTAS;ISLAND DEF JAM / UNIVERSAL MUSIC FRANCE;Singles;Or;03/07/2020;20/04/2023;2 ans 10 mois
XXXTENTACION;?;VIRGIN RECORDS FRANCE / UNIVERSAL MUSIC FRANCE;Albums;Triple Platine;16/03/2018;20/04/2023;5 ans 2 mois
OLIVER TREE, ROBIN SCHULZ	& 21 SAVAGE;MISS YOU;ISLAND DEF JAM / UNIVERSAL MUSIC FRANCE;Singles;Platine;05/08/2022;20/04/2023;8 mois
DANAKIL;DIALOGUE DE SOURDS;BACO RECORDS / BACO / BACO DISTRIBUTION;Albums;Or;30/06/2005;20/04/2023;18 ans
POST MALONE;HOLLYWOOD'S BLEEDING;ISLAND DEF JAM / UNIVERSAL MUSIC FRANCE;Albums;Platine;06/09/2019;20/04/2023;3 ans 8 mois
SOPRANO;DINGUE;REC. 118 / WARNER MUSIC FRANCE;Singles;Platine;24/06/2021;20/04/2023;1 an 10 mois
OBOY;OMEGA;6&7	/ BELIEVE;Albums;Platine;12/07/2019;20/04/2023;3 ans 9 mois
DINOS;PLACEBO;SPKTAQLR / BECAUSE;Singles;Diamant;07/12/2018;20/04/2023;4 ans 5 mois
THE BLAZE;TERRITORY;MCA / UNIVERSAL MUSIC FRANCE;Singles;Platine;25/02/2017;20/04/2023;6 ans 2 mois
KAARIS;DÉBROUILLARD;VIRGIN RECORDS FRANCE / UNIVERSAL MUSIC FRANCE;Singles;Or;13/12/2018;06/04/2023;4 ans 4 mois
VITAA;À FLEUR DE TOI;ISLAND DEF JAM / UNIVERSAL MUSIC FRANCE;Singles;Diamant;05/02/2007;01/04/2023;16 ans 4 mois
ED SHEERAN;=;EAST WEST UK / WEA / WARNER MUSIC FRANCE;Albums;Triple Platine;29/10/2021;30/03/2023;1 an 5 mois
COLUMBINE, LUJIPEKA & FODA C;C'EST PAS GRAVE;ROMANCE MUSIQUE / UNIVERSAL MUSIC FRANCE;Singles;Diamant;22/03/2019;30/03/2023;4 ans
GAZO;TCHIN 2X;BSB PROD/ SONY MUSIC ENTERTAINMENT;Singles;Platine;11/12/2020;30/03/2023;2 ans 3 mois
NEKFEU;CHANSON D'AMOUR;Seine Zoo Records / Universal division Polydor;Singles;Platine;21/06/2019;30/03/2023;3 ans 9 mois
KENDJI GIRAC;TIAGO;ISLAND DEF JAM / UNIVERSAL MUSIC FRANCE;Singles;Diamant;25/08/2018;30/03/2023;4 ans 7 mois
MARTIN SOLVEIG FEAT. INA WROLDSEN;PLACES;CAPITOL / UNIVERSAL MUSIC FRANCE;Singles;Platine;25/11/2016;30/03/2023;6 ans 5 mois
NEKFEU;CIEL NOIR;SEINE ZOO RECORDS / UNIVERSAL DIVISION POLYDOR;Singles;Platine;21/06/2019;30/03/2023;3 ans 9 mois
LADY GAGA & BRADLEY COOPER;I'LL NEVER LOVE AGAIN;POLYDOR / UNIVERSAL MUSIC FRANCE;Singles;Diamant;05/10/2018;30/03/2023;4 ans 6 mois
47TER;L'ADRESSE;Label entrecôte / SONY MUSIC ENTERTAINMENT;Singles;Platine;23/10/2019;30/03/2023;3 ans 5 mois
SOFIA REYES FEAT. DE LA GHETTO & JASON DERULO;1, 2, 3;WEA LATINA / WARNER MUSIC FRANCE;Singles;Platine;16/02/2018;30/03/2023;5 ans 2 mois
MICHEL SARDOU;BEST OF;MERCURY RECORDS / LABEL PANTHEON / UNIVERSAL MUSIC FRANCE;Albums;Or;26/02/2016;30/03/2023;7 ans 2 mois
MHD;XIX;CAPITOL MUSIC FRANCE / UNIVERSAL MUSIC FRANCE;Singles;Or;19/09/2018;30/03/2023;4 ans 7 mois
NIRO;MAMA T'AVAIS RAISON;CAPITOL MUSIC FRANCE / UNIVERSAL MUSIC FRANCE;Singles;Or;04/11/2016;30/03/2023;6 ans 5 mois
RICH THE KID;PLUG WALK;POLYDOR / UNIVERSAL MUSIC FRANCE;Singles;Or;08/02/2018;30/03/2023;5 ans 2 mois
BEBE REXHA;I GOT YOU;WARNER RECORDS / WARNER MUSIC FRANCE;Singles;Or;28/10/2016;30/03/2023;6 ans 6 mois
LANDY;CHASSE À L'HOMME;ALL POINTS / BELIEVE;Singles;Or;08/03/2019;30/03/2023;4 ans 1 mois
COLDPLAY;ORPHANS;PARLOPHONE UK / WARNER MUSIC FRANCE;Singles;Or;24/10/2019;30/03/2023;3 ans 5 mois
ZOLA;SANCHEZ;AWA / SONY MUSIC ENTERTAINMENT;Singles;Or;18/12/2020;30/03/2023;2 ans 3 mois
BIGFLO & OLI;J'ÉTAIS PAS LÀ;POLYDOR / UNIVERSAL MUSIC FRANCE;Singles;Or;19/05/2022;30/03/2023;10 mois
DJ SNAKE;DISCO MAGHREB;CAPITOL MUSIC FRANCE / UNIVERSAL MUSIC FRANCE;Singles;Or;31/05/2022;30/03/2023;10 mois
LUCENZO;NO ME AMA;BELIEVE  / PLAY TWO;Singles;Platine;17/07/2020;23/03/2023;2 ans 8 mois
DABABY;BOP;INTERSCOPE RECORDS / POLYDOR / UNIVERSAL MUSIC FRANCE;Singles;Platine;27/09/2019;23/03/2023;3 ans 6 mois
JUICE WRLD;GOODBYE & GOOD RIDDANCE;POLYDOR / UNIVERSAL MUSIC FRANCE;Albums;Or;23/05/2018;23/03/2023;4 ans 10 mois
POLO & PAN;CYCLORAMA;VIRGIN RECORDS FRANCE / UNIVERSAL MUSIC FRANCE;Albums;Or;25/06/2021;23/03/2023;1 an 9 mois
IMEN ES;ES;CAPITOL / BENDO / UNIVERSAL MUSIC FRANCE;Albums;Or;03/12/2021;23/03/2023;1 an 3 mois
LABRINTH & ZENDAYA;ALL FOR US;ISLAND DEF JAM / UNIVERSAL MUSIC FRANCE;Singles;Or;01/07/2019;23/03/2023;3 ans 9 mois
DJADJA & DINAZ;POUR LA MOULA;ALLPOINTS / BELIEVE;Singles;Or;22/03/2019;23/03/2023;4 ans
BIWAÏ;COPACABANA;MUSICAST / BELIEVE;Singles;Or;13/04/2018;23/03/2023;5 ans
JUL;ALORS LA ZONE;D'OR ET DE PLATINE / BELIEVE;Singles;Diamant;07/06/2021;09/03/2023;1 an 9 mois
RED HOT CHILI PEPPERS;THE GETAWAY;WARNER BROS / WARNER MUSIC France;Albums;Platine;17/06/2016;09/03/2023;6 ans 9 mois
VALD FEAT. DAMSO;VITRINE;92i/Capitol / UNIVERSAL MUSIC FRANCE;Singles;Diamant;19/01/2017;09/03/2023;6 ans 2 mois
TIMAL;TU ME CONNAIS;ELEKTRA FRANCE / WARNER MUSIC FRANCE;Singles;Or;28/02/2020;02/03/2023;3 ans
THE CARTERS;APESHIT;PARKWOOD ENTERTAINMENT / ROC NATION / SONY MUSIC ENTERTAINMENT;Singles;Or;18/06/2018;02/03/2023;4 ans 9 mois
NIRO;PARDONNABLE;AMBITION MUSIC / SONY MUSIC ENTERTAINMENT;Singles;Or;09/07/2020;02/03/2023;2 ans 8 mois
DAVID GUETTA & BEBE REXHA;I'M GOOD (BLUE);PARLOPHONE UK / WARNER MUSIC FRANCE;Singles;Diamant;26/08/2022;02/03/2023;6 mois
HORNET LA FRAPPE FEAT. NINHO;SHEITANA;REC. 118 / DIEZ PEUFRA / WARNER MUSIC FRANCE;Singles;Diamant;21/09/2018;02/03/2023;4 ans 6 mois
AMIR;RESSOURCES;PARLOPHONE / WARNER MUSIC FRANCE;Albums;Double Platine;16/10/2020;02/03/2023;2 ans 4 mois
LUM!X & GABRY PONTE;MONSTER;Spinnin' Records / WARNER MUSIC FRANCE;Singles;Diamant;19/04/2019;02/03/2023;3 ans 11 mois
JOYCE JONATHAN;UNE PLACE POUR MOI;POLYDOR / UNIVERSAL MUSIC FRANCE;Albums;Or;05/02/2016;02/03/2023;7 ans 2 mois
GAZO;CELINE 3X;BSB PROD / SONY MUSIC ENTERTAINMENT;Singles;Diamant;11/05/2022;02/03/2023;9 mois
CIARA FEAT. MISSY ELLIOTT & FATMAN SCOOP;LEVEL UP;CIARA / WARNER MUSIC FRANCE;Singles;Or;18/07/2018;02/03/2023;4 ans 8 mois
GAZO FEAT. TIAKOLA;FLEURS;BSB PROD  / SONY MUSIC ENTERTAINMENT;Singles;Diamant;01/07/2022;23/02/2023;7 mois
ARIZONA ZERVAS;ROXANNE;Arizona Zervas / SONY MUSIC ENTERTAINMENT;Singles;Diamant;10/10/2019;23/02/2023;3 ans 5 mois
JULIEN DORÉ;COCO CÂLINE;COLUMBIA / SONY MUSIC ENTERTAINMENT;Singles;Diamant;14/10/2016;23/02/2023;6 ans 5 mois
PIERRE DE MAERE;UN JOUR JE MARIERAI UN ANGE;CINQ 7 / WAGRAM;Singles;Diamant;09/11/2021;23/02/2023;1 an 3 mois
LETO FEAT. TIAKOLA;MAPESSA;REC. 118 / WINTERFELL / WARNER MUSIC FRANCE;Singles;Diamant;17/09/2021;23/02/2023;1 an 5 mois
KENDJI GIRAC;KENDJI;ISLAND DEF JAM / UNIVERSAL MUSIC FRANCE;Albums;Triple Diamant;08/09/2014;23/02/2023;8 ans 7 mois
BOOBA;E.L.E.P.H.A.N.T;CAPITOL MUSIC FRANCE / UNIVERSAL MUSIC FRANCE;Singles;Diamant;25/07/2016;23/02/2023;6 ans 8 mois
MIGOS FEAT. DRAKE;WALK IT TALK IT;CAPITOL MUSIC FRANCE / UNIVERSAL MUSIC FRANCEE;Singles;Platine;26/01/2018;23/02/2023;5 ans 1 mois
JAZZY BAZZ FEAT. NEKFEU;ÉTERNITÉ;IDOL / PIAS FRANCE;Singles;Platine;07/09/2018;23/02/2023;4 ans 6 mois
LORENZO;BIZNESS;ROMANCE MUSIQUE / UNIVERSAL MUSIC FRANCE;Singles;Or;23/02/2018;23/02/2023;5 ans
SDM FEAT. PLK;LE BRUIT DES APPLAUDISSEMENTS;CAPITOL MUSIC FRANCE / UNIVERSAL MUSIC FRANCE;Singles;Or;26/05/2021;23/02/2023;1 an 9 mois
LE CLASSICO ORGANISÉ;LES GALACTIQUES;RIEN 100 RIEN / BELIEVE;Singles;Or;05/11/2021;23/02/2023;1 an 3 mois
SCH;OTTO;Rec. 118 / Parlophone France / WARNER MUSIC FRANCE;Singles;Diamant;31/08/2018;23/02/2023;4 ans 6 mois
IMAGINE DRAGONS;FOLLOW YOU;INTERSCOPE RECORDS / POLYDOR / UNIVERSAL MUSIC FRANCE;Singles;Diamant;12/03/2021;23/02/2023;1 an 11 mois
ZKR;FREESTYLE 5MIN #8;MORNING GLORY MUSIC / ALL ROAD / ALLPOINTS / BELIEVE;Singles;Platine;26/06/2020;23/02/2023;2 ans 8 mois
KENDJI GIRAC & CLAUDIO CAPÉO;QUE DIEU ME PARDONNE;ISLAND DEF JAM / UNIVERSAL MUSIC FRANCE;Singles;Or;30/08/2018;23/02/2023;4 ans 6 mois
HORNET LA FRAPPE;GRAMME 2 PEUF;DIEZ PEUFRA	/ REC. 118 / WARNER MUSIC FRANCE;Singles;Diamant;12/01/2017;16/02/2023;6 ans 2 mois
STROMAE;L’ENFER;Mosaert Label  / Polydor / UNIVERSAL MUSIC FRANCE;Singles;Diamant;09/01/2022;09/02/2023;1 an 1 mois
DJADJA & DINAZ;MANÈGE;CARRÉ MUSIC / BELIEVE;Singles;Platine;27/03/2021;02/02/2023;1 an 10 mois
PLK;TÉNÉBREUX;PANENKA MUSIC / WAGRAM;Albums;Or;08/09/2017;02/02/2023;5 ans 5 mois
SHAY;CABEZA;CAPITOL MUSIC FRANCE / UNIVERSAL MUSIC FRANCE;Singles;Or;11/11/2016;02/02/2023;6 ans 3 mois
MATT SIMONS /;WE CAN DO BETTER;PIAS FRANCE / INTEGRAL PIAS;Singles;Or;04/04/2018;02/02/2023;4 ans 10 mois
DISIZ;QU'ILS ONT DE LA CHANCE;POLYDOR / UNIVERSAL MUSIC FRANCE;Singles;Or;09/06/2017;02/02/2023;5 ans 8 mois
DAMSO;POUR L'ARGENT;TRENTE-QUATRE CENTIMES / UNIVERSAL MUSIC FRANCE;Singles;Or;17/09/2020;02/02/2023;2 ans 4 mois
DAMSO;Ο. OG;TRENTE-QUATRE CENTIMES / UNIVERSAL MUSIC FRANCE;Singles;Or;28/04/2021;02/02/2023;1 an 9 mois
S-CREW;22;PANENKA MUSIC / WAGRAM;Singles;Or;09/06/2022;02/02/2023;7 mois
THE KID LAROI;WITHOUT YOU;COLUMBIA / SONY MUSIC ENTERTAINMENT;Singles;Platine;04/11/2020;02/02/2023;2 ans 3 mois
FRESH FEAT. NISKA;ALLEZ DEHORS;ICB RECORDS / BELIEVE;Singles;Or;26/08/2022;02/02/2023;5 mois
SEIZUR;S'AIMER EN ENFER;XVI MUSIC / BELIEVE;Singles;Platine;26/12/2018;02/02/2023;4 ans 1 mois
POP SMOKE;WHAT YOU KNOW BOUT LOVE;ISLAND DEF JAM / UNIVERSAL MUSIC FRANCE;Singles;Diamant;03/07/2020;02/02/2023;2 ans 7 mois
THE CHAINSMOKERS;MEMORIES...DO NOT OPEN;Disruptor Records / Columbia / SONY MUSIC ENTERTAINMENT;Albums;Platine;07/04/2017;02/02/2023;5 ans 10 mois
JUL FEAT. GHETTO PHÉNOMÈNE;ON EST TROP;D'OR ET DE PLATINE / BELIEVE;Singles;Platine;24/06/2016;02/02/2023;6 ans 8 mois
TIMAL;ARÈS;ARGENTIC MUSIC  / CAPITOL MUSIC FRANCE / UNIVERSAL MUSIC FRANCE;Albums;Platine;15/10/2021;02/02/2023;1 an 3 mois
DOJA CAT FEAT. SZA;KISS ME MORE;KEMOSABE RECORDS / RCA RECORDS / SONY MUSIC ENTERTAINMENT;Singles;Diamant;08/04/2021;02/02/2023;1 an 10 mois
DJADJA & DINAZ;À CŒUR OUVERT;CARRÉ MUSIC / BELIEVE;Singles;Diamant;24/02/2021;02/02/2023;1 an 11 mois
NUSKY;GABRIELLE SOLIS;BARCLAY / MERCURY / UNIVERSAL MUSIC FRANCE;Singles;Or;05/01/2018;27/01/2023;5 ans 1 mois
ONEREPUBLIC;I AIN'T WORRIED;POLYDOR / UNIVERSAL MUSIC FRANCE;Singles;Diamant;27/05/2022;26/01/2023;8 mois
NINHO FEAT. YARO;44;Rec. 118 / Mal Luné Music / WARNER MUSIC FRANCE;Singles;Platine;30/03/2018;26/01/2023;4 ans 10 mois
DAMSO;DEUX TOILES DE MER;TRENTE-QUATRE CENTIMES / UNIVERSAL MUSIC FRANCE;Singles;Diamant;17/09/2020;26/01/2023;2 ans 4 mois
KYGO;CLOUD NINE;RCA GROUP / SONY MUSIC ENTERTAINMENT;Albums;Platine;13/05/2016;26/01/2023;6 ans 9 mois
BENAB;RS3;DRACARYS MUSIC	/ CAPITOL / BENDO / UNIVERSAL MUSIC FRANCE;Singles;Platine;16/07/2020;26/01/2023;2 ans 6 mois
JULIETTE ARMANET;A LA FOLIE;UNIVERSAL MUSIC DIVISION BARCLAY \ UNIVERSAL MUSIC FRANCE;Singles;Platine;22/06/2018;26/01/2023;4 ans 7 mois
BOOBA;BONNE JOURNÉE;TALLAC RECORDS / CAPITOL MUSIC FRANCE / UNIVERSAL MUSIC FRANCE;Singles;Or;04/03/2021;26/01/2023;1 an 11 mois
ORELSAN & THE NEPTUNES;DERNIER VERRE;3ÈME BUREAU / WAGRAM MUSIC;Singles;Or;19/11/2021;26/01/2023;1 an 2 mois
BEN MAZUÉ;LA FEMME IDÉALE;COLUMBIA / SONY MUSIC ENTERTAINMENT;Albums;Platine;15/09/2017;21/01/2023;5 ans 5 mois
MAURANE;BREL;POLYDOR / UNIVERSAL MUSIC FRANCE;Albums;Or;12/10/2018;21/01/2023;4 ans 4 mois
JUL;LA MISS;D'OR ET DE PLATINE / BELIEVE;Singles;Diamant;10/12/2021;19/01/2023;1 an 1 mois
ANNE-MARIE;SPEAK YOUR MIND;ATLANTIC RECORDS UK	/ WARNER / WARNER MUSIC FRANCE;Albums;Or;27/04/2018;05/01/2023;4 ans 9 mois
FARRUKO;LA 167;RCA GROUP / SONY MUSIC ENTERTAINMENT;Albums;Or;01/10/2021;05/01/2023;1 an 3 mois
DJADJA & DINAZ;BLOCK 16;CARRÉ MUSIC / BELIEVE;Singles;Or;06/05/2016;05/01/2023;6 ans 9 mois
NAPS;LE SENS DES AFFAIRES;13EME ART RECORDS / ALLPOINTS / BELIEVE;Singles;Or;15/09/2017;05/01/2023;5 ans 4 mois
DINOS;PARANOÏAQUE;UNIVERSAL MUSIC DISTRIBUTION DEAL / UNIVERSAL MUSIC FRANCE;Singles;Or;26/11/2020;05/01/2023;2 ans 1 mois
PRIME;MELROSE;PRIME CORP PRODUCTIONS / WAGRAM;Singles;Or;05/09/2019;05/01/2023;3 ans 4 mois
JOEL CORRY X RAYE X DAVID GUETTA;BED;ATLANTIC RECORDS UK	/ WARNER MUSIC FRANCE;Singles;Or;26/02/2021;05/01/2023;1 an 10 mois
SEAN PAUL FEAT. SIA;DYNAMITE;VIRGIN RECORDS FRANCE / UNIVERSAL MUSIC FRANCE;Singles;Or;22/10/2021;05/01/2023;1 an 2 mois
NINHO;INTRO;REC. 118 / MAL LUNE MUSIC	/ WARNER MUSIC FRANCE;Singles;Platine;03/12/2021;05/01/2023;1 an 1 mois
MOHA LA SQUALE;BENDERO;ELEKTRA FRANCE / WARNER MUSIC FRANCE;Albums;Double Platine;25/05/2018;05/01/2023;4 ans 8 mois
VALD;XEU;MILLENIUM / UNIVERSAL MUSIC FRANCE;Albums;Triple Platine;02/02/2018;05/01/2023;4 ans 11 mois
DAMSO;Υ. 2 DIAMANTS;TRENTE-QUATRE CENTIMES / UNIVERSAL MUSIC FRANCE;Singles;Platine;28/04/2021;05/01/2023;1 an 8 mois
THE WEEKND;STARBOY;ISLAND DEF JAM / UNIVERSAL MUSIC FRANCE;Albums;Triple Platine;25/11/2016;29/12/2022;6 ans 2 mois
BILLIE EILISH;WHEN WE ALL FALL ASLEEP, WHERE DO WE GO?;INTERSCOPE RECORDS	/ POLYDOR / UNIVERSAL MUSIC FRANCE;Albums;Triple Platine;29/03/2019;29/12/2022;3 ans 9 mois
FAUVE;150.900;FAUVE CORP / WARNER MUSIC FRANCE;Albums;Or;01/04/2016;29/12/2022;6 ans 10 mois
JEREMY FREROT;MEILLEURE VIE;LA FINCA (SOUS LICENCE EXCLUSIVE 6&7) / BELIEVE;Albums;Or;19/02/2021;29/12/2022;1 an 10 mois
LUJIPEKA;MONTAGNES RUSSES;ROMANCE MUSIQUE / UNIVERSAL MUSIC FRANCE;Albums;Or;05/11/2021;29/12/2022;1 an 1 mois
LOUISE ATTAQUE;PLANÈTE TERRE;BARCLAY / UNIVERSAL MUSIC FRANCE;Albums;Or;04/11/2022;29/12/2022;1 mois
MICHEL POLNAREFF;POLNAREFF CHANTE POLNAREFF;PARLOPHONE	/ WARNER MUSIC FRANCE;Albums;Or;18/11/2022;29/12/2022;1 mois
KEEN'V;DIAMANT;PARLOPHONE	/ WARNER MUSIC FRANCE;Albums;Or;08/07/2022;29/12/2022;5 mois
NISKA;CHASSE À L'HOMME;MILLENIUM / CAPITOL MUSIC FRANCE / UNIVERSAL MUSIC FRANCE;Singles;Diamant;29/04/2017;29/12/2022;5 ans 9 mois
DAVID GUETTA FEAT. JUSTIN BIEBER;2U;PARLOPHONE	/ WARNER MUSIC FRANCE;Singles;Diamant;09/06/2017;29/12/2022;5 ans 7 mois
NINHO;COFFRER;REC. 118 / MAL LUNE MUSIC	/ WARNER MUSIC FRANCE;Singles;Platine;28/03/2018;29/12/2022;4 ans 9 mois
JNR CHOI & SAM TOMPKINS;TO THE MOON;JNR CHOI/EPIC / SONY MUSIC ENTERTAINMENT;Singles;Platine;04/11/2021;29/12/2022;1 an 2 mois
DAMSO;INTRO;TRENTE-QUATRE CENTIMES / UNIVERSAL MUSIC FRANCE;Singles;Or;17/09/2020;29/12/2022;2 ans 3 mois
CENTRAL CEE;LOADING;CENTRAL CEE / WARNER MUSIC FRANCE;Singles;Or;22/10/2020;29/12/2022;2 ans 2 mois
DINOS FEAT. TAYC;JE WANDA;SPKTAQLR / CAPITOL MUSIC FRANCE / UNIVERSAL MUSIC FRANCE;Singles;Or;26/11/2020;29/12/2022;2 ans 1 mois
KEEN'V;JE GARDE LE SOURIRE;PARLOPHONE	/ WARNER MUSIC FRANCE;Singles;Or;05/03/2021;22/12/2022;1 an 9 mois
BOLÉMVN;EH BOY;BLACK PALLADIUM MUSIC / BELIEVE;Singles;Or;07/11/2018;22/12/2022;4 ans 2 mois
BTS	FEAT. HALSEY;BOY WITH LUV;SONY MUSIC/MEMBRAN / SONY MUSIC ENTERTAINMENT;Singles;Or;02/07/2019;22/12/2022;3 ans 6 mois
NO LIMIT, BOSH, HEUSS L'ENFOIRÉ;OLA OLA OLA;NO LIMIT PROD / SONY MUSIC ENTERTAINMENT;Singles;Platine;30/07/2021;15/12/2022;1 an 4 mois
DADJU FEAT RONISIA;TOKO TOKO;CAPITOL MUSIC FRANCE / UNIVERSAL MUSIC FRANCE;Singles;Platine;13/05/2022;08/12/2022;6 mois
JAYMES YOUNG;INFINITY;ATLANTIC RECORDS /WEA / WARNER MUSIC FRANCE;Singles;Diamant;23/06/2017;08/12/2022;5 ans 6 mois
YOUSSOUPHA;ON SE CONNAÎT;BOMAYE MUSIK / BELIEVE;Singles;Diamant;15/10/2012;08/12/2022;10 ans 3 mois
NISKA;44;MILLENIUM / CAPITOL MUSIC FRANCE / UNIVERSAL MUSIC FRANCE;Singles;Platine;05/11/2021;08/12/2022;1 an 1 mois
KHALID;AMERICAN TEEN;RCA GROUP / SONY MUSIC ENTERTAINMENT;Albums;Or;03/03/2017;08/12/2022;5 ans 10 mois
NEPAL;TRAJECTOIRE;PIAS FRANCE / IDOL;Singles;Or;10/01/2020;08/12/2022;2 ans 11 mois
LYNA MAHYEM;MAL DE TOI;BMG FRANCE / WARNER MUSIC FRANCE;Singles;Or;04/03/2022;08/12/2022;9 mois
KENDRICK LAMAR;LOYALTY.;POLYDOR / UNIVERSAL MUSIC FRANCE;Singles;Or;14/04/2017;08/12/2022;5 ans 8 mois
BRVMSOO;LA DEB;BMG RIGHTS MGMT FRANCE / WARNER MUSIC FRANCE;Singles;Or;15/12/2017;08/12/2022;5 ans
YL;TU M’EN VEUX;ISLAND DEF JAM / UNIVERSAL MUSIC FRANCE;Singles;Or;01/02/2019;08/12/2022;3 ans 10 mois
ANGÈLE;J'ENTENDS;ANGELE VL RECORDS / ROMANCE MUSIQUE / UNIVERSAL MUSIC FRANCE;Singles;Or;07/11/2019;08/12/2022;3 ans 1 mois
GEORGIO FEAT. ISHA;DANS MON ÉLÉMENT;PANENKA / WAGRAM;Singles;Or;04/11/2016;08/12/2022;6 ans 2 mois
IVANN & SAF;LA SURPRISE;CARBO PRODUCTION / SONY MUSIC ENTERTAINMENT;Singles;Or;27/03/2021;08/12/2022;1 an 8 mois
FARRUKO;NAZARENO;SONY MUSIC LATIN / SONY MUSIC ENTERTAINMENT;Singles;Or;19/05/2022;08/12/2022;6 mois
LACRIM;TOUT LE MONDE VEUT DES LOVÉS;UMSM / POLYDOR / UNIVERSAL MUSIC FRANCE;Singles;Or;01/01/2014;08/12/2022;9 ans
NINHO FEAT. FALLY IPUPA;À KINSHASA;Rec. 118 / Mal Luné Music / WARNER MUSIC FRANCE;Singles;Diamant;22/03/2019;08/12/2022;3 ans 9 mois
KENDJI GIRAC;COOL;MERCURY / BARLCAY / UNIVERSAL MUSIC FRANCE;Singles;Or;01/06/2015;08/12/2022;7 ans 7 mois
ROMÉO ELVIS;BÉBÉ AIME LA DROGUE;ISLAND DEF JAM / UNIVERSAL MUSIC FRANCE;Singles;Or;17/03/2017;08/12/2022;5 ans 9 mois
WILLY WILLIAM;TROMPETA;SCORPIO MUSIC / BELIEVE;Singles;Platine;18/02/2022;08/12/2022;9 mois
FRESH LAPEUFRA;CHOP (NOUVELLE ÉCOLE);ICB RECORDS / BELIEVE;Singles;Diamant;24/06/2022;08/12/2022;5 mois
SOSO MANESS;AVEC LE TEMPS;RCA GROUP /  SONY MUSIC ENTERTAINMENT;Albums;Platine;04/06/2021;08/12/2022;1 an 6 mois
ZOLA;BRO BRO;AWA / SONY MUSIC ENTERTAINMENT;Singles;Platine;08/05/2020;08/12/2022;2 ans 7 mois
DTF;ME GUSTA;QLF RECORDS / BELIEVE;Singles;Diamant;26/04/2019;01/12/2022;3 ans 7 mois
IAM;... IAM;VIRGIN MUSIC FRANCE / UNIVERSAL MUSIC FRANCE;Albums;Or;18/11/2013;01/12/2022;9 ans 2 mois
CAMILA CABELLO;ROMANCE;RCA GROUP / SONY MUSIC ENTERTAINMENT;Albums;Or;06/12/2019;01/12/2022;3 ans
VALD FEAT. SOFIANE;DRAGON;MILLENIUM / CAPITOL MUSIC FRANCE / UNIVERSAL MUSIC FRANCE;Singles;Platine;01/02/2018;01/12/2022;4 ans 10 mois
ANGUS & JULIA STONE;SNOW;PIAS FRANCE / INTEGRAL PIAS;Albums;Or;15/09/2017;01/12/2022;5 ans 3 mois
RIDSA FEAT. EVA GUESS;ON S'EST MANQUÉ;WLAB / WAGRAM;Singles;Or;05/10/2018;01/12/2022;4 ans 2 mois
CLARA LUCIANI;LES FLEURS;ROMANCE MUSIQUE / UNIVERSAL MUSIC FRANCE;Singles;Or;23/02/2018;01/12/2022;4 ans 10 mois
NAPS FEAT SOOLKING;FAVELA;13Eme Art Records / BELIEVE;Singles;Diamant;09/03/2018;24/11/2022;4 ans 9 mois
NISKA;AMOUR X;Capitol	/ UNIVERSAL MUSIC FRANCE;Singles;Platine;21/09/2017;24/11/2022;5 ans 3 mois
CASSEURS FLOWTERS;SI FACILE;3EME BUREAU / WAGRAM;Singles;Platine;09/12/2015;24/11/2022;7 ans
VIANNEY;LE CONCERT;TÔT OU TARD / BELIEVE;Albums;Platine;09/11/2018;17/11/2022;4 ans
M. POKORA;LES PLANETES;TF1 ENTERTAINMENT / SONY MUSIC ENTERTAINMENT;Singles;Diamant;05/03/2019;17/11/2022;3 ans 9 mois
JORJA SMITH FEAT. BURNA BOY;BE HONEST;FAMM LIMITED / BECAUSE MUSIC;Singles;Diamant;16/08/2019;17/11/2022;3 ans 3 mois
DJADJA & DINAZ;DRÔLE DE MENTALITÉ;CARRE MUSIC / ALLPOINTS / BELIEVE;Albums;Triple Platine;22/03/2019;17/11/2022;3 ans 8 mois
LUDOVICO EINAUDI;NUVOLE BIANCHE;DECCA RECORDS FRANCE / UNIVERSAL MUSIC FRANCE;Singles;Or;23/08/2004;17/11/2022;18 ans 6 mois
DINOS;TACITURNE;SPKTAQLR / CAPITOL MUSIC FRANCE / UNIVERSAL MUSIC FRANCE;Albums;Platine;28/11/2019;17/11/2022;3 ans
GEORGIO;SACRÉ;PANENKA / WAGRAM;Albums;Or;07/05/2021;17/11/2022;1 an 6 mois
RAMMSTEIN;ZEIT;ISLAND DEF JAM / UNIVERSAL MUSIC FRANCE;Albums;Or;29/04/2022;17/11/2022;6 mois
LARTISTE FEAT. CAROLINA;COMME AVANT;ZAYN CORPORATION / BECAUSE;Singles;Or;17/07/2020;17/11/2022;2 ans 4 mois
LORD ESPERANZA;DRAPEAU NOIR;MODULOR;Singles;Or;03/03/2017;17/11/2022;5 ans 9 mois
LE MOTIF;MA LOVE;JO&CO / BELIEVE;Singles;Or;31/08/2020;17/11/2022;2 ans 2 mois
JOHAN PAPACONSTANTINO;LES MOTS BLEUS;ANIMAL 63 / BELIEVE;Singles;Or;31/05/2019;17/11/2022;3 ans 6 mois
SOSO MANESS FEAT. SCH;LES DERNIERS MARIOLES;RCA GROUP / SONY MUSIC ENTERTAINMENT;Singles;Or;21/05/2021;17/11/2022;1 an 6 mois
DAMSO;QUEDELAVIE;CAPITOL MUSIC FRANCE / UNIVERSAL MUSIC FRANCE;Singles;Or;08/07/2016;17/11/2022;6 ans 5 mois
VEGEDREAM;TOUT CASSER;ISLAND DEF JAM / UNIVERSAL MUSIC FRANCE;Singles;Or;01/06/2018;17/11/2022;4 ans 6 mois
MEDUZA	FEAT. DERMOT KENNEDY;PARADISE;ISLAND DEF JAM / UNIVERSAL MUSIC FRANCE;Singles;Or;30/10/2020;17/11/2022;2 ans
IMEN ES;ATTENTAT;BENDO / ISLAND DEF JAM / UNIVERSAL MUSIC FRANCE;Singles;Platine;23/11/2018;10/11/2022;4 ans
THE WEEKND;DAWN FM;ISLAND DEF JAM / UNIVERSAL MUSIC FRANCE;Albums;Platine;07/01/2022;10/11/2022;10 mois
LACRIM;POUTINE;CAPITOL MUSIC FRANCE / UNIVERSAL MUSIC FRANCE;Singles;Or;06/11/2015;10/11/2022;7 ans 1 mois
DA UZI;ARCHITECTE;REC. 118 / WARNER MUSIC FRANCE;Albums;Platine;03/04/2020;10/11/2022;2 ans 7 mois
LANDY;MA WERSS;109 RECORD / BELIEVE;Singles;Or;18/11/2020;10/11/2022;2 ans
PLK FEAT. SCH;INCONTROLABLES;PANENKA / WAGRAM;Singles;Or;12/11/2021;10/11/2022;1 an
DAVIDO;FALL;SONY MUSIC ENTERTAINMENT INTERNATIONAL LIMITED;Singles;Or;02/06/2017;10/11/2022;5 ans 6 mois
BRAMSITO;HABIBA;CAPITOL MUSIC FRANCE / UNIVERSAL MUSIC FRANCE;Singles;Or;19/12/2019;10/11/2022;2 ans 11 mois
POP SMOKE;GET BACK;ISLAND DEF JAM / UNIVERSAL MUSIC FRANCE;Singles;Or;07/02/2020;10/11/2022;2 ans 9 mois
NINHO;KITCHEN;REC. 118 / MAL LUNE MUSIC / WARNER MUSIC FRANCE;Singles;Or;30/10/2020;10/11/2022;2 ans
JAX JONES Feat. MNEK;WHERE DID YOU GO ?;ISLAND DEF JAM / UNIVERSAL MUSIC FRANCE;Singles;Or;26/01/2022;10/11/2022;9 mois
MHD;AFRO TRAP PART. 11 (KING KONG);CAPITOL MUSIC FRANCE / UNIVERSAL MUSIC FRANCE;Singles;Diamant;27/05/2021;27/10/2022;1 an 5 mois
TAYC;COMME TOI;BELIEVE / BELIEVE / PLAY TWO;Singles;Platine;01/12/2020;27/10/2022;1 an 11 mois
NIRO;SALE MÔME;AMBITION MUSIC / SONY MUSIC ENTERTAINMENT;Albums;Platine;09/07/2020;27/10/2022;2 ans 4 mois
MAJOR LAZER  FEAT. SIA & LABRINTH;TITANS;MAD DECENT / BECAUSE;Singles;Or;26/03/2021;20/10/2022;1 an 7 mois
BLACKPINK;DDU-DU DDU-DU;POLYDOR / UNIVERSAL MUSIC FRANCE;Singles;Or;15/06/2018;20/10/2022;4 ans 4 mois
DINOS;AROB@SE;SPKTAQLR / CAPITOL MUSIC FRANCE / UNIVERSAL MUSIC FRANCE;Singles;Or;28/11/2019;20/10/2022;2 ans 11 mois
LIZZO FEAT. AB6IX;TRUTH HURTS;NICE LIFE / ATLANTIC / WARNER MUSIC FRANCE;Singles;Or;19/09/2017;20/10/2022;5 ans 1 mois
KALASH CRIMINEL;10 12 14 BUREAU;CAPITOL MUSIC FRANCE /UNIVERSAL MUSIC FRANCE;Singles;Or;28/10/2016;20/10/2022;6 ans
SOOLKING FEAT. NISKA;BALADER;CAPITOL MUSIC FRANCE / UNIVERSAL MUSIC FRANCE;Singles;Diamant;27/05/2022;20/10/2022;4 mois
OBOY;NO CRARI;SYNDICATE RECORDS / 6&7 / BELIEVE;Albums;Platine;10/09/2021;20/10/2022;1 an 1 mois
LEWIS CAPALDI;BEFORE YOU GO;VIRGIN RECORDS FRANCE / UNIVERSAL MUSIC FRANCE;Singles;Diamant;17/05/2019;20/10/2022;3 ans 5 mois
DAMSO;AUTOTUNE;Universal Music Division Capitol Music F / UNIVERSAL MUSIC FRANCE;Singles;Diamant;27/04/2016;20/10/2022;6 ans 6 mois
GRAND CORPS MALADE;DERRIÈRE LE BROUILLARD;UNIVERSAL MUSIC FRANCE / VIRGIN RECORDS FRANCE / ANOUCHE PRODUCTIONS;Singles;Diamant;10/09/2020;20/10/2022;2 ans 1 mois
NIRVANA;SLIVER THE BEST OF THE BOX;POLYDOR / UNIVERSAL MUSIC FRANCE;Albums;Or;26/02/2016;20/10/2022;6 ans 8 mois
NAZA;FAUT PARDONNER;CAPRICAROLESQUE / BELIEVE;Singles;Or;13/11/2020;20/10/2022;1 an 11 mois
FRESH;DRAMA QUEEN;ICB RECORDS / BELIEVE;Singles;Or;17/06/2022;20/10/2022;4 mois
JORJA SMITH;LOST & FOUND;BECAUSE MUSIc / UNIVERSAL MUSIC FRANCE;Albums;Platine;08/06/2018;13/10/2022;4 ans 4 mois
MARSHMELLO & BASTILLE;HAPPIER;PM:AM RECORDINGS / UNIVERSAL MUSIC FRANCE;Singles;Diamant;17/08/2018;13/10/2022;4 ans 2 mois
NINHO;PAVÉ;Rec. 118 / Mal Luné Music  / WARNER MUSIC FRANCE;Singles;Platine;30/03/2018;13/10/2022;4 ans 7 mois
DAMSO;GOVA;92i/Capitol / UNIVERSAL MUSIC FRANCE;Singles;Platine;27/04/2017;13/10/2022;5 ans 6 mois
SNEAZZY;ZÉRO DÉTAIL;ALLPOINTS / BELIEVE;Singles;Or;06/03/2020;13/10/2022;2 ans 7 mois
JP SAXE Feat. Julia Michaels;IF THE WORLD WAS ENDING;ARISTA RECORDS / SONY MUSIC ENTERTAINMENT;Singles;Or;19/10/2019;13/10/2022;3 ans
GAËL FAYE;TÔT LE MATIN;VIRGIN RECORDS FRANCE / UNIVERSAL MUSIC FRANCE;Singles;Or;14/04/2017;13/10/2022;5 ans 6 mois
Joel Corry, Jax Jones, Charli XCX, Saweetie;Out out;ATLANTIC RECORDS UK / WARNER MUSIC FRANCE;Singles;Or;13/08/2021;13/10/2022;1 an 2 mois
KALEO;A/B;ATLANTIC / WARNER MUSIC FRANCE;Albums;Platine;28/10/2016;13/10/2022;6 ans
GAZO FEAT. NINHO;MAUVAIS 2X;BSB PROD / SONY MUSIC ENTERTAINMENT;Singles;Diamant;19/11/2021;13/10/2022;10 mois
LETO;17%;REC. 118 / WINTERFELL / WARNER MUSIC FRANCE;Albums;Platine;17/09/2021;13/10/2022;1 an 1 mois
GAZO;DIE;BSB PROD / SONY MUSIC ENTERTAINMENT;Singles;Diamant;01/07/2022;13/10/2022;3 mois
GRADUR;TERRASSER;MILLENIUM / CAPITOL MUSIC FRANCE / UNIVERSAL MUSIC FRANCE;Singles;Or;14/11/2014;13/10/2022;8 ans
DJ SNAKE  & Selena Gomez;SELFISH LOVE;CAPITOL MUSIC FRANCE / UNIVERSAL MUSIC FRANCE;Singles;Platine;04/03/2021;13/10/2022;1 an 7 mois
JULIEN DORÉ Feat. Simone et Jean-Marc;WAF;COLUMBIA / SONY MUSIC ENTERTAINMENT;Singles;Or;04/09/2020;29/09/2022;2 ans 1 mois
CABALLERO & JEANJASS;CALIFORNIE;VIRGIN RECORDS FRANCE/ UNIVERSAL MUSIC FRANCE;Singles;Or;01/06/2018;29/09/2022;4 ans 4 mois
BOOBA Feat. Dala;VUE SUR LA MER;TALLAC RECORDS / CAPITOL MUSIC FRANCE / UNIVERSAL MUSIC FRANCE;Singles;Or;04/03/2021;29/09/2022;1 an 7 mois
AMEL BENT, CAMÉLIA JORDANA, VITAA;MA SŒUR;CAPITOL MUSIC FRANCE / UNIVERSAL MUSIC FRANCE;Singles;Or;22/04/2021;29/09/2022;1 an 5 mois
NEKFEU;MENTEUR MENTEUR;SEINE ZOO RECORDS / UNIVERSAL DIVISION POLYDOR;Singles;Platine;06/06/2019;22/09/2022;3 ans 4 mois
RONISIA;ATTERRISSAGE;EPIC / SONY MUSIC ENTERTAINMENT;Singles;Or;10/06/2020;22/09/2022;2 ans 3 mois
DJADJA & DINAZ;J'RENTRE PAS CHEZ MOI;CARRÉ MUSIC	/ BELIEVE;Singles;Or;01/01/2021;22/09/2022;1 an 8 mois
NAPS;CIAO;13Eme Art Records / BELIEVE;Singles;Platine;12/05/2017;22/09/2022;5 ans 5 mois
DADJU;ELLE ME DEMANDE;CAPITOL MUSIC FRANCE / UNIVERSAL MUSIC FRANCE;Singles;Or;30/10/2020;22/09/2022;1 an 11 mois
KENDJI GIRAC;MA CÂLINA;ISLAND DEF JAM / UNIVERSAL MUSIC FRANCE;Singles;Or;25/11/2016;22/09/2022;5 ans 10 mois
KAZA;HRTBRK #3;ELEKTRA FRANCE / WARNER MUSIC FRANCE;Singles;Or;03/05/2019;22/09/2022;3 ans 5 mois
BOOBA;BB;TALLAC RECORDS / CAPITOL MUSIC FRANCE / UNIVERSAL MUSIC FRANCE;Singles;Diamant;02/10/2018;22/09/2022;4 ans
ZEG P FEAT. HAMZA & SCH;FADE UP;ON DA TRAX / BELIEVE;Singles;Diamant;24/06/2022;22/09/2022;3 mois
S-CREW;SZR2001;SEINE ZOO RECORDS / PANENKA / WAGRAM;Albums;Platine;10/06/2022;22/09/2022;3 mois
KOBA LAD;L' AFFRANCHI;MILLENIUM / CAPITOL MUSIC FRANCE	/ UNIVERSAL MUSIC FRANCE;Albums;Double Platine;19/04/2019;22/09/2022;3 ans 5 mois
ORELSAN;PARADIS;3EME BUREAU / WAGRAM;Singles;Diamant;20/10/2017;22/09/2022;4 ans 11 mois
NINHO;FILON;REC. 118 / MAL LUNE MUSIC / WARNER MUSIC FRANCE;Singles;Diamant;07/03/2020;22/09/2022;2 ans 6 mois
NO LIMIT, ORELSAN, NINHO;MILLIONS;NO LIMIT PROD / EPIC / SONY MUSIC ENTERTAINMENT;Singles;Diamant;18/06/2021;22/09/2022;1 an 3 mois
BILLIE EILISH;WHEN THE PARTY'S OVER;POLYDOR  / UNIVERSAL MUSIC FRANCE;Singles;Diamant;17/10/2018;15/09/2022;3 ans 11 mois
NINHO;VÉRITÉ;REC. 118 / MAL LUNE MUSIC	/ WARNER MUSIC FRANCE;Singles;Diamant;03/12/2021;15/09/2022;9 mois
GUY2BEZBAR;COCO JOJO;BLUE MAGIC CORP	/ SONY MUSIC ENTERTAINMENT;Albums;Or;19/11/2021;15/09/2022;10 mois
FRANCIS CABREL;TROBADOR TOUR;COLUMBIA / SONY MUSIC ENTERTAINMENT;Albums;Or;03/12/2021;15/09/2022;9 mois
BOOBA;AU BOUT DES RÊVES;TALLAC RECORDS / CAPITOL MUSIC FRANCE / UNIVERSAL MUSIC FRANCE;Singles;Or;01/01/2005;15/09/2022;17 ans 11 mois
BEN MAZUÉ;GAFFE AUX AUTRES;COLUMBIA / SONY MUSIC ENTERTAINMENT;Singles;Or;06/11/2020;15/09/2022;1 an 10 mois
ISAAC DELUSION;COULEUR MENTHE À L'EAU;MICROQLIMA / IDOL;Singles;Or;05/04/2018;15/09/2022;4 ans 6 mois
DA UZI;MEXICO;REC. 118 / PARLOPHONE FRANCE / WARNER MUSIC FRANCE;Singles;Or;18/01/2018;15/09/2022;4 ans 8 mois
MISTER V;APOLLO13;HEY PELO RECORDS / MUSICAST / BELIEVE;Singles;Or;19/05/2017;15/09/2022;5 ans 4 mois
JENIFER;NOTRE IDYLLE;SONY MUSIC / TF1 ENTERTAINMENT / SONY MUSIC ENTERTAINMENT;Singles;Or;29/08/2018;15/09/2022;4 ans 1 mois
NEKFEU;JEUX VIDÉO ET DÉBATS;SEINE ZOO RECORDS / UNIVERSAL DIVISION POLYDOR;Singles;Or;21/06/2019;15/09/2022;3 ans 3 mois
KOBA LAD Feat. SDM & Guy2Bezbar;TUE ÇA;MILLENIUM / CAPITOL MUSIC FRANCE	/ UNIVERSAL MUSIC FRANCE;Singles;Or;03/06/2021;15/09/2022;1 an 3 mois
MAÎTRE GIMS;LE PIRE;PLAY TWO / SONY MUSIC ENTERTAINMENT;Singles;Platine;24/08/2018;25/08/2022;4 ans
IMAGINE DRAGONS;NEXT TO ME;INTERSCOPE RECORDS /POLYDOR / UNIVERSAL MUSIC FRANCE;Singles;Platine;18/07/2018;25/08/2022;4 ans 1 mois
DJADJA & DINAZ;EN VRAI;CARRÉ-MUSIC	/ BELIEVE;Singles;Or;17/03/2017;25/08/2022;5 ans 6 mois
VALD;RÉSIDUS;MILLENIUM / CAPITOL MUSIC FRANCE / UNIVERSAL MUSIC FRANCE;Singles;Or;02/02/2018;25/08/2022;4 ans 7 mois
SCH;FOURNAISE;REC. 118	/ WARNER MUSIC FRANCE;Singles;Or;19/03/2021;25/08/2022;1 an 5 mois
SIA FEAT. AMIR;1+1;MONKEY PUZZLE / ATLANTIC/ WEA / WARNER MUSIC FRANCE;Singles;Platine;09/07/2021;25/08/2022;1 an 1 mois
MADONNA VS SICKICK;FROZEN (SICKICK REMIX);WARNER RECORDS	/ WEA / WARNER MUSIC FRANCE;Singles;Or;03/12/2021;25/08/2022;8 mois
SURFACES;SUNDAY BEST;CAPITOL MUSIC FRANCE / UNIVERSAL MUSIC FRANCE;Singles;Platine;06/01/2019;25/08/2022;3 ans 8 mois
NAÂMAN;KARMA;SOULBEATS RECORDS / INTEGRAL PIAS;Singles;Or;30/10/2015;25/08/2022;6 ans 11 mois
MAÎTRE GIMS FEAT. MALUMA;HOLA SEÑORITA;PLAY TWO / SONY MUSIC ENTERTAINMENT;Singles;Diamant;02/05/2019;25/08/2022;3 ans 4 mois
MARK RONSON FEAT. MILEY CYRUS;NOTHING BREAKS LIKE A HEART;COLUMBIA / SONY MUSIC ENTERTAINMENT;Singles;Diamant;18/08/2022;18/08/2022;
MARTIN GARRIX & DUA LIPA;SCARED TO BE LONELY;Epic Amsterdam / SONY MUSIC ENTERTAINMENT;Singles;Diamant;27/01/2017;18/08/2022;5 ans 7 mois
KYGO & SANDRO CAVAZZA;HAPPY NOW;KYGO / SONY MUSIC ENTERTAINMENT;Singles;Or;12/04/2018;18/08/2022;4 ans 4 mois
LIL PEEP & XXXTENTACION;FALLING DOWN;COLUMBIA / SONY MUSIC ENTERTAINMENT;Singles;Platine;19/09/2018;18/08/2022;3 ans 11 mois
NEKFEU;TAKOTSUBO;SEINE ZOO RECORDS / UNIVERSAL DIVISION POLYDOR;Singles;Platine;21/06/2019;18/08/2022;3 ans 2 mois
HARRY STYLES;AS IT WAS;COLUMBIA / SONY MUSIC ENTERTAINMENT;Singles;Diamant;31/03/2022;18/08/2022;4 mois
BOOBA;ATTILA;TALLAC RECORDS / CAPITOL MUSIC FRANCE / UNIVERSAL MUSIC FRANCE;Singles;Or;13/11/2015;11/08/2022;6 ans 10 mois
KOBA LAD;DÉTAIL;MILLENIUM / CAPITOL MUSIC FRANCE / UNIVERSAL MUSIC FRANCE;Albums;Platine;22/10/2020;11/08/2022;1 an 9 mois
AMIR;J'AI CHERCHÉ;WARNER	/ WARNER MUSIC FRANCE;Singles;Diamant;22/01/2016;11/08/2022;6 ans 7 mois
PNL;CHANG;QLF RECORDS / MUSICAST / BELIEVE;Singles;Diamant;03/04/2019;11/08/2022;3 ans 4 mois
ADELE;EASY ON ME;COLUMBIA / SONY MUSIC ENTERTAINMENT;Singles;Diamant;14/10/2021;11/08/2022;10 mois
JUL;C'EST PAS DES LOL;D'OR ET DE PLATINE / BELIEVE;Singles;Platine;10/09/2019;11/08/2022;2 ans 11 mois
JUL;FOLIE;D'OR ET DE PLATINE / BELIEVE;Singles;Platine;27/05/2020;11/08/2022;2 ans 2 mois
SOPRANO;MON PRÉCIEUX;REC. 118 / WARNER MUSIC FRANCE;Singles;Platine;09/01/2017;11/08/2022;5 ans 8 mois
LANDY;AUCUNE LIMITE;109 RECORD / BELIEVE;Singles;Platine;12/06/2020;11/08/2022;2 ans 2 mois
KOBA LAD;FEFE;MILLENIUM / CAPITOL MUSIC FRANCE / UNIVERSAL MUSIC FRANCE;Singles;Or;29/01/2019;11/08/2022;3 ans 7 mois
DINOR RDT FEAT. MISTER V;MASSA;COLUMBIA / SONY MUSIC ENTERTAINMENT;Singles;Or;11/07/2019;11/08/2022;3 ans 1 mois
MACKLEMORE FEAT. KESHA;GOOD OLD DAYS;BENDO LLC / WARNER MUSIC FRANCE;Singles;Or;19/09/2017;11/08/2022;4 ans 11 mois
GRANDSON;BLOOD // WATER;FUELED BY RAMEN / WARNER MUSIC FRANCE;Singles;Or;04/05/2018;11/08/2022;4 ans 4 mois
IKAZ BOI FEAT. DAMSO;SOLITERRIEN;STELLAR 90 UNDER EXCLUSIVE LICENSE ANIMAL 63 / BELIEVE;Singles;Or;27/09/2019;11/08/2022;2 ans 10 mois
OBOY;NO BLATA;SYNDICATE RECORDS / BELIEVE;Singles;Or;19/05/2021;28/07/2022;1 an 2 mois
ROBIN SCHULZ & DENNIS LLOYD;YOUNG RIGHT NOW;WM GERMANY / WEA / WARNER MUSIC FRANCE;Singles;Or;12/11/2021;28/07/2022;8 mois
JUL;JE NE ME VOIS PAS BRILLER;D'OR ET DE PLATINE / BELIEVE;Singles;Platine;17/05/2017;28/07/2022;5 ans 3 mois
YVZMV;"ÉPISODE III - ""LES MAINS LIBRES""";PLAY TWO / BELIEVE;Singles;Platine;19/07/2019;28/07/2022;3 ans
GUIZMO;ATTENDEZ-MOI;Y&W / BECAUSE MUSIC;Singles;Platine;20/05/2016;28/07/2022;6 ans 3 mois
ORELSAN;BONNE MEUF;3EME BUREAU / WAGRAM;Singles;Platine;20/10/2017;28/07/2022;4 ans 10 mois
JUL, SCH;MOTHER FUCK;D'OR ET DE PLATINE / BELIEVE;Singles;Diamant;11/12/2020;21/07/2022;1 an 7 mois
DUNCAN LAURENCE;ARCADE;POLYDOR / UNIVERSAL MUSIC FRANCE;Singles;Diamant;07/03/2019;21/07/2022;3 ans 5 mois
RK;PARDON MAMAN;CAPITOL MUSIC FRANCE / UNIVERSAL MUSIC FRANCE;Singles;Or;16/08/2019;21/07/2022;2 ans 11 mois
LES GORDON;LANTERN (RADIO EDIT);ARISTA FRANCE / SONY MUSIC ENTERTAINMENT;Singles;Or;23/02/2018;21/07/2022;4 ans 5 mois
DINOS;93 MESURES;UNIVERSAL MUSIC DISTRIBUTION DEAL / UNIVERSAL MUSIC FRANCE FRANCE;Singles;Or;26/11/2020;21/07/2022;1 an 8 mois
NEKFEU;HUMANOÏDE;SEINE ZOO RECORDS /UNIVERSAL DIVISION POLYDOR;Singles;Diamant;09/12/2016;21/07/2022;5 ans 8 mois
FREEZE CORLEONE;TÉLÉPHONE;WATI-B  / SONY MUSIC ENTERTAINMENT;Singles;Or;18/05/2021;21/07/2022;1 an 2 mois
LIL TJAY;CALLING MY PHONE;COLUMBIA / SONY MUSIC ENTERTAINMENT;Singles;Or;10/02/2021;21/07/2022;1 an 5 mois
PNL;DÉCONNECTÉ;QLF RECORDS / BELIEVE;Singles;Platine;03/04/2019;21/07/2022;3 ans 4 mois
ALONZO;TOUT VA BIEN;ONLY PRO / SONY MUSIC ENTERTAINMENT;Singles;Diamant;20/05/2022;21/07/2022;2 mois
IMAGINE DRAGONS;ENEMY;INTERSCOPE RECORDS / POLYDOR / UNIVERSAL MUSIC FRANCE;Singles;Diamant;28/10/2021;21/07/2022;8 mois
COLLEGE & ELECTRIC YOUTH;A REAL HERO;VALERIE / BELIEVE;Singles;Or;11/01/2010;21/07/2022;12 ans 8 mois
BOOBA;TRÔNE;TALLAC RECORDS / CAPITOL / UNIVERSAL MUSIC FRANCE;Albums;Diamant;01/12/2017;21/07/2022;4 ans 8 mois
SCH FEAT. NINHO;MAYDAY;REC. 118 / WARNER MUSIC FRANCE;Singles;Diamant;29/11/2019;21/07/2022;2 ans 8 mois
YANNS;CLIC CLIC PAN PAN;PRODIGE MUSIC / BELIEVE;Singles;Diamant;10/12/2021;21/07/2022;7 mois
LIZZO;CUZ I LOVE YOU;WEA / WARNER MUSIC FRANCE;Albums;Or;19/04/2019;21/07/2022;3 ans 3 mois
1PLIKÉ140;ARRÊTEZ-LE ! VOL.2;MILLENIUM / CAPITOL MUSIC FRANCE / UNIVERSAL MUSIC FRANCE;Albums;Or;02/04/2021;21/07/2022;1 an 3 mois
DMNDS FEAT. FALLEN ROSES, LUJAVO & LUNIS;CALABRIA;STRANGE FRUITS / WARNER MUSIC FRANCE;Singles;Platine;17/05/2021;21/07/2022;1 an 2 mois
NAÂMAN;OUTTA ROAD;WAGRAM / IDOL;Singles;Or;10/07/2015;21/07/2022;7 ans 1 mois
INDOCHINE;SINGLES COLLECTION (1981-2001);INDOCHINE RECORDS / SONY MUSIC ENTERTAINMENT;Albums;Double Platine;11/12/2020;14/07/2022;1 an 7 mois
BURNA BOY;ON THE LOW;Bad Habit /Atlantic / WARNER MUSIC FRANCE;Singles;Diamant;16/11/2018;14/07/2022;3 ans 8 mois
LORENZO;RIEN A BRANLER;MFC / ROMANCE MUSIQUE / UNIVERSAL MUSIC FRANCE;Albums;Double Platine;23/02/2018;14/07/2022;4 ans 5 mois
SCH;ANARCHIE;CAPITOL MUSIC FRANCE / UNIVERSAL MUSIC FRANCE;Singles;Platine;20/05/2016;14/07/2022;6 ans 2 mois
P!NK;HURTS 2B HUMAN;RCA GROUP / SONY MUSIC ENTERTAINMENT;Albums;Or;26/04/2019;14/07/2022;3 ans 3 mois
PNL;LA MISÈRE EST SI BELLE;MUSICAST / QLF RECORDS / BELIEVE;Singles;Diamant;03/04/2019;07/07/2022;3 ans 3 mois
JASON DERULO & NUKA /;LOVE NOT WAR (THE TAMPA BEAT);ROBOTS & HUMANS / SONY MUSIC ENTERTAINMENT;Singles;Platine;20/11/2020;30/06/2022;1 an 7 mois
M. POKORA;TOMBÉ;TF1 ENTERTAINMENT / SONY MUSIC ENTERTAINMENT;Singles;Diamant;08/11/2019;30/06/2022;2 ans 8 mois
JEAN-BAPTISTE GUEGAN;RESTER LE MÊME;SMART / SONY MUSIC ENTERTAINMENT;Albums;Platine;18/09/2020;30/06/2022;1 an 9 mois
TIMAL FEAT GAZO;FILTRÉ;ARGENTIC MUSIC / CAPITOL MUSIC FRANCE / UNIVERSAL MUSIC FRANCE;Singles;Diamant;10/02/2022;30/06/2022;4 mois
SCH;ALLO MAMAN;MILLENIUM / CAPITOL MUSIC FRANCE	/ UNIVERSAL MUSIC FRANCE;Singles;Diamant;27/05/2016;30/06/2022;6 ans 2 mois
SCH;R.A.C.;REC. 118 / WARNER MUSIC FRANCE;Singles;Platine;07/11/2019;30/06/2022;2 ans 8 mois
PNL;SHEITA;QLF RECORDS / MUSICAST;Singles;Platine;15/09/2016;30/06/2022;5 ans 10 mois
DRAKE;CERTIFIED LOVER BOY;ISLAND DEF JAM / UNIVERSAL MUSIC FRANCE;Albums;Or;03/09/2021;30/06/2022;10 mois
JACKBOYS, TRAVIS SCOTTT;JACKBOYS;CACTUS JACK / EPIC / SONY MUSIC ENTERTAINMENT;Singles;Or;27/12/2019;30/06/2022;2 ans 6 mois
JACKBOYS, POP SMOKE & TRAVIS SCOTT;GATTI;CACTUS JACK / EPIC/ SONY MUSIC ENTERTAINMENT;Singles;Or;27/12/2019;30/06/2022;2 ans 6 mois
LE CLUB;BELLE;MUSICAST  / BELIEVE;Singles;Or;26/05/2017;30/06/2022;5 ans 2 mois
LAYLOW;MEGATRON;DIGITALMUNDO / SONY MUSIC ENTERTAINMENT;Singles;Or;11/12/2019;30/06/2022;2 ans 7 mois
SIDEPIECE;ON MY MIND;WARNER MUSIC FRANCE;Singles;Or;05/03/2020;30/06/2022;2 ans 4 mois
ROSALÍA;LA FAMA;COLUMBIA / SONY MUSIC ENTERTAINMENT;Singles;Diamant;11/11/2021;30/06/2022;7 mois
HORNET LA FRAPPE FEAT. NINHO;GASOLINA;REC. 118 / DIEZ PEUFRA / WARNER MUSIC FRANCE;Singles;Diamant;27/08/2021;30/06/2022;10 mois
ALONZO;PAPA ALLO;DEF JAM / UNIVERSAL MUSIC FRANCE;Singles;Diamant;24/08/2017;23/06/2022;4 ans 10 mois
LOST FREQUENCIES;WHERE ARE YOU NOW;EPIC AMSTERDAM / SONY MUSIC ENTERTAINMENT;Singles;Diamant;30/07/2021;23/06/2022;10 mois
LIZZO;JUICE;Nice Life / Atlantic / WARNER MUSIC FRANCE;Singles;Platine;04/01/2019;23/06/2022;3 ans 6 mois
GAMBI;LA VIE EST BELLE;REC. 118	/ WARNER MUSIC FRANCE;Albums;Platine;10/07/2020;23/06/2022;1 an 11 mois
SCH;MAC 11;MILLENIUM CAPITOL / UNIVERSAL MUSIC FRANCE;Singles;Platine;04/05/2017;23/06/2022;5 ans 2 mois
COLUMBINE;PIERRE, FEUILLE, PAPIER, CISEAUX;ROMANCE MUSIQUE / UNIVERSAL MUSIC FRANCE;Singles;Diamant;04/08/2017;23/06/2022;4 ans 11 mois
DADJU;POISON OU ANTIDOTE;POLYDOR / UNIVERSAL MUSIC FRANCE;Albums;Diamant;15/11/2019;23/06/2022;2 ans 7 mois
ZARA LARSSON;AIN'T MY FAULT;EPIC / RECORD COMPANY TEN / SONY MUSIC ENTERTAINMENT;Singles;Or;02/09/2016;23/06/2022;5 ans 10 mois
FOUSHEÉ;DEEP END;NOT SPECIFIED / SONY MUSIC ENTERTAINMENT;Singles;Or;31/07/2020;23/06/2022;1 an 11 mois
AYA NAKAMURA;SOLDAT;REC. 118	/ WARNER MUSIC FRANCE;Singles;Platine;25/10/2019;23/06/2022;2 ans 8 mois
ORELSAN;LA QUÊTE;3ÈME BUREAU / WAGRAM MUSIC;Singles;Diamant;19/11/2021;23/06/2022;7 mois
PLK;ÉMOTIF (BOOSKA 1H);PANENKA MUSIC / WAGRAM;Singles;Diamant;01/02/2019;23/06/2022;3 ans 5 mois
IKAZ BOI & TIAKOLA;BALLE DANS LE COEUR;STELLAR 90 / SONY MUSIC ENTERTAINMENT;Singles;Or;29/09/2023;20/06/2022;1 an 3 mois
NEKFEU FEAT. NEPAL;ESQUIMAUX;SEINE ZOO RECORDS / UNIVERSAL DIVISION POLYDOR;Singles;Platine;01/12/2016;16/06/2022;5 ans 7 mois
GAYLE;ABCDEFU;ATLANTIC/ARTHOUSE RECORDS / WEA / WARNER MUSIC FRANCE;Singles;Diamant;13/08/2021;02/06/2022;9 mois
DADJU & ANITTA;MON SOLEIL;POLYDOR / UNIVERSAL MUSIC FRANCE;Singles;Diamant;02/06/2021;02/06/2022;1 an
DOJA CAT;WOMAN;KEMOSABE RECORDS / RCA RECORDS / SONY MUSIC ENTERTAINMENT;Singles;Diamant;24/06/2021;02/06/2022;11 mois
DJ KAYZ FEAT. WASSILA & SCRIDGE;JOUR J;Tamlis Music / ISLAND DEF JAM / BENDO /  UNIVERSAL MUSIC FRANCE;Singles;Platine;03/03/2018;02/06/2022;4 ans 3 mois
BOLÉMVN;ÇA CANARDE;MILLENIUM / CAPITOL / UNIVERSAL MUSIC FRANCE;Singles;Platine;09/07/2021;02/06/2022;10 mois
ARTHUR H	AMOUR CHIEN FOU;AMOUR CHIEN FOU;ALLPOINTS / BELIEVE;Albums;Or;19/01/2018;26/05/2022;4 ans 4 mois
J BALVIN;AMARILLO;ISLAND DEF JAM / UNIVERSAL MUSIC FRANCE;Singles;Or;19/03/2020;26/05/2022;2 ans 2 mois
SLIMANE;ADIEU;CAPITOL MUSIC FRANCE / UNIVERSAL MUSIC FRANCE;Singles;Or;08/07/2016;26/05/2022;5 ans 11 mois
CHILLA;SI J'ÉTAIS UN HOMME;MILLENIUM / CAPITOL MUSIC FRANCE	/ UNIVERSAL MUSIC FRANCE;Singles;Or;17/02/2022;26/05/2022;3 mois
RIM'K;FANTÔME;FRENESIK	/ VIRGIN RECORDS FRANCE / UNIVERSAL MUSIC FRANCE;Singles;Or;03/03/2017;26/05/2022;5 ans 3 mois
DJ KHALED;POPSTAR;OVO/WE THE BEST/EPIC	SONY MUSIC ENTERTAINMENT;Singles;Or;15/07/2020;26/05/2022;1 an 10 mois
DAMSO;EXUTOIRE;CAPITOL MUSIC FRANCE / UNIVERSAL MUSIC FRANCE;Singles;Or;08/07/2016;26/05/2022;5 ans 11 mois
WEJDENE;16;VIRGIN RECORDS FRANCE / UNIVERSAL MUSIC FRANCE;Singles;Or;25/09/2020;26/05/2022;1 an 8 mois
NIRO;MERCO BENZ;UNIVERSAL MUSIC DIVISION CAPITOL MUSIC FRANCE;Singles;Or;27/05/2016;26/05/2022;6 ans 1 mois
LETO;MOZART CAPITAINE JACKSON (EPISODE 2);REC. 118 / WARNER MUSIC FRANCE;Singles;Or;11/08/2021;26/05/2022;9 mois
OBOY;LOUIS V;SYNDICATE RECORDS / BELIEVE;Singles;Or;08/09/2021;26/05/2022;8 mois
ORELSAN;BÉBÉBOA;3EME BUREAU	/ WAGRAM;Singles;Or;19/11/2021;26/05/2022;6 mois
BERNARD LAVILLIERS;SOUS UN SOLEIL ÉNORME – VERSION COLLECTOR – EDITION LIMITÉE;ROMANCE MUSIQUE / UNIVERSAL MUSIC FRANCE;Albums;Platine;12/11/2021;26/05/2022;6 mois
MEDUZA FEAT. GOODBOYS;PIECE OF YOUR HEART;ISLAND DEF JAM / UNIVERSAL MUSIC FRANCE;Singles;Diamant;01/02/2019;26/05/2022;3 ans 4 mois
VITAA;J4M;PLAY TWO / BELIEVE;Albums;Double Platine;05/05/2017;26/05/2022;5 ans 1 mois
MISTER V FEAT. JUL;PIRELLI;Hey Pelo / BELIEVE;Singles;Platine;31/01/2020;26/05/2022;2 ans 4 mois
KEBLACK;COMPLÈTEMENT SONNÉ;MUKONGO BUSINESS / BELIEVE;Singles;Diamant;13/04/2018;26/05/2022;4 ans 2 mois
DJADJA & DINAZ;C'EST LA MÊME;CARRE-MUSIC / MUSICAST / Believe;Singles;Platine;10/03/2017;26/05/2022;5 ans 3 mois
AYA NAKAMURA FEAT. NISKA;SUCETTE;Rec. 118 / WARNER MUSIC FRANCE;Singles;Diamant;02/11/2018;26/05/2022;3 ans 7 mois
PNL;LE MONDE CHICO;QLF RECORDS / BELIEVE;Albums;Diamant;30/10/2015;19/05/2022;6 ans 7 mois
KEEN' V;PETITE EMILIE;WARNER MUSIC FRANCE;Singles;Or;17/03/2014;19/05/2022;8 ans 3 mois
JUL;JE NE ME VOIS PAS BRILLER;D'OR ET DE PLATINE / BELIEVE;Albums;Triple Platine;30/06/2017;19/05/2022;4 ans 11 mois
T2R;LOKA 4;JUSTON / WAGRAM;Singles;Or;03/05/2019;19/05/2022;3 ans 1 mois
THE CHAINSMOKERS & ILLENIUM;TAKEAWAY (FEAT. LENNON STELLA);DISRUPTOR RECORDS/COLUMBIA / SONY MUSIC ENTERTAINMENT;Singles;Or;24/07/2019;19/05/2022;2 ans 10 mois
LOMEPAL;TOUT LÂCHER;PINÉALE / IDOL;Singles;Or;11/05/2018;19/05/2022;4 ans
ED SHEERAN;SHIVERS;WEA / ATLANTIC RECORDS UK / WARNER MUSIC FRANCE;Singles;Diamant;10/09/2021;05/05/2022;7 mois
EVA FEAT. KEBLACK & NAZA;KITOKO;ALDAM PRODUCTION / MCA / UNIVERSAL MUSIC FRANCE;Singles;Platine;29/11/2019;05/05/2022;2 ans 5 mois
HIRO FEAT. NINHO;A DÉCOUVERT;URBAN / PIAS FRANCE;Singles;Diamant;19/04/2019;05/05/2022;3 ans 1 mois
13 ORGANISÉ;13 ORGANISÉ;Rien 100 Rien	/ BELIEVE;Albums;Double Platine;09/10/2020;05/05/2022;1 an 7 mois
POLO & PAN;ANI KUNI;EKLER'O'SHOCK / VIRGIN RECORDS FRANCE / UNIVERSAL MUSIC FRANCE;Singles;Diamant;07/05/2021;05/05/2022;1 an
GLK FEAT. NINHO;MAUVAIS;50k Editions / BELIEVE;Singles;Platine;30/11/2018;05/05/2022;3 ans 5 mois
NEKFEU;CHEUM;SEINE ZOO RECORDS / UNIVERSAL DIVISION POLYDOR;Singles;Diamant;07/06/2019;05/05/2022;2 ans 11 mois
HATIK;MER;PLAY TWO / BELIEVE;Singles;Or;12/02/2021;28/04/2022;1 an 2 mois
EDDY DE PRETTO;BATEAUX-MOUCHES;ROMANCE MUSIQUE / UNIVERSAL MUSIC FRANCE;Singles;Or;06/01/2021;28/04/2022;1 an 3 mois
POWFU FEAT. BEABADOOBEE;DEATH BED;COLUMBIA / SONY MUSIC ENTERTAINMENT;Singles;Diamant;08/02/2020;28/04/2022;2 ans 3 mois
RIDSA;PORTO RICO;WLAB / WAGRAM;Singles;Or;07/10/2016;28/04/2022;5 ans 7 mois
ENRIQUE IGLESIAS;SUBEME LA RADIO (SALSA REMIX);RCA RECORDS  / SONY MUSIC  LATIN / SONY MUSIC ENTERTAINMENT;Singles;Diamant;24/02/2017;28/04/2022;5 ans 2 mois
MÅNESKIN;BEGGIN';RCA RECORDS LABEL / SONY MUSIC ENTERTAINMENT;Singles;Diamant;08/12/2017;28/04/2022;4 ans 5 mois
TIMAL;LA 13;ELEKTRA FRANCE / WARNER MUSIC FRANCE;Singles;Or;28/02/2020;28/04/2022;2 ans 2 mois
YOUNG THUG;GO CRAZY;CHRIS BROWN ENTERTAINMENT / 300 ENTERTAINMENT / RCA RECORDS / SONY MUSIC ENTERTAINMENT;Singles;Or;04/05/2020;28/04/2022;2 ans
COLDPLAY;MUSIC OF THE SPHERES;PARLOPHONE / WARNER MUSIC FRANCE;Albums;Platine;15/10/2021;28/04/2022;6 mois
RITON;FRIDAY;MINISTRY OF SOUND RECORDINGS / SONY MUSIC ENTERTAINMENT;Singles;Diamant;15/01/2021;28/04/2022;1 an 3 mois
KENDJI GIRAC;MI VIDA;ISLAND DEF JAM / UNIVERSAL MUSIC FRANCE;Albums;Triple Platine;08/10/2020;28/04/2022;1 an 6 mois
DAMSO;Σ. MOROSE;TRENTE-QUATRE CENTIMES / UNIVERSAL MUSIC FRANCE;Singles;Diamant;28/04/2021;28/04/2022;1 an
KALASH CRIMINEL;OYOKI;CAPITOL / UNIVERSAL MUSIC FRANCE;Albums;Platine;19/05/2017;28/04/2022;5 ans
JP COOPER;SEPTEMBER SONG;VIRGIN RECORDS FRANCE / UNIVERSAL MUSIC FRANCE;Singles;Platine;16/09/2016;28/04/2022;5 ans 8 mois
ARIANA GRANDE;SWEETENER;UNIVERSAL MUSIC / ISLAND DEF JAM	/ UNIVERSAL MUSIC FRANCE;Albums;Platine;17/08/2018;21/04/2022;3 ans 8 mois
HEUSS + VALD;HORIZON VERTICAL;150 PROD / BELIEVE;Albums;Or;18/12/2020;21/04/2022;1 an 4 mois
TIMAL;DANS LA VILLE;ELEKTRA FRANCE / WARNER MUSIC FRANCE;Singles;Or;13/04/2018;21/04/2022;4 ans
NAPS;VOVO;ALLPOINTS / BELIEVE;Singles;Or;28/06/2019;21/04/2022;2 ans 10 mois
KYGO & DONNA SUMMER;HOT STUFF;RCA RECORDS LABEL / SONY MUSIC ENTERTAINMENT;Singles;Or;18/09/2020;21/04/2022;1 an 7 mois
TAYC;D O D O;PLAY TWO / BELIEVE;Singles;Platine;19/11/2021;21/04/2022;5 mois
LOGOBI GT FEAT BB MODEL;ELLE DANSE SEXY;WAGRAM;Singles;Or;11/10/2010;21/04/2022;11 ans 8 mois
DAMSO;D. DIEU NE MENT JAMAIS;92i/Capitol / UNIVERSAL MUSIC FRANCE;Singles;Diamant;27/04/2017;21/04/2022;5 ans
ORELSAN;RÊVE MIEUX;3EME BUREAU /  WAGRAM;Singles;Or;19/11/2021;21/04/2022;5 mois
JUL;TOTO ET NINETTA;D'OR ET DE PLATINE / BELIEVE;Singles;Diamant;29/06/2018;31/03/2022;3 ans 9 mois
KOBA LAD;COFFRE PLEIN;MILLENIUM / UNIVERSAL MUSIC FRANCE;Singles;Diamant;22/10/2020;31/03/2022;1 an 5 mois
RK;SOS;CAPITOL MUSIC FRANCE / LES RESCAPES / UNIVERSAL MUSIC FRANCE;Singles;Or;28/05/2020;31/03/2022;1 an 10 mois
DAMSO;ROSE MARTHE'S LOVE;TRENTE-QUATRE CENTIMES / UNIVERSAL MUSIC FRANCE;Singles;Or;17/09/2020;31/03/2022;1 an 6 mois
SUZANE;TOÏ TOÏ;WAGRAM / 3EME BUREAU / 3EME BUREAU;Albums;Or;24/01/2020;31/03/2022;2 ans 2 mois
LANDY;BAD BOY;BELIEVE / BELIEVE / 109 RECORD;Single;Or;04/10/2019;31/03/2022;2 ans 6 mois
PNL;CELSIUS;MUSICAST / QLF RECORDS / BELIEVE;Singles;Platine;03/04/2019;31/03/2022;3 ans
NAZA;SOURIS VERTE;BELIEVE / BELIEVE / CAPRICAROLESQUE;Single;Or;27/01/2020;31/03/2022;2 ans 2 mois
FLORENT PAGNY;L'AVENIR;CAPITOL MUSIC FRANCE / UNIVERSAL MUSIC FRANCE;Albums;Platine;17/09/2021;25/03/2022;6 mois
ELSA ESNOULT;5;JLA /  PRODUCTIONS / WAGRAM;Albums;Or;19/02/2021;25/03/2022;1 an 1 mois
FRANGLISH FEAT AYA NAKAMURA;SANS MOI;CAPITOL MUSIC FRANCE / UNIVERSAL MUSIC FRANCE;Singles;Or;09/07/2021;25/03/2022;8 mois
JUSTIN BIEBER;PEACHES;ISLAND DEF JAM / UNIVERSAL MUSIC;Singles;Diamant;19/03/2021;25/03/2022;1 an
NINHO;VVS;REC. 118 / MAL LUNE MUSIC	/ WARNER MUSIC FRANCE;Singles;Diamant;03/12/2021;25/03/2022;3 mois
KEBLACK;PREMIER ETAGE;MUSICAST / MUKONGO BUSINESS / BELIEVE;Albums;Platine;27/01/2017;24/03/2022;5 ans 2 mois
DA UZI;SOIREES DES CITES;WARNER MUSIC FRANCE / REC118 / REC. 118;Single;Or;03/04/2020;24/03/2022;2 ans
13 ORGANISÉ;JE SUIS MARSEILLE;BELIEVE / BELIEVE / RIEN 100 RIEN;Single;Or;09/10/2020;24/03/2022;1 an 5 mois
ANNE-MARIE;2002;WARNER MUSIC FRANCE / WARNER / ATLANTIC RECORDS UK;Single;Or;20/04/2018;17/03/2022;3 ans 11 mois
ANGÈLE;NOMBREUX;ROMANCE MUSIQUE / ANGELE VL RECORDS / UNIVERSAL MUSIC FRANCE;Singles;Platine;05/10/2018;17/03/2022;3 ans 5 mois
NINHO;COMME PREVU;REC. 118 / MAL LUNE MUSIC / WARNER MUSIC FRANCE;Albums;Diamant;08/09/2017;17/03/2022;4 ans 7 mois
JUBËL;DANCING IN THE MOONLIGHT (FEAT. NEIMY);WARNER MUSIC FRANCE / WARNER / GOOD SOLDIER;Single;Or;03/08/2020;17/03/2022;1 an 7 mois
ROSALÍA;YO X TI, TU X MI;SONY MUSIC ENTERTAINMENT / SONY MUSIC ENTERTAINMENT / COLUMBIA;Single;Or;15/08/2019;17/03/2022;2 ans 7 mois
OZUNA;TE ROBARÉ;SONY MUSIC ENTERTAINMENT / SONY MUSIC ENTERTAINMENT / SONY MUSIC LATIN;Single;Or;24/03/2019;17/03/2022;3 ans
MULTI INTERPRÈTES;ALANE;LABEL PANTHEON / UMSM / UNIVERSAL MUSIC FRANCE;Singles;Or;30/10/2020;17/03/2022;1 an 4 mois
DRAKE & MICHAEL JACKSON;DON’T MATTER TO ME;REPUBLIC RECORDS / UNIVERSAL MUSIC FRANCE;Singles;Or;29/06/2018;17/03/2022;3 ans 9 mois
NEKFEU;DERNIER SOUPIR;SEINE ZOO RECORDS / POLYDOR / UNIVERSAL MUSIC FRANCE;Singles;Or;21/06/2019;17/03/2022;2 ans 9 mois
POUPIE;FEUX;ISLAND DEF JAM / UNIVERSAL MUSIC FRANCE;Singles;Or;20/10/2020;17/03/2022;1 an 5 mois
JOHNNY HALLYDAY;DIEGO, LIBRE DANS SA TÊTE;LABEL PANTHEON / MERCURY RECORDS / UNIVERSAL MUSIC FRANCE;Singles;Or;11/12/2020;17/03/2022;1 an 3 mois
KAZA;HEARTBREAK LIFE;ELEKTRA FRANCE / WARNER MUSIC FRANCE;Albums;Platine;06/03/2020;17/03/2022;2 ans
PNL;ZOULOU TCHAING;MUSICAST / QLF RECORDS / BELIEVE;Singles;Diamant;03/04/2019;17/03/2022;2 ans 11 mois
PLK;CHANDON ET MOËT;PANENKA MUSIC / WAGRAM;Singles;Platine;28/08/2020;17/03/2022;1 an 6 mois
DAMSO;KIETU;CAPITOL MUSIC FRANCE / UNIVERSAL MUSIC FRANCE;Singles;Diamant;28/04/2017;24/02/2022;4 ans 10 mois
SOUF;ÇA C'EST FAIT;POLYDOR / UNIVERSAL MUSIC FRANCE;Singles;Or;25/04/2019;24/02/2022;2 ans 10 mois
ANNA;BANDO;POLYDOR / UNIVERSAL MUSIC FRANCE;Singles;Or;30/01/2020;24/02/2022;2 ans 1 mois
PNL;SIBÉRIE;BELIEVE / BELIEVE / QLF RECORDS;Single;Or;05/07/2019;24/02/2022;2 ans 8 mois
DAMSO;911;TRENTE-QUATRE CENTIMES / UNIVERSAL MUSIC FRANCE;Singles;Diamant;17/09/2020;24/02/2022;1 an 5 mois
SOUF;ÇA C'EST FAIT;UNIVERSAL MUSIC FRANCE / POLYDOR / POLYDOR;Single;Or;25/04/2019;24/02/2022;2 ans 10 mois
ICO;DÉDICACE;BELIEVE / BELIEVE / SQUAMOUR;Single;Or;22/11/2019;24/02/2022;2 ans 3 mois
ANNA;BANDO;UNIVERSAL MUSIC FRANCE / POLYDOR / POLYDOR;Single;Or;30/01/2020;24/02/2022;2 ans 1 mois
LEFA;FAME;2L MUSIC / SONY MUSIC FRANCE;Albums;Platine;18/10/2019;24/02/2022;2 ans 4 mois
JUL;PIC ET PIC, ALCOOL ET DRAME;D'OR ET DE PLATINE / BELIEVE;Singles;Diamant;25/06/2021;24/02/2022;8 mois
THE BLAZE;DANCEHALL;BELIEVE / BELIEVE / ANIMAL 63;Albums;Or;07/09/2018;24/02/2022;3 ans 6 mois
IRON MAIDEN;SENJUTSU;PARLOPHONE	/ WEA / WARNER MUSIC FRANCE;Albums;Or;03/09/2021;24/02/2022;5 mois
BOOBA;DERNIÈRE FOIS;TALLAC RECORDS / CAPITOL MUSIC FRANCE / UNIVERSAL MUSIC FRANCE;Singles;Or;04/03/2021;24/02/2022;11 mois
ANGELCY	/;LAISSER FAIRE;PLAY TWO / BELIEVE;Singles;Or;07/05/2021;24/02/2022;9 mois
SOPRANO;PRÈS DES ÉTOILES;REC. 118 / WARNER MUSIC FRANCE;Singles;Or;24/03/2021;24/02/2022;11 mois
TWOCOLORS;LOVEFOOL;UNIVERSAL MUSIC FRANCE / POLYDOR / POLYDOR;Single;Platine;07/05/2020;17/02/2022;1 an 9 mois
CLEAN BANDIT;I MISS YOU (FEAT. JULIA MICHAELS);ATLANTIC RECORDS UK / WARNER MUSIC FRANCE;Singles;Platine;27/10/2017;17/02/2022;4 ans 4 mois
NEKFEU;ROUGE À LÈVRES;UNIVERSAL MUSIC FRANCE / POLYDOR / SEINE ZOO;Single;Or;21/06/2019;17/02/2022;2 ans 8 mois
DEAN LEWIS;WAVES;UNIVERSAL MUSIC FRANCE / ISLAND DEF JAM / UNIVERSAL MUSIC;Single;Or;06/10/2016;17/02/2022;5 ans 5 mois
DEAN LEWIS;WAVES;ISLAND DEF JAM / UNIVERSAL MUSIC FRANCE;Singles;Or;06/10/2016;17/02/2022;5 ans 5 mois
RK;QUI JE SUIS;3.5.7 MUSIC / CAPITOL MUSIC FRANCE	/ UNIVERSAL MUSIC FRANCE;Singles;Or;13/09/2018;17/02/2022;3 ans 5 mois
NEKFEU feat. BJ The Chicago Kid;ROUGE À LÈVRES;SEINE ZOO  / POLYDOR / UNIVERSAL MUSIC FRANCE;Singles;Or;21/06/2019;17/02/2022;2 ans 8 mois
NISKA;VRAI;MILLENIUM  / CAPITOL MUSIC FRANCE / UNIVERSAL MUSIC FRANCE;Singles;Or;05/09/2019;17/02/2022;2 ans 5 mois
NISKA;VRAI;UNIVERSAL MUSIC FRANCE / CAPITOL MUSIC FRANCE / MILLENIUM;Single;Or;05/09/2019;17/02/2022;2 ans 5 mois
RK;QUI JE SUIS;UNIVERSAL MUSIC FRANCE / CAPITOL MUSIC FRANCE / 3.5.7 MUSIC;Single;Or;13/09/2018;17/02/2022;3 ans 5 mois
SOSO MANESS;ZODIAQUE;SONY MUSIC ENTERTAINMENT / SONY MUSIC ENTERTAINMENT / RCA GROUP;Single;Or;03/04/2020;17/02/2022;1 an 10 mois
LOMEPAL;SUR LE SOL;IDOL / IDOL / PINEALE PROD - GRAND MUSIQUE MANAGEMENT;Single;Or;30/06/2017;17/02/2022;4 ans 8 mois
NINHO;JEFE;REC. 118 / MAL LUNE MUSIC	/ WARNER MUSIC FRANCE;Singles;Diamant;03/12/2021;10/02/2022;2 mois
PLK;POURTANT;WAGRAM / PANENKA MUSIC / PANENKA MUSIC;Single;Or;28/08/2020;10/02/2022;1 an 5 mois
KODAK BLACK;WAKE UP IN THE SKY;WARNER MUSIC FRANCE / WARNER / GUWOP ENTERPRISES/ATLANTIC;Single;Or;14/09/2018;10/02/2022;3 ans 5 mois
NISKA;HASTA LUEGO;UNIVERSAL MUSIC FRANCE / CAPITOL MUSIC FRANCE / MILLENIUM;Single;Or;05/09/2019;27/01/2022;2 ans 5 mois
ISK;LE BILLET;VIRGIN RECORDS FRANCE / UNIVERSAL MUSIC FRANCE;Singles;Or;28/06/2021;27/01/2022;7 mois
SOFIANE;ATTRAPE-MOI SI TU PEUX;CAPITOL MUSIC FRANCE / UNIVERSAL MUSIC FRANCE;Singles;Or;13/05/2021;27/01/2022;8 mois
KUNGS;NEVER GOING HOME;ISLAND DEF JAM / UNIVERSAL MUSIC FRANCE;Singles;Diamant;21/05/2021;27/01/2022;8 mois
LIL NAS X;INDUSTRY BABY;COLUMBIA / SONY MUSIC ENTERTAINMENT;Singles;Diamant;23/07/2021;27/01/2022;6 mois
FARRUKO;PEPAS;RCA / SONY MUSIC ENTERTAINMENT;Singles;Diamant;24/06/2021;27/01/2022;7 mois
HORNET LA FRAPPE;DANS LES YEUX;REC. 118 / WARNER MUSIC FRANCE;Albums;Platine;21/09/2018;20/01/2022;3 ans 4 mois
VIANNEY;LE FILS À PAPA;TÔT OU TARD / WAGRAM;Singles;Or;31/10/2016;20/01/2022;5 ans 3 mois
SHAY;ICH LIEBE DICH;UNIVERSAL MUSIC FRANCE / CAPITOL MUSIC FRANCE / MILLENIUM;Single;Or;09/05/2019;20/01/2022;2 ans 8 mois
LIL NAS X;RODEO;SONY MUSIC ENTERTAINMENT / COLUMBIA / COLUMBIA;Single;Or;21/06/2019;20/01/2022;2 ans 7 mois
JUL;ASSASSINAT;D'OR ET DE PLATINE / BELIEVE;Singles;Or;25/06/2021;20/01/2022;6 mois
SHAY;ICH LIEBE DICH;MILLENIUM / CAPITOL MUSIC FRANCE / UNIVERSAL MUSIC FRANCE;Singles;Or;09/05/2019;20/01/2022;2 ans 8 mois
JOSMAN;J'AIME BIEN!;CHOKE INDUSTRY / IDOL;Singles;Diamant;14/09/2018;20/01/2022;3 ans 4 mois
BTS;LOVE YOURSELF : 'TEAR';UNIVERSAL MUSIC FRANCE / POLYDOR / POLYDOR;Albums;Or;18/05/2018;20/01/2022;3 ans 8 mois
STING;RESTE;PLAY TWO / SONY MUSIC ENTERTAINMENT;Singles;Diamant;26/04/2019;20/01/2022;2 ans 9 mois
VIANNEY;LE FILS À PAPA - SINGLE;WAGRAM / WAGRAM / TÔT OU TARD;Single;Or;31/10/2016;20/01/2022;5 ans 3 mois
DIVERS;NRJ MUSIC AWARDS 2021;WARNER SPECIAL MARKETING / WARNER MUSIC FRANCE;Albums;Or;05/11/2021;13/01/2022;2 mois
BOOBA;KAYNA;TALLAC RECORDS / CAPITOL MUSIC FRANCE / UNIVERSAL MUSIC FRANCE;Singles;Or;06/05/2021;13/01/2022;8 mois
BOSH;SLIDE;SONY MUSIC ENTERTAINMENT / SONY MUSIC ENTERTAINMENT / ARISTA FRANCE;Single;Platine;23/10/2020;13/01/2022;1 an 2 mois
LORENZO;NIQUE LA BAC;ROMANCE MUSIQUE / MFC / UNIVERSAL MUSIC FRANCE;Singles;Platine;23/08/2019;13/01/2022;2 ans 5 mois
KIMBEROSE;BACK ON MY FEET;BELIEVE / BELIEVE / LABEL 6&7;Single;Or;24/09/2020;13/01/2022;1 an 3 mois
DJADJA & DINAZ;J’SUIS KHA;BELIEVE / BELIEVE / CARRÉ-MUSIC;Single;Or;17/03/2017;13/01/2022;4 ans 10 mois
EVA;CŒUR NOIR;UNIVERSAL MUSIC FRANCE / MCA / ALDAM PRODUCTION;Single;Diamant;03/12/2020;06/01/2022;1 an 1 mois
SHAKIRA;DON'T WAIT UP;RCA / SONY MUSIC ENTERTAINMENT;Singles;Or;16/07/2021;06/01/2022;5 mois
TAYC;DIS MOI COMMENT;PLAY TWO / BELIEVE;Singles;Or;09/07/2021;06/01/2022;6 mois
EVA;CŒUR NOIR;ALDAM PRODUCTION  /MCA	/UNIVERSAL MUSIC FRANCE;Singles;Diamant;03/12/2020;06/01/2022;1 an 1 mois
BEYONCÉ;ALREADY;SONY MUSIC ENTERTAINMENT / SONY MUSIC ENTERTAINMENT / PARKWOOD ENTERTAINMENT/COLUMBIA;Single;Or;19/07/2019;06/01/2022;2 ans 6 mois
RAMZ;BARKING;UNIVERSAL MUSIC FRANCE / VIRGIN RECORDS FRANCE / UNIVERSAL MUSIC;Single;Or;30/11/2017;06/01/2022;4 ans 1 mois
RAMZ;BARKING;VIRGIN RECORDS FRANCE / UNIVERSAL MUSIC FRANCE;Singles;Or;30/11/2017;06/01/2022;4 ans 1 mois
AYA NAKAMURA;OUMOU SANGARÉ;WARNER MUSIC FRANCE / WARNER / REC. 118;Single;Or;19/06/2017;06/01/2022;4 ans 7 mois
JUL;LA PHARMACIE;BELIEVE / BELIEVE / D'OR ET DE PLATINE;Single;Or;18/12/2020;16/12/2021;1 an
LOUANE;LOUANE;ISLAND DEF JAM / UNIVERSAL MUSIC FRANCE;Albums;Diamant;10/11/2017;16/12/2021;4 ans 1 mois
CHRISTOPHE MAÉ;LES GENS;WARNER MUSIC FRANCE / WARNER / PARLOPHONE (FRANCE);Single;Or;04/09/2019;16/12/2021;2 ans 3 mois
BERNARD LAVILLIERS;SOUS UN SOLEIL ÉNORME;ROMANCE MUSIQUE / UNIVERSAL MUSIC FRANCE;Albums;Or;12/11/2021;16/12/2021;1 mois
HAMZA;SANTA SAUCE 2;REC. 118 / JUST WOKE UP / WARNER MUSIC FRANCE;Albums;Or;19/12/2019;16/12/2021;2 ans
MAÎTRE GIMS;TU NE LE VOIS PAS;PLAY TWO / SONY MUSIC ENTERTAINMENT;Singles;Platine;23/03/2018;16/12/2021;3 ans 9 mois
THE BLACK EYED PEAS;DON’T STOP THE PARTY;INTERSCOPE RECORDS	/ POLYDOR / UNIVERSAL MUSIC FRANCE;Singles;Platine;29/11/2010;16/12/2021;11 ans 2 mois
BENAB, MAES;RUDE;BELIEVE / BELIEVE / DRACARYS MUSIC;Single;Or;08/03/2019;16/12/2021;2 ans 9 mois
KORE & NINHO;MON POTO (EXTRAIT DE LA BO DE « EN PASSANT PÉCHO »);SONY MUSIC ENTERTAINMENT / RCA GROUP / AWA/RCA;Single;Diamant;12/03/2021;09/12/2021;9 mois
LES ENFOIRÉS;A CÔTÉ DE TOI;SONY MUSIC ENTERTAINMENT / SONY MUSIC ENTERTAINMENT / SONY MUSIC/RESTOS DU COEUR;Single;Or;13/01/2020;09/12/2021;1 an 11 mois
BOOBA;ULTRA;TALLAC RECORDS / CAPITOL MUSIC FRANCE / UNIVERSAL MUSIC FRANCE;Singles;Or;04/03/2021;09/12/2021;9 mois
KORE & NINHO;MON POTO;AWA/ RCA / SONY MUSIC ENTERTAINMENT;Singles;Diamant;12/03/2021;09/12/2021;9 mois
THE ROLLING STONES;LIVING IN A GHOST TOWN;UNIVERSAL MUSIC FRANCE / VIRGIN RECORDS FRANCE / UNIVERSAL MUSIC;Single;Or;23/04/2020;09/12/2021;1 an 7 mois
JOHNNY HALLYDAY;BERCY 2003;UNIVERSAL MUSIC FRANCE / LABEL PANTHEON / MERCURY RECORDS;Albums;Or;31/03/2016;09/12/2021;5 ans 9 mois
ED SHEERAN;BAD HABITS;ATLANTIC RECORDS / WEA / WARNER MUSIC FRANCE;Singles;Diamant;25/06/2021;09/12/2021;5 mois
SIA;UNSTOPPABLE;MONKEY PUZZLE RECORDS / RCA RECORDS / SONY MUSIC ENTERTAINMENT;Singles;Diamant;21/01/2016;02/12/2021;5 ans 11 mois
MALUMA;CORAZÓN;SONY MUSIC ENTERTAINMENT / SONY MUSIC ENTERTAINMENT / SONY MUSIC LATIN;Single;Or;03/11/2017;02/12/2021;4 ans 1 mois
POP SMOKE;DIOR;ISLAND DEF JAM / UNIVERSAL MUSIC FRANCE;Singles;Diamant;26/07/2019;02/12/2021;2 ans 4 mois
A$AP FERG;PLAIN JANE;SONY MUSIC ENTERTAINMENT / SONY MUSIC ENTERTAINMENT / A$AP WORLDWIDE/POLO GROUNDS MUSIC/RCA RECORDS;Single;Or;04/08/2017;02/12/2021;4 ans 4 mois
NAPS;A L'INSTINCT;OK MANY INDUSTRIE / 13ÈME ART MUSIC / BELIEVE;Albums;Double Platine;09/03/2018;02/12/2021;3 ans 9 mois
TSEW THE KID;DIAVOLANA;PANENKA MUSIC / WAGRAM;Albums;Or;13/11/2019;02/12/2021;2 ans 1 mois
LE CLASSICO ORGANISÉ;LOI DE LA CALLE;RIEN 100 RIEN	 / BELIEVE;Singles;Or;22/10/2021;02/12/2021;1 mois
LOUANE;JOIE DE VIVRE;ISLAND DEF JAM / UNIVERSAL MUSIC FRANCE;Albums;Platine;23/10/2020;02/12/2021;1 an 1 mois
BIGFLO & OLI;PROMESSES;UNIVERSAL MUSIC FRANCE / POLYDOR / POLYDOR;Single;Or;18/07/2019;02/12/2021;2 ans 4 mois
VIANNEY;N'ATTENDONS PAS;TOT OU TARD / BELIEVE;Albums;Triple Platine;30/10/2020;02/12/2021;1 an 1 mois
AMEL BENT;37653;UNIVERSAL MUSIC FRANCE / CAPITOL MUSIC FRANCE / VVS ONE /INDIFFERENCE /CAPITOL;Single;Diamant;29/10/2020;02/12/2021;1 an 1 mois
MICKAEL MIRO;L'HORLOGE TOURNE;UMSM / POLYDOR / UNIVERSAL MUSIC FRANCE;Singles;Platine;30/07/2010;02/12/2021;11 ans 6 mois
TAYC;NYXIA. TOME III;H24	/ ISLAND DEF JAM / BENDO / UNIVERSAL MUSIC FRANCE;Albums;Platine;13/12/2019;02/12/2021;2 ans
DAMSO;SMOG;CAPITOL	/ UNIVERSAL MUSIC FRANCE;Singles;Diamant;14/06/2018;01/12/2021;3 ans 6 mois
RILÈS;THANK GOD;CAPITOL MUSIC FRANCE / UNIVERSAL MUSIC FRANCE;Singles;Diamant;14/06/2019;25/11/2021;2 ans 5 mois
47TER;ON AVAIT DIT;LABEL ENTRECÔTE / SONY MUSIC ENTERTAINMENT;Singles;Platine;25/10/2019;11/11/2021;2 ans
LACRIM;CORLEONE;CAPITOL MUSIC FRANCE / UNIVERSAL MUSIC FRANCE;Singles;Or;01/01/2014;11/11/2021;7 ans 11 mois
KOBA LAD;DADDY CHOCOLAT;MILLENIUM / CAPITOL / UNIVERSAL MUSIC FRANCE;Singles;Diamant;17/06/2021;11/11/2021;4 mois
S.PRI NOIR;ETAT D'ESPRIT;MI6 /ALLPOINTS / BELIEVE;Albums;Or;17/04/2020;11/11/2021;1 an 7 mois
ORELSAN;NOTES POUR TROP TARD (FEAT. IBEYI);3EME BUREAU / WAGRAM;Singles;Diamant;20/10/2017;11/11/2021;4 ans 1 mois
BABYLONE;ZINA;WAGRAM / WAGRAM / WAGRAM MUSIC;Single;Or;29/01/2016;11/11/2021;5 ans 10 mois
KAZA;J’AIMERAIS TELLEMENT;WARNER MUSIC FRANCE / ELEKTRA FRANCE / ELEKTRA FRANCE;Single;Or;23/10/2020;11/11/2021;1 an
BOOBA;0.9;TALLAC RECORDS / CAPITOL MUSIC FRANCE / UNIVERSAL MUSIC FRANCE;Albums;Platine;24/11/2008;11/11/2021;13 ans 1 mois
SADEK;KIMONO (FEAT. SCH ET NINHO);REC. 118 / INDUSTREET MUSIC / WARNER MUSIC FRANCE;Singles;Or;09/04/2021;04/11/2021;6 mois
RIHANNA;LOVE ON THE BRAIN;ROC NATION / RIHANNA / UNIVERSAL MUSIC FRANCE;Singles;Diamant;28/01/2016;04/11/2021;5 ans 10 mois
EDDY DE PRETTO;QUARTIER DES LUNES;UNIVERSAL MUSIC FRANCE / ROMANCE MUSIQUE / ROMANCE MUSIQUE;Single;Or;01/03/2018;04/11/2021;3 ans 8 mois
S.PRI NOIR;JUSTE POUR VOIR;ALLPOINTS / BELIEVE;Singles;Diamant;01/06/2018;04/11/2021;3 ans 5 mois
-M-;SUPERCHÉRIE - SINGLE;WAGRAM / 3EME BUREAU / 3EME BUREAU;Single;Or;22/11/2018;04/11/2021;2 ans 11 mois
SLIMANE;NOUS DEUX;UNIVERSAL MUSIC FRANCE / CAPITOL MUSIC FRANCE / CAPITOL;Single;Or;13/10/2018;04/11/2021;3 ans 1 mois
JUL;BEUH MAGIQUE;BELIEVE / BELIEVE / D'OR ET DE PLATINE;Single;Or;29/11/2019;04/11/2021;1 an 11 mois
ELENCO DE SOY LUNA;SOY LUNA;UNIVERSAL MUSIC FRANCE / MCA / WALT DISNEY RECORDS;Albums;Or;26/02/2016;04/11/2021;5 ans 9 mois
MOHA K;VROUM VROUM;WLAB / WAGRAM;Singles;Diamant;26/03/2021;04/11/2021;7 mois
DAMSO;D'JA ROULÉ;UNIVERSAL MUSIC FRANCE / TRENTE-QUATRE CENTIMES / TRENTE-QUATRE CENTIMES;Single;Or;17/09/2020;04/11/2021;1 an 1 mois
HATIK;CHAISE PLIANTE - VERSION GOLD;ISLAND DEF JAM / BENDO / LOW WOOD / UNIVERSAL MUSIC FRANCE;Albums;Double Platine;30/08/2019;28/10/2021;2 ans 2 mois
JACK HARLOW;WHATS POPPIN (FEAT. DABABY, TORY LANEZ & LIL WAYNE);WARNER MUSIC FRANCE / WARNER / GENERATION NOW/ATLANTIC;Single;Or;21/01/2020;28/10/2021;1 an 9 mois
GRADUR;RARI;CAPITOL MUSIC FRANCE / MILLENIUM / UNIVERSAL MUSIC FRANCE;Singles;Platine;03/10/2019;28/10/2021;2 ans 1 mois
NINHO;MONEY FEAT FAOUZIA;REC. 118 / MAL LUNE MUSIC / WARNER MUSIC FRANCE;Singles;Diamant;22/03/2019;28/10/2021;2 ans 7 mois
SHAY;THIBAUT COURTOIS;CAPITOL MUSIC FRANCE / UNIVERSAL MUSIC FRANCE;Singles;Platine;02/12/2016;21/10/2021;4 ans 11 mois
NINHO;TOUTES OPTIONS (FEAT. BLASKO);WARNER MUSIC FRANCE / REC. 118 / MAL LUNE MUSIC / REC. 118 / MAL LUNE MUSIC;Single;Or;30/03/2018;21/10/2021;3 ans 7 mois
WEJDENE;RÉFLÉCHIR;VIRGIN RECORDS FRANCE / UNIVERSAL MUSIC FRANCE;Singles;Or;18/02/2021;21/10/2021;8 mois
ROB $TONE;CHILL BILL;SONY MUSIC ENTERTAINMENT / SONY MUSIC ENTERTAINMENT / RCA RECORDS LABEL;Single;Or;17/06/2016;21/10/2021;5 ans 5 mois
BRUNO MARS;MARRY YOU;WARNER MUSIC FRANCE / CATALOGUE MARKETING CLASSIQUE / ATLANTIC RECORDS;Single;Platine;30/11/2021;21/10/2021;1 mois
JUL;RIEN 100 RIEN;D'OR ET DE PLATINE / BELIEVE;Albums;Triple Platine;14/06/2019;21/10/2021;2 ans 4 mois
ZKR;TU VOIS COMMENT ?;MORNING GLORY MUSIC / ALL ROAD / ALLPOINTS / BELIEVE;Singles;Or;08/01/2021;21/10/2021;9 mois
ULTRA VOMIT;PANZER SURPRISE !;VERYCORDS / WARNER MUSIC FRANCE;Albums;Or;28/04/2017;14/10/2021;4 ans 6 mois
HEUSS L'ENFOIRE;EN ESPRIT;ALLPOINTS / BELIEVE;Albums;Double Platine;25/01/2019;16/09/2021;2 ans 8 mois
MAÎTRE GIMS;JUSQU'ICI TOUT VA BIEN;SONY MUSIC ENTERTAINMENT / SONY MUSIC ENTERTAINMENT / PLAY TWO;Single;Platine;06/11/2020;16/09/2021;10 mois
JAHYANAI FEAT BAMBY;WHO MAD AGAIN;SCORPIO MUSIC;Singles;Platine;09/02/2018;16/09/2021;3 ans 7 mois
DADJU;TPB;UNIVERSAL MUSIC FRANCE / CAPITOL MUSIC FRANCE / AMATERASU PROD / CAPITOL;Single;Or;14/11/2019;16/09/2021;1 an 10 mois
GAZO;HAINE&SEX;BSB PROD / SONY MUSIC ENTERTAINMENT;Singles;Diamant;26/02/2021;16/09/2021;6 mois
LUCENZO;BAILAMOS;BELIEVE / BELIEVE / PLAY TWO;Single;Or;11/12/2020;16/09/2021;9 mois
KID FRANCESCOLI;MOON (AND IT WENT LIKE);YOTANKA RECORDS / PIAS FRANCE;Singles;Or;03/03/2017;16/09/2021;4 ans 7 mois
IMANBEK & SEAN PAUL;DANCING ON DANGEROUS;B1 / SONY MUSIC ENTERTAINMENT;Singles;Or;09/04/2021;16/09/2021;5 mois
NISKA;MR SAL;MILLENIUM / CAPITOL / UNIVERSAL MUSIC FRANCE;Albums;Triple Platine;06/09/2019;16/09/2021;2 ans
JULIEN CLERC;TERRIEN;PLAY TWO / WARNER MUSIC FRANCE;Albums;Or;12/02/2021;09/09/2021;6 mois
ARIANA GRANDE;STUCK WITH U;UNIVERSAL MUSIC FRANCE / ISLAND DEF JAM / UNIVERSAL MUSIC;Single;Or;08/05/2020;09/09/2021;1 an 4 mois
VINCENT NICLO ET LES PRÊTRES ORTHODOXES;ESPERANTO / COFFRET COLLECTOR EDITION LIMITEE;PLAY TWO / WARNER MUSIC FRANCE;Albums;Platine;13/11/2020;09/09/2021;10 mois
DJADJA & DINAZ;À LA COOL;DR / CARRÉ MUSIC / BELIEVE;Singles;Platine;06/05/2016;09/09/2021;5 ans 5 mois
BON ENTENDEUR;LA RUA MADUREIRA;COLUMBIA / SONY MUSIC ENTERTAINMENT;Singles;Or;26/04/2019;09/09/2021;2 ans 4 mois
-M-;LE GRAND PETIT CONCERT;WAGRAM / 3EME BUREAU / 3EME BUREAU;Albums;Or;22/11/2019;09/09/2021;1 an 9 mois
JUSTIN WELLINGTON;IKO IKO;SONY MUSIC ENTERTAINMENT / SONY MUSIC ENTERTAINMENT / B1;Single;Platine;03/06/2019;02/09/2021;2 ans 3 mois
LIL NAS X;HOLIDAY;SONY MUSIC ENTERTAINMENT / SONY MUSIC ENTERTAINMENT / COLUMBIA;Single;Or;11/11/2020;02/09/2021;9 mois
NEKFEU;CDGLAXJFKHNDATH;UNIVERSAL MUSIC FRANCE / POLYDOR / SEINE ZOO;Single;Or;21/06/2019;02/09/2021;2 ans 2 mois
EVA;ON FLEEK;MCA / ALDAM PRODUCTION / UNIVERSAL MUSIC FRANCE;Singles;Diamant;11/01/2019;02/09/2021;2 ans 8 mois
TIMAL;WEEK-END (FEAT. LETO);WARNER MUSIC FRANCE / WARNER / ELEKTRA FRANCE;Single;Or;21/02/2020;02/09/2021;1 an 6 mois
DUNCAN LAURENCE;ARCADE;UNIVERSAL MUSIC FRANCE / POLYDOR / UNIVERSAL MUSIC;Single;Platine;07/03/2019;02/09/2021;2 ans 6 mois
MAÎTRE GIMS;MALHEUR, MALHEUR;PLAY TWO / SONY MUSIC ENTERTAINMENT;Singles;Platine;23/03/2018;02/09/2021;3 ans 5 mois
OFENBACH;HEAD SHOULDERS KNEES AND TOES;ELEKTRA FRANCE / WARNER MUSIC FRANCE;Singles;Diamant;08/05/2020;02/09/2021;1 an 4 mois
ALDEBERT;10 ANS D'ENFANTILLAGES !;SONY MUSIC ENTERTAINMENT / LOAD / JIVE EPIC;Albums;Or;16/11/2018;02/09/2021;2 ans 10 mois
JUL;FAIT D'OR;BELIEVE / BELIEVE / D'OR ET DE PLATINE;Single;Or;09/05/2020;26/08/2021;1 an 3 mois
LES FRANGINES;LES FRANGINES;JO & CO	/ SONY MUSIC ENTERTAINMENT;Albums;Platine;21/06/2019;26/08/2021;2 ans 2 mois
KALASH;KAOS;CAPITOL MUSIC FRANCE / AZ / UNIVERSAL MUSIC FRANCE;Albums;Platine;06/05/2016;26/08/2021;5 ans 4 mois
TRYO;DÉSOLÉ POUR HIER SOIR XXV (REMIX 2020);IDOL / SALUT Ô EDITIONS / TRYO;Single;Or;31/01/2020;26/08/2021;1 an 7 mois
PORTUGAL THE MAN;WOODSTOCK;WARNER MUSIC FRANCE / CATALOGUE MARKETING CLASSIQUE / ATLANTIC RECORDS;Albums;Or;16/06/2017;26/08/2021;4 ans 3 mois
DUA LIPA;LEVITATING (FEAT. DABABY);WARNER MUSIC FRANCE / WEA / WARNER RECORDS;Single;Diamant;27/03/2020;26/08/2021;1 an 5 mois
HARRY STYLES;WATERMELON SUGAR;COLUMBIA / SONY MUSIC ENTERTAINMENT;Singles;Diamant;17/11/2019;05/08/2021;1 an 8 mois
313;AMOUR DE JEUNESSE;UNIVERSAL MUSIC FRANCE / ISLAND DEF JAM / LA RUCHE RECORDS;Single;Or;31/05/2019;05/08/2021;2 ans 2 mois
CAMILA CABELLO;LIAR;SONY MUSIC ENTERTAINMENT / SONY MUSIC ENTERTAINMENT / SYCO MUSIC/EPIC;Single;Or;04/09/2019;05/08/2021;1 an 11 mois
KOBA LAD;MARIE;CAPITOL MUSIC FRANCE / MILLENIUM / UNIVERSAL MUSIC FRANCE;Singles;Platine;27/09/2019;05/08/2021;1 an 10 mois
LETO;TES PARENTS FEAT NINHO;REC. 118 / WARNER MUSIC FRANCE;Singles;Diamant;28/06/2019;05/08/2021;2 ans 1 mois
MAJOR LAZER;QUE CALOR (WITH J BALVIN & EL ALFA);MAD DECENT / BECAUSE;Singles;Diamant;11/09/2019;05/08/2021;1 an 11 mois
NINHO;CHINO;REC. 118 / MAL LUNÉ MUSIC / WARNER MUSIC FRANCE;Singles;Platine;17/08/2017;05/08/2021;4 ans
BOOBA;MONA LISA;TALLAC RECORDS / CAPITOL MUSIC FRANCE / UNIVERSAL MUSIC FRANCE;Singles;Diamant;04/03/2021;05/08/2021;5 mois
JAMES ARTHUR;BACK FROM THE EDGE;SONY MUSIC ENTERTAINMENT / COLUMBIA / COLUMBIA;Albums;Or;28/10/2016;05/08/2021;4 ans 10 mois
13 ORGANISÉ;13 BALLES;BELIEVE / BELIEVE / RIEN 100 RIEN;Single;Or;09/10/2020;05/08/2021;10 mois
BRIGITTE;PALLADIUM;SONY MUSIC ENTERTAINMENT / SONY MUSIC ENTERTAINMENT / COLUMBIA;Single;Or;01/09/2017;05/08/2021;3 ans 11 mois
NAPS;4 ANNEAUX;BELIEVE / BELIEVE / 13EME ART RECORDS;Single;Or;03/10/2016;29/07/2021;4 ans 10 mois
AYA NAKAMURA;FAYA;WARNER MUSIC FRANCE / REC118 / REC. 118;Single;Or;26/10/2018;29/07/2021;2 ans 9 mois
ASHH;LOLITA;VIRGIN RECORDS FRANCE / ROSEMOON ENTERTAINMENT / UNIVERSAL MUSIC FRANCE;Singles;Platine;23/06/2017;29/07/2021;4 ans 1 mois
STAYSOLIDROCKY;PARTY GIRL;SONY MUSIC ENTERTAINMENT / SONY MUSIC ENTERTAINMENT / COLUMBIA;Single;Or;21/04/2020;29/07/2021;1 an 3 mois
LACRIM;GERICAULT;CAPITOL MUSIC FRANCE / UNIVERSAL MUSIC FRANCE;Singles;Platine;17/11/2017;29/07/2021;3 ans 9 mois
FREEZE CORLEONE;DESIIGNER;UNIVERSAL MUSIC FRANCE / UNIVERSAL MUSIC FRANCE / UNIVERSAL MUSIC DIVISION VIRGIN RECORDS DISTRIBUTION DEAL;Single;Or;27/07/2020;29/07/2021;1 an
LIL NAS X;MONTERO (CALL ME BY YOUR NAME);COLUMBIA / SONY MUSIC ENTERTAINMENT;Singles;Diamant;24/03/2021;29/07/2021;4 mois
SOOLKING;VINTAGE;AFFRANCHIS / HYPERFOCAL / CAPITOL / UNIVERSAL MUSIC FRANCE;Albums;Platine;19/03/2020;22/07/2021;1 an 4 mois
MAES;J'VOULAIS;UNIVERSAL MUSIC FRANCE / CAPITOL MUSIC FRANCE / MILLENIUM;Single;Or;29/11/2018;22/07/2021;2 ans 8 mois
HORNET LA FRAPPE;TAGA;REC. 118 / PARLOPHONE FRANCE / WARNER MUSIC FRANCE;Singles;Platine;13/07/2018;22/07/2021;3 ans
DINOS;IMANY;UNIVERSAL MUSIC FRANCE / BECAUSE MUSIC / BECAUSE MUSIC;Albums;Or;27/04/2018;22/07/2021;3 ans 3 mois
KAARIS;BLING BLING;VIRGIN RECORDS FRANCE / UNIVERSAL MUSIC FRANCE;Singles;Diamant;03/11/2017;22/07/2021;3 ans 9 mois
SAM SMITH;HOW DO YOU SLEEP?;UNIVERSAL MUSIC FRANCE / CAPITOL MUSIC FRANCE / CAPITOL;Single;Or;19/07/2019;22/07/2021;2 ans
BON ENTENDEUR;LE TEMPS EST BON;COLUMBIA / SONY MUSIC ENTERTAINMENT;Singles;Diamant;27/07/2018;15/07/2021;3 ans
MARTIN GARRIX;LIKE I DO;PARLOPHONE (FRANCE) / WARNER MUSIC FRANCE;Singles;Platine;22/02/2018;15/07/2021;3 ans 5 mois
VINCENT NICLO & LES PRÊTRES ORTHODOXES;ESPERANTO;BELIEVE / BELIEVE / PLAY TWO;Albums;Platine;13/11/2020;15/07/2021;8 mois
THE WEEKND;SAVE YOUR TEARS;UNIVERSAL MUSIC FRANCE / ISLAND DEF JAM / UNIVERSAL MUSIC;Single;Diamant;20/03/2020;15/07/2021;1 an 4 mois
MARWA LOUD;BILLET;BECAUSE MUSIC / UNIVERSAL MUSIC FRANCE;Singles;Platine;09/03/2018;15/07/2021;3 ans 4 mois
SHAWN MENDES;THERE'S NOTHING HOLDIN' ME BACK;ISLAND DEF JAM / UNIVERSAL MUSIC FRANCE;Singles;Diamant;20/04/2017;08/07/2021;4 ans 3 mois
LIL PUMP;LIL PUMP;WARNER MUSIC FRANCE / WEA / WARNER RECORDS;Albums;Or;06/10/2017;17/06/2021;3 ans 9 mois
AYA NAKAMURA;FUEGO FEAT DADJU;WARNER MUSIC FRANCE / CATALOGUE MARKETING CLASSIQUE / REC. 118;Single;Or;25/08/2017;17/06/2021;3 ans 10 mois
J BALVIN;RITMO (BAD BOYS FOR LIFE);EPIC / WE THE BEST / SONY MUSIC ENTERTAINMENT;Singles;Diamant;11/10/2019;10/06/2021;1 an 8 mois
SOSO MANESS;MISTRAL;RCA GROUP / SONY MUSIC ENTERTAINMENT;Albums;Or;03/04/2020;10/06/2021;1 an 2 mois
GAMBI;DANS L'ESPACE (FEAT. HEUSS L'ENFOIRÉ);REC. 118 / WARNER MUSIC FRANCE;Singles;Diamant;17/01/2020;10/06/2021;1 an 5 mois
DJ ERISE;POURQUOI TU FORCES;UNIVERSAL MUSIC FRANCE / ISLAND DEF JAM / BENDO / KANTIZ RECORDS;Single;Or;08/05/2018;10/06/2021;3 ans 1 mois
DELUXE;STACHELIGHT;KURONEKO / KURONEKO MEDIA / CHINESE MAN RECORDS;Albums;Or;22/01/2016;10/06/2021;5 ans 5 mois
JUL;INSPI D'AILLEURS;BELIEVE / BELIEVE / D'OR ET DE PLATINE;Single;Or;15/06/2018;03/06/2021;3 ans
JUSTIN BIEBER;INTENTIONS;UNIVERSAL MUSIC FRANCE / ISLAND DEF JAM / UNIVERSAL MUSIC;Single;Or;07/02/2020;03/06/2021;1 an 4 mois
EVA;MOOD;MCA / ALDAM PRODUCTION / UNIVERSAL MUSIC FRANCE;Singles;Platine;26/10/2018;03/06/2021;2 ans 7 mois
DADJU;WOULI LIYA;UNIVERSAL MUSIC FRANCE / CAPITOL MUSIC FRANCE / AMATERASU PROD / CAPITOL;Single;Or;17/11/2019;03/06/2021;1 an 6 mois
NINHO;RORO;REC. 118 / MAL LUNÉ MUSIC / WARNER MUSIC FRANCE;Singles;Platine;21/04/2017;03/06/2021;4 ans 2 mois
BOOBA;AZERTY;UNIVERSAL MUSIC FRANCE / CAPITOL MUSIC FRANCE / TALLAC RECORDS;Single;Or;21/12/2020;03/06/2021;5 mois
ARCADIAN;TON COMBAT;UNIVERSAL MUSIC FRANCE / DECCA RECORDS FRANCE / DECCA;Single;Or;06/04/2017;03/06/2021;4 ans 2 mois
PNL;DEUX FRÈRES;MUSICAST / QLF RECORDS / BELIEVE;Singles;Diamant;03/04/2019;03/06/2021;2 ans 2 mois
LAURENT VOULZY;MONT SAINT-MICHEL;SONY MUSIC ENTERTAINMENT / COLUMBIA / COLUMBIA;Albums;Or;06/12/2019;03/06/2021;1 an 6 mois
TRAVIS SCOTT;GOOSEBUMPS;EPIC / GRAND HUSTLE / SONY MUSIC ENTERTAINMENT;Singles;Diamant;09/09/2016;27/05/2021;4 ans 9 mois
MULTI INTERPRÈTES;TU DONNES;UNIVERSAL MUSIC FRANCE / LABEL PANTHEON / UMSM;Single;Or;13/12/2018;27/05/2021;2 ans 5 mois
AVICII;HEAVEN;UNIVERSAL MUSIC FRANCE / ISLAND DEF JAM / UNIVERSAL MUSIC;Single;Or;06/06/2019;27/05/2021;2 ans
DENNIS LLOYD;NEVER GO BACK;ARISTA RECORDS / SONY MUSIC ENTERTAINMENT;Singles;Platine;15/02/2019;27/05/2021;2 ans 3 mois
CLARA LUCIANI;LA BAIE;UNIVERSAL MUSIC FRANCE / ROMANCE MUSIQUE / ROMANCE MUSIQUE;Single;Or;22/03/2018;27/05/2021;3 ans 2 mois
LORENZO;BIZARRE;ROMANCE MUSIQUE / MFC / UNIVERSAL MUSIC FRANCE;Singles;Platine;23/02/2018;27/05/2021;3 ans 3 mois
LORENZO;TU LE C;ROMANCE MUSIQUE / MFC / UNIVERSAL MUSIC FRANCE;Singles;Platine;23/02/2018;27/05/2021;3 ans 3 mois
COLUMBINE;ADIEU, AU REVOIR;ROMANCE MUSIQUE / UNIVERSAL MUSIC FRANCE;Albums;Double Platine;19/04/2019;27/05/2021;2 ans 1 mois
PATRICK FIORI;UN AIR DE FAMILLE;SMART / SONY MUSIC ENTERTAINMENT;Albums;Platine;02/10/2020;27/05/2021;7 mois
UZI;À LA FÊTE;CAPITOL MUSIC FRANCE / ARGENTIC MUSIC / UNIVERSAL MUSIC FRANCE;Singles;Diamant;25/06/2020;20/05/2021;10 mois
LP;LOST ON YOU;ELEKTRA FRANCE / WARNER MUSIC FRANCE;Albums;Double Platine;09/12/2016;20/05/2021;4 ans 6 mois
TONES AND I;NEVER SEEN THE RAIN;ELEKTRA (NEK) / WARNER MUSIC FRANCE;Singles;Platine;08/08/2019;20/05/2021;1 an 9 mois
WHITNEY HOUSTON;HIGHER LOVE;KYGO/RCA RECORDS / SONY MUSIC ENTERTAINMENT;Singles;Platine;28/06/2019;20/05/2021;1 an 11 mois
DAMSO;BEAUTIFUL;UNIVERSAL MUSIC FRANCE / CAPITOL MUSIC FRANCE / CAPITOL;Single;Or;07/07/2016;20/05/2021;4 ans 11 mois
LOUISE ATTAQUE;ANOMALIE;LABEL PANTHEON / BARCLAY / UNIVERSAL MUSIC FRANCE;Albums;Platine;12/02/2016;15/04/2021;5 ans 2 mois
LEFA;SMILE;SONY MUSIC ENTERTAINMENT / SONY MUSIC ENTERTAINMENT / 2L MUSIC;Single;Or;10/07/2020;15/04/2021;9 mois
INDOCHINE;SINGLES COLLECTION (2001 - 2021);INDOCHINE RECORDS / RCA GROUP / SONY MUSIC ENTERTAINMENT;Albums;Double Platine;28/08/2020;15/04/2021;7 mois
PLK;PILOTE;PANENKA MUSIC / WAGRAM;Singles;Diamant;28/08/2020;15/04/2021;7 mois
VALD;DEVIENS GÉNIAL;UNIVERSAL MUSIC FRANCE / CAPITOL MUSIC FRANCE / MILLENIUM;Single;Or;01/02/2018;08/04/2021;3 ans 2 mois
CLARA LUCIANI;SAINTE-VICTOIRE;ROMANCE MUSIQUE / UNIVERSAL MUSIC FRANCE;Albums;Triple Platine;06/04/2018;08/04/2021;3 ans
XXXTENTACION;ARMS AROUND YOU (FEAT. MALUMA & SWAE LEE);WARNER RECORDS / WARNER MUSIC FRANCE;Singles;Platine;25/10/2018;08/04/2021;2 ans 5 mois
ZOLA;7,65;SONY MUSIC ENTERTAINMENT / SONY MUSIC ENTERTAINMENT / AWA;Single;Or;05/04/2019;08/04/2021;2 ans
MILEY CYRUS;MALIBU;SONY MUSIC ENTERTAINMENT / SONY MUSIC ENTERTAINMENT / RCA RECORDS LABEL;Single;Or;11/05/2017;08/04/2021;3 ans 11 mois
GRAND CORPS MALADE;MAIS JE T'AIME;ANOUCHE PRODUCTIONS / UNIVERSAL MUSIC FRANCE;Singles;Diamant;19/06/2020;08/04/2021;9 mois
LOMEPAL;JEANNINE - AMINA;PINEALE PROD - GRAND MUSIQUE MANAGEMENT / IDOL / PIAS FRANCE;Albums;Diamant;07/12/2018;08/04/2021;2 ans 4 mois
PLK;UN PEU DE HAINE;PANENKA / WAGRAM;Singles;Diamant;13/09/2019;08/04/2021;1 an 7 mois
THERAPIE TAXI;J'EN AI MARRE;WAGRAM / PANENKA MUSIC / PANENKA MUSIC;Single;Or;02/02/2018;08/04/2021;3 ans 2 mois
GEORGIO;HÉRA;PANENKA / WAGRAM;Albums;Platine;04/11/2016;01/04/2021;4 ans 5 mois
BOOBA;JAUNÉ;CAPITOL MUSIC FRANCE / TALLAC RECORDS / UNIVERSAL MUSIC FRANCE;Singles;Diamant;11/05/2020;01/04/2021;10 mois
CHRIS BROWN;NO GUIDANCE;SONY MUSIC ENTERTAINMENT / SONY MUSIC ENTERTAINMENT / CHRIS BROWN ENTERTAINMENT/RCA RECORDS;Single;Or;08/06/2019;01/04/2021;1 an 10 mois
FRANGLISH;MY SALSA;CAPITOL MUSIC FRANCE / UNIVERSAL MUSIC FRANCE;Singles;Diamant;11/06/2020;01/04/2021;9 mois
LES ENFOIRÉS;2021 - À CÔTÉ DE VOUS;RESTOS DU COEUR / SONY MUSIC ENTERTAINMENT;Albums;Triple Platine;06/03/2021;01/04/2021;
JUL, SCH;MOTHER FUCK;BELIEVE / BELIEVE / D'OR ET DE PLATINE;Single;Platine;11/12/2020;01/04/2021;3 mois
PLK;POLAK;WAGRAM / PANENKA / PANENKA;Single;Or;05/10/2018;25/03/2021;2 ans 6 mois
RK;MOSCOW;UNIVERSAL MUSIC FRANCE / CAPITOL MUSIC FRANCE / 3.5.7 MUSIC;Single;Or;20/09/2018;25/03/2021;2 ans 6 mois
JULIETTE ARMANET;PETITE AMIE;ROMANCE MUSIQUE / BARCLAY / UNIVERSAL MUSIC FRANCE;Albums;Double Platine;07/04/2017;25/03/2021;4 ans
BIGFLO & OLI;ALORS ALORS;POLYDOR / UNIVERSAL MUSIC FRANCE;Singles;Platine;13/05/2017;25/03/2021;3 ans 11 mois
COLUMBINE;RÉMI;UNIVERSAL MUSIC FRANCE / ROMANCE MUSIQUE / ROMANCE MUSIQUE;Single;Or;23/03/2017;25/03/2021;4 ans
KLINGANDE;PUMPED UP;SONY MUSIC ENTERTAINMENT / SONY MUSIC ENTERTAINMENT / JIVE EPIC;Single;Or;08/09/2017;25/03/2021;3 ans 7 mois
BLACK EYED PEAS;VIDA LOCA;UNIVERSAL MUSIC FRANCE / POLYDOR / POLYDOR;Single;Or;18/06/2020;25/03/2021;9 mois
OBOY;CABEZA;SYNDICATE RECORDS / BELIEVE;Singles;Diamant;03/07/2020;25/03/2021;8 mois
THE BLACK EYED PEAS;ROCK THAT BODY;INTERSCOPE RECORDS	/ POLYDOR / UNIVERSAL MUSIC FRANCE;Singles;Or;05/06/2009;25/03/2021;11 ans 11 mois
-M- / TOUMANI DIABATÉ / SIDIKI DIABATÉ;MANITOUMANI - SINGLE;WAGRAM / 3EME BUREAU / 3EME BUREAU;Single;Or;29/03/2017;25/03/2021;4 ans
SOPRANO;COFFRET 4 CD 2019;WARNER MUSIC FRANCE / CATALOGUE MARKETING CLASSIQUE / REC. 118;Albums;Or;08/03/2019;25/03/2021;2 ans
BENJAMIN BIOLAY;GRAND PRIX;POLYDOR / UNIVERSAL MUSIC FRANCE;Albums;Platine;25/06/2020;25/02/2021;8 mois
AC/DC;POWER UP;COLUMBIA / SONY MUSIC ENTERTAINMENT;Albums;Double Platine;13/11/2020;25/02/2021;3 mois
NAZA;P*TAIN DE M*RDE;MUKONGO BUSINESS / MUSICAST;Singles;Platine;05/04/2018;25/02/2021;2 ans 11 mois
13 ORGANISÉ;L'ÉTOILE SUR LE MAILLOT;BELIEVE / BELIEVE / RIEN 100 RIEN;Single;Or;09/10/2020;25/02/2021;4 mois
MYLÈNE FARMER;HISTOIRES DE;Stuffed Monkey  /SONY MUSIC ENTERTAINMENT;Albums;Platine;04/12/2020;18/02/2021;2 mois
VITAA;DÉSACCORD (EN DUO AVEC DADJU);WARNER MUSIC FRANCE / PLAY TWO / PLAY TWO;Single;Or;28/09/2018;18/02/2021;2 ans 5 mois
EVA;QUEEN;MCA / ALDAM PRODUCTION / UNIVERSAL MUSIC FRANCE;Albums;Double Platine;05/07/2019;18/02/2021;1 an 7 mois
LOMEPAL;LE LENDEMAIN DE L'ORAGE;IDOL / IDOL / PINEALE PROD - GRAND MUSIQUE MANAGEMENT;Single;Or;07/12/2018;18/02/2021;2 ans 2 mois
DAMSO;PARIS C'EST LOIN;CAPITOL MUSIC FRANCE / UNIVERSAL MUSIC FRANCE;Singles;Diamant;19/07/2016;18/02/2021;4 ans 7 mois
HOSHI;FEMME À LA MER;SONY MUSIC ENTERTAINMENT / SONY MUSIC ENTERTAINMENT / JO & CO;Single;Or;16/03/2018;18/02/2021;2 ans 11 mois
AVA MAX;WHO'S LAUGHING NOW;WARNER MUSIC FRANCE / WARNER / ATLANTIC RECORDS;Single;Or;30/07/2020;18/02/2021;6 mois
NEKFEU;ELLE PLEUT;POLYDOR / SEINE ZOO / UNIVERSAL MUSIC FRANCE;Singles;Diamant;06/06/2019;18/02/2021;1 an 8 mois
TRYO;XXV;SALUT Ô EDITIONS	/ DS DISTRIBUTRION / IDOL;Albums;Or;24/01/2020;18/02/2021;1 an 1 mois
THE BLACK EYED PEAS;MEET ME HALFWAY;INTERSCOPE RECORDS	/ POLYDOR / UNIVERSAL MUSIC FRANCE;Singles;Diamant;05/06/2009;16/02/2021;11 ans 10 mois
BLACK EYED PEAS;MAMACITA;POLYDOR / UNIVERSAL MUSIC FRANCE;Singles;Diamant;09/04/2020;11/02/2021;10 mois
TIMAL;CAVALER;WARNER MUSIC FRANCE / WARNER / ELEKTRA FRANCE;Single;Or;04/10/2019;11/02/2021;1 an 4 mois
EVA;CHELOU;UNIVERSAL MUSIC FRANCE / MCA / ALDAM PRODUCTION;Single;Or;03/07/2020;11/02/2021;7 mois
BIGFLO & OLI;LA VRAIE VIE;UNIVERSAL MUSIC FRANCE / POLYDOR / POLYDOR;Single;Or;23/06/2017;11/02/2021;3 ans 8 mois
RONISIA;ATTERRISSAGE;SONY MUSIC ENTERTAINMENT / SONY MUSIC ENTERTAINMENT / EPIC;Single;Or;10/06/2020;11/02/2021;8 mois
MARWA LOUD;ALLEZ LES GROS;UNIVERSAL MUSIC FRANCE / CAPITOL MUSIC FRANCE / ARGENTIC MUSIC;Single;Or;30/01/2020;11/02/2021;1 an
KOBA LAD;7 SUR 7;UNIVERSAL MUSIC FRANCE / CAPITOL MUSIC FRANCE / MILLENIUM;Single;Or;23/09/2020;11/02/2021;4 mois
HORNET LA FRAPPE;MA RUCHE;REC. 118 / DIEZ PEUFRA / WARNER MUSIC FRANCE;Albums;Or;24/01/2020;11/02/2021;1 an
WEJDENE;ANISSA;VIRGIN RECORDS FRANCE / UNIVERSAL MUSIC FRANCE;Singles;Diamant;15/04/2020;04/02/2021;9 mois
IMEN ES;NOS VIES (RÉÉDITION);ISLAND DEF JAM / BENDO / FULGU PROD / UNIVERSAL MUSIC FRANCE;Albums;Platine;14/02/2020;04/02/2021;11 mois
6IX9INE;FEFE;VIRGIN RECORDS FRANCE / UNIVERSAL MUSIC FRANCE;Singles;Platine;22/07/2018;04/02/2021;2 ans 6 mois
ANGÈLE;FLOU;ROMANCE MUSIQUE / ANGELE VL RECORDS / UNIVERSAL MUSIC FRANCE;Singles;Diamant;05/10/2018;04/02/2021;2 ans 4 mois
AYA NAKAMURA;OULA;REC. 118 / WARNER MUSIC FRANCE;Singles;Platine;26/10/2018;04/02/2021;2 ans 3 mois
13 BLOCK;FUCK LE 17;WARNER MUSIC FRANCE / ELEKTRA FRANCE / ELEKTRA FRANCE;Single;Or;26/04/2019;04/02/2021;1 an 9 mois
DOSSEH;A CHAQUE JOUR...;CAPITOL MUSIC FRANCE / UNIVERSAL MUSIC FRANCE;Singles;Platine;06/07/2018;04/02/2021;2 ans 7 mois
DABABY;ROCKSTAR;MCA / UNIVERSAL MUSIC FRANCE;Singles;Diamant;17/04/2020;04/02/2021;9 mois
DINOS PUNCHLINOVIC;NAMEK;LABEL PANTHEON / UNIVERSAL MUSIC FRANCE;Singles;Or;03/02/2014;07/01/2021;7 ans
ALI GATIE;IT'S YOU;WARNER MUSIC FRANCE / WARNER / WARNER RECORDS;Single;Or;14/06/2019;07/01/2021;1 an 7 mois
SLIMANE;À BOUT DE RÊVES;CAPITOL MUSIC FRANCE / UNIVERSAL MUSIC FRANCE;Albums;Triple Platine;08/07/2016;07/01/2021;4 ans 6 mois
LOMEPAL;PLUS DE LARMES;PINEALE PROD - GRAND MUSIQUE MANAGEMENT / IDOL;Singles;Platine;07/12/2018;07/01/2021;2 ans 1 mois
ROMÉO ELVIS;DRÔLE DE QUESTION;ISLAND DEF JAM / UNIVERSAL MUSIC FRANCE;Singles;Platine;17/03/2017;07/01/2021;3 ans 10 mois
IMAGINE DRAGONS;ORIGINS;INTERSCOPE RECORDS / POLYDOR /  UNIVERSAL MUSIC FRANCE;Albums;Double Platine;09/11/2018;07/01/2021;2 ans 2 mois
ORELSAN;QUAND EST-CE QUE ÇA S'ARRÊTE;3EME BUREAU / WAGRAM;Singles;Platine;20/10/2017;07/01/2021;3 ans 3 mois
ORELSAN;TOUT VA BIEN;3EME BUREAU / WAGRAM;Singles;Diamant;20/10/2017;07/01/2021;3 ans 3 mois
ORELSAN;RÊVES BIZARRES (FEAT. DAMSO) - SINGLE;3EME BUREAU / WAGRAM;Singles;Diamant;16/11/2018;07/01/2021;2 ans 2 mois
BOULEVARD DES AIRS;JE ME DIS QUE TOI AUSSI;COLUMBIA / SONY MUSIC ENTERTAINMENT;Albums;Platine;31/08/2018;07/01/2021;2 ans 4 mois
LOMEPAL;MALAISE;IDOL / IDOL / PINEALE PROD - GRAND MUSIQUE MANAGEMENT;Single;Or;30/06/2017;07/01/2021;3 ans 6 mois
MELODY GARDOT;MY ONE AND ONLY THRILL;UNIVERSAL;Albums;Diamant;01/01/2009;01/01/2021;12 ans 2 mois
MATMATAH;LA CERISE;LA OUACHE PRODUCTION / L’AUTRE DISTRIBUTION;Albums;Or;01/01/2007;01/01/2021;14 ans 2 mois
GRAND CORPS MALADE;MIDI 20;ANOUCHE PRODUCTIONS / VIRGIN MUSIC FRANCE / UNIVERSAL MUSIC FRANCE;Albums;Diamant;27/03/2006;01/01/2021;14 ans 11 mois
GRAND CORPS MALADE;ENFANT DE LA VILLE;ANOUCHE PRODUCTIONS / VIRGIN MUSIC FRANCE / UNIVERSAL MUSIC FRANCE;Albums;Double Platine;31/03/2008;01/01/2021;12 ans 11 mois
GRAND CORPS MALADE;3ÈME TEMPS;ANOUCHE PRODUCTIONS / VIRGIN MUSIC FRANCE / UNIVERSAL MUSIC FRANCE;Singles;Platine;18/10/2010;01/01/2021;10 ans 4 mois
GRAND CORPS MALADE;FUNAMBULE;ANOUCHE PRODUCTIONS / VIRGIN MUSIC FRANCE / UNIVERSAL MUSIC FRANCE;Albums;Platine;28/10/2013;01/01/2021;7 ans 3 mois
COLLECTIF MÉTISSÉ;LAISSE-TOI ALLER BÉBÉ;UMSM / POLYDOR / UNIVERSAL MUSIC FRANCE;Singles;Or;01/06/2009;01/01/2021;11 ans 9 mois
LORDE;PURE HEROINE;UNIVERSAL MUSIC / POLYDOR / UNIVERSAL MUSIC FRANCE;Albums;Platine;30/09/2013;01/01/2021;7 ans 4 mois
EMILY LOIZEAU;L'AUTRE BOUT DU MONDE;POLYDOR / LABEL PANTHEON / UNIVERSAL MUSIC FRANCE;Albums;Platine;28/06/2006;01/01/2021;14 ans 8 mois
MATMATAH;LA OUACHE;LA OUACHE PRODUCTION / L’AUTRE DISTRIBUTION;Albums;Diamant;09/06/1998;01/01/2021;22 ans 10 mois
MATMATAH;REBELOTE;LA OUACHE PRODUCTION / L’AUTRE DISTRIBUTION;Albums;Platine;27/03/2001;01/01/2021;20 ans
MATMATAH;ARCHIE KRAMER;LA OUACHE PRODUCTION / L’AUTRE DISTRIBUTION;Albums;Platine;11/10/2004;01/01/2021;16 ans 5 mois
AYO;JOYFUL;MOTOWN FRANCE / LABEL PANTHEON / UNIVERSAL MUSIC FRANCE;Albums;Diamant;23/05/2006;01/01/2021;14 ans 9 mois
VANESSA PARADIS;DIVINIDYLLE;BARCLAY / UNIVERSAL MUSIC FRANCE;Albums;Diamant;27/08/2007;01/01/2021;13 ans 6 mois
COEUR DE PIRATE;BLONDE;VIRGIN MUSIC FRANCE / UNIVERSAL MUSIC FRANCE;Albums;Triple Platine;07/11/2011;01/01/2021;9 ans 3 mois
L.E.J;EN ATTENDANT L'ALBUM;MERCURY RECORDS / LABEL PANTHEON / UNIVERSAL MUSIC FRANCE;Albums;Triple Platine;04/12/2015;01/01/2021;5 ans 1 mois
NOLWENN LEROY;NOLWENN LEROY;POLYDOR / LABEL PANTHEON / UNIVERSAL MUSIC FRANCE;Albums;Triple Platine;10/03/2025;01/01/2021;4 ans 2 mois
VANESSA PARADIS;VANESSA PARADIS BEST OF;BARCLAY / UNIVERSAL MUSIC FRANCE;Albums;Triple Platine;23/11/2009;01/01/2021;11 ans 3 mois
HADDAWAY;WHAT IS LOVE;BELIEVE / BELIEVE / KARPOVPRODUCTION;Single;Or;07/09/2020;30/12/2020;3 mois
MULTI-ARTISTES;YOU WILL NEVER KNOW;BELIEVE / BELIEVE / KARPOVPRODUCTION;Single;Or;08/09/2020;30/12/2020;3 mois
MOUSUMI HOSSAIN;DIN DIN BARE;BELIEVE / BELIEVE / SANGEETA;Single;Or;03/12/2020;30/12/2020;
ROMINA PELUFFO;UN MILLÓN DE AMIGOS;BELIEVE / BELIEVE / LITTLE BUTTERFLY RECORDS;Single;Diamant;18/06/2021;30/12/2020;5 mois
MEENAKSHI MUKESH;BALA JI MERI BETI NE AISA GHAR BAR MILE;BELIEVE / BELIEVE / FINE DIGITAL HARYANVI;Single;Platine;16/08/2021;30/12/2020;7 mois
KOLIVA;GÜN GELIR;BELIEVE / BELIEVE / MERZIGO MUSIC DISTRIBUTION;Single;Diamant;07/09/2021;30/12/2020;8 mois
BISWAJIT MAHAPATRA, PINAKI RATH;HEARTBEAT;BELIEVE / BELIEVE / DN SERIES - AMARA MUZIK;Single;Diamant;08/10/2021;30/12/2020;9 mois
SAMDU GURJAR;DODI DODI HICHKIYA CHALE YE JANUDI MHARI;BELIEVE / BELIEVE / GHUNGHAT MUSIC;Single;Platine;27/10/2021;30/12/2020;10 mois
ALEKH KUMAR PARIDA;DIL KO KARAAR AAYA LOFI;BELIEVE / BELIEVE / TYCOON RECORDS;Single;Or;30/11/2021;30/12/2020;11 mois
PETIT BISCUIT, LIDO;PROBLEMS;BELIEVE / BELIEVE / PETIT BISCUIT MUSIC;Single;Or;08/11/2017;30/12/2020;3 ans 2 mois
ZURNACI HOGIR;DIYARBAKIR HALAYLARI;BELIEVE / BELIEVE / CANLI MÜZIKHOL;Single;Platine;04/10/2021;30/12/2020;9 mois
KAARIS;DOZO;UNIVERSAL MUSIC FRANCE / VIRGIN RECORDS FRANCE / VIRGIN RECORDS;Single;Or;06/10/2017;30/12/2020;3 ans 3 mois
ADRIEL FAVELA;EL BO;UNIVERSAL MUSIC FRANCE / ISLAND DEF JAM / UNIVERSAL MUSIC;Single;Or;13/08/2021;30/12/2020;7 mois
DIVERS;RELATOR;WARNER MUSIC FRANCE / WARNER SPECIAL MARKETING / WARNER SPECIAL MARKETING;Single;Or;20/05/2016;30/12/2020;4 ans 8 mois
THE WHITE STRIPES;SEVEN NATION ARMY X THE GLITCH MOB;SONY MUSIC ENTERTAINMENT / SONY MUSIC CATALOGUE / THIRD MAN RECORDS/LEGACY;Single;Diamant;09/07/2021;30/12/2020;6 mois
MICHEL SARDOU;MASTER SERIE VOL 1 / MASTER SERIE VOL 2;UNIVERSAL MUSIC FRANCE / LABEL PANTHEON / MERCURY RECORDS;Albums;Or;14/09/2009;30/12/2020;11 ans 5 mois
MULTI INTERPRÈTES;MOULIN ROUGE I & II;UNIVERSAL MUSIC FRANCE / POLYDOR / INTERSCOPE RECORDS;Albums;Or;03/04/2002;30/12/2020;19 ans
ERA;ERA I 2002;UNIVERSAL MUSIC FRANCE / DECCA RECORDS FRANCE / DECCA;Albums;Or;22/07/2002;30/12/2020;18 ans 8 mois
MAURANE;BEST OF;UNIVERSAL MUSIC FRANCE / POLYDOR / POLYDOR;Albums;Or;13/10/2008;30/12/2020;12 ans 4 mois
ERA;THE ESSENTIAL;UNIVERSAL MUSIC FRANCE / DECCA RECORDS FRANCE / DECCA;Albums;Or;02/07/2010;30/12/2020;10 ans 7 mois
RK;#DANSLETIERQUAR (LILLE);UNIVERSAL MUSIC FRANCE / CAPITOL MUSIC FRANCE / 3.5.7 MUSIC;Single;Or;22/08/2018;30/12/2020;2 ans 4 mois
MADEMOISELLE K;CA ME VEXE;DS DISTRIBUTION / ROY MUSIC PUBLISHING / EMI PUBLISHING / ROY MUSIC;Albums;Or;21/08/2006;30/12/2020;14 ans 6 mois
TWENTY ONE PILOTS;TRENCH;WARNER MUSIC FRANCE / WEA / ATLANTIC RECORDS;Albums;Or;05/10/2018;30/12/2020;2 ans 3 mois
HUBERT-FELIX THIEFAINE & PAUL PERSONNE;AMICALEMENT BLUES;SONY MUSIC ENTERTAINMENT / SONY MUSIC CATALOGUE / SONY;Albums;Or;05/10/2018;30/12/2020;2 ans 3 mois
VANESSA PARADIS;VAGUE À L'ÂME SŒUR;UNIVERSAL MUSIC FRANCE / ROMANCE MUSIQUE / BARCLAY;Single;Diamant;26/09/2019;30/12/2020;1 an 3 mois
BRUNO MARS;DOO-WOPS & HOOLIGANS - 10TH ANNIVERSARY;WARNER MUSIC FRANCE / CATALOGUE MARKETING CLASSIQUE / ATLANTIC RECORDS;Albums;Double Platine;18/12/2020;30/12/2020;
BLACK KEYS (THE);BROTHERS (1CD REMASTER 10E ANNIV.);WARNER MUSIC FRANCE / CATALOGUE MARKETING CLASSIQUE / NONESUCH;Albums;Or;01/01/2021;30/12/2020;
KHALID;LOCATION (REMIX);SONY MUSIC ENTERTAINMENT / SONY MUSIC ENTERTAINMENT / RIGHT HAND MUSIC GROUP, LLC/RCA RECORDS;Single;Or;26/08/2016;30/12/2020;4 ans 4 mois
BAKERMAT;BABY;SONY MUSIC ENTERTAINMENT / SONY MUSIC ENTERTAINMENT / B1;Single;Or;27/01/2017;30/12/2020;3 ans 11 mois
GENERATION GOLDMAN;GENERATION GOLDMAN - 2CD;BELIEVE / BELIEVE / MY MAJOR COMPANY;Albums;Or;19/10/2018;30/12/2020;2 ans 2 mois
MULTI-ARTISTES;NRJ MUSIC AWARDS 2020;UMSM / UNIVERSAL MUSIC FRANCE;Albums;Or;30/10/2020;18/12/2020;1 mois
KHALID;YOUNG DUMB & BROKE;RIGHT HAND MUSIC GROUP, LLC/RCA RECORDS	 / SONY MUSIC ENTERTAINMENT;Singles;Or;03/03/2017;18/12/2020;3 ans 10 mois
PLK & HEUSS L'ENFOIRÉ;CHANDON ET MOËT;PANENKA MUSIC / WAGRAM;Singles;Or;28/08/2020;18/12/2020;3 mois
LOMEPAL;DAVE GROHL;Pineale Prod - Grand Musique Management	/ IDOL;Singles;Or;25/10/2019;18/12/2020;1 an 2 mois
DOKS;SHAINA;URBAN / PIAS FRANCE;Singles;Or;15/12/2017;18/12/2020;3 ans
AYA NAKAMURA;GANGSTER;REC. 118 / WARNER MUSIC FRANCE;Singles;Or;02/11/2018;18/12/2020;2 ans 1 mois
AYA NAKAMURA FEAT. STORMZY;PLUS JAMAIS;REC. 118	/ WARNER MUSIC FRANCE;Singles;Or;13/11/2020;18/12/2020;1 mois
ALAIN SOUCHON;AME FIFTIES;PARLOPHONE / WARNER MUSIC FRANCE;Albums;Double Platine;18/10/2019;18/12/2020;1 an 2 mois
NINHO;TOUT EN GUCCI;REC. 118 / WARNER MUSIC FRANCE;Singles;Or;30/10/2020;18/12/2020;1 mois
BENNY BLANCO, TAINY, SELENA GOMEZ & J BALVIN;I CAN'T GET ENOUGH;INTERSCOPE RECORDS / UNIVERSAL MUSIC FRANCE;Singles;Or;28/02/2019;18/12/2020;1 an 9 mois
TYGA;AYY MACARENA;Columbia / Last Kings Records / SONY MUSIC ENTERTAINMENT;Singles;Or;13/11/2019;18/12/2020;1 an 1 mois
JOHNNY HALLYDAY;SON RÊVE AMÉRICAIN;PARLOPHONE	/ WARNER MUSIC FRANCE;Vidéos;Or;23/10/2020;18/12/2020;1 mois
ROGER WATERS;US + THEM;COLUMBIA/LEGACY / SONY MUSIC ENTERTAINMENT;Vidéos;Or;02/10/2020;18/12/2020;2 mois
MABEL;DON'T CALL ME UP;POLYDOR / UNIVERSAL MUSIC FRANCE;Singles;Diamant;18/01/2019;18/12/2020;1 an 11 mois
4KEUS FEAT. NISKA;MD;WATI-B / SONY MUSIC ENTERTAINMENT;Singles;Diamant;27/12/2019;11/12/2020;11 mois
STING;LIVE AT THE OLYMPIA PARIS;EAGLE ROCK	/ UNIVERSAL MUSIC FRANCE;Vidéos;Platine;10/11/2017;11/12/2020;3 ans 1 mois
DJADJA & DINAZ;FÉFÉ LAMBO;Carré music / BELIEVE;Singles;Or;29/07/2020;11/12/2020;4 mois
RIM'K FEAT. KOBA LAD & SCH;VALISE;FRENESIK	 / UNIVERSAL MUSIC FRANCE;Singles;Or;05/03/2020;11/12/2020;9 mois
KOBA LAD;MORTEL;CAPITOL	 /  UNIVERSAL MUSIC FRANCE;Singles;Or;27/09/2019;11/12/2020;1 an 2 mois
DADJU FEAT. S.PRI NOIR;JENNY;UNIVERSAL MUSIC DIVISION POLYDOR	 / UNIVERSAL MUSIC FRANCE;Singles;Or;25/11/2017;11/12/2020;3 ans 1 mois
JOHNNY HALLYDAY;JE TE PROMETS;UNIVERSAL MUSIC DIVISION MERCURY RECORDS	 / UNIVERSAL MUSIC FRANCE;Singles;Diamant;23/02/1987;11/12/2020;34 ans 3 mois
OFENBACH & QUARTERHEAD FEAT. NORMA JEAN MARTINE;HEAD SHOULDERS KNEES & TOES;ELEKTRA FRANCE / WARNER MUSIC FRANCE;Singles;Platine;08/05/2020;11/12/2020;7 mois
ANGÈLE;JE VEUX TES YEUX;ANGELE VL RECORDS / UNIVERSAL MUSIC FRANCE;Singles;Platine;06/10/2018;11/12/2020;2 ans 2 mois
LARTISTE;CATCHU CATCHU;BECAUSE MUSIC / WARNER MUSIC FRANCE;Singles;Diamant;06/10/2017;11/12/2020;3 ans 2 mois
LETO FEAT. NINHO;MACARONI;REC. 118 / WARNER MUSIC FRANCE;Singles;Platine;28/08/2020;04/12/2020;3 mois
PLK & HAMZA;PILOTE;PANENKA MUSIC / WAGRAM;Singles;Platine;28/08/2020;04/12/2020;3 mois
X AMBASSADORS;RENEGADES;Kid Ina Korner / Interscope / UNIVERSAL MUSIC FRANCE;Singles;Platine;10/06/2016;04/12/2020;4 ans 6 mois
THE WEEKND;IN YOUR EYES;Republic Records / UNIVERSAL MUSIC FRANCE;Singles;Platine;20/03/2020;04/12/2020;8 mois
DRAKE;TOOSIE SLIDE;UNIVERSAL MUSIC / UNIVERSAL MUSIC FRANCE;Singles;Platine;03/04/2020;04/12/2020;8 mois
JOHNNY HALLYDAY;SON RÊVE AMÉRICAIN;PARLOPHONE / WARNER MUSIC FRANCE;Albums;Platine;23/10/2020;04/12/2020;1 mois
DUA LIPA;NEW RULES;WARNER UK / WARNER MUSIC FRANCE;Singles;Diamant;02/06/2017;30/10/2020;3 ans 5 mois
NEA;SOME SAY;MILKSHAKE / SONY MUSIC ENTERTAINMENT;Singles;Diamant;06/09/2019;30/10/2020;1 an 2 mois
JASON DERULO & DAVID GUETTA FEAT. NICKI MINAJ & WILLY WILLIA;GOODBYE;Beluga Heights/Warner RecordsWARNER MUSIC FRANCE;Singles;Or;24/08/2018;30/10/2020;2 ans 2 mois
SOOLKING FEAT. HEUS L'ENFOIRÉ;LA KICHTA;Universal Music Division Capitol Music F / UNIVERSAL MUSIC FRANCE;Singles;Or;19/03/2020;30/10/2020;7 mois
RK & MAES;EUROS;CAPITOL MUSIC FRANCE / UNIVERSAL MUSIC FRANCE;Singles;Or;25/06/2020;30/10/2020;4 mois
MAROON 5;RED PILL BLUES;INTERSCOPE RECORDS / UNIVERSAL MUSIC FRANCE;Albums;Platine;19/05/2017;30/10/2020;3 ans 6 mois
MAJOR LAZER;LEAN ON;MAD DECENT/ BECAUSE MUSIC;Singles;Diamant;02/03/2015;26/10/2020;5 ans 8 mois
MAJOR LAZER;LIGHT IT UP;MAD DECENT / BECAUSE MUSIC;Singles;Diamant;29/03/2015;26/10/2020;5 ans 7 mois
MAJOR LAZER;WATCH OUT FOR THIS (BUMAYE);MAD DECENT/BECAUSE MUSIC;Singles;Platine;25/03/2015;26/10/2020;5 ans 8 mois
MARNIK & SMACK;GAM GAM;SCORPIO MUSIC / BELIEVE;Singles;Or;26/10/2018;23/10/2020;2 ans
OFENBACH;ROCK IT;ELEKTRA / WARNER MUSIC FRANCE;Singles;Or;12/04/2019;23/10/2020;1 an 6 mois
LIL NAS X;PANINI;Columbia	 / SONY MUSIC ENTERTAINMENT;Singles;Or;20/06/2019;23/10/2020;1 an 4 mois
YOUNG T & BUGSEY FEAT. HEADIE ONE;DON'T RUSH;Black Butter / SONY MUSIC ENTERTAINMENT;Singles;Or;09/11/2019;23/10/2020;11 mois
DRIPREPORT;SKECHERS;Arista Records	 / SONY MUSIC ENTERTAINMENT;Singles;Or;12/01/2020;23/10/2020;9 mois
NISKA;BÂTIMENT;Universal Music Division Capitol Music F / UNIVERSAL MUSIC FRANCE;Singles;Diamant;05/09/2019;23/10/2020;1 an 1 mois
MASTER KG FEAT. BURNA BOY & NOMCEBO ZIKODE;JERUSALEMA;ELEKTRA FRANCE / WARNER MUSIC FRANCE;Singles;Diamant;24/04/2020;23/10/2020;6 mois
JAMES ARTHUR;SAY YOU WON'T LET GO;SMART / SONY MUSIC ENTERTAINMENT;Singles;Diamant;09/09/2016;16/10/2020;4 ans 1 mois
BAKERMAT;BAIANÁ;B1 / Be Yourself Music / SONY MUSIC ENTERTAINMENT;Singles;Diamant;08/11/2019;16/10/2020;11 mois
QUEEN;GREATEST HITS;UNIVERSAL MUSIC / UNIVERSAL MUSIC FRANCE;Albums;Double Platine;22/10/1984;16/10/2020;36 ans 6 mois
MULTI INTERPRÈTES;TOP 50 - LE BEST OF;UMSM / UNIVERSAL MUSIC FRANCE;Albums;Or;09/12/2016;16/10/2020;3 ans 10 mois
VEGEDREAM;MARCHAND DE SABLE;ISLAND DEF JAM / UNIVERSAL MUSIC FRANCE;Albums;Double Platine;01/06/2018;16/10/2020;2 ans 4 mois
13 BLOCK;VIDE;ELEKTRA FRANCE / WARNER MUSIC FRANCE;Singles;Or;08/12/2017;16/10/2020;2 ans 10 mois
IR-SAIS;DREAM GIRL;SONY MUSIC LATIN / SONY MUSIC ENTERTAINMENT;Singles;Or;17/05/2019;16/10/2020;1 an 5 mois
LACRIM FEAT. JUL;ERIC CANTONA;PLATA O PLOMO RECORDS / CAPITOL MUSIC FRANCE / UNIVERSAL MUSIC FRANCE;Singles;Or;24/04/2020;15/10/2020;5 mois
SAM SMITH;DANCING WITH A STRANGER;CAPITOL / UNIVERSAL MUSIC FRANCE;Singles;Platine;11/01/2019;09/10/2020;1 an 9 mois
MULTI INTERPRÈTES;LES 30 ANS DES INROCKUPTIBLES;UMSM / UNIVERSAL MUSIC FRANCE;Albums;Or;21/10/2016;09/10/2020;4 ans
MAES;RÉELLE VIE 2.0;Spinnup \IIP-DDS B.V. f/k/a Independent / Spinnup;Albums;Or;02/03/2018;09/10/2020;2 ans 7 mois
NAPS;MARSEILLE CITY;13Eme Art Records	/ BELIEVE;Singles;Or;09/03/2018;09/10/2020;2 ans 7 mois
AYA NAKAMURA;LE PASSÉ;REC. 118	 / WARNER MUSIC FRANCE;Singles;Or;02/03/2018;09/10/2020;2 ans 7 mois
LADY GAGA & ARIANA GRANDE;RAIN ON ME;POLYDOR  / UNIVERSAL MUSIC FRANCE;Singles;Or;22/05/2020;09/10/2020;4 mois
CLEAN BANDIT FEAT. DEMI LOVATO;SOLO;ATLANTIC RECORDS UK / WARNER MUSIC FRANCE;Singles;Diamant;25/05/2018;18/09/2020;2 ans 4 mois
HEUSS L'ENFOIRÉ;LES MÉCHANTS;AllPoints / BELIEVE;Singles;Diamant;14/12/2018;18/09/2020;1 an 9 mois
LAUV;I LIKE ME BETTER;Lauv / KOBALT Digital Licensing;Singles;Or;19/05/2017;11/09/2020;3 ans 4 mois
JUL;MA JOLIE;D'OR ET DE Platine / BELIEVE;Singles;Diamant;29/06/2017;11/09/2020;3 ans 3 mois
PLK;PROBLÈMES;PANENKA MUSIC	/ WAGRAM;Singles;Diamant;19/07/2019;11/09/2020;1 an 2 mois
SURF MESA FEAT. EMILEE;ILY;ASTRALWERKS / UNIVERSAL MUSIC FRANCE;Singles;Platine;26/11/2019;11/09/2020;9 mois
XXXTENTACION;LOOK AT ME!;Bad Vibes Forever / EMPD/ EMPIRE Distribution;Singles;Platine;20/02/2017;11/09/2020;3 ans 7 mois
LOUISE ATTAQUE;J'T'EMMÈNE AU VENT;UNIVERSAL MUSIC DIVISION BARCLAY	/ UNIVERSAL MUSIC FRANCE;Singles;Diamant;21/04/1997;11/09/2020;23 ans 8 mois
OBOY;AVEC TOI;SYNDICATE RECORDS / BELIEVE;Singles;Or;12/07/2019;11/09/2020;1 an 2 mois
CARDI B FEAT. BAD BUNNY & J. BALVIN;I LIKE IT;ATLANTIC/KSR / WARNER MUSIC;Singles;Diamant;06/04/2018;11/09/2020;2 ans 5 mois
DADJU;COMME SI DE RIEN N'ÉTAIT;UNIVERSAL MUSIC DIVISION POLYDOR / UNIVERSAL MUSIC FRANCE;Singles;Platine;17/11/2017;11/09/2020;2 ans 10 mois
GRADUR;ZONE 59;MILLENIUM / UNIVERSAL MUSIC FRANCE;Albums;Platine;29/11/2019;04/09/2020;9 mois
VARIOUS;NRJ PARTY HITS 2016;SMART / SONY MUSIC ENTERTAINMENT;Albums;Or;15/07/2016;04/09/2020;4 ans 2 mois
MAROON 5 FEAT. CARDI B;GIRLS LIKE YOU;INTERSCOPE RECORDS / UNIVERSAL MUSIC FRANCE;Singles;Diamant;31/05/2018;04/09/2020;2 ans 3 mois
VLADIMIR CAUCHEMAR;AULOS;ED BANGER RECORDS / BECAUSE;Singles;Or;04/12/2017;04/09/2020;2 ans 9 mois
YUZMV;ÉPISODE III - LES MAINS LIBRES;WM FR Affiliated/Play Two / WARNER MUSIC FRANCE;Singles;Or;19/07/2019;04/09/2020;1 an 1 mois
MARWA LOUD FEAT. JUL;ÇA Y EST;BECAUSE / WARNER MUSIC FRANCE;Singles;Or;09/03/2018;04/09/2020;2 ans 6 mois
SADEK;BEP BEP;Rec. 118 / Industreet / WARNER MUSIC FRANCE;Singles;Or;29/06/2018;04/09/2020;2 ans 2 mois
BIGFLO & OLI;ÇA VA TROP VITE;UNIVERSAL MUSIC DIVISION POLYDOR	 / UNIVERSAL MUSIC FRANCE;Singles;Or;23/06/2017;04/09/2020;3 ans 2 mois
VITAA & SLIMANE;VERSUS;ISLAND DEF JAM / UNIVERSAL MUSIC FRANCE;Singles;Or;30/04/2019;04/09/2020;1 an 4 mois
MAËLLE;TOUTES LES MACHINES ONT UN COEUR;UNIVERSAL MUSIC DIVISION MERCURY RECORDS / UNIVERSAL MUSIC FRANCE;Singles;Or;05/04/2019;04/09/2020;1 an 5 mois
YL FEAT. NINHO;SICARIO;Universal Music Division Island Def Jam	 / UNIVERSAL MUSIC FRANCE;Singles;Or;23/02/2018;04/09/2020;2 ans 6 mois
BOLÉMVN & KOBA LAD;SANKHARA #4 (CHIC);MILLENIUM / UNIVERSAL MUSIC FRANCE;Singles;Or;12/09/2019;04/09/2020;11 mois
SOOLKING;ROCKSTAR;Universal Music Division Capitol Music F / UNIVERSAL MUSIC FRANCE;Singles;Or;02/11/2018;04/09/2020;1 an 10 mois
MAES;MÉMOIRE;Universal Music Division Capitol Music F / UNIVERSAL MUSIC FRANCE;Singles;Or;16/01/2020;04/09/2020;7 mois
MAEJOR & GREEICY;I LOVE YOU;EMI	/ UNIVERSAL MUSIC FRANCE;Singles;Or;26/07/2019;04/09/2020;1 an 1 mois
JOSMAN;J'AIME BIEN!;CHOKE INDUSTRY / IDOL;Singles;Platine;14/09/2018;04/09/2020;2 ans
SKIP THE USE;GHOST;POLYDOR / UNIVERSAL MUSIC FRANCE;Singles;Platine;19/03/2012;04/09/2020;8 ans 7 mois
LOU;DANSER SUR TES MOTS;TF1 ENTERTAINMENT / SONY MUSIC ENTERTAINMENT;Albums;Or;29/03/2019;28/08/2020;1 an 5 mois
THE AVENER FEAT. BIPOLAR SUNSHINE;BEAUTIFUL;Universal Music Division Capitol Music F / UNIVERSAL MUSIC FRANCE;Singles;Or;23/05/2019;07/08/2020;1 an 2 mois
47TER;CÔTE OUEST;Label entrecôte / SONY MUSIC ENTERTAINMENT;Singles;Diamant;25/06/2019;07/08/2020;1 an 1 mois
DOJA CAT;SAY SO;KEMOSABE RECORDS/RCA RECORDS / SONY MUSIC ENTERTAINMENT;Singles;Platine;07/11/2019;07/08/2020;9 mois
TAYC FEAT. BARACK ADAMA;MOI, JE PROUVE.;H24 / UNIVERSAL MUSIC FRANCE;Singles;Or;10/12/2019;07/08/2020;8 mois
TIMAL FEAT. MAES;AILLEURS;ELEKTRA FRANCE	/ WARNER MUSIC FRANCE;Singles;Or;28/02/2020;07/08/2020;5 mois
WEJDENE;ANISSA;Guette Music	 / Caroline France / UNIVERSAL MUSIC FRANCE;Singles;Platine;15/04/2020;07/08/2020;3 mois
BOOBA FEAT. ZED;JAUNÉ;TALLAC RECORDS / UNIVERSAL MUSIC FRANCE;Singles;Platine;11/05/2020;07/08/2020;2 mois
LEWIS CAPALDI;DIVINELY UNINSPIRED TO A HELLISH EXTENT;UNIVERSAL MUSIC FRANCE;Albums;Or;17/05/2019;31/07/2020;1 an 2 mois
MULTI INTERPRÈTES;C'ÉTAIT MIEUX AVANT - LES ANNÉES 90;UNIVERSAL MUSIC FRANCE;Albums;Or;20/05/2016;31/07/2020;4 ans 3 mois
VALD;AGARTHA;MILLENIUM / UNIVERSAL MUSIC FRANCE;Albums;Double Platine;20/01/2017;31/07/2020;3 ans 6 mois
NAPS FEAT. NINHO;6.3;OK MANY INDUSTRIE / 13ème ART MUSIC / BELIEVE;Singles;Diamant;20/02/2020;31/07/2020;5 mois
COLUMBINE;ENFANTS TERRIBLES;Initial Artist Services / UNIVERSAL MUSIC FRANCE;Singles;Or;20/02/2017;31/07/2020;3 ans 5 mois
JAIN;ALRIGHT;COLUMBIA / SONY MUSIC ENTERTAINMENT;Singles;Diamant;24/05/2018;31/07/2020;2 ans 2 mois
DAMSO;AUX PARADIS;Universal Music Division Capitol Music F / UNIVERSAL MUSIC FRANCE;Singles;Or;15/06/2018;31/07/2020;2 ans 1 mois
CALVIN HARRIS FEAT. SAM SMITH;PROMISES;COLUMBIA / SONY MUSIC ENTERTAINMENT;Singles;Diamant;17/08/2018;31/07/2020;1 an 11 mois
TODIEFOR, SHOEBA & ROMÉO ELVIS;SIGNALS;Spinnin' Records / WARNER MUSIC FRANCE;Singles;Or;08/03/2019;31/07/2020;1 an 5 mois
POP SMOKE;DIOR;Victor Victor Worldwide / UNIVERSAL MUSIC FRANCE;Singles;Or;26/07/2019;31/07/2020;1 an
TRAVIS SCOTT;HIGHEST IN THE ROOM;Cactus Jack / Epic	 / SONY MUSIC ENTERTAINMENT;Singles;Platine;06/10/2019;31/07/2020;9 mois
SOOLKING FEAT. DADJU;MELEGIM;Universal Music Division Capitol Music F / UNIVERSAL MUSIC FRANCE;Singles;Diamant;06/02/2020;31/07/2020;5 mois
NINHO;ZIPETTE;REC. 118 / MAL LUNE MUSIC / WARNER MUSIC FRANCE;Singles;Platine;07/03/2020;31/07/2020;4 mois
BOSH;DJOMB;ARISTA FRANCE / SONY MUSIC ENTERTAINMENT;Singles;Diamant;27/03/2020;31/07/2020;4 mois
NAZA;INCROYABLE;Mukongo Business / BELIEVE;Albums;Platine;29/09/2017;24/07/2020;2 ans 10 mois
JUL;AVANT LA DOUANE;D'OR ET DE PLATINE / BELIEVE;Singles;Platine;13/05/2016;24/07/2020;4 ans 3 mois
PLK;DIS-MOI OUI;PANENKA MUSIC / WAGRAM;Singles;Or;30/08/2018;24/07/2020;1 an 11 mois
VITAA & SLIMANE;JE TE LE DONNE;Universal Music Division Island Def Jam / UNIVERSAL MUSIC FRANCE;Singles;Diamant;24/08/2018;24/07/2020;1 an 11 mois
PNL;HASTA LA VISTA;QLF RECORDS / BELIEVE;Singles;Platine;03/04/2019;24/07/2020;1 an 3 mois
NAZA;LOIN DE MOI;Capricarolesque / BELIEVE;Singles;Diamant;25/09/2019;24/07/2020;10 mois
DABS FEAT. AYA NAKAMURA;FOLLOW BACK;ELEKTRA FRANCE / WARNER MUSIC FRANCE;Singles;Or;05/07/2019;24/07/2020;1 an
DIMITRI VEGAS & LIKE MIKE;INSTAGRAM;Epic Amsterdam / SONY MUSIC ENTERTAINMENT;Singles;Or;04/07/2019;24/07/2020;1 an
MAES FEAT. JUL;DYBALA;Universal Music Division Capitol Music F / UNIVERSAL MUSIC FRANCE;Singles;Diamant;16/01/2020;24/07/2020;6 mois
AVA MAX;SWEET BUT PSYCHO;ATLANTIC RECORDS / WARNER MUSIC FRANCE;Singles;Diamant;17/08/2018;26/06/2020;1 an 10 mois
LADY GAGA;A STAR IS BORN SOUNDTRACK;INTERSCOPE RECORDS / UNIVERSAL MUSIC FRANCE;Albums;Diamant;05/10/2018;26/06/2020;1 an 9 mois
DOSSEH FEAT. BRAMSITO;THAÏLANDE;SPKTAQLR / UNIVERSAL MUSIC FRANCE;Singles;Or;12/07/2019;26/06/2020;11 mois
NISKA;MENDOZA;Universal Music Division Capitol Music F / UNIVERSAL MUSIC FRANCE;Singles;Or;05/09/2019;26/06/2020;9 mois
SAINT JHN;ROSES;b1 / SONY MUSIC ENTERTAINMENT;Singles;Diamant;25/07/2016;19/06/2020;3 ans 11 mois
KEEN'V;RIEN QU'UNE FOIS;WM FRANCE / WARNER MUSIC FRANCE;Singles;Platine;23/10/2015;19/06/2020;4 ans 8 mois
LSD FEAT. SIA, DIPLO & LABRINTH;AUDIO;Records / Columbia / SONY MUSIC ENTERTAINMENT;Singles;Platine;10/05/2018;19/06/2020;2 ans 1 mois
RUDIMENTAL FEAT. JESS GLYNNE, MACKLEMORE & DAN CAPLEN;THESE DAYS;ATLANTIC RECORDS UK / WARNER MUSIC FRANCE;Singles;Diamant;19/01/2018;19/06/2020;2 ans 5 mois
JAIN;OH MAN;COLUMBIA / SONY MUSIC ENTERTAINMENT;Singles;Platine;24/08/2018;19/06/2020;1 an 10 mois
DA UZI FEAT. NINHO;CROIS-MOI;REC. 118 / WARNER MUSIC FRANCE;Singles;Or;03/04/2020;19/06/2020;2 mois
HATIK;PRISON POUR MINEURS;POLYDOR / UNIVERSAL MUSIC FRANCE;Singles;Or;19/03/2020;19/06/2020;3 mois
MAES FEAT. BOOBA;BLANCHE;MILLENIUM / UNIVERSAL MUSIC FRANCE;Singles;Diamant;16/01/2020;19/06/2020;5 mois
NINHO;LETTRE À UNE FEMME;REC. 118 / MAL LUNE MUSIC / WARNER MUSIC FRANCE;Singles;Diamant;13/03/2020;12/06/2020;3 mois
FEDER;BREATHE;WEA France / WARNER MUSIC FRANCE;Singles;Platine;24/11/2017;12/06/2020;2 ans 7 mois
DAMSO;WILLIAM;Universal Music Division Capitol Music F / UNIVERSAL MUSIC FRANCE;Singles;Or;15/06/2018;12/06/2020;2 ans
DAMSO;MÊME ISSUE;Universal Music Division Capitol Music F / UNIVERSAL MUSIC FRANCE;Singles;Or;15/06/2018;12/06/2020;2 ans
MULTI-ARTISTES;SUICIDE SQUAD;ATLANTIC RECORDS / WARNER MUSIC FRANCE;Albums;Platine;05/08/2016;12/06/2020;3 ans 10 mois
LEFA;3 DU MAT;JIVE EPIC	 / SONY MUSIC ENTERTAINMENT;Albums;Or;06/04/2018;05/06/2020;2 ans 2 mois
NINHO FEAT. GRIFF;EVERY DAY;REC. 118 / MAL LUNE MUSIC / WARNER MUSIC FRANCE;Singles;Or;07/03/2020;05/06/2020;3 mois
HALSEY;WITHOUT ME;CAPITOL / UNIVERSAL MUSIC FRANCE;Singles;Or;04/10/2018;05/06/2020;1 an 8 mois
4KEUS FEAT. SIBOY;EN BAS;WATI-B / SONY MUSIC ENTERTAINMENT;Singles;Or;26/07/2019;05/06/2020;10 mois
REGARD;RIDE IT;Ministry of Sound Recordings	 / SONY MUSIC ENTERTAINMENT;Singles;Diamant;26/07/2019;05/06/2020;10 mois
KUNGS;LAYERS;ISLAND DEF JAM / UNIVERSAL MUSIC FRANCE;Albums;Double Platine;04/11/2016;05/06/2020;3 ans 7 mois
IMAGINE DRAGONS;BAD LIAR;INTERSCOPE RECORDS / UNIVERSAL MUSIC FRANCE;Singles;Platine;06/11/2018;29/05/2020;1 an 7 mois
-M-, TOUMANI DIABATÉ, SIDIKI DIABATÉ;LAMOMALI;3EME BUREAU / WAGRAM;Albums;Double Platine;07/04/2017;29/05/2020;3 ans 2 mois
NINHO;DIS-MOI QUE TU M'AIMES;MAL LUNE / Rec. 118 / WARNER MUSIC FRANCE;Singles;Diamant;21/10/2016;29/05/2020;3 ans 7 mois
ED SHEERAN;NO.6 COLLABORATIONS PROJECT;EAST WEST UK / WARNER MUSIC FRANCE;Albums;Platine;12/07/2019;22/05/2020;10 mois
NINHO;UN POCO;Rec. 118 / Mal Luné Music / WARNER MUSIC FRANCE;Singles;Diamant;30/03/2018;22/05/2020;2 ans 2 mois
XXXTENTACION;17;Bad Vibes Forever / EMPIRE EMPIRE DISTRIBUTION;Albums;Platine;25/08/2017;22/05/2020;2 ans 9 mois
ROBIN SCHULZ FEAT. FRANCESCO YATES;SUGAR;TONSPIEL / WEA  / WARNER MUSIC France;Singles;Diamant;17/07/2015;24/04/2020;4 ans 10 mois
MULTI INTERPRÈTES;C'ÉTAIT MIEUX AVANT - LES ANNÉES 2000;UMSM / UNIVERSAL MUSIC FRANCE;Albums;Or;20/05/2016;17/04/2020;3 ans 11 mois
BILLIE EILISH;OCEAN EYES;UNIVERSAL MUSIC FRANCE;Singles;Or;18/11/2016;17/04/2020;3 ans 5 mois
BILAL HASSANI;ROI;PLAY TWO / WARNER MUSIC FRANCE;Singles;Or;04/01/2019;17/04/2020;1 an 3 mois
SOPRANO;ROULE;REC.118 / WARNER MUSIC FRANCE;Singles;Diamant;14/10/2016;17/04/2020;3 ans 6 mois
MAÎTRE GIMS & STING;RESTE;PLAY TWO / SONY MUSIC ENTERTAINMENT;Singles;Platine;26/04/2019;10/04/2020;11 mois
ZEDD FEAT. ELLEY DUHÉ;HAPPY NOW;INTERSCOPE RECORDS / UNIVERSAL MUSIC FRANCE;Singles;Or;18/07/2018;10/04/2020;1 an 9 mois
AVICII FEAT. ALOE BLACC;SOS;PM:AM RECORDINGS / UNIVERSAL MUSIC FRANCE;Singles;Or;10/04/2019;10/04/2020;1 an
MEDUZA, BECKY HILL & GOODBOYS;LOSE CONTROL;PM:AM RECORDINGS / UNIVERSAL MUSIC FRANCE;Singles;Or;11/10/2019;10/04/2020;6 mois
THE BLACK EYED PEAS & J BALVIN;RITMO (BAD BOYS FOR LIFE);Epic/We The Best / SONY MUSIC ENTERTAINMENT;Singles;Platine;12/10/2019;10/04/2020;6 mois
MAES;STREET;MILLENIUM / UNIVERSAL MUSIC FRANCE;Singles;Platine;31/10/2019;10/04/2020;5 mois
LEWIS CAPALDI;SOMEONE YOU LOVED;Vertigo Berlin / UNIVERSAL MUSIC FRANCE;Singles;Diamant;17/05/2019;10/04/2020;10 mois
MULTI-INTERPRÈTES;LA REINE DES NEIGES 2;WALT DISNEY RECORDS / UNIVERSAL MUSIC FRANCE;Albums;Or;15/11/2019;03/04/2020;4 mois
DADJU;COMPLIQUÉ;POLYDOR / UNIVERSAL MUSIC FRANCE;Singles;Diamant;27/06/2019;03/04/2020;9 mois
L'ALGÉRINO FEAT. SOOLKING;ADIOS;UNIVERSAL MUSIC DISTRIBUTION DEAL;Singles;Or;23/06/2018;03/04/2020;1 an 9 mois
JACQUES DUTRONC, JOHNNY HALLYDAY, EDDY MITCHELL;LES VIEILLES CANAILLES : L'ALBUM LIVE;PARLOPHONE / WARNER MUSIC FRANCE;Vidéos;Diamant;08/11/2019;03/04/2020;4 mois
THE WEEKND;BLINDING LIGHTS;REPUBLIC / UNIVERSAL MUSIC FRANCE;Singles;Diamant;29/11/2019;27/03/2020;3 mois
COLDPLAY;EVERYDAY LIFE;PARLOPHONE	/ WARNER MUSIC FRANCE;Albums;Platine;22/11/2019;27/03/2020;4 mois
MAJOR LAZER FEAT. J BALVIN & EL ALFA;QUE CALOR;BECAUSE MUSIC / UNIVERSAL MUSIC FRANCE;Singles;Platine;11/09/2019;27/03/2020;6 mois
HOSHI;JE VOUS TROUVE UN CHARME FOU;Jo&Co / SONY MUSIC ENTERTAINMENT;Singles;Or;23/03/2018;27/03/2020;2 ans
AYA NAKAMURA;LA DOT;REC. 118 / WARNER MUSIC FRANCE;Singles;Diamant;26/10/2018;20/03/2020;1 an 5 mois
GAMBI FEAT. HEUSS L'ENFOIRÉ;DANS L'ESPACE;REC. 118	/ WARNER MUSIC FRANCE;Singles;Platine;17/01/2020;20/03/2020;2 mois
CHRISTINE AND THE QUEENS FEAT. DÂM-FUNK;DAMN, DIS-MOI (GIRLFRIEND);BECAUSE MUSIC / WARNER MUSIC FRANCE;Singles;Or;21/09/2018;20/03/2020;1 an 6 mois
JAX JONES, MARTIN SOLVEIG & MADISON BEER;ALL DAY AND NIGHT;PM:AM RECORDINGS / UNIVERSAL MUSIC FRANCE;Singles;Or;28/03/2019;20/03/2020;11 mois
SHAED;TRAMPOLINE;CAROLINE INT. MD P&D / UNIVERSAL MUSIC FRANCE;Singles;Platine;18/05/2018;20/03/2020;1 an 10 mois
AYA NAKAMURA;WHINE UP;REC. 118 / WARNER MUSIC FRANCE;Singles;Or;02/11/2018;20/03/2020;1 an 4 mois
MHD FEAT. WIZKID;BELLA;CAPITOL	 / UNIVERSAL MUSIC FRANCE;Singles;Diamant;18/07/2018;13/03/2020;1 an 8 mois
JUL;TOKYO;D'OR ET DE PLATINE \ BELIEVE;Singles;Or;04/10/2019;13/03/2020;5 mois
BOULEVARD DES AIRS;JE ME DIS QUE TOI AUSSI;COLUMBIA \ SONY MUSIC ENTERTAINMENT;Singles;Or;31/08/2018;13/03/2020;1 an 6 mois
MAROON 5;MEMORIES;POLYDOR / UNIVERSAL MUSIC FRANCE;Singles;Platine;20/09/2019;13/03/2020;5 mois
CLARA LUCIANI;SAINTE-VICTOIRE;Initial Artist Services / UNIVERSAL MUSIC FRANCE;Albums;Double Platine;06/04/2018;14/02/2020;1 an 10 mois
LACRIM;FORCE & HONNEUR;PLATA O PLOMO RECORDS / CAPITOL / UNIVERSAL MUSIC FRANCE;Albums;Triple Platine;31/03/2017;07/02/2020;2 ans 10 mois
GAMBI;HÉ OH;REC. 118 / WARNER MUSIC FRANCE;Singles;Diamant;09/08/2019;07/02/2020;6 mois
NINHO FEAT. FAOUZIA;MONEY;Rec. 118 / Mal Luné Music	/ WARNER MUSIC FRANCE;Singles;Platine;22/03/2019;07/02/2020;10 mois
JEAN-LOUIS AUBERT;REFUGE;PARLOPHONE / WARNER MUSIC FRANCE;Albums;Platine;15/11/2019;07/02/2020;2 mois
ALONZO;STONE;DEF JAM / UNIVERSAL MUSIC FRANCE;Albums;Or;12/04/2019;07/02/2020;10 mois
MULTI INTERPRÈTES;GUARDIANS OF THE GALAXY VOL. 2 :  AWESOME MIX VOL. 2;HOLLYWOOD RECORDS / UNIVERSAL MUSIC FRANCE;Albums;Or;05/05/2017;07/02/2020;2 ans 9 mois
JONAS BROTHERS;ONLY HUMAN;Jonas Brothers Recording / UNIVERSAL MUSIC FRANCE;Singles;Or;07/06/2019;07/02/2020;8 mois
MAÎTRE GIMS;CAMÉLÉON;PLAY TWO / SONY MUSIC ENTERTAINMENT;Singles;Diamant;10/11/2017;31/01/2020;2 ans 3 mois
MULTI INTERPRÈTES;BEST OF 1970-2000 C'ÉTAIT MIEUX AVANT;UMSM / UNIVERSAL MUSIC FRANCE;Albums;Or;18/11/2016;31/01/2020;3 ans 2 mois
NISKA FEAT. NINHO;MÉCHANT;Universal Music Division Capitol Music F	 / UNIVERSAL MUSIC FRANCE;Singles;Platine;05/09/2019;31/01/2020;4 mois
PLK;UN PEU DE HAINE;PANENKA MUSIC / WAGRAM;Singles;Platine;13/09/2019;31/01/2020;4 mois
NEKFEU FEAT. NEMIR;ELLE PLEUT;SEINE ZOO RECORDS / UNIVERSAL  DIVISION POLYDOR;Singles;Platine;07/06/2018;31/01/2020;1 an 8 mois
DOSSEH;VIDALO$$A;CAPITOL	 / UNIVERSAL MUSIC FRANCE;Albums;Platine;06/07/2018;24/01/2020;1 an 6 mois
EMINEM;REVIVAL;INTERSCOPE RECORD / UNIVERSAL MUSIC FRANCE;Albums;Platine;15/12/2017;24/01/2020;2 ans 1 mois
NINHO FEAT. DADJU;JAMAIS;Rec. 118 / Mal Luné Music / WARNER MUSIC FRANCE;Singles;Platine;22/03/2019;24/01/2020;10 mois
DADJU FEAT. MAÎTRE GIMS;PAR AMOUR;UNIVERSAL MUSIC DIVISION POLYDOR / UNIVERSAL MUSIC FRANCE;Singles;Diamant;23/11/2017;24/01/2020;2 ans 2 mois
FRANK MICHAEL;LE GRAND AMOUR;PARLOPHONE / WARNER MUSIC FRANCE;Albums;Or;18/09/2019;24/01/2020;4 mois
DJADJA & DINAZ;BÉNÉFICE MAX;Carré music / BELIEVE;Singles;Or;14/08/2019;24/01/2020;5 mois
6IX9INE;GUMMO;CAROLINE RECORDS / UNIVERSAL MUSIC FRANCE;Singles;Or;10/11/2017;24/01/2020;2 ans 2 mois
EDDY DE PRETTO;CURE;Initial Artist Services  / UNIVERSAL MUSIC FRANCE;Albums;Triple Platine;02/03/2018;17/01/2020;1 an 10 mois
NICKY JAM;FÉNIX;SONY MUSIC LATIN / SONY MUSIC ENTERTAINMENT;Albums;Or;20/01/2017;17/01/2020;3 ans
LES ENFOIRÉS;LES 30 ANS DES ENFOIRÉS 1989 2019;COLUMBIA / SONY MUSIC ENTERTAINMENT;Albums;Or;29/11/2019;17/01/2020;1 mois
KALEO;WAY DOWN WE GO;ATLANTIC / WARNER MUSIC FRANCE;Singles;Diamant;07/08/2015;17/01/2020;4 ans 6 mois
LORENZO;NIQUE LA BAC;UNIVERSAL MUSIC DISTRIBUTION DEAL / UNIVERSAL MUSIC FRANCE;Singles;Or;23/08/2019;17/01/2020;4 mois
NINHO;PUTANA;Rec. 118 / Mal Luné Music / WARNER MUSIC FRANCE;Singles;Diamant;22/03/2019;17/01/2020;10 mois
MULTI INTERPRÈTES;FG RADIO 25 ANS (1992-2017);UMSM / UNIVERSAL MUSIC FRANCE;Albums;Or;23/12/2016;10/01/2020;3 ans 1 mois
OBOY;JE M'EN TAPE;SYNDICATE RECORDS / BELIEVE;Singles;Or;14/06/2019;10/01/2020;7 mois
CHRISTOPHE MAE;LA VIE D'ARTISTE;PARLOPHONE / WARNER MUSIC FRANCE;Albums;Platine;25/10/2019;10/01/2020;2 mois
SILK CITY & DUA LIPA FEAT. DIPLO & MARK RONSON;ELECTRICITY;COLUMBIA / SONY MUSIC ENTERTAINMENT;Singles;Or;06/09/2018;10/01/2020;1 an 4 mois
DJADJA & DINAZ;POSSÉDÉ;Carré music / BELIEVE;Singles;Platine;08/03/2019;13/12/2019;9 mois
SOPRANO;PHOENIX;REC. 118 / WARNER MUSIC FRANCE;Albums;Diamant;09/11/2018;13/12/2019;1 an 1 mois
VARIOUS ARTISTS;ULTIMATE... SUMMER;COL	/ SONY MUSIC ENTERTAINMENT;Albums;Or;10/06/2016;13/12/2019;3 ans 6 mois
JUL;DANS MA PARANOIA;LIGA ONE INDUSTRY / BELIEVE;Albums;Platine;24/02/2014;13/12/2019;5 ans 10 mois
ANUEL AA, DADDY YANKEE & KAROL G FEAT. J BALVIN & OZUNA;CHINA;2019 Real Hasta La Muerte, LLC. / THE ORCHARD;Singles;Or;19/07/2019;13/12/2019;4 mois
AYA NAKAMURA;ÇA FAIT MAL;REC. 118 / WARNER MUSIC FRANCE;Singles;Or;25/10/2019;13/12/2019;1 mois
JÉRÉMY FRÉROT;MATRIOCHKA;6&7	/ BELIEVE;Albums;Or;12/10/2018;06/12/2019;1 an 2 mois
BTS;MAP OF THE SOUL: PERSONA;BIGHIT ENTERTAINMENT / SONY MUSIC ENTERTAINMENT;Albums;Or;12/04/2019;06/12/2019;7 mois
MYLÈNE FARMER;LIVE 2019;Stuffed Monkey / SONY MUSIC ENTERTAINMENT;Vidéos;Diamant;06/12/2019;06/12/2019;
THE ROLLING STONES;VOODOO LOUNGE UNCUT;EAGLE ROCK / UNIVERSAL MUSIC FRANCE;Vidéos;Or;16/11/2018;06/12/2019;1 an
RENAUD;LES MÔMES ET LES ENFANTS D'ABORD;PARLOPHONE	/ WARNER MUSIC FRANCE;Albums;Platine;29/11/2019;06/12/2019;
IBRAHIM MAALOUF;10 ANS DE LIVE ! (VERSION SIMPLIFIÉE);UNIVERSAL MUSIC FRANCE;Albums;Platine;07/10/2016;06/12/2019;3 ans 2 mois
BREAKBOT;BABY I'M YOURS;ED BANGER RECORDS / BECAUSE MUSIC;Singles;Platine;15/02/2010;04/12/2019;9 ans 11 mois
BOOBA;GLAIVE;TALLAC RECORDS / UNIVERSAL MUSIC FRANCE;Singles;Or;31/07/2019;29/11/2019;4 mois
EVA;QUEEN;ALDAM PRODUCTION / UNIVERSAL MUSIC FRANCE;Albums;Platine;05/07/2019;29/11/2019;4 mois
DADDY YANKEE FEAT. SNOW;CON CALMA;MCA LATINO / UNIVERSAL MUSIC FRANCE;Singles;Diamant;24/01/2019;29/11/2019;10 mois
XXXTENTACION;JOCELYN FLORES;Bad Vibes Forever / EMPIRE;Singles;Platine;25/08/2017;29/11/2019;2 ans 3 mois
-M-;LETTRE INFINIE;3EME BUREAU / WAGRAM;Albums;Platine;25/01/2019;29/11/2019;10 mois
KAARIS;DIARABI;Def Jam	/ UNIVERSAL MUSIC FRANCE;Singles;Diamant;03/11/2017;29/11/2019;2 ans 1 mois
TONES AND I;DANCE MONKEY;Elektra (NEK)	/ WARNER MUSIC FRANCE;Singles;Diamant;08/08/2019;29/11/2019;3 mois
ANGÈLE;LA LOI DE MURPHY;ANGÈLE VL RECORDS /   UNIVERSAL MUSIC FRANCE;Singles;Platine;23/10/2017;29/11/2019;2 ans 1 mois
VINCENT NICLO;TANGO;TF1 ENTERTAINMENT / SONY MUSIC ENTERTAINMENT;Albums;Or;21/09/2018;29/11/2019;1 an 2 mois
ALDEBERT;ENFANTILLAGES 3;JIVE EPIC / SONY MUSIC ENTERTAINMENT;Albums;Platine;22/09/2017;29/11/2019;2 ans 2 mois
RILÈS;SHOULD I;RILÈSUNDAYZ  / TuneCore, Inc / TUNECORE;Singles;Or;25/09/2016;29/11/2019;3 ans 2 mois
COLUMBINE;TEMPS ÉLECTRIQUE;Initial Artist Services / UNIVERSAL MUSIC FRANCE;Singles;Or;21/04/2017;29/11/2019;2 ans 7 mois
ELLIE GOULDING, DIPLO & SWAE LEE;CLOSE TO ME;POLYDOR / UNIVERSAL MUSIC FRANCE;Singles;Or;24/10/2018;22/11/2019;1 an 1 mois
NIO GARCIA, DARELL & CASPER MAGICO;TE BOTÉ;2017 Flow La Movie, Inc. / THE ORCHARD;Singles;Platine;01/12/2017;22/11/2019;2 ans
DJ SNAKE & J. BALVIN FEAT. TYGA;LOCO CONTIGO;DJ Snake Music Productions Limited, unde / UNIVERSAL MUSIC FRANCE;Singles;Diamant;14/06/2019;22/11/2019;5 mois
CECILIA KRULL VS. GAVIN MOSS;MY LIFE IS GOING ON;MUSHROOM PILLOW / BELIEVE;Singles;Or;11/05/2018;15/11/2019;1 an 6 mois
NEKFEU;PREMIER PAS;SEINE ZOO RECORDS / UNIVERSAL  DIVISION POLYDOR;Singles;Or;21/06/2019;15/11/2019;4 mois
DRAKE;VIEWS;CASH MONEY RECORDS / UNIVERSAL MUSIC FRANCE;Albums;Double Platine;11/05/2016;27/09/2019;3 ans 5 mois
GRINGE;ENFANT LUNE;3EME BUREAU / WAGRAM;Albums;Or;19/10/2018;27/09/2019;11 mois
SHAWN MENDES;IN MY BLOOD;UNIVERSAL MUSIC;Singles;Or;22/03/2018;27/09/2019;1 an 6 mois
PNL;CELSIUS;QLF RECORDS / BELIEVE;Singles;Or;05/07/2019;20/09/2019;2 mois
KEZAH FEAT. FREDDY & SQUEEZIE;MIRADOR;MIXICOM / UNIVERSAL MUSIC FRANCE;Singles;Or;14/06/2019;20/09/2019;3 mois
PATRICK FIORI;PROMESSE;SMART / SONY MUSIC ENTERTAINMENT;Albums;Platine;29/09/2017;20/09/2019;2 ans
TAYLOR SWIFT;RED;MERCURY / UNIVERSAL MUSIC FRANCE;Albums;Or;22/10/2012;17/09/2019;7 ans
PNL;LE MONDE CHICO;QLF / BELIEVE;Albums;Triple Platine;30/10/2015;17/09/2019;3 ans 11 mois
PNL;OH LA LA;QLF / BELIEVE;Singles;Platine;30/10/2015;17/09/2019;3 ans 11 mois
PNL;REBENGA;QLF / BELIEVE;Singles;Platine;30/10/2015;17/09/2019;3 ans 11 mois
PNL;LE MONDE OU RIEN;QLF / BELIEVE;Singles;Platine;30/10/2015;17/09/2019;3 ans 11 mois
PNL;JE VIS JE VISSER;QLF / BELIEVE;Singles;Or;03/03/2015;17/09/2019;4 ans 7 mois
PNL;MEXICO;QLF / BELIEVE;Singles;Or;30/10/2015;17/09/2019;3 ans 11 mois
PNL;ABONNE;QLF / BELIEVE;Singles;Or;30/10/2015;17/09/2019;3 ans 11 mois
PNL;J'VENDS;QLF / BELIEVE;Singles;Or;30/10/2015;17/09/2019;3 ans 11 mois
PNL;DANS TA RUE;QLF / BELIEVE;Singles;Or;30/10/2015;17/09/2019;3 ans 11 mois
PNL;SUR PANAME;QLF / BELIEVE;Singles;Or;30/10/2015;17/09/2019;3 ans 11 mois
PNL;QUE LA MIF;QLF / BELIEVE;Singles;Or;30/10/2015;17/09/2019;3 ans 11 mois
TAYLOR SWIFT;1989;MERCURY MUSIC GROUP / UNIVERSAL MUSIC FRANCE;Albums;Platine;27/10/2014;13/09/2019;4 ans 11 mois
ALVARO SOLER;LA CINTURA;UNIVERSAL MUSIC;Singles;Or;29/03/2018;13/09/2019;1 an 5 mois
CALVIN HARRIS FEAT. RAG N BONE MAN;GIANT;COLUMBIA / SONY MUSIC ENTERTAINMENT;Singles;Platine;13/01/2019;06/09/2019;7 mois
ADELE;SEND MY LOVE (TO YOUR NEW LOVER);XL RECORDINGS / BEGGARS;Singles;Or;16/05/2016;06/09/2019;3 ans 4 mois
NIRVANA;COME AS YOU ARE;GEFFEN / UNIVERSAL MUSIC FRANCE;Singles;Or;24/02/1992;06/09/2019;27 ans 11 mois
NINHO;BIG PAC;Rec. 118 / Mal Luné Music / WARNER MUSIC FRANCE;Singles;Or;22/03/2019;06/09/2019;5 mois
XXXTENTACION;THE REMEDY FOR A BROKEN HEART (WHY AM I SO IN LOVE);Bad Vibes Forever, LLC / UNIVERSAL MUSIC FRANCE;Singles;Or;15/03/2018;06/09/2019;1 an 6 mois
NINHO;TOKAREV;Rec. 118 / Mal Luné  / Music WARNER MUSIC FRANCE;Singles;Or;22/03/2019;30/08/2019;5 mois
DADJU FEAT. FRANGLISH;DJANGO;UNIVERSAL MUSIC DIVISION POLYDOR / UNIVERSAL MUSIC FRANCE;Singles;Diamant;25/11/2017;23/08/2019;1 an 9 mois
BENJAMIN BIOLAY;VOLVER;POLYDOR / UNIVERSAL MUSIC FRANCE;Albums;Or;19/05/2017;23/08/2019;2 ans 3 mois
LOMEPAL;PALPAL;Pineale Prod - Grand Musique Management / IDOL;Singles;Or;01/12/2017;23/08/2019;1 an 9 mois
DJ SNAKE;ENCORE;POLYDOR / UNIVERSAL MUSIC FRANCE;Albums;Platine;05/08/2016;23/08/2019;3 ans 1 mois
SHAKE SHAKE GO;ENGLAND SKIES;MY MAJOR COMPANY / WARNER MUSIC FRANCE;Singles;Or;08/12/2014;25/06/2019;4 ans 7 mois
NINHO;LA VIE QU'ON MÈNE;Rec. 118 / Mal Luné Music	/ WARNER MUSIC FRANCE;Singles;Platine;22/03/2019;21/06/2019;3 mois
MICHEL SARDOU;LA DERNIÈRE DANSE;MERCURY RECORDS / UNIVERSAL MUSIC FRANCE;Albums;Or;23/11/2018;21/06/2019;7 mois
HUGO TSR;TANT QUON EST LA;URBAN/ PIAS FRANCE	/ TUNECORE;Albums;Or;22/09/2017;21/06/2019;1 an 9 mois
DJ SNAKE FEAT. SELENA GOMEZ, OZUNA & CARDI B;TAKI TAKI;INTERSCOPE RECORDS / UNIVERSAL MUSIC FRANCE;Singles;Diamant;28/09/2018;21/06/2019;8 mois
EL PROFESOR;BELLA CIAO;SCORPIO MUSIC / BELIEVE;Singles;Or;01/08/2018;21/06/2019;10 mois
NISKA FEAT. BOOBA;MÉDICAMENT;MILLENIUM / UNIVERSAL MUSIC FRANCE;Singles;Platine;05/04/2019;14/06/2019;2 mois
DADDY YANKEE;DURA;MCA LATINO	/ UNIVERSAL MUSIC FRANCE;Singles;Or;18/01/2018;14/06/2019;1 an 5 mois
SOOLKING;FRUIT DU DÉMON;AFFRANCHIS MUSIC / UNIVERSAL MUSIC FRANCE;Albums;Platine;02/11/2018;14/06/2019;7 mois
LSD FEAT. SIA, DIPLO & LABRINTH;THUNDERCLOUDS;Columbia  Records / SONY MUSIC ENTERTAINMENT;Singles;Platine;09/08/2018;14/06/2019;10 mois
ANGÈLE;BALANCE TON QUOI;ANGELE VL RECORDS / UNIVERSAL MUSIC FRANCE;Singles;Diamant;06/10/2018;07/06/2019;8 mois
EVA;MOOD;ALDAM PRODUCTION	 / UNIVERSAL MUSIC FRANCE;Singles;Or;26/10/2018;07/06/2019;7 mois
OZUNA;BAILA BAILA BAILA;VP Records Corp/Dimelo Vi / THE ORCHARD;Singles;Or;05/01/2019;07/06/2019;5 mois
JUL;DANS MA PARANOIA;LIGA ONE INDUSTRY / BELIEVE;Albums;Triple Platine;24/02/2014;01/06/2019;5 ans 4 mois
NINHO FEAT. NISKA;MAMAN NE LE SAIT PAS;Rec. 118 / Mal Luné Music	/ WARNER MUSIC FRANCE;Singles;Platine;22/03/2019;31/05/2019;2 mois
KALASH CRIMINEL;LA FOSSE AUX LIONS;URBAN PLAY / UNIVERSAL MUSIC FRANCE;Albums;Or;23/11/2018;31/05/2019;6 mois
DAVID GUETTA FEAT. ANNE-MARIE;DON'T LEAVE ME ALONE;Parlophone France / WARNER MUSIC FRANCE;Singles;Or;26/07/2018;31/05/2019;10 mois
BOOBA;SCARFACE;UNIVERSAL MUSIC DISTRIBUTION DEAL	/ UNIVERSAL MUSIC FRANCE;Singles;Or;11/03/2017;31/05/2019;2 ans 3 mois
DADJU;JALOUX;POLYDOR / UNIVERSAL MUSIC FRANCE;Singles;Diamant;03/10/2018;31/05/2019;8 mois
AMIR;ADDICTIONS;WARNER / WARNER MUSIC FRANCE;Albums;Triple Platine;27/10/2017;31/05/2019;1 an 7 mois
PNL;AU DD;QLF RECORDS / BELIEVE;Singles;Diamant;22/03/2019;31/05/2019;2 mois
TAME IMPALA;CURRENTS;CAROLINE / UNIVERSAL MUSIC FRANCE;Albums;Or;17/07/2015;24/05/2019;3 ans 10 mois
SOPRANO;MILLIONNAIRE;REC. 118 / WARNER MUSIC FRANCE;Singles;Or;02/11/2018;24/05/2019;6 mois
LOMEPAL FEAT. JEANJASS;X-MEN;Pineale Prod - Grand Musique Management	/ IDOL;Singles;Or;07/12/2018;24/05/2019;5 mois
JOHNNY HALLYDAY;MON PAYS C'EST L'AMOUR;WARNER / WARNER MUSIC FRANCE;Albums;Triple diamant;19/10/2018;24/05/2019;7 mois
KOBA LAD;VII;DEF JAM FRANCE / UNIVERSAL MUSIC FRANCE;Albums;Platine;28/09/2018;24/05/2019;7 mois
ORELSAN FEAT. IBEYI;NOTES POUR TROP TARD;WAGRAM MUSIC / 3EME BUREAU / WAGRAM;Singles;Platine;19/10/2017;24/05/2019;1 an 7 mois
S.PRI NOIR FEAT. NEKFEU;JUSTE POUR VOIR;AllPoints / BELIEVE;Singles;Platine;11/05/2018;24/05/2019;1 an
ELSA ESNOULT;3;JLA PRODUCTIONS / WAGRAM;Albums;Or;27/04/2018;17/05/2019;1 an
ANDRÉ RIEU;LA MAGIE DE MAASTRICHT - 30 ANS DE L'ORCHESTRE JOHANN STRAUSS;POLYDOR / UNIVERSAL MUSIC FRANCE;Vidéos;Or;24/11/2017;17/05/2019;1 an 5 mois
JOHNNY HALLYDAY;COFFRET 2CD;WARNER / WARNER MUSIC FRANCE;Albums;Or;11/08/2017;22/03/2019;1 an 7 mois
CHARLES AZNAVOUR;BEST OF 40 CHANSONS;EMI	/ UNIVERSAL MUSIC FRANCE;Albums;Or;26/02/2016;22/03/2019;3 ans 1 mois
CAMILA CABELLO;NEVER BE THE SAME;SYCO MUSIC/EPIC / SONY MUSIC ENTERTAINMENT;Singles;Or;17/12/2017;22/03/2019;1 an 3 mois
ROHFF;SURNATUREL;LEGEND ALIVE / BELIEVE;Albums;Or;14/12/2018;15/03/2019;3 mois
NINHO;GOUTTE D'EAU;Rec. 118 / Mal Luné Music / WARNER MUSIC FRANCE;Singles;Or;21/02/2019;15/03/2019;
KYGO & IMAGINE DRAGONS;BORN TO BE YOURS;Interscope / SONY MUSIC ENTERTAINMENT;Singles;Or;15/06/2018;15/03/2019;9 mois
RIM'K FEAT. NINHO;AIR MAX;FRENESIK / CAROLINE RECORDS / UNIVERSAL MUSIC FRANCE;Singles;Diamant;25/07/2018;15/03/2019;7 mois
LES ENFOIRÉS;2019 LE MONDE DES ENFOIRÉS;COLUMBIA / SONY MUSIC ENTERTAINMENT;Vidéos;Diamant;09/03/2019;09/03/2019;
AYA NAKAMURA;COPINES;Rec. 118 / Parlophone France / WARNER MUSIC FRANCE;Singles;Diamant;24/08/2018;08/03/2019;6 mois
DIRE STRAITS;ALCHEMY LIVE;UNIVERSAL MUSIC / UNIVERSAL MUSIC FRANCE;Vidéos;Or;25/02/2016;08/03/2019;3 ans
HEUSS L'ENFOIRÉ;EN ESPRIT;AllPoints / BELIEVE;Albums;Or;25/01/2019;08/03/2019;1 mois
XXXTENTACION & LIL PUMP FEAT. MALUMA & SWAE LEE;ARMS AROUND YOU;WARNER BROS. / WARNER MUSIC FRANCE;Singles;Or;25/10/2018;08/03/2019;4 mois
DEAN LEWIS;BE ALRIGHT;ISLAND / UNIVERSAL MUSIC FRANCE;Singles;Or;29/06/2018;01/03/2019;8 mois
PANIC! AT THE DISCO;HIGH HOPES;DCD2 / Fueled By Ramen / WARNER MUSIC FRANCE;Singles;Or;23/05/2018;01/03/2019;9 mois
EVA FEAT. LARTISTE;ON FLEEK;ALDAM PRODUCTION	 / UNIVERSAL MUSIC FRANCE;Singles;Or;11/01/2019;01/03/2019;1 mois
LOMEPAL;YEUX DISENT;Pineale Prod - Grand Musique Management / IDOL;Singles;Diamant;14/06/2017;01/03/2019;1 an 8 mois
BRAMSITO FEAT. BOOBA;SALE MOOD;CAPITOL	 / UNIVERSAL MUSIC FRANCE;Singles;Platine;01/11/2018;01/03/2019;4 mois
STING & SHAGGY;44/876;A & M / UNIVERSAL MUSIC FRANCE;Albums;Or;20/04/2018;22/02/2019;10 mois
DOSSEH;A CHAQUE JOUR...;Universal Music Division Capitol Music F	 / UNIVERSAL MUSIC FRANCE;Singles;Or;07/07/2018;22/02/2019;7 mois
LOMEPAL FEAT. SUPERPOZE;BÉCANE;Pineale Prod - Grand Musique Management / IDOL;Singles;Or;01/12/2017;22/02/2019;1 an 2 mois
JOHNNY HALLYDAY;LES ANNÉES LIVE WARNER (COFFRET 7 DVD);WARNER / WARNER MUSIC FRANCE;Vidéos;Double Platine;26/10/2018;22/02/2019;3 mois
ZAZIE;ESSENCIEL;6 & 7 / BELIEVE;Albums;Platine;07/09/2018;15/02/2019;5 mois
RENAUD CAPUCON;CINEMA;WARNER CLASSICS / WARNER MUSIC FRANCE;Albums;Or;12/10/2018;15/02/2019;4 mois
MAÎTRE GIMS FEAT. DADJU;TU NE LE VOIS PAS;PLAY TWO / SONY MUSIC ENTERTAINMENT;Singles;Or;24/08/2018;15/02/2019;5 mois
DADJU;SECONDE CHANCE;UNIVERSAL MUSIC DIVISION POLYDOR / UNIVERSAL MUSIC FRANCE;Singles;Or;25/11/2017;15/02/2019;1 an 2 mois
LOMEPAL FEAT. ROMÉO ELVIS;1000°C;Pineale Prod - Grand Musique Management	/ IDOL;Singles;Platine;17/09/2018;15/02/2019;5 mois
DAVID HALLYDAY;J'AI QUELQUE CHOSE À VOUS DIRE;PLAY TWO / WAGRAM;Albums;Platine;07/12/2018;15/02/2019;2 mois
LORD HURON FEAT. PHOEBE BRIDGERS;THE NIGHT WE MET;Interscope / UNIVERSAL MUSIC FRANCE;Singles;Or;17/05/2018;08/02/2019;8 mois
BURAK YETER & CECILIA KRULL;MY LIFE IS GOING ON;Kontor Records / KONTOR NEW MEDIA;Singles;Or;28/05/2018;08/02/2019;8 mois
AYA NAKAMURA;OULA;REC. 118 / WARNER MUSIC FRANCE;Singles;Or;02/11/2018;08/02/2019;3 mois
ALAIN BASHUNG;EN AMONT;BARCLAY / UNIVERSAL MUSIC FRANCE;Albums;Platine;23/11/2018;21/12/2018;
LENNY KRAVITZ;RAISE VIBRATION;BMG RIGHTS MANAGEMENT / WARNER MUSIC FRANCE;Albums;Or;07/09/2018;21/12/2018;3 mois
NOLWENN LEROY;FOLK;MERCURY RECORDS / UNIVERSAL MUSIC FRANCE;Albums;Or;02/11/2018;21/12/2018;1 mois
QUEEN;THE PLATINUM COLLECTION;MERCURY MUSIC GROUP / UNIVERSAL MUSIC FRANCE;Albums;Double Platine;12/11/2000;18/12/2018;18 ans 4 mois
MYLÈNE FARMER;DÉSOBÉISSANCE;Stuffed Monkey / SONY MUSIC ENTERTAINMENT;Albums;Double Platine;28/09/2018;14/12/2018;2 mois
KARAOKE;COFFRET 5 DVD STARS 80;UMSM / UNIVERSAL MUSIC FRANCE;Vidéos;Or;02/11/2018;14/12/2018;1 mois
KARAOKE;COFFRET 10 DVD STARS 80;UMSM / UNIVERSAL MUSIC FRANCE;Vidéos;Or;02/11/2018;14/12/2018;1 mois
JULIETTE ARMANET;L'AMOUR EN SOLITAIRE;UNIVERSAL MUSIC DIVISION BARCLAY / UNIVERSAL MUSIC FRANCE;Singles;Or;02/11/2018;14/12/2018;1 mois
VEGEDREAM;MARCHAND DE SABLE PART. 4 (DU SAAL);CASABLANCA / UNIVERSAL MUSIC FRANCE;Singles;Or;26/01/2018;14/12/2018;10 mois
VEGEDREAM;RAMENEZ LA COUPE À LA MAISON;CASABLANCA / UNIVERSAL MUSIC FRANCE;Singles;Diamant;03/08/2018;14/12/2018;4 mois
DEEN BURBIGO;GRAND CRU;BARCLAY / UNIVERSAL MUSIC FRANCE;Albums;Or;17/03/2017;07/12/2018;1 an 9 mois
KIMBEROSE;CHAPTER ONE;6 & 7 / BELIEVE;Albums;Or;01/06/2018;07/12/2018;6 mois
LOMEPAL;70;Pineale Prod - Grand Musique Management	 / IDOL;Singles;Or;01/12/2017;07/12/2018;1 an
KIDS UNITED NOUVELLE GENERATION;AU BOUT DE NOS REVES;PLAY ON / WARNER MUSIC FRANCE;Albums;Platine;17/08/2018;07/12/2018;3 mois
JAIN;ZANAKA;COLUMBIA / SONY MUSIC;Albums;Diamant;06/11/2015;05/12/2018;3 ans 1 mois
JUL;LACRIZEOMIC;LIGA ONE INDUSTRY / BELIEVE;Albums;Platine;23/06/2014;01/12/2018;4 ans 6 mois
NISKA;COUNTRY;Rec. 118 / Parlophone France / WARNER MUSIC FRANCE;Singles;Or;20/04/2018;30/11/2018;7 mois
JONAS BLUE FEAT. JACK & JACK;RISE;PM:AM RECORDINGS / UNIVERSAL MUSIC FRANCE;Singles;Or;25/05/2018;30/11/2018;6 mois
HORNET LA FRAPPE;DANS LES YEUX;REC. 118 / WARNER MUSIC FRANCE;Albums;Or;21/09/2018;30/11/2018;2 mois
JOHNNY HALLYDAY;DANS LA CHALEUR DE BERCY;MERCURY RECORDS / UNIVERSAL MUSIC FRANCE;Vidéos;Or;12/01/2018;30/11/2018;10 mois
6IX9INE FEAT. NICKI MINAJ & MURDA BEATZ;FEFE;CAROLINE RECORDS / UNIVERSAL MUSIC FRANCE;Singles;Or;22/07/2018;23/11/2018;4 mois
DJADJA & DINAZ;LE REVERS DE LA MÉDAILLE;BENDO MUSIC / CARRE MUSIC / UNIVERSAL MUSIC PUBLISHING;Albums;Platine;20/04/2018;23/11/2018;7 mois
POST MALONE;BEERBONGS & BENTLEYS;DEF JAM	/ UNIVERSAL MUSIC FRANCE;Albums;Or;04/05/2018;23/11/2018;6 mois
GAME OVER;GAME OVER;REC. 118 / 50K EDITIONS / WARNER MUSIC FRANCE;Albums;Or;20/04/2018;16/11/2018;7 mois
JOHNNY HALLYDAY;BORN ROCKER TOUR/LIVE THEÂTRE DE PARIS;WARNER / WARNER MUSIC FRANCE;Vidéos;Or;25/11/2013;16/11/2018;5 ans
LOMEPAL;CLUB;Pineale Prod - Grand Musique Management	/ IDOL;Singles;Or;24/11/2017;16/11/2018;11 mois
XXXTENTACION;MOONLIGHT;Bad Vibes Forever, LLC / UNIVERSAL MUSIC FRANCE;Singles;Platine;16/03/2018;16/11/2018;8 mois
DAMSO;FEU DE BOIS;CAPITOL / UNIVERSAL MUSIC FRANCE;Singles;Platine;15/06/2018;16/11/2018;5 mois
ARIANA GRANDE;MY EVERYTHING;MERCURY / UNIVERSAL MUSIC FRANCE;Albums;Platine;25/08/2014;15/11/2018;4 ans 3 mois
NEKFEU;ON VERRA;SEINE ZOO RECORDS / UNIVERSAL DIVISION  POLYDOR;Singles;Diamant;03/05/2015;15/11/2018;3 ans 7 mois
NIRO;LES AUTRES / OR GAME;AZ / UNIVERSAL MUSIC FRANCE;Albums;Platine;09/12/2016;24/08/2018;1 an 8 mois
RIDSA;LÀ C'EST DIE;WAGRAM MUSIC;Singles;Or;13/05/2016;24/08/2018;2 ans 3 mois
DRAKE;NICE FOR WHAT;CASH MONEY RECORDS / UNIVERSAL MUSIC FRANCE;Singles;Or;07/04/2018;24/08/2018;4 mois
AMIR;AU COEUR DE MOI;WARNER /  WARNER MUSIC France;Albums;Triple Platine;29/04/2016;24/08/2018;2 ans 4 mois
MULTI INTERPRÈTES;TAXI 5;CAPITOL	 / UNIVERSAL MUSIC FRANCE;Albums;Platine;06/04/2018;17/08/2018;4 mois
JOHNNY HALLYDAY;BERCY 92;MERCURY / UNIVERSAL MUSIC FRANCE;Vidéos;Or;12/01/2018;17/08/2018;7 mois
DRAKE;GOD'S PLAN;Universal Music Division Def Jam Recordings / UNIVERSAL MUSIC FRANCE;Singles;Diamant;20/01/2018;17/08/2018;6 mois
DOSSEH;HABITUÉ;CAPITOL / UNIVERSAL MUSIC FRANCE;Singles;Platine;12/05/2018;10/08/2018;3 mois
MICHEL SARDOU;LES GRANDS MOMENTS LIVE;MERCURY RECORDS / UNIVERSAL MUSIC FRANCE;Vidéos;Or;25/11/2013;10/08/2018;4 ans 9 mois
JOHNNY HALLYDAY;ALLUMER LE FEU - STADE DE FRANCE 1998;MERCURY RECORDS / UNIVERSAL MUSIC FRANCE;Vidéos;Platine;12/01/2018;10/08/2018;7 mois
EDDY MITCHELL;LA MÊME TRIBU (Volume 2);POLYDOR / UNIVERSAL MUSIC FRANCE;Albums;Platine;25/05/2018;03/08/2018;2 mois
MULTI INTERPRETES;CINQUANTE NUANCES PLUS CLAIRES;REPUBLIC RECORDS / UNIVERSAL MUSIC;Albums;Or;09/02/2018;27/07/2018;5 mois
RIM'K;FANTÔME;FRENESIK / CAROLINE RECORDS / UNIVERSAL MUSIC FRANCE;Albums;Platine;03/03/2017;27/07/2018;1 an 5 mois
DAVID GUETTA, MARTIN GARRIX & BROOKS;LIKE I DO;PARLOPHONE FRANCE / WARNER MUSIC;Singles;Or;22/02/2018;27/07/2018;5 mois
MAÎTRE GIMS & VIANNEY;LA MÊME;PLAY TWO / SONY MUSIC ENTERTAINMENT;Singles;Diamant;09/03/2018;20/07/2018;4 mois
LARTISTE FEAT. CAROLIINA;MAFIOSA;BECAUSE MUSIC / WARNER MUSIC FRANCE;Singles;Diamant;23/02/2018;29/06/2018;4 mois
LA LEGENDE DU ROI ARTHUR;LEGENDE DU ROI ARTHUR (LA);WARNER / WARNER MUSIC FRANCE;Vidéos;Or;21/10/2016;29/06/2018;1 an 8 mois
ALESSIA CARA;HERE;Universal Music Division Def Jam Recordi / UNIVERSAL MUSIC FRANCE;Singles;Or;11/03/2016;29/06/2018;2 ans 4 mois
JOHNNY HALLYDAY;50 PLUS BELLES CHANSONS;MERCURY RECORDS / UNIVERSAL MUSIC FRANCE;Albums;Triple Platine;12/01/2018;29/06/2018;5 mois
MIGOS;CULTURE;Because Music / 300 / BECAUSE MUSIC;Albums;Or;28/01/2017;29/06/2018;1 an 5 mois
HAYCE LEMSI;ELECTRON LIBRE 2;ELEVENS MUSIC / PIAS FRANCE;Albums;Or;17/02/2017;29/06/2018;1 an 4 mois
LANA DEL REY;LUST FOR LIFE;INTERSCOPE RECORDS / UNIVERSAL MUSIC FRANCE;Albums;Or;21/07/2017;22/06/2018;11 mois
DRAKE;HOTLINE BLING;Drake (Cash Money) / UNIVERSAL MUSIC FRANCE;Singles;Platine;29/04/2016;22/06/2018;2 ans 2 mois
MAJOR LAZER FEAT. MOTI, TY DOLLA $iGN, WIZKID & KRANIUM;BOOM;BECAUSE MUSIC / WARNER MUSIC FRANCE;Singles;Or;27/11/2015;22/06/2018;2 ans 7 mois
MMZ;N'DA;MUSICAST / BELIEVE;Albums;Or;11/11/2017;22/06/2018;7 mois
ELSA ESNOULT;TOUT EN HAUT;JLA PRODUCTIONS / WAGRAM;Albums;Or;18/11/2017;22/06/2018;7 mois
YL;CONFIDENCES;DEF JAM FRANCE / UNIVERSAL MUSIC FRANCE;Albums;Or;23/02/2018;01/06/2018;3 mois
L'ALGERINO;"""BANDERAS""";MUSICAST / BELIEVE;Albums;Or;27/04/2016;01/06/2018;2 ans 1 mois
LARTISTE;"""FENOMENO""";MUSICAST / BELIEVE;Albums;Or;01/06/2018;01/06/2018;
NAPS;À L'INSTINCT;13Eme Art Records / MUSICAST / BELIEVE;Albums;Platine;09/03/2018;01/06/2018;2 mois
LACRIM FEAT. MISTER YOU;INTOCABLE;DEF JAM / UNIVERSAL MUSIC FRANCE;Singles;Or;16/11/2017;06/04/2018;4 mois
LIAM PAYNE & RITA ORA;FOR YOU (FIFTY SHADES FREED);CAPITOL	/ UNIVERSAL MUSIC FRANCE;Singles;Or;05/01/2018;06/04/2018;3 mois
MAÎTRE GIMS FEAT. SOFIANE;LOUP GAROU;PLAY TWO / SONY MUSIC ENTERTAINMENT;Singles;Or;08/03/2018;06/04/2018;
STEVE AOKI & LOUIS TOMLINSON;JUST HOLD ON;Ultra Music / SONY MUSIC ENTERTAINMENT;Singles;Or;10/12/2016;06/04/2018;1 an 4 mois
JUL;HENRICO;D'OR ET DE Platine / BELIEVE;Singles;Or;01/12/2017;06/04/2018;4 mois
NINHO;COMME PREVU;REC.118 / PARLOPHONE FRANCE / WARNER MUSIC FRANCE;Albums;Triple Platine;08/09/2017;06/04/2018;7 mois
SADEK FEAT. NINHO;MADRE MIA;REC.118 / PARLOPHONE FRANCE / WARNER MUSIC FRANCE;Singles;Diamant;15/09/2017;30/03/2018;6 mois
LES ENFOIRÉS;ENFOIRÉS 2018 MUSIQUE !;COLUMBIA / SONY MUSIC ENTERTAINMENT;Albums;Double Platine;09/03/2018;30/03/2018;
MIGOS FEAT. LIL UZI VERT;BAD AND BOUJEE;300 Entertainment	/ WARNER MUSIC FRANCE;Singles;Platine;28/10/2016;30/03/2018;1 an 5 mois
PITBULL FEAT. KE$HA;TIMBER;SONY MUSIC ENTERTAINMENT;Singles;Or;01/12/2017;30/03/2018;3 mois
CHARLY BLACK;GYAL YOU A PARTY ANIMAL;UNIVERSAL MUSIC FRANCE;Singles;Or;21/07/2017;30/03/2018;8 mois
KIDS UNITED;L'OISEAU ET L'ENFANT;PLAY ON	 / WARNER MUSIC FRANCE;Singles;Or;19/08/2018;30/03/2018;4 mois
MC FIOTI FEAT. FUTURE, J BALVIN, STEFFLON DON & JUAN MAGAN;BUM BUM TAMTAM;MCA / UNIVERSAL MUSIC FRANCE;Singles;Diamant;23/02/2017;30/03/2018;1 an 1 mois
VALD;EUROTRAP;Universal Music Division Capitol Music F	 / UNIVERSAL MUSIC FRANCE;Singles;Or;21/10/2016;30/03/2018;1 an 5 mois
DADJU;INTUITION;UNIVERSAL MUSIC DIVISION POLYDOR	/ UNIVERSAL MUSIC FRANCE;Singles;Or;10/11/2017;30/03/2018;4 mois
NAPS;TU M'AIMES PAS;13Eme Art Production	 / MUSICAST;Singles;Or;16/12/2016;30/03/2018;1 an 3 mois
DAVID GUETTA;BANG MY HEAD/REMIXES EP;PARLOPHONE 	WARNER MUSIC FRANCE;Singles;Diamant;29/01/2016;30/03/2018;2 ans 2 mois
VALD;DÉSACCORDÉ;Universal Music Division Capitol Music F	 / UNIVERSAL MUSIC FRANCE;Singles;Diamant;05/01/2018;30/03/2018;2 mois
FAT JOE & REMY MA FEAT. FRENCH MONTANA;ALL THE WAY UP;R4 So Valid LLC Empire Distribution / UNIVERSAL MUSIC FRANCE;Singles;Platine;02/03/2016;30/03/2018;2 ans 1 mois
PAUL PERSONNE;ELECTRIC RENDEZ-VOUS;VERYCORDS / WARNER MUSIC FRANCE;Vidéos;Or;16/10/2015;27/03/2018;2 ans 5 mois
MASS HYSTERIA;A L'OLYMPIA;VERYCORDS / WARNER MUSIC FRANCE;Vidéos;Or;30/09/2013;27/03/2018;4 ans 6 mois
JEMY;COMPTINES A GESTES;DEVA JEUNESSE / C PROD;Vidéos;Platine;21/11/2016;27/03/2018;1 an 4 mois
JUL;FUSILLER;D'Or et de Platine  MUSICAST;Singles;Or;24/06/2016;23/03/2018;1 an 9 mois
BLACK M FEAT. SOPRANO;FRÉROT;JIVE EPIC	 / SONY MUSIC ENTERTAINMENT;Singles;Or;28/10/2016;23/03/2018;1 an 5 mois
BENASH FEAT. SHAY & DAMSO;IVRE;AZ	/ UNIVERSAL MUSIC FRANCE;Singles;Or;30/03/2017;23/03/2018;11 mois
BIG BOI;ALL NIGHT;Sony Music Media	/ SONY MUSIC ENTERTAINMENT;Singles;Or;16/06/2017;23/03/2018;9 mois
VALD;TROPHÉE;MILLENIUM	/ UNIVERSAL MUSIC FRANCE;Singles;Or;08/09/2017;23/03/2018;6 mois
NINHO;CARBOZO;REC 118 / MAL LUNE	/ WARNER MUSIC FRANCE;Singles;Or;08/09/2017;23/03/2018;6 mois
TRYO;VENT DEBOUT;COLUMBIA	/ SONY MUSIC ENTERTAINMENT;Albums;Or;21/10/2016;23/03/2018;1 an 5 mois
JUL;C'EST PAS BEAU;D'OR ET DE Platine / MUSICAST;Singles;Or;24/06/2016;09/03/2018;1 an 8 mois
LES INSUS;DIGISLEEVE 3CD;PARLOPHONE / WARNER MUSIC FRANCE;Vidéos;Diamant;08/09/2017;09/03/2018;6 mois
DAMSO;A. NWAAR IS THE NEW BLACK;92i/Capitol / UNIVERSAL MUSIC FRANCE;Singles;Diamant;26/04/2017;09/03/2018;10 mois
JOHNNY HALLYDAY;RESTER VIVANT TOUR;WARNER / WARNER MUSIC FRANCE;Vidéos;Diamant;21/10/2016;09/03/2018;1 an 4 mois
DAVID GILMOUR;LIVE AT POMPEII;COLUMBIA / SONY MUSIC ENTERTAINMENT;Vidéos;Double Platine;29/09/2017;09/03/2018;5 mois
MADONNA;REBEL HEART TOUR;EAGLE ROCK / UNIVERSAL MUSIC FRANCE;Vidéos;Platine;15/09/2017;09/03/2018;5 mois
JOHNNY HALLYDAY;TOUR66 STADE DE FRANCE;WARNER / WARNER MUSIC FRANCE;Vidéos;Platine;16/11/2009;09/03/2018;8 ans 5 mois
JOHNNY HALLYDAY;100% JOHNNY - LIVE A LA TOUR EIFFEL;MERCURY RECORDS / UNIVERSAL MUSIC FRANCE;Vidéos;Platine;12/10/2015;09/03/2018;2 ans 5 mois
KYGO FEAT. JUSTIN JESSO;STARGAZING;Kygo / SONY MUSIC ENTERTAINMENT;Singles;Platine;24/09/2017;09/03/2018;5 mois
P!NK;BEAUTIFUL TRAUMA;RCA RECORDS LABEL / SONY MUSIC ENTERTAINMENT;Albums;Platine;13/10/2017;09/03/2018;4 mois
MZ FEAT. NEKFEU;LES PRINCES;ARISTA FRANCE / SONY MUSIC ENTERTAINMENT;Singles;Diamant;19/02/2016;09/03/2018;2 ans
LARTISTE;CLANDESTINA;BECAUSE MUSIC / BECAUSE MUSIC;Singles;Platine;04/11/2016;09/03/2018;1 an 4 mois
HORNET LA FRAPPE;JE PENSE A TOI;REC.118 / PARLOPHONE FRANCE / WARNER MUSIC FRANCE;Singles;Diamant;21/07/2017;09/03/2018;7 mois
NISKA;MEDELLIN;CAPITOL / UNIVERSAL MUSIC FRANCE;Singles;Diamant;21/09/2017;09/03/2018;5 mois
ABOU DEBEING FEAT. DADJU;TOMBE SUR ELLE;SONY MUSIC / SONY MUSIC ENTERTAINMENT;Singles;Or;16/02/2017;02/03/2018;1 an
S-CREW;DÉMARRE;SEINE ZOO RECORDS / UNIVERSAL DIVISION POLYDOR;Singles;Or;03/06/2016;02/03/2018;1 an 9 mois
KALASH FEAT. STILL FRESH;FRIENDZONE;Universal Music Division Capitol Music F	 / UNIVERSAL MUSIC FRANCE;Singles;Or;24/02/2017;02/03/2018;1 an
DOSSEH;PDCV (PAS DANS CETTE VIE);Universal Music Division Capitol Music F	 / UNIVERSAL MUSIC FRANCE;Singles;Or;14/07/2017;02/03/2018;7 mois
BIGFLO & OLI;DOMMAGE;POLYDOR / UNIVERSAL MUSIC FRANCE;Singles;Diamant;22/06/2017;02/03/2018;8 mois
LARTISTE;PARDONNER;BECAUSE MUSIC / WARNER MUSIC FRANCE;Singles;Or;09/05/2017;02/03/2018;9 mois
M, TOUMANI DIABATÉ &  SIDIKI DIABATÉ FEAT. FATOUMATA DIAWARA;BAL DE BAMAKO;Wagram Music / 3ème Bureau / WAGRAM;Singles;Or;16/12/2016;02/03/2018;1 an 2 mois
GAUVAIN SERS;POURVU;FONTANA / UNIVERSAL MUSIC FRANCE;Albums;Platine;09/06/2017;02/03/2018;8 mois
MACKLEMORE FEAT. SKYLAR GREY;GLORIOUS;Bendo LLC / WARNER MUSIC FRANCE;Singles;Diamant;15/06/2017;02/03/2018;8 mois
ARIANA GRANDE FEAT. NICKI MINAJ;SIDE TO SIDE;MERCURY / UNIVERSAL MUSIC FRANCE;Singles;Platine;19/05/2016;23/02/2018;1 an 9 mois
ORELSAN;BASIQUE;WAGRAM MUSIC / 3EME BUREAU;Singles;Diamant;20/09/2017;23/02/2018;5 mois
CLEAN BANDIT FEAT. ZARA LARSSON;SYMPHONY;ATLANTIC RECORDS UK / WARNER MUSIC FRANCE;Singles;Diamant;17/03/2017;23/02/2018;11 mois
KIDS UNITED;FOREVER UNITED;PLAY ON / WARNER MUSIC FRANCE;Albums;Triple Platine;18/08/2017;23/02/2018;6 mois
CHARLOTTE GAINSBOURG;REST;BECAUSE MUSIC / WARNER MUSIC FRANCE;Albums;Or;17/11/2017;23/02/2018;3 mois
BRUNO MARS;VERSACE ON THE FLOOR;ATLANTIC US	 / WARNER MUSIC FRANCE;Singles;Or;03/11/2016;23/02/2018;1 an 3 mois
DAVID GUETTA & AFROJACK FEAT. CHARLI XCX & FRENCH MONTANA;DIRTY SEXY MONEY;Parlophone France / WARNER MUSIC FRANCE;Singles;Or;02/11/2017;02/02/2018;3 mois
DEPECHE MODE;SPIRIT;COLUMBIA / SONY MUSIC ENTERTAINMENT;Albums;Platine;17/03/2017;02/02/2018;10 mois
JULIA MICHAELS;ISSUES;UNIVERSAL MUSIC / DIVISION MERCURY RECORDS;Singles;Diamant;13/01/2017;02/02/2018;1 an
KAARIS FEAT. KALASH CRIMINEL & SOFIANE;BLING BLING;DEF JAM	/ UNIVERSAL MUSIC FRANCE;Singles;Platine;02/11/2017;02/02/2018;3 mois
DAMSO;C. MOSAÏQUE SOLITAIRE;92i/Capitol	UNIVERSAL MUSIC FRANCE;Singles;Diamant;27/04/2017;26/01/2018;9 mois
CARLA BRUNI;FRENCH TOUCH;BARCLAY / UNIVERSAL MUSIC FRANCE;Albums;Or;06/10/2017;26/01/2018;3 mois
NF;LET YOU DOWN;CAPITOL	 / UNIVERSAL MUSIC FRANCE;Singles;Or;15/09/2017;26/01/2018;4 mois
TAYLOR SWIFT;LOOK WHAT YOU MADE ME DO;UNIVERSAL MUSIC / UNIVERSAL MUSIC FRANCE;Singles;Or;25/08/2017;26/01/2018;5 mois
BIGFLO & OLI;JE SUIS (INÉDIT);POLYDOR / UNIVERSAL MUSIC FRANCE;Singles;Or;24/06/2016;26/01/2018;1 an 7 mois
LIL PUMP;GUCCI GANG;WARNER MUSIC FRANCE;Singles;Platine;06/10/2017;26/01/2018;3 mois
MISTER V;Double V;HEY PELO RECORDS / MUSICAST / BELIEVE;Albums;Platine;19/05/2017;26/01/2018;8 mois
NINHO FEAT NEKFEU;DE L'AUTRE COTE;PARLOPHONE / WARNER MUSIC FRANCE;Singles;Diamant;08/09/2017;26/01/2018;4 mois
CASSEURS FLOWTERS;ORELSAN ET GRINGE SONT LES CASSEURS FLOWTERS;3EME BUREAU / WAGRAM;Albums;Platine;18/11/2013;24/01/2018;4 ans 2 mois
VIANNEY;IDEES BLANCHES;TOT OU TARD / WAGRAM;Albums;Double Platine;20/10/2014;24/01/2018;3 ans 3 mois
ALICE MERTON;NO ROOTS;PAPER PLANE RECORDS INTERNATIO / SONY MUSIC ENTERTAINMENT;Singles;Platine;15/09/2017;19/01/2018;4 mois
DJADJA & DINAZ;J'FAIS MES AFFAIRES;CARRE-MUSIC / MUSICAST;Singles;Diamant;06/05/2016;19/01/2018;1 an 8 mois
ALONZO FEAT. MHD;FEU D'ARTIFICE;Universal Music Division Def Jam Recordi / UNIVERSAL MUSIC FRANCE;Singles;Platine;17/03/2017;19/01/2018;10 mois
SAM SMITH;TOO GOOD AT GOODBYES;CAPITOL	 / UNIVERSAL MUSIC FRANCE;Singles;Platine;08/09/2017;19/01/2018;4 mois
SAM SMITH;THE THRILL OF IT ALL;CAPITOL	 / UNIVERSAL MUSIC FRANCE;Albums;Or;03/11/2017;19/01/2018;2 mois
BRIGITTE;NUES;COLUMBIA / SONY MUSIC ENTERTAINMENT;Albums;Or;17/11/2017;19/01/2018;2 mois
4KEUS GANG;O'KCLH;URBAN / PIAS FRANCE;Singles;Or;08/09/2017;19/01/2018;4 mois
LISANDRO CUXI;DANSER;ULM / UNIVERSAL MUSIC FRANCE;Singles;Or;17/06/2017;19/01/2018;7 mois
BIGFLO & OLI;PERSONNE;UNIVERSAL MUSIC DIVISION POLYDOR / UNIVERSAL MUSIC FRANCE;Singles;Or;02/06/2017;19/01/2018;7 mois
TESS;LOVE GUN;CHOKE INDUSTRY / UNIVERSAL MUSIC FRANCE;Singles;Or;03/06/2016;19/01/2018;1 an 7 mois
NINHO;HLM OU PALACE;REC.118 / PARLOPHONE FRANCE / WARNER MUSIC FRANCE;Singles;Or;08/09/2017;19/01/2018;4 mois
ANNE-MARIE;CIAO ADIOS;ATLANTIC RECORDS UK / WARNER MUSIC FRANCE;Singles;Or;10/02/2017;19/01/2018;11 mois
NEKFEU FEAT. ALPHA WANN;VINYLE;SEINE ZOO RECORDS / UNIVERSAL DIVISION POLYDOR;Singles;Or;01/12/2016;19/01/2018;1 an 1 mois
JUL;E.T.;D'Or et de Platine  MUSICAST;Singles;Or;01/12/2016;19/01/2018;1 an 1 mois
EDDY MITCHELL;LA MÊME TRIBU;POLYDOR / UNIVERSAL MUSIC FRANCE;Albums;Platine;10/11/2017;19/01/2018;2 mois
JULIEN DORÉ;&;COLUMBIA / SONY MUSIC ENTERTAINMENT;Albums;Diamant;14/10/2016;19/01/2018;1 an 3 mois
AXWELL / INGROSSO;MORE THAN YOU KNOW;PM:AM RECORDINGS / UNIVERSAL MUSIC FRANCE;Singles;Platine;24/05/2017;05/01/2018;7 mois
AC/DC;FOR THOSE ABOUT THE ROCK WE SALUTE YOU;WEA;Albums;Or;23/11/1981;01/01/2018;36 ans 7 mois
DADJU;DÉJÀ TROUVÉ;UNIVERSAL MUSIC DIVISION POLYDOR / UNIVERSAL MUSIC FRANCE;Singles;Or;24/11/2017;29/12/2017;1 mois
DOSSEH FEAT. NEKFEU;PUTAIN D'ÉPOQUE;AZ / UNIVERSAL MUSIC FRANCE;Singles;Or;04/11/2016;29/12/2017;1 an 2 mois
MHD;ROGER MILLA;Universal Music Division Capitol Music F	 / UNIVERSAL MUSIC FRANCE;Singles;Or;01/04/2016;29/12/2017;1 an 9 mois
DRAKE;SIGNS;Universal Music Division Def Jam Recording / UNIVERSAL MUSIC FRANCE;Singles;Or;01/01/2017;29/12/2017;1 an
LACRIM FEAT. GHALI;TRISTI;Def Jam / UNIVERSAL MUSIC FRANCE;Singles;Or;31/03/2017;29/12/2017;9 mois
HARRY STYLES;SIGN OF THE TIMES;COLUMBIA / SONY MUSIC ENTERTAINMENT;Singles;Platine;07/04/2017;29/12/2017;8 mois
CÉLINE DION;ENCORE UN SOIR;COLUMBIA 		SONY MUSIC ENTERTAINMENT;Singles;Diamant;24/05/2016;29/12/2017;1 an 7 mois
MULTI INTERPRÈTES;ON A TOUS QUELQUE CHOSE DE JOHNNY;MCA / UNIVERSAL MUSIC FRANCE;Albums;Triple Platine;17/11/2017;29/12/2017;1 mois
RAG'N'BONE MAN;HUMAN (DELUXE);Best Laid Plans/Columbia / SONY MUSIC ENTERTAINMENT;Albums;Triple Platine;10/02/2017;29/12/2017;10 mois
BOOBA;NOUGAT;Universal Music Division Capitol Music F	 / UNIVERSAL MUSIC FRANCE;Singles;Platine;07/07/2017;29/12/2017;5 mois
THE CHAINSMOKERS;PARIS;SONY MUSIC ENTERTAINMENT;Singles;Platine;12/01/2017;29/12/2017;11 mois
ED SHEERAN;PERFECT;ATLANTIC RECORDS UK / WARNER MUSIC FRANCE;Singles;Diamant;03/03/2017;29/12/2017;10 mois
NISKA;STORY X;Universal Music Division Capitol Music F / UNIVERSAL MUSIC FRANCE;Singles;Platine;22/09/2017;22/12/2017;3 mois
MULTI INTERPRÈTES;VAIANA - LA LÉGENDE DU BOUT DU MONDE;WALT DISNEY RECORDS / UNIVERSAL MUSIC FRANCE;Albums;Platine;25/11/2016;22/12/2017;1 an 1 mois
KAARIS;OKOU GNAKOURI;DEF JAM FRANCE / UNIVERSAL MUSIC FRANCE;Albums;Double Platine;11/11/2016;22/12/2017;1 an 1 mois
SIA;NEVER GIVE UP;Sony Classical / SONY MUSIC ENTERTAINMENT;Singles;Platine;17/11/2016;22/12/2017;1 an 1 mois
MULTI-ARTISTES;SARDOU ET NOUS...;PLAY TWO	/ WARNER MUSIC FRANCE;Albums;Platine;13/10/2017;22/12/2017;2 mois
DADJU;REINE;POLYDOR / UNIVERSAL MUSIC FRANCE;Singles;Diamant;30/06/2017;22/12/2017;5 mois
NEKFEU;GALATÉE;SEINE ZOO RECORDS / UNIVERSAL  DIVISION POLYDOR;Singles;Platine;02/12/2016;22/12/2017;1 an
SIBOY FEAT BENASH & DAMSO;MOBALI;CAPITOL / UNIVERSAL MUSIC FRANCE;Singles;Diamant;30/06/2017;22/12/2017;5 mois
ETIENNE DAHO;BLITZ;MERCURY RECORDS / UNIVERSAL MUSIC FRANCE;Albums;Or;17/11/2017;22/12/2017;1 mois
M POKORA;MY WAY TOUR LIVE;TF1 ENTERPRISES / SONY MUSIC ENTERTAINMENT;Albums;Or;10/11/2017;22/12/2017;1 mois
SHAKA PONK;EVOL' - EDITION STANDARD;TÔT OU TARD / WAGRAM;Albums;Or;17/11/2017;22/12/2017;1 mois
LES ENFOIRÉS;GÉNÉRATION ENFOIRÉS;LES RESTAURANTS DU COEUR / UNIVERSAL MUSIC FRANCE;Albums;Or;01/12/2017;22/12/2017;
FRANK MICHAEL;LA SAINT AMOUR;WARNER / WARNER MUSIC FRANCE;Albums;Or;17/11/2017;22/12/2017;1 mois
JOHNNY HALLYDAY;RESTER VIVANT TOUR;WARNER MUSIC FRANCE;Albums;Platine;21/10/2016;22/12/2017;1 an 2 mois
MAROON 5;DON'T WANNA KNOW;INTERSCOPE RECORDS / UNIVERSAL MUSIC FRANCE;Singles;Or;14/10/2016;22/12/2017;1 an 2 mois
NAZA;À GOGO;BOMAYE MUSIK	/ BELIEVE;Singles;Or;12/05/2017;22/12/2017;7 mois
L'ALGÉRINO;LES MENOTTES (TCHING TCHANG TCHONG);Black Pearl Music / BELIEVE;Singles;Platine;04/05/2017;24/11/2017;6 mois
ALOK & BRUNO MARTINI FEAT. ZEEBA;HEAR ME NOW;SCORPIO MUSIC	/ BELIEVE;Singles;Platine;19/05/2017;24/11/2017;6 mois
KATY PERRY;WITNESS;CAPITOL / UNIVERSAL MUSIC FRANCE;Albums;Or;09/06/2017;24/11/2017;5 mois
NISKA FEAT. SKAODI;FAVÉLAS;CAPITOL / UNIVERSAL MUSIC FRANCE;Singles;Or;21/09/2017;24/11/2017;2 mois
ALONZO;BAGARRE;DEF JAM FRANCE	/ UNIVERSAL MUSIC FRANCE;Singles;Or;30/06/2017;24/11/2017;4 mois
DAMSO;M. NOOB SAIBOT;92i / Capitol / UNIVERSAL MUSIC FRANCE;Singles;Or;27/04/2017;24/11/2017;7 mois
DEEN BURBIGO FEAT. NEKFEU;TU RÊVES;Barclay / UNIVERSAL MUSIC FRANCE;Singles;Or;16/03/2017;24/11/2017;8 mois
ORELSAN FEAT. NEKFEU & DIZZEE RASCAL;ZONE;WAGRAM MUSIC / 3EME BUREAU / WAGRAM;Singles;Or;19/10/2017;24/11/2017;1 mois
MIGOS;T-SHIRT;BECAUSE MUSIC / WARNER MUSIC FRANCE;Singles;Or;27/01/2017;24/11/2017;10 mois
ORELSAN FEAT. MAÎTRE GIMS;CHRISTOPHE;WAGRAM MUSIC / 3EME BUREAU / WAGRAM;Singles;Or;19/10/2017;24/11/2017;1 mois
DJ ERISE FEAT. MISTER YOU & KEBLACK;EN ALTITUDE;Mukongo Business / BELIEVE;Singles;Or;20/03/2016;24/11/2017;1 an 8 mois
THE CHAINSMOKERS & COLDPLAY;SOMETHING JUST LIKE THIS;SMI COL		SONY MUSIC ENTERTAINMENT;Singles;Diamant;22/02/2017;17/11/2017;8 mois
KALASH FEAT. DAMSO;MWAKA MOON;CAPITOL / UNIVERSAL MUSIC FRANCE;Singles;Diamant;06/10/2017;17/11/2017;1 mois
CLAUDIO CAPÉO;CLAUDIO CAPÉO;JO & CO	/ SONY MUSIC ENTERTAINMENT;Albums;Diamant;15/07/2016;17/11/2017;1 an 4 mois
CALVIN HARRIS FEAT. PHARRELL WILLIAMS, KATY PERRY & BIG SEAN;FEELS;COLUMBIA / SONY MUSIC ENTERTAINMENT;Singles;Diamant;16/06/2017;17/11/2017;5 mois
NISKA;TWERK DANS L'BINKS;Capitol	/ UNIVERSAL MUSIC FRANCE;Singles;Or;21/09/2017;17/11/2017;1 mois
SOFIANE;MARION MARÉCHAL;Millenium Capitol	 / UNIVERSAL MUSIC FRANCE;Singles;Or;29/04/2017;17/11/2017;6 mois
NISKA;LA WEWER;Capitol	/ UNIVERSAL MUSIC FRANCE;Singles;Or;21/09/2017;17/11/2017;1 mois
BOULEVARD DES AIRS;BRUXELLES;COLUMBIA / SONY MUSIC;Albums;Platine;07/03/2016;17/11/2017;1 an 8 mois
DAMSO;Z. KIETU;92i/Capitol	/ UNIVERSAL MUSIC FRANCE;Singles;Platine;27/04/2017;17/11/2017;6 mois
BENASH;CDG;CAPITOL / UNIVERSAL MUSIC FRANCE;Albums;Or;31/03/2017;10/11/2017;7 mois
MALUMA;FELICES LOS 4;SONY MUSIC LATIN / SONY MUSIC ENTERTAINMENT;Singles;Or;21/04/2017;10/11/2017;6 mois
RICHARD ORLINSKI & EVA SIMONS;HEARTBEAT;SMART / SONY MUSIC ENTERTAINMENT;Singles;Or;14/10/2016;10/11/2017;1 an 1 mois
NISKA FEAT. MHD;VERSUS;CAPITOL / UNIVERSAL MUSIC FRANCE;Singles;Or;21/09/2017;10/11/2017;1 mois
SOFIANE FEAT. KALASH CRIMINEL;93 EMPIRE;BOMAYE MUSIK / BELIEVE;Singles;Or;16/12/2016;10/11/2017;10 mois
MRC;PAIX SANS GUERRE;JUSTON RECORDS / MUSICAST;Singles;Or;07/10/2016;10/11/2017;1 an 1 mois
KIDS UNITED;ON ÉCRIT SUR LES MURS;PLAY ON / WARNER MUSIC FRANCE;Singles;Diamant;13/05/2016;10/11/2017;1 an 6 mois
THE CHAINSMOKERS FEAT. HALSEY;CLOSER;COLUMBIA / SONY MUSIC ENTERTAINMENT;Singles;Diamant;29/07/2016;10/11/2017;1 an 3 mois
ROBIN SCHULZ FEAT JAMES BLUNT;OK;ADN NOCIF / WARNER MUSIC FRANCE;Singles;Platine;15/05/2017;03/11/2017;5 mois
KALASH CRIMINEL FEAT. JUL;JE NE COMPRENDS PAS;DEF JAM FRANCE / UNIVERSAL MUSIC FRANCE;Singles;Or;18/05/2017;13/10/2017;4 mois
SADEK FEAT. NISKA;EN LEULEU;REC.118 / PARLOPHONE FRANCE / WARNER MUSIC FRANCE;Singles;Or;15/09/2017;13/10/2017;
ZAY HILFIGERRR & ZAYION MCCALL;JUJU ON THAT BEAT (TZ ANTHEM);ATLANTIC US / WARNER MUSIC FRANCE;Singles;Or;03/10/2016;13/10/2017;1 an
SADEK;DANS LA LUNE;REC.118 / PARLOPHONE FRANCE / WARNER MUSIC FRANCE;Singles;Or;12/05/2017;13/10/2017;5 mois
NAPS;À PART ÇA;NAPS 13eme Art Records / BELIEVE;Singles;Or;19/05/2017;13/10/2017;4 mois
DJADJA & DINAZ;RÉPONDEUR;CARRE-MUSIC / MUSICAST;Singles;Or;06/05/2016;13/10/2017;1 an 5 mois
DJADJA & DINAZ;MAUVAIS COMPORTEMENT;CARRE-MUSIC / MUSICAST;Singles;Or;14/03/2017;13/10/2017;7 mois
DRAKE;PASSIONFRUIT;Universal Music Division Def Jam Recordi / UNIVERSAL MUSIC FRANCE;Singles;Platine;18/03/2017;13/10/2017;6 mois
NISKA;ZIFUKORO;Universal Music Division Capitol Music F	/ UNIVERSAL MUSIC FRANCE;Albums;Platine;03/06/2016;13/10/2017;1 an 4 mois
VARIOUS;NRJ MUSIC AWARDS 2016;SMART / SONY MUSIC ENTERTAINMENT;Albums;Double Platine;04/11/2016;13/10/2017;11 mois
JASON DERULO FEAT. NICKI MINAJ & TY DOLLA $IGN;SWALLA;BELUGA HEIGHTS/WARNER BROS.	/ WARNER MUSIC FRANCE;Singles;Diamant;24/02/2017;13/10/2017;7 mois
HOLLYSIZ;MY NAME IS;PARLOPHONE / WARNER MUSIC FRANCE;Albums;Or;30/09/2013;11/10/2017;4 ans 1 mois
GRADUR;WHERE IS L'ALBUM DE GRADUR;MILLENIUM / UNIVERSAL MUSIC FRANCE;Albums;Platine;25/11/2016;06/10/2017;10 mois
MARTIN GARRIX & TROYE SIVAN;THERE FOR YOU;SONY MUSIC ENTERTAINMENT;Singles;Or;26/05/2017;06/10/2017;4 mois
LIAM PAYNE FEAT. QUAVO;STRIP THAT DOWN;CAPITOL / UNIVERSAL MUSIC FRANCE;Singles;Or;19/05/2017;06/10/2017;4 mois
NINHO;CHINO;REC.118 / PARLOPHONE FRANCE / WARNER MUSIC FRANCE;Singles;Or;08/09/2017;06/10/2017;
FRENCH MONTANA FEAT. SWAE LEE;UNFORGETTABLE;Bad Boy Entertainment/Epic Records / SONY MUSIC ENTERTAINMENT;Singles;Diamant;14/07/2017;29/09/2017;2 mois
JONAS BLUE FEAT. WILLIAM SINGE;MAMA;Universal Music Division MCA / UNIVERSAL MUSIC FRANCE;Singles;Platine;05/05/2017;29/09/2017;4 mois
DAMSO;E. SIGNALER;92i/Capitol	UNIVERSAL MUSIC FRANCE;Singles;Diamant;27/04/2017;29/09/2017;5 mois
SHAKIRA FEAT. MALUMA;CHANTAJE;JIVE EPIC	 / SONY MUSIC ENTERTAINMENT;Singles;Diamant;28/10/2016;29/09/2017;11 mois
MAGGIE LINDEMANN;PRETTY GIRL;300 Entertainment / WARNER MUSIC FRANCE;Singles;Or;30/09/2016;29/09/2017;1 an
NINHO;CARAMELO;Rec. 118 / Parlophone France / WARNER MUSIC FRANCE;Singles;Or;08/09/2017;29/09/2017;
SOFIANE;X;SUTHER KANE / MUSICAST;Singles;Or;11/11/2016;29/09/2017;10 mois
PNL;JUSQU'AU DERNIER GRAMME;QLF RECORDS / MUSICAST;Singles;Diamant;08/09/2016;22/09/2017;1 an
CHARLIE PUTH;ATTENTION;Artist Partner / WARNER MUSIC FRANCE;Singles;Diamant;21/04/2017;22/09/2017;5 mois
BURAK YETER FEAT. DANELLE SANDOVAL;TUESDAY;WEA / WARNER MUSIC FRANCE;Singles;Diamant;08/06/2016;22/09/2017;1 an 3 mois
NEIKED FEAT. DYO;SEXUAL;UNIVERSAL MUSIC DIVISION MERCURY RECORDS	 / UNIVERSAL MUSIC FRANCE;Singles;Platine;26/08/2016;22/09/2017;1 an 1 mois
DTF;SANS REVE;QLF RECORDS / MUSICAST;Albums;Or;19/05/2017;22/09/2017;4 mois
BIGFLO & OLI;ALORS ALORS;UNIVERSAL MUSIC DIVISION POLYDOR /  UNIVERSAL MUSIC FRANCE;Singles;Or;23/06/2017;22/09/2017;3 mois
MARTIN SOLVEIG FEAT TKAY MAIDZA;DO IT RIGHT;VIRGIN / UNIVERSAL MUSIC FRANCE;Singles;Or;20/05/2016;22/09/2017;1 an 4 mois
STILL FRESH;MON AMI;ARISTA FRANCE / SONY MUSIC ENTERTAINMENT;Singles;Or;04/04/2017;18/08/2017;4 mois
DAMSO;DEBROUILLARD;CAPITOL MUSIC FRANCE / UNIVERSAL MUSIC FRANCE;Singles;Or;22/01/2016;18/08/2017;1 an 7 mois
LARTISTE;CLANDESTINO;BECAUSE MUSIC / WARNER MUSIC FRANCE;Albums;Platine;09/12/2016;18/08/2017;8 mois
ED SHEERAN;GALWAY GIRL;ATLANTIC RECORDS UK	/ WARNER MUSIC FRANCE;Singles;Platine;03/03/2017;18/08/2017;5 mois
NEKFEU;MAUVAISE GRAINE;SEINE ZOO RECORDS / UNIVERSAL DIVISION POLYDOR;Singles;Diamant;02/12/2016;18/08/2017;8 mois
THE AVENER;YOU BELONG;CAPITOL / UNIVERSAL MUSIC FRANCE;Singles;Or;15/09/2017;11/08/2017;1 mois
TAL;LE TEMPS QU'IL FAUT;WM France / WARNER MUSIC FRANCE;Singles;Or;30/08/2016;11/08/2017;11 mois
SLIMANE;PANAME;ULM / UNIVERSAL MUSIC FRANCE;Singles;Platine;20/05/2016;11/08/2017;1 an 2 mois
JAX JONES FEAT. RAYE;YOU DON'T KNOW ME;PM:AM RECORDINGS / UNIVERSAL MUSIC FRANCE;Singles;Diamant;09/12/2016;11/08/2017;8 mois
SAEZ;LE MANIFESTE - L'OISEAU LIBERTÉ;CINQ 7 / WAGRAM;Albums;Or;09/12/2016;11/08/2017;8 mois
KYGO & SELENA GOMEZ;IT AIN'T ME;SMART / SONY MUSIC ENTERTAINMENT;Singles;Diamant;19/05/2017;04/08/2017;2 mois
SIA;MOVE YOUR BODY;Monkey Puzzle Records/RCA Records / SONY MUSIC ENTERTAINMENT;Singles;Or;29/01/2016;04/08/2017;1 an 6 mois
PNL;J'SUIS QLF;QLF RECORDS / MUSICAST;Singles;Diamant;02/09/2016;04/08/2017;11 mois
NEKFEU FEAT. MURKAGE DAVE;O.D;SEINE ZOO RECORDS / UNIVERSAL DIVISION POLYDOR;Singles;Or;01/12/2016;04/08/2017;8 mois
KEBLACK;PREMIER ÉTAGE;Mukongo Business / MUSICAST;Singles;Or;27/01/2017;04/08/2017;6 mois
DIVERS;NRJ HIT MUSIC ONLY 2017;WARNER SPECIAL MARKETING / WARNER MUSIC FRANCE;Albums;Or;14/04/2017;04/08/2017;3 mois
NRJ SUMMER HITS ONLY;NRJ SUMMER HITS ONLY 2017;WARNER SPECIAL MARKETING / WARNER MUSIC FRANCE;Albums;Or;23/06/2017;04/08/2017;1 mois
SOFIANE;MON P'TIT LOUP;Millenium Capitol / UNIVERSAL MUSIC FRANCE;Singles;Platine;14/04/2017;28/07/2017;3 mois
MAÎTRE GIMS FEAT. DJUNA FAMILY;ZOUM ZOUM;JIVE EPIC / SONY MUSIC ENTERTAINMENT;Singles;Or;29/04/2016;28/07/2017;1 an 3 mois
FRANGLISH FEAT. DADJU & VEGETA;C'EST PLUS L'HEURE;n.a. / BELIEVE;Singles;Or;24/08/2016;28/07/2017;11 mois
MISTER V FEAT. HAYCE LEMSI & VOLTS FACE;SPACE JAM;Hey Pelo Records MUSICAST / BELIEVE;Singles;Or;18/05/2017;28/07/2017;2 mois
KATY PERRY FEAT. MIGOS;BON APPÉTIT;Universal Music Division Capitol Music F / UNIVERSAL MUSIC FRANCE;Singles;Or;28/04/2017;28/07/2017;3 mois
MØ;FINAL SONG;JIVE EPIC / SONY MUSIC ENTERTAINMENT;Singles;Platine;13/05/2016;21/07/2017;1 an 2 mois
KAARIS;POUSSIÈRE;Universal Music Division Def Jam Recordi / UNIVERSAL MUSIC FRANCE;Singles;Platine;04/11/2016;21/07/2017;8 mois
MAJOR LAZER & SHOWTEK;BELIEVER;SCORPIO MUSIC / BELIEVE;Singles;Or;30/09/2016;21/07/2017;9 mois
LARTISTE;MAESTRO;MONSTRE MARIN / UNIVERSAL MUSIC FRANCE;Albums;Platine;04/03/2016;21/07/2017;1 an 4 mois
SLIMANE;À BOUT DE RÊVES;ULM / UNIVERSAL MUSIC FRANCE;Albums;Double Platine;08/07/2017;21/07/2017;
IMANY;THE WRONG KIND OF WAR;THINK ZIK! / CAROLINE / UNIVERSAL MUSIC;Albums;Platine;26/08/2016;19/07/2017;10 mois
PNL;LUZ DE LUNA;QLF RECORDS / MUSICAST;Singles;Platine;15/09/2016;14/07/2017;10 mois
FUTURE;MASK OFF;Epic/Freebandz/A1 / SONY MUSIC ENTERTAINMENT;Singles;Diamant;17/02/2017;14/07/2017;4 mois
ONEREPUBLIC;WHEREVER I GO;UNIVERSAL MUSIC DIVISION POLYDOR	/ UNIVERSAL MUSIC FRANCE;Singles;Or;13/05/2016;16/06/2017;1 an 1 mois
LACRIM;GRANDE ARMÉE;DEF JAM FRANCE / UNIVERSAL MUSIC FRANCE;Singles;Platine;17/02/2017;16/06/2017;3 mois
GRADUR FEAT. MHD, ALONZO & NYDA;OBLAH;Universal Music Division Capitol Music F	/ UNIVERSAL MUSIC FRANCE;Singles;Platine;24/11/2016;09/06/2017;6 mois
PNL;BAMBINA;QLF RECORDS / MUSICAST;Singles;Platine;14/09/2016;09/06/2017;8 mois
MAROON 5 FEAT. FUTURE;COLD;INTERSCOPE RECORDS / UNIVERSAL MUSIC FRANCE;Singles;Or;14/02/2017;09/06/2017;3 mois
GALANTIS;NO MONEY;BIG BEAT RECORDS / WARNER MUSIC FRANCE;Singles;Platine;01/04/2016;09/06/2017;1 an 2 mois
KALASH;TAKEN;CAPITOL / UNIVERSAL MUSIC FRANCE;Singles;Or;06/05/2016;09/06/2017;1 an 1 mois
ED SHEERAN;CASTLE ON THE HILL;ATLANTIC RECORDS UK / WARNER MUSIC FRANCE;Singles;Platine;02/01/2017;09/06/2017;5 mois
MHD;AFRO TRAP PART. 8 (NEVER);AZ / UNIVERSAL MUSIC FRANCE;Singles;Platine;24/02/2017;09/06/2017;3 mois
JUL;MY WORLD;BELIEVE;Albums;Diamant;04/12/2015;06/06/2017;1 an 6 mois
$-CREW;J'AURAIS PAS DÛ;SEINE ZOO RECORDS / POLYDOR / UNIVERSAL MUSIC FRANCE;Singles;Platine;10/06/2016;02/06/2017;11 mois
JUL;JE PICOLE;D'OR ET DE Platine / MUSICAST;Singles;Or;24/06/2016;02/06/2017;11 mois
NEKFEU;REUF;SEINE ZOO RECORDS / UNIVERSAL DIVISION POLYDOR;Singles;Or;18/03/2017;02/06/2017;2 mois
FABABY;LOVE D'UN VOYOU;CAPITOL / UNIVERSAL MUSIC FRANCE;Singles;Or;17/09/2015;30/05/2017;1 an 8 mois
LOUANE;CHAMBRE 12;FONTANA / MERCURY/ UNIVERSAL MUSIC FRANCE;Albums;Double diamant;02/03/2015;30/05/2017;2 ans 3 mois
HOZIER;TAKE ME TO CHURCH;BARCLAY / UNIVERSAL MUSIC FRANCE;Singles;Diamant;23/03/2014;30/05/2017;3 ans 2 mois
MIKE POSNER;I TOOK A PILL IN IBIZA;Ministry of Sound Recordings	/ SONY MUSIC ENTERTAINMENT;Singles;Diamant;28/04/2017;26/05/2017;
TOVE LO;COOL GIRL;UNIVERSAL MUSIC DIVISION POLYDOR / UNIVERSAL MUSIC FRANCE;Singles;Or;04/08/2016;26/05/2017;9 mois
LARTISTE;MISSILE;Polydor	/ UNIVERSAL MUSIC FRANCE;Singles;Or;04/03/2016;26/05/2017;1 an 2 mois
MULTI INTERPRÈTES;LA LA LAND;INTERSCOPE RECORDS / UNIVERSAL MUSIC FRANCE;Albums;Platine;20/01/2017;26/05/2017;4 mois
JULIEN DORÉ;LE LAC;COLUMBIA / SONY MUSIC ENTERTAINMENT;Singles;Platine;16/09/2016;19/05/2017;8 mois
JUL;QUI A DIT ?;D'Or et de Platine MUSICAST;Singles;Or;01/12/2016;19/05/2017;5 mois
JUL;ALLEZ LE SANG;D'OR ET DE Platine	/ MUSICAST;Singles;Or;18/06/2016;19/05/2017;11 mois
DAMSO;A. NWAAR IS THE NEW BLACK;92i/Capitol	 / UNIVERSAL MUSIC FRANCE;Singles;Or;28/04/2017;19/05/2017;
ZAHO FEAT. MHD;LAISSEZ-LES KOUMA;WARNER / WARNER MUSIC France;Singles;Platine;24/06/2016;19/05/2017;10 mois
LUIS FONSI FEAT. DADDY YANKEE;DESPACITO;Universal Music Division MCA		UNIVERSAL MUSIC FRANCE;Singles;Diamant;13/01/2017;19/05/2017;4 mois
THE ROLLING STONES;HAVANA MOON;EAGLE ROCK / UNIVERSAL MUSIC FRANCE;Vidéos;Double Platine;11/11/2016;12/05/2017;6 mois
MAÎTRE GIMS;TU VAS ME MANQUER;SMART	SONY MUSIC ENTERTAINMENT;Singles;Platine;29/01/2017;12/05/2017;3 mois
DJADJA & DINAZ;ELLE;CARRE-MUSIC / MUSICAST;Singles;Or;06/05/2016;12/05/2017;1 an
GNASH FEAT. OLIVIA O'BRIEN;I HATE U, I LOVE U;WARNER MUSIC FRANCE;Singles;Diamant;24/01/2016;12/05/2017;1 an 3 mois
DOSSEH;YURI;AZ / UNIVERSAL MUSIC FRANCE;Albums;Or;04/11/2016;14/04/2017;5 mois
BLACK M;FRENCH KISS;SONY MUSIC ENTERTAINMENT;Singles;Or;28/10/2016;14/04/2017;5 mois
NEKFEU FEAT. NEMIR, 2ZER, MEKRA & DOUM'S;LE REGARD DES GENS;SEINE ZOO RECORDS / UNIVERSAL DIVISION POLYDOR;Singles;Or;01/12/2015;14/04/2017;1 an 4 mois
DAMSO FEAT. BOOBA;PARIS C'EST LOIN;Universal Music Division Capitol Music F	/ UNIVERSAL MUSIC FRANCE;Singles;Platine;18/07/2016;07/04/2017;8 mois
VIANNEY;JE M'EN VAIS;TÔT OU TARD / WAGRAM;Singles;Diamant;17/10/2016;07/04/2017;5 mois
M POKORA;MY WAY;TF1 ENTERPRISES / SONY MUSIC ENTERTAINMENT;Albums;Diamant;21/10/2016;07/04/2017;5 mois
GRADUR;DANS MA VIE;Universal Music Division Capitol Music F	/ UNIVERSAL MUSIC FRANCE;Singles;Or;11/11/2016;07/04/2017;4 mois
DRAKE;FAKE LOVE;Universal Music Division Def Jam Recordi / UNIVERSAL MUSIC FRANCE;Singles;Or;04/11/2016;07/04/2017;5 mois
KIDS UNITED;TOUT LE BONHEUR DU MONDE;PLAY ON / WARNER MUSIC FRANCE;Albums;Diamant;19/08/2016;07/04/2017;7 mois
THE CHAINSMOKERS FEAT. PHOEBE RYAN;ALL WE KNOW;SONY MUSIC ENTERTAINMENT;Singles;Or;30/09/2016;07/04/2017;6 mois
WILLY WILLIAM;EGO;PLAY ON / WARNER MUSIC FRANCE;Singles;Platine;25/03/2016;31/03/2017;1 an
MAJOR LAZER FEAT. JUSTIN BIEBER & MØ;COLD WATER;BECAUSE MUSIC / WARNER MUSIC FRANCE;Singles;Diamant;23/07/2016;31/03/2017;8 mois
BOOBA;DANIEL SAM;Universal Music Division Capitol Music F	/ UNIVERSAL MUSIC FRANCE;Singles;Or;04/01/2017;31/03/2017;2 mois
THE STRUMBELLAS;SPIRITS;CAROLINE INT. MD S&D / UNIVERSAL MUSIC FRANCE;Singles;Or;11/01/2016;24/03/2017;1 an 2 mois
RAG'N'BONE MAN;HUMAN;BEST LAID PLANS / SONY MUSIC ENTERTAINMENT;Singles;Diamant;01/07/2016;24/03/2017;8 mois
PNL;ONIZUKA;QLF RECORDS / MUSICAST;Singles;Diamant;15/09/2016;24/03/2017;6 mois
MHD;MHD;AZ / UNIVERSAL MUSIC FRANCE;Albums;Double Platine;15/04/2016;17/03/2017;11 mois
LES ENFOIRÉS;MISSION ENFOIRÉS;COLUMBIA / SONY MUSIC ENTERTAINMENT;Albums;Double Platine;03/03/2017;17/03/2017;
RENAUD;TOUJOURS DEBOUT;PARLOPHONE / WARNER MUSIC FRANCE;Singles;Or;26/01/2016;17/03/2017;1 an 1 mois
MHD;AFRO TRAP PART. 6 (MOLO MOLO);Universal Music Division Capitol Music F	 / UNIVERSAL MUSIC FRANCE;Singles;Or;04/03/2016;17/03/2017;1 an
JOHN LEGEND;LOVE ME NOW;SMI COL	 / SONY MUSIC ENTERTAINMENT;Singles;Or;07/10/2016;10/03/2017;5 mois
DEORRO FEAT. ELVIS CRESPO;BAILAR;SCORPIO MUSIC / BELIEVE DIGITAL;Singles;Diamant;16/09/2016;10/03/2017;5 mois
PNL;BENÉ;QLF RECORDS / MUSICAST;Singles;Diamant;15/09/2016;10/03/2017;5 mois
RAE SREMMURD FEAT. GUCCI MANE;BLACK BEATLES;UNIVERSAL MUSIC FRANCE;Singles;Platine;12/08/2016;10/03/2017;7 mois
ED SHEERAN;SHAPE OF YOU;ATLANTIC RECORDS UK / WARNER MUSIC FRANCE;Singles;Diamant;02/01/2017;03/03/2017;2 mois
THE CHAINSMOKERS FEAT. DAYA;DON'T LET ME DOWN;SONY MUSIC ENTERTAINMENT;Singles;Diamant;05/02/2016;03/03/2017;1 an 1 mois
LES ENFOIRÉS;MISSION ENFOIRÉS;COLUMBIA / SONY MUSIC ENTERTAINMENT;Vidéos;Diamant;04/03/2016;03/03/2017;1 an
M POKORA;CETTE ANNÉE-LÀ;SONY MUSIC ENTERTAINMENT;Singles;Or;16/09/2016;03/03/2017;5 mois
CHEAT CODES X KRIS KROSS AMSTERDAM;SEX;SCORPIO MUSIC / BELIEVE;Singles;Platine;19/02/2017;03/03/2017;
ERA ISTREFI;BONBON;Ultra Records, LLC 		SONY MUSIC ENTERTAINMENT;Singles;Platine;21/07/2016;24/02/2017;7 mois
TAL;ARE WE AWAKE;WARNER MUSIC FRANCE;Singles;Or;05/05/2016;06/01/2017;8 mois
IZZY BIZU;WHITE TIGER;JIVE EPIC / SONY MUSIC ENTERTAINMENT;Singles;Platine;09/10/2015;31/12/2016;1 an 2 mois
VINCENT NICLO;5.Ø;TF1 ENTERPRISES / SONY MUSIC ENTERTAINMENT;Albums;Platine;23/09/2016;30/12/2016;3 mois
MA;TOUT DONNER;;Singles;Or;25/08/2016;30/12/2016;4 mois
METALLICA;HARDWIRED...TO SELF-DESTRUCT;VERTIGO / UNIVERSAL MUSIC FRANCE;Albums;Platine;18/11/2016;23/12/2016;1 mois
BLACK M;JE SUIS CHEZ MOI;JIVE EPIC / SONY MUSIC ENTERTAINMENT;Singles;Or;22/07/2016;23/12/2016;5 mois
SERGE LAMA;OU SONT PASSÉS NOS REVES;WARNER MUSIC FRANCE;Albums;Or;04/11/2016;23/12/2016;1 mois
AGNES OBEL;CITIZEN OF GLASS;PIAS FRANCE;Albums;Or;21/10/2016;23/12/2016;2 mois
FRANCIS CABREL;L'IN EXTREMIS TOUR;SONY MUSIC ENTERTAINMENT;Albums;Or;14/10/2016;23/12/2016;2 mois
NORAH JONES;DAY BREAKS;UNIVERSAL MUSIC FRANCE;Albums;Or;07/10/2016;23/12/2016;2 mois
DAMSO;AMN;;Singles;Or;08/07/2016;16/12/2016;5 mois
JULIAN PERRETTA;I CRY;PLAY ON / WARNER MUSIC FRANCE;Singles;Or;15/04/2016;16/12/2016;8 mois
MULTI INTERPRÈTES;J'ÉTAIS UN ANGE - MICHEL DELPECH;UNIVERSAL MUSIC FRANCE;Albums;Or;18/11/2016;16/12/2016;
STING;57TH & 9TH;UNIVERSAL MUSIC FRANCE;Albums;Or;11/11/2016;16/12/2016;1 mois
KALASH;KAOS;UNIVERSAL MUSIC FRANCE;Albums;Or;06/05/2016;16/12/2016;7 mois
CHRISTOPHE MAE;L ATTRAPE-REVES;WARNER /  WARNER MUSIC France;Albums;Triple Platine;13/05/2016;09/12/2016;7 mois
BOOBA;SALSIDE;Universal Music Division Capitol Music F	/ UNIVERSAL MUSIC FRANCE;Singles;Or;13/05/2016;09/12/2016;7 mois
KALASH CRIMINEL;ARRÊT DU COUR;Universal Music Division Def Jam Recordi / UNIVERSAL MUSIC FRANCE;Singles;Or;22/07/2016;09/12/2016;4 mois
CHARLIE PUTH;NINE TRACK MIND;ATLANTIC / WARNER MUSIC FRANCE;Albums;Platine;29/01/2016;09/12/2016;10 mois
DOSSEH FEAT. BOOBA;INFRÉQUENTABLES;AZ / UNIVERSAL MUSIC FRANCE;Singles;Platine;14/10/2016;03/12/2016;1 mois
ARIANA GRANDE;INTO YOU;UNIVERSAL MUSIC DIVISION MERCURY RECORDS	 / UNIVERSAL MUSIC FRANCE;Singles;Or;19/05/2016;02/12/2016;6 mois
MØ;FINAL SONG;JIVE EPIC	 / SONY MUSIC ENTERTAINMENT;Singles;Or;13/05/2016;02/12/2016;6 mois
IMANY;DON'T BE SO SHY;THINK ZIK! / CAROLINE / UNIVERSAL MUSIC;Singles;Diamant;11/12/2015;30/11/2016;11 mois
LACRIM;R.I.P.R.O. Volume 2;DEF JAM  / UNIVERSAL MUSIC FRANCE;Albums;Platine;11/12/2015;30/11/2016;11 mois
MAITRE GIMS;MON CŒUR AVAIT RAISON;JIVE EPIC / SONY MUSIC;Albums;Diamant;28/08/2015;30/11/2016;1 an 3 mois
MZ;LA DICTATURE;ARISTA  /  SONY MUSIC;Albums;Or;22/04/2016;30/11/2016;7 mois
KYGO;STOLE THE SHOW;SMART / SONY MUSIC;Singles;Diamant;22/03/2015;30/11/2016;1 an 8 mois
JOSEF SALVAT;OPEN SEASON;COLUMBIA / SONY MUSIC;Singles;Platine;04/09/2015;30/11/2016;1 an 3 mois
JAIN;COME;COLUMBIA / SONY MUSIC;Singles;Diamant;21/06/2015;30/11/2016;1 an 5 mois
BOULEVARD DES AIRS;EMMENE-MOI;COLUMBIA / SONY MUSIC;Singles;Or;31/05/2015;30/11/2016;1 an 6 mois
JUSTIN TIMBERLAKe;CAN'T STOP THE FEELING!;SMART / SONY MUSIC ENTERTAINMENT;Singles;Diamant;15/07/2016;07/10/2016;2 mois
SYNAPSON;CONVERGENCE;PARLOPHONE / WARNER MUSIC FRANCE;Albums;Or;12/08/2016;07/10/2016;1 mois
BENJAMIN BIOLAY;PALERMO HOLLYWOOD;BARCLAY	UNIVERSAL MUSIC FRANCE;Albums;Or;22/04/2016;30/09/2016;5 mois
RADIOHEAD;A MOON SHAPED POOL;XL RECORDINGS	/ WAGRAM;Albums;Or;17/06/2016;30/09/2016;3 mois
MHD;MAMAN J'AI MAL;CAPITOL	/ UNIVERSAL MUSIC FRANCE;Singles;Or;15/04/2016;30/09/2016;5 mois
ENRIQUE IGLESIAS FEAT. WISIN;DUELE EL CORAZÓN;RCA Records / Sony Music International;Singles;Platine;19/04/2016;09/09/2016;4 mois
SLIMANE;PANAME;ULM / UNIVERSAL MUSIC FRANCE;Singles;Or;20/05/2016;09/09/2016;3 mois
CHEAT CODES X KRIS KROSS AMSTERDAM;SEX;SCORPIO MUSIC / BELIEVE DIGITAL;Singles;Or;19/02/2016;02/09/2016;6 mois
DJ HAMIDA;A LA BIEN MIX PARTY L'ALBUM 2014;SIX O NINE / BELIEVE;Albums;Or;02/06/2014;01/09/2016;2 ans 3 mois
NASH FEAT. OLIVIA O'BRIEN;I HATE U, I LOVE U;WARNER /  WARNER MUSIC France;Singles;Or;24/01/2016;19/08/2016;6 mois
MØME FEAT. MERRYN JEANN;ALOHA;UNIVERSAL MUSIC DIVISION MERCURY RECORDS / UNIVERSAL MUSIC FRANCE;Singles;Platine;26/02/2016;19/08/2016;5 mois
CHRISTOPHE;LES VESTIGES DU CHAOS;CAPITOL / UNIVERSAL MUSIC;Albums;Or;08/04/2016;12/08/2016;4 mois
DIVERS;NRJ SUMMER HITS ONLY 2016;WARNER SPEICAL MARKETING / WARNER MUSIC FRANCE;Albums;Or;24/06/2016;12/08/2016;1 mois
ALONZO;ON MET LES VOILES;DEF JAM FRANCE / UNIVERSAL MUSIC FRANCE;Singles;Or;15/01/2016;05/08/2016;6 mois
LEFA;MONSIEUR FALL;JIVE EPIC / SONY MUSIC ENTERTAINMENT;Albums;Or;29/01/2016;05/08/2016;6 mois
DESIIGNER;PANDA;ISLAND DEF JAM 	/ UNIVERSAL MUSIC FRANCE;Singles;Platine;26/02/2016;22/07/2016;4 mois
KUNGS VS. COOKIN' ON 3 BURNERS;THIS GIRL;UNIVERSAL MUSIC DIVISION BARCLAY / UNIVERSAL MUSIC FRANCE;Singles;Diamant;19/02/2016;22/07/2016;5 mois
COMPILATION;LES ENFANTS DU TOP 50;PLAY ON / WARNER MUSIC France;Albums;Or;13/10/2014;20/07/2016;1 an 9 mois
KIDS UNITED;UN MONDE MEILLEUR;PLAY ON / WARNER MUSIC France;Albums;Or;20/11/2015;20/07/2016;8 mois
FLORENT PAGNY;HABANA;CAPITOL / UNIVERSAL MUSIC FRANCE;Albums;Platine;29/04/2016;08/07/2016;2 mois
DRAKE FEAT. WIZKID & KYLA;ONE DANCE;DEF JAM FRANCE / UNIVERSAL MUSIC FRANCE;Singles;Diamant;06/05/2016;08/07/2016;2 mois
RIHANNA FEAT. DRAKE;WORK;UNIVERSAL MUSIC / UNIVERSAL MUSIC FRANCE;Singles;Diamant;28/01/2016;08/07/2016;5 mois
LARTISTE;ESTRO;POLYDOR / UNIVERSAL MUSIC FRANCE;Singles;Or;15/01/2016;17/06/2016;5 mois
ALAN WALKER;FADED;MER Musikk / SONY MUSIC ENTERTAINMENT;Singles;Or;13/05/2016;17/06/2016;1 mois
EDDY MITCHELL;BIG BAND;POLYDOR / UNIVERSAL MUSIC FRANCE;Albums;Platine;23/10/2015;15/06/2016;7 mois
DJ SNAKE FEAT. BIPOLAR SUNSHINE;MIDDLE;UNIVERSAL MUSIC DIVISION POLYDOR / UNIVERSAL MUSIC FRANCE;Singles;Platine;05/08/2016;03/06/2016;2 mois
MADCON FEAT. RAY DALTON;DON'T WORRY;WARNER MUSIC GERMANY  / WARNER MUSIC France;Singles;Or;09/04/2015;01/06/2016;1 an 1 mois
COLDPLAY;ADVENTURE OF A LIFETIME;PARLOPHONE U.K. / WARNER MUSIC France;Singles;Or;04/12/2015;01/06/2016;6 mois
CAMILLE BERTHOLLET;CAMILLE BERTHOLLET;WARNER / WARNER MUSIC France;Albums;Or;16/10/2015;01/06/2016;7 mois
DR DRE;COMPTON;POLYDOR / UNIVERSAL MUSIC FRANCE;Albums;Or;21/08/2015;31/12/2015;4 mois
MARK RONSON FEAT. BRUNO MARS;UPTOWN FUNK;COLUMBIA / SONY MUSIC;Singles;Diamant;12/01/2015;29/12/2015;11 mois
MULTIINTERPRETES;STARS 80 - LA COMPIL' OFFICIELLE;U.S.M. / UNIVERSAL MUSIC FRANCE;Albums;Or;13/04/2015;23/12/2015;8 mois
ONE DIRECTION;MADE IN THE A.M.;SMART / SONY MUSIC;Albums;Or;13/11/2015;23/12/2015;1 mois
ZAZIE;ENCORE HEUREUX;MERCURY / UNIVERSAL MUSIC FRANCE;Albums;Or;30/10/2015;23/12/2015;1 mois
THOMAS DUTRONC;ETERNELS JUSQU’À DEMAIN;MERCURY / UNIVERSAL MUSIC FRANCE;Albums;Or;25/05/2015;23/12/2015;7 mois
LILIAN RENAUD;LE BRUIT DE L'AUBE;MERCURY / UNIVERSAL MUSIC FRANCE;Albums;Platine;13/11/2015;23/12/2015;1 mois
MIKA;NO PLACE IN HEAVEN;BARCLAY / UNIVERSAL MUSIC FRANCE;Albums;Platine;13/11/2015;23/12/2015;1 mois
COMPILATION;CHANTONS NOEL;SONY CATALOGUE / SONY MUSIC;Albums;Double Platine;10/10/2014;23/12/2015;1 an 2 mois
CORSU - MEZU MEZU;CORSU - MEZU MEZU;SMART / SONY MUSIC;Albums;Double Platine;25/09/2015;23/12/2015;2 mois
PATRICK BRUEL;TRES SOUVENT, JE PENSE A VOUS;COLUMBIA / SONY MUSIC;Albums;Double Platine;27/11/2015;23/12/2015;
MYLENE FARMER;INTERSTELLAIRES;POLYDOR / UNIVERSAL MUSIC FRANCE;Albums;Triple Platine;06/11/2015;23/12/2015;1 mois
KYGO FEAT. PARSON JAMES;STOLE THE SHOW;SMART  / SONY MUSIC;Singles;Or;29/03/2015;23/12/2015;8 mois
MAITRE GIMS;LAISSEZ PASSER;JIVE EPIC / SONY MUSIC;Singles;Or;28/06/2015;23/12/2015;5 mois
MAITRE GIMS;EST CE QUE TU M'AIMES ?;JIVE EPIC / SONY MUSIC;Singles;Or;03/05/2015;23/12/2015;7 mois
NICKY JAM & ENRIQUE;EL PERDON;SMART / SONY MUSIC;Singles;Or;10/05/2015;23/12/2015;7 mois
SIA;ELESTIC HEART;SMART / SONY MUSIC;Singles;Or;27/10/2014;23/12/2015;1 an 2 mois
ZARA LARSON;UNCOVER;JIVE EPIC / SONY MUSIC;Singles;Or;09/01/2015;23/12/2015;11 mois
OMI;CHEERLEADER;SMART   / SONY MUSIC;Singles;Diamant;01/02/2015;23/12/2015;10 mois
SIA;CHANDELIER;SMART /  SONY MUSIC;Singles;Diamant;23/03/2014;23/12/2015;1 an 9 mois
INDOCHINE;BLACK CITY CONCERTS;ARISTA  /  SONY MUSIC;Vidéos;Double Platine;04/12/2015;23/12/2015;
STROMAE;RACINE CARREE LIVE;COLUMBIA  / SONY MUSIC;Vidéos;Diamant;11/12/2015;23/12/2015;
STROMAE;RACINE CARREE;MERCURY / UNIVERSAL MUSIC FRANCE;Albums;Quadruple Diamant;30/09/2013;23/12/2015;2 ans 3 mois
B.O.F.;LA FAMILLE BELIER;MERCURY / UNIVERSAL MUSIC France;Albums;Or;08/12/2014;23/12/2015;1 an
BIGFLO & OLI;LA COUR DES GRANDS;POLYDOR/ UNIVERSAL MUSIC FRANCE;Albums;Or;01/06/2015;23/12/2015;6 mois
COLLECTIF METISSE;DESTINATION FIESTA;U.S.M. / UNIVERSAL MUSIC France;Albums;Or;16/06/2014;23/12/2015;1 an 6 mois
COMPILATION;NRJ PARTY  HITS 2015;SMART / SONY MUSIC;Albums;Or;17/07/2015;23/12/2015;5 mois
EMMANUEL MOIRE;LA RENCONTRE;MERCURY / UNIVERSAL MUSIC FRANCE;Albums;Or;28/08/2015;23/12/2015;3 mois
INDOCHINE;BLACK CITY CONCERTS;ARISTA / SONY MUSIC;Albums;Or;04/12/2015;23/12/2015;
MARTIN & LES FEES;MARTIN & LES FEES;SMART / SONY MUSIC;Albums;Or;16/10/2015;23/12/2015;2 mois
JOHNNY HALLYDAY;DE L'AMOUR;WARNER / WARNER MUSIC FRANCE;Albums;Triple Platine;13/11/2015;16/12/2015;1 mois
ZAZ;PARIS;PLAY ON / WARNER MUSIC FRANCE;Albums;Triple Platine;31/10/2014;16/12/2015;1 an 1 mois
ED SHEERAN;THINKING OUT LOUD;WEA /  WARNER MUSIC FRANCE;Singles;Or;19/06/2014;16/12/2015;1 an 6 mois
FEDER;GOOBYE;WEA / WARNER MUSIC FRANCE;Singles;Or;21/04/2015;16/12/2015;7 mois
JASON DERULO;WANT TO WANT ME;WEA  / WARNER MUSIC FRANCE;Singles;Or;09/03/2015;16/12/2015;9 mois
WIZ KHALIFA FEAT. CHARLIE PUTH;SEE YOU AGAIN;ATLANTIC RECORDS / WEA / WARNER MUSIC FRANCE;Singles;Or;11/03/2015;16/12/2015;9 mois
CLEAN BANDIT;RATHER BE;WEA / WARNER MUISIC FRANCE;Singles;Platine;17/01/2014;16/12/2015;1 an 11 mois
MACKLEMORE & RYAN LEWIS;CAN'T HOLD US;A.D.A.  /  WARNER MUSIC France;Singles;Diamant;09/10/2012;16/12/2015;3 ans 2 mois
AMAURI VASSILI;CHANSONS POPULAIRES;WARNER / WARNER MUSIC FRANCE;Albums;Or;16/10/2015;16/12/2015;2 mois
COMPILATION;NRJ HITS 2015;WEA MUSIC  / WARNER MUSIC France;Albums;Or;26/12/2014;16/12/2015;11 mois
COMPILATION;NRJ SUMMER HITS ONLY 2015;WEA MUSIC / WARNER MUSIC FRANCE;Albums;Or;22/06/2015;16/12/2015;5 mois
FRANCK MICHAEL;MES PREMIERS AMOURS;WARNER / WARNER MUSIC FRANCE;Albums;Or;06/11/2015;16/12/2015;1 mois
IRON MAIDEN;THE BOOK OF SOULS;PARLOPHONE UK / WARNER MUSIC FRANCE;Albums;Or;04/09/2015;16/12/2015;3 mois
CŒUR DE PIRATE;ROSES;BARCLAY / UNIVERSAL MUSIC France;Albums;Or;28/08/2015;09/12/2015;3 mois
LOU DOILLON;LAY LOW;BARCLAY / UNIVERSAL MUSIC FRANCE;Albums;Or;09/10/2015;09/12/2015;2 mois
LOUIS MATTHIEU JOSEPH & ANNA CHEDID;LOUIS MATTHIEU JOSEPH & ANNA CHEDID;BARCLAY / UNIVERSAL MUSIC FRANCE;Albums;Or;23/10/2015;09/12/2015;1 mois
YOUSSOUPHA;NGRTD;BOMAYE MUSIK / BELIEVE;Albums;Or;18/05/2015;27/11/2015;6 mois
ELSA ESNOULT;POUR TOI;JLA DISC / WAGRAM MUSIC;Albums;Or;18/05/2014;26/11/2015;1 an 6 mois
BRICE CONRAD;HO LA;JO AND CO / UNIVERSAL MUSIC;Singles;Or;01/01/2012;22/10/2015;3 ans 10 mois
Christine and the Queens;Chaleur humaine;BECAUSE MUSIC;Albums;Diamant;02/06/2014;16/10/2015;1 an 4 mois
BOF;50 SHADES OF GREY;DEF JAM / UNIVERSAL MUSIC FRANCE;Albums;Platine;09/05/2015;16/09/2015;4 mois
M83;HURRY UP, WE'RE DREAMING;DELABEL EDITION / JUSTIN'SPOTLITE MUSIC / MORGANE GRACE MUSIC / NAIVE;Albums;Or;18/10/2011;16/09/2015;3 ans 11 mois
IAM;ARTS MARTIENS;DEF JAM / UNIVERSAL MUSIC FRANCE;Albums;Or;22/04/2013;16/09/2015;2 ans 5 mois
THE LUMINEERS;THE LUMINEERS;CAPITOL / UNIVERSAL MUSIC;Albums;Or;02/03/2015;01/09/2015;6 mois
MULTIINTERPRETES;DES AIRS DE LIBERTE, HOMMAGE A JEAN FERRAT;COLUMBIA / SONY MUSIC;Albums;Or;02/03/2015;29/07/2015;4 mois
FRANCIS CABREL;IN EXTREMIS;SMART / SONY MUSIC;Albums;Triple Platine;27/04/2015;29/07/2015;3 mois
JULIEN DORE;LØVE;COLUMBIA / SONY MUSIC;Albums;Triple Platine;09/12/2012;29/07/2015;2 ans 8 mois
LES ENFOIRES;SUR LA ROUTE DES ENFOIRES;RESTOS DU CŒUR / SONY MUSIC;Albums;Triple Platine;14/03/2015;29/07/2015;4 mois
BLACK M;LES YEUX PLUS GROS QUE LE MONDE;JIVE EPIC / SONY MUSIC;Albums;Diamant;31/03/2014;29/07/2015;1 an 4 mois
GYGO FEAT. CONRAD;FIRESTONE;SMART / SONY MUSIC;Singles;Or;25/01/2015;29/07/2015;6 mois
SKIP THE USE;LITTLE ARMAGEDDON;POLYDOR / UNIVERSAL MUSIC FRANCE;Albums;Or;24/02/2014;21/01/2015;11 mois
AC/DC;Rock or Bust;COLUMBIA / SONY MUSIC ENTERTAINMENT;Albums;Triple Platine;01/12/2014;31/12/2014;1 mois
ETIENNE DAHO;LES CHANSONS DE L’INNOCENCE RETROUVÉE;POLYDOR / UNIVERSAL MUSIC FRANCE;Albums;Platine;18/11/2013;31/12/2014;1 an 1 mois
SHY'M;ET ALORS…;WARNER MUSIC France /  WARNER MUSIC France;Singles;Or;17/11/2014;31/12/2014;1 mois
ANGUS & JULIA STONE;ANGUS & JULIA STONE;DISCOGRAPH / HARMONIA MUNDI;Albums;Or;29/07/2014;26/11/2014;4 mois
IBRAHIM MAALOUF;ILLUSIONS;Mi’ster Productions;Albums;Or;05/11/2013;01/10/2014;11 mois
IBRAHIM MAALOUF;DIAGNOSTIC;Mi’ster Productions;Albums;Or;29/09/2011;01/10/2014;3 ans
MAGIC SYSTEM;AFRICAINEMENT VOTRE;PARLOPHONE / WARNER MUSIC FRANCE;Albums;Or;19/05/2014;16/07/2014;1 mois
TAL;LE SENS DE LA VIE;WARNER MUSIC France /  WARNER MUSIC France;Singles;Or;30/01/2012;16/07/2014;2 ans 5 mois
KEEN' V;LA VIE DU BON COTÉ;WARNER MUSIC FRANCE;Singles;Or;01/06/2013;07/06/2014;1 an
ROVER;ROVER;WARNER PUBLISHING / WAGRAM MUSIC;Albums;Or;27/02/2012;19/05/2014;2 ans 3 mois
DIVERS;80 COMPTINES A MIMER ET JEUX DE DOIGTS;WARNER MUSIC FRANCE;Albums;Platine;26/04/2004;29/04/2014;10 ans 1 mois
CARLA BRUNI;LITTLE FRENCH SONGS;BARCLAY / UNIVERSAL MUSIC FRANCE;Albums;Platine;07/04/2013;31/12/2013;8 mois
LES ROIS DE France;VOL. 3 & 4 -Henri IV + Louis XV;POLYGRAM COLLECTIONS / UNIVERSAL MUSIC France;Vidéos;Or;20/05/2013;18/12/2013;7 mois
INDOCHINE;BLACK CITY PARADE;ARISTA / SONY MUSIC FRANCE;Albums;Double Platine;11/02/2013;18/12/2013;10 mois
MUSIQUE DE LA LEGION ETRANGERE;HEROS;DEUTSCHE GRAMMOPHON / UNIVERSAL MUSIC FRANCE;Albums;Or;22/04/2013;24/09/2013;5 mois
BIRDY;SKINNY LOVE;WEA /  WARNER MUSIC France;Singles;Platine;20/01/2011;17/07/2013;2 ans 6 mois
FRANK MICHAEL;QUELQUES MOTS D'AMOUR;WARNER MUSIC FRANCE;Albums;Or;22/04/2013;17/07/2013;2 mois
JOHNNY HALLYDAY;L'ATTENTE;WARNER /  WARNER MUSIC France;Albums;Diamant;12/11/2012;01/07/2013;7 mois
MAGIC SYSTEM;D'ABIDJAN A PARIS;EMI MUSIC FRANCE;Albums;Or;28/03/2012;20/12/2012;8 mois
YOUSSOUPHA;NOIR D****;BOMAYE MUSIK  / BELIEVE;Albums;Platine;23/01/2012;16/11/2012;9 mois
YODELICE;CARDIOID;MERCURY / UNIVERSAL MUSIC FRANCE;Albums;Platine;22/10/2010;25/04/2012;1 an 6 mois
FRANK MICHAEL;ROMANTIQUE;WARNER MUSIC FRANCE;Albums;Platine;31/10/2011;04/04/2012;5 mois
MAGIC SYSTEM;Toute Kalé;EMI MUSIC FRANCE;Albums;Platine;30/03/2011;14/12/2011;8 mois
DAVID BOWIE;THE NEXT DAY;COLUMBIA / SONY MUSIC France;Albums;Platine;24/11/2010;14/12/2011;1 an
YODELICE;TREE OF LIFE;MERCURY / UNIVERSAL MUSIC FRANCE;Albums;Platine;22/05/2009;28/09/2011;2 ans 4 mois
BEN L'ONCLE SOUL;BEN L'ONCLE SOUL;MERCURY / UNIVERSAL MUSIC;Albums;Triple Platine;17/05/2010;28/06/2011;1 an 1 mois
FRANK MICHAEL;JOYEUX NOEL;WARNER MUSIC FRANCE;Albums;Or;15/11/2010;14/12/2010;
LINE RENAUD;Rue Washington;WARNER MUSIC FRANCE;Albums;Or;08/11/2010;14/12/2010;1 mois
FRANK MICHAEL;RUE DES AMOURS;WARNER MUSIC FRANCE;Albums;Platine;23/11/2009;10/06/2010;6 mois
TRACY CHAPMAN;OUR BRIGHT FUTURE;WEA/WARNER MUSIC France;Albums;Or;09/11/2008;17/12/2008;1 mois
JOSH GROBAN;A COLLECTION;WEA/WARNER MUSIC France;Albums;Or;30/11/2008;17/12/2008;
ENYA;AND WINTER CAME...;WEA/WARNER MUSIC France;Albums;Or;09/11/2008;17/12/2008;1 mois
JASON MRAZ;WE SING, WE DANCE, WE STEAL THINGS;WEA/WARNER MUSIC France;Albums;Or;28/09/2008;17/12/2008;2 mois
MICHAEL BUBLE;IT'S TIME;WEA/WARNER MUSIC France;Albums;Or;07/02/2005;17/12/2008;3 ans 10 mois
ARETHA FRANKLIN;THE VERY BEST OF ARETHA FRANKLIN;WEA/WARNER MUSIC France;Albums;Or;24/03/1994;17/12/2008;14 ans 11 mois
COMPILATION;NRJ HITS 2009;WEA/WARNER MUSIC France;Albums;Or;30/11/2008;17/12/2008;
PSY 4 DE LA RIME;LES CITES D'OR;BARCLAY/UNIVERSAL MUSIC France;Albums;Or;25/05/2008;10/12/2008;6 mois
ALAIN BASHUNG;BLEU PETROLE;BARCLAY/UNIVERSAL MUSIC France;Albums;Platine;23/03/2008;10/12/2008;8 mois
ROBERTO ALAGNA;SICILIEN;DEUTSCHE GRAMMOPHON/UNIVERSAL MUSIC France;Albums;Or;09/11/2008;26/11/2008;
MICKY GREEN;WHITE T SHIRT;POLYDOR/UNIVERSAL MUSIC France;Albums;Or;26/08/2007;12/11/2008;1 an 2 mois
MARC LAVOINE;LES DUOS DE MARC;MERCURY/UNIVERSAL MUSIC France;Albums;Or;21/10/2007;12/11/2008;1 an
BOOBA;OUEST SIDE;BARCLAY/UNIVERSAL MUSIC France;Albums;Platine;12/02/2006;12/11/2008;2 ans 9 mois
CALOGERO;POMME C;MERCURY/RAPAS/UNIVERSAL MUSIC France;Albums;Platine;11/03/2007;12/11/2008;1 an 8 mois
ALICIA KEYS;AS I AM;JIVE/SONY BMG;Albums;Platine;11/11/2007;23/10/2008;11 mois
JEY-JET & LEKTRA;ELECTRO-TEK DVD;SONY BMG Strategic Marketing/SONY BMG;Vidéos;Or;09/03/2008;22/10/2008;7 mois
JUSTIN TIMBERLAKE;FUTURESEX/LOVESHOW - LIVE FROM;JIVE EPIC/SONY BMG;Vidéos;Platine;18/11/2007;22/10/2008;11 mois
CHRISTOPHE WILLEM;FERMETURE POUR RENOVATION;COLUMBIA/SONY BMG;Vidéos;Double Platine;11/05/2008;22/10/2008;5 mois
MADCON;BEGGIN';JIVE EPIC/SONY BMG;Singles;Or;07/09/2008;22/10/2008;1 mois
LAURENT WOLF;NO STRESS;COLUMBIA/SONY BMG;Singles;Or;24/03/2008;22/10/2008;7 mois
KAT DELUNA;9 LIVES;EPIC/SONY BMG;Albums;Or;20/04/2008;22/10/2008;6 mois
MADCON;SO DARK THE CON OF MAN;JIVE EPIC/SONY BMG;Albums;Or;17/08/2008;22/10/2008;2 mois
MGMT;ORACULAR SPECTACULAR;COLUMBIA/SONY BMG;Albums;Or;27/04/2008;22/10/2008;5 mois
THE TING TINGS;WE STARTED NOTHING;COLUMBIA/SONY BMG;Albums;Or;15/06/2008;22/10/2008;4 mois
TUNISIANO;LE REGARD DES GENS;COLUMBIA/SONY BMG;Albums;Or;24/02/2008;22/10/2008;8 mois
AC/DC;BLACK ICE;COLUMBIA/SONY BMG;Albums;Or;19/10/2008;22/10/2008;
BENABAR;INFREQUENTABLE;JIVE EPIC/SONY BMG;Albums;Or;12/10/2008;22/10/2008;
JEFF BUCKLEY;SO REAL : SONGS FROM JEFF BUCKLEY;COLUMBIA/SONY BMG;Albums;Or;20/05/2007;22/10/2008;1 an 5 mois
JULIEN DORE;ERSATZ;JIVE EPIC/SONY BMG;Albums;Or;15/06/2008;22/10/2008;4 mois
LES ENFOIRES;LES SECRETS DES ENFOIRES;RCA/SONY BMG;Albums;Or;06/03/2008;22/10/2008;7 mois
COMPILATION;TECKTONIK VOL.5;EMI MUSIC France;Albums;Or;25/06/2008;24/09/2008;3 mois
YANN TIERSEN;LES RETROUVAILLES;VICTOIRES PRODUCTIONS/EMI MUSIC France;Albums;Or;19/05/2005;24/09/2008;3 ans 4 mois
CALI;LE BORDEL MAGNIFIQUE;EMI MUSIC France;Albums;Or;28/09/2006;24/09/2008;2 ans
RADIOHEAD;KID A;PARLOPHONE/EMI MUSIC France/EMI MUSIC France;Albums;Platine;01/10/2000;24/09/2008;8 ans 1 mois
MAXIME LE FORESTIER;RESTONS AMANTS;POLYDOR/UNIVERSAL MUSIC France;Albums;Or;18/05/2008;11/06/2008;
SOPRANO;PSYCHANALYSE APRES L'ALBUM;EMI MUSIC France/;Vidéos;Or;10/04/2008;23/04/2008;
KYLIE MINOGUE;SHIOWGIRL THE GREATEST HITS;PARLOPHONE/EMI MUSIC France;Vidéos;Or;24/11/2005;23/04/2008;2 ans 5 mois
GILBERT BECAUD;BECOLYMPIA 2003;EMI MUSIC France;Vidéos;Or;30/11/2003;23/04/2008;4 ans 5 mois
KYLIE MINOGUE;WHITE DIAMOND/ SHOWGIRL HOMECOMING;PARLOPHONE/EMI MUSIC France;Vidéos;Or;13/12/2007;23/04/2008;4 mois
MIKE BRANT;QUI SAURA;EMI MUSIC France/;Vidéos;Platine;30/03/2005;23/04/2008;3 ans 1 mois
DAVID GILMOUR;REMEMBER THAT NIGHT;EMI RECORDS LTD/EMI MUSIC France;Vidéos;Platine;13/09/2007;23/04/2008;7 mois
RENAUD;TOURNEE ROUGE SANG;CECI CELA/EMI MUSIC France;Vidéos;Triple Platine;29/11/2007;23/04/2008;4 mois
DAVID BOWIE;BEST OF BOWIE;NIPPLE MUSIC/EMI MUSIC France;Vidéos;Triple Platine;13/10/2002;23/04/2008;5 ans 7 mois
DAVID GUETTA;BABY WHEN THE LIGHT;EMI MUSIC France;Singles;Or;27/09/2007;23/04/2008;6 mois
THE BABYSHAMBLES;SHOTTER'S NATION;DELABEL/EMI MUSIC France;Albums;Or;27/09/2007;23/04/2008;6 mois
PAULINE;ALLO LE MONDE;EMI MUSIC France/;Albums;Or;27/09/2007;23/04/2008;6 mois
SOHA;D'ICI ET D'AILLEURS;EMI MUSIC France/;Albums;Or;04/10/2007;23/04/2008;6 mois
YELLE;POP UP;SOURCE ETC/EMI MUSIC France;Albums;Or;22/11/2007;23/04/2008;5 mois
RAPHAEL;JE SAIS QUE LA TERRE EST PLATE;EMI MUSIC France;Albums;Or;13/03/2008;23/04/2008;1 mois
CALI;L'ESPOIR;EMI MUSIC France;Albums;Or;31/01/2008;23/04/2008;2 mois
M POKORA;MP3;EMI MUSIC France;Albums;Or;20/03/2008;23/04/2008;1 mois
CAMILLE;MUSIC HOLE;EMI MUSIC France;Albums;Or;03/04/2008;23/04/2008;
LENNY KRAVITZ;IT IS TIME FOR A LOVE REVOLUTION;MISS BESSIE MUSIC/EMI MUSIC France;Albums;Or;31/01/2008;23/04/2008;2 mois
MOBY;LAST NIGHT;LITTLE IDIOT MUSIC/EMI MUSIC France;Albums;Or;27/03/2008;23/04/2008;
COMPILATION;TECKTONIC VOL 4;EMI MUSIC France/;Albums;Platine;06/12/2007;23/04/2008;4 mois
COMPILATION;TECKTONIC VOL 3;EMI MUSIC France/;Albums;Platine;28/06/2007;23/04/2008;10 mois
LES OGRES DE BARBACK;DU SIMPLE AU NEANT;IRFAN LE LABEL;Albums;Or;03/04/2007;22/04/2008;1 an
ISABELLE BOULAY;NOS LENDEMAINS;V2/UNIVERSAL MUSIC France;Albums;Or;02/03/2008;26/03/2008;
TIKEN JAH FAKOLY;L'AFRICAIN;BARCLAY/UNIVERSAL MUSIC France;Albums;Or;09/12/2007;19/03/2008;3 mois
MAURANE;SI AUJOURD'HUI;POLYDOR/UNIVERSAL MUSIC France;Albums;Or;07/01/2007;06/03/2008;1 an 2 mois
KOXIE;GARCON;AZ/UNIVERSAL MUSIC France;Singles;Platine;24/06/2007;19/12/2007;5 mois
LUCIANO PAVAROTTI;PAVAROTTI FOREVER;DECCA/UNIVERSAL MUSIC France;Albums;Platine;09/09/2007;19/12/2007;3 mois
MICHEL DELPECH;ALBUM DE DUOS;AZ/UNIVERSAL MUSIC France;Albums;Platine;03/12/2006;19/12/2007;1 an
MICHEL SARDOU;HORS FORMAT;AZ/UNIVERSAL MUSIC France;Albums;Platine;12/11/2006;19/12/2007;1 an 1 mois
AMY WINEHOUSE;BACK TO BLACK;AZ / ISLAND/UNIVERSAL MUSIC France;Albums;Double Platine;28/01/2007;19/12/2007;10 mois
CHRISTOPHE WILLEM;INVENTAIRE;VOGUE/SONY BMG;Albums;Triple Platine;15/04/2007;19/12/2007;8 mois
CHIMENE BADI;DIS MOI QUE TU M'AIMES;AZ/UNIVERSAL MUSIC France;Albums;Diamant;10/10/2004;19/12/2007;3 ans 2 mois
ARIELLE DOMBASLE;AU CRAZY HORSE;COLUMBIA/SONY BMG;Vidéos;Or;02/12/2007;19/12/2007;
JUSTIN TIMBERLAKE;FUTURESEX/LOVESHOW - Live from Madison Square Gard;JIVE/SONY BMG;Vidéos;Or;18/11/2007;19/12/2007;1 mois
ANDRE RIEU;CONCERT A VIENNE;PHILIPS/UNIVERSAL MUSIC FRANCE;Vidéos;Platine;11/03/2007;19/12/2007;9 mois
ANDRE RIEU;IL ETAIT UNE FOIS ?;PHILIPS/UNIVERSAL MUSIC FRANCE;Vidéos;Platine;16/12/2007;19/12/2007;
MULTI INTERPRETES;AGE TENDRE? LA TOURNEE DES IDOLES VOL.2;STERNE/SONY BMG;Vidéos;Platine;21/10/2007;19/12/2007;1 mois
PASCAL OBISPO;LES FLEURS DE FOREST;EPIC/SONY BMG;Vidéos;Double Platine;28/10/2007;19/12/2007;1 mois
PATRICK BRUEL;LIVE 2007;RCA/SONY BMG;Vidéos;Double Platine;25/11/2007;19/12/2007;
AC/DC;PLUG ME IN;SONY MUSIC VIDEO/SONY BMG;Vidéos;Triple Platine;21/10/2007;19/12/2007;1 mois
CELINE DION;LIVE A LAS VEGAS - A NEW DAY?;COLUMBIA/SONY BMG;Vidéos;Triple Platine;09/12/2007;19/12/2007;
INDOCHINE;ALICE & JUNE TOUR;EPIC/SONY BMG;Vidéos;Triple Platine;02/12/2007;19/12/2007;
YANNICK NOAH;UN AUTRE VOYAGE;COLUMBIA/ST GEORGE/SONY BMG;Vidéos;Triple Platine;18/11/2007;19/12/2007;1 mois
JEAN YVES LAFESSE;LES LEDOUX ENFIN !;AZ/UNIVERSAL MUSIC France;Vidéos;Diamant;25/11/2007;19/12/2007;
COMPILATION;RFM PARTY 80;SONY BMG STRATEGIC MARKETING/SONY BMG;Albums;Or;25/02/2007;19/12/2007;9 mois
COMPILATION;STARFLOOR VOL 7;ULM/AIRPLAY/UNIVERSAL MUSIC France;Albums;Or;04/11/2007;19/12/2007;1 mois
ALIZEE;PSYCHEDELICES;RCA/SONY BMG;Albums;Or;02/12/2007;19/12/2007;
BRITNEY SPEARS;BLACKOUT;JIVE/SONY BMG;Albums;Or;28/10/2004;19/12/2007;3 ans 2 mois
CELINE DION;TAKING CHANCES;COLUMBIA/SONY BMG;Albums;Or;11/11/2007;19/12/2007;1 mois
EROS RAMAZZOTTI;E2;RCA/SONY BMG;Albums;Or;28/10/2007;19/12/2007;1 mois
FREDERIC FRANCOIS;MERCI LA VIE;VOGUE/SONY BMG;Albums;Or;21/10/2007;19/12/2007;1 mois
LORIE;2LOR EN MOI?;COLUMBIA/SONY BMG;Albums;Or;25/11/2007;19/12/2007;
MICHEL SARDOU;LES 100 PLUS BELLES;AZ/UNIVERSAL MUSIC France;Albums;Or;18/11/2007;19/12/2007;1 mois
ROBERTO ALAGNA;CREDO;DEUTSCHE GRAMMOPHON/UNIVERSAL MUSIC France;Albums;Or;25/11/2007;19/12/2007;
SHERYFA LUNA;SHERYFA LUNA;ULM/UNIVERSAL MUSIC France;Albums;Or;18/11/2007;19/12/2007;1 mois
JULIEN DORE;MOI LOLITA;JIVE EPIC/SONY BMG;Singles;Or;26/08/2007;24/10/2007;1 mois
N Z H;PRINCESS;HEBEN MUSIC/SONY BMG;Singles;Or;27/05/2007;24/10/2007;5 mois
PATRICK FIORI/JEAN JACQUES GOLDMAN;4 MOTS SUR UN PIANO;RCA/SONY BMG;Singles;Or;22/07/2007;24/10/2007;3 mois
BENABAR;BEST OF;JIVE EPIC/SONY BMG;Albums;Or;21/10/2007;24/10/2007;
RIDAN;L'ANGE DE MON DEMON;JIVE EPIC/SONY BMG;Albums;Or;18/03/2007;24/10/2007;7 mois
RAPHAEL;LA REALITE;EMI MUSIC France;Albums;Platine;17/04/2003;17/10/2007;4 ans 6 mois
CAMILLE;LE FIL;EMI MUSIC France;Albums;Double Platine;13/02/2005;17/10/2007;2 ans 8 mois
DAFT PUNK;DISCOVERY;DAFT LIFE LTD/EMI MUSIC France;Albums;Triple Platine;08/03/2001;17/10/2007;6 ans 8 mois
SAINT GERMAIN;TOURIST;EMI MUSIC France;Albums;Triple Platine;19/04/2000;17/10/2007;7 ans 7 mois
DAVID GLIMOUR;REMEMBER THAT NIGHT;EMI RECORDS UK/EMI MUSIC France;Vidéos;Or;13/09/2007;17/10/2007;1 mois
MARIA CALAS;ETERNAL;EMI MUSIC France;Vidéos;Or;06/09/2007;17/10/2007;1 mois
MSTISLAV ROSTROPOVITCH;LES SUITES POUR VIOLONCELLE SEUL;EMI CLASSICS/EMI MUSIC France;Vidéos;Or;01/02/2004;17/10/2007;3 ans 9 mois
RAPHAEL;LIVE AU ZENITH;EMI MUSIC France;Vidéos;Platine;28/02/2007;17/10/2007;7 mois
CALI;PLEIN DE VIE;EMI MUSIC France;Vidéos;Double Platine;19/09/2007;17/10/2007;
DIAM'S;AU TOUR DE MA BULLE;EMI MUSIC France;Vidéos;Diamant;15/05/2007;17/10/2007;5 mois
COMPILATION;PLANETE RAP 2007 VOLUME 2;EMI MUSIC France;Albums;Or;29/03/2007;17/10/2007;6 mois
COMPILATION;100 HITS DANCEFLOOR;EMI MUSIC France;Albums;Or;28/06/2007;17/10/2007;3 mois
COMPILATION;PARTY FUN;EMI MUSIC France;Albums;Or;21/06/2007;17/10/2007;3 mois
KEREN ANN;KEREN ANN;EMI MUSIC PUBLISHING France/EMI MUSIC France;Albums;Or;19/04/2007;17/10/2007;6 mois
DAVID GUETTA;LOVE IS GONE;SQUARE RIVOLI PUBLISHING/EMI MUSIC France;Singles;Or;14/06/2007;17/10/2007;4 mois
B.O.F.;HIGH SCHOOL MUSICAL 2;DISNEY RECORDS/EMI MUSIC France;Albums;Or;09/08/2007;17/10/2007;2 mois
MICHEL FUGAIN;ENCORE;CAPITOL RECORDS/EMI MUSIC France;Albums;Or;07/03/2001;17/10/2007;6 ans 8 mois
COMPILATION;DANCEFLOOR FG SUMMER 2007;BARCLAY/UNIVERSAL MUSIC France;Albums;Or;17/06/2007;19/09/2007;3 mois
BOB SINCLAR;SOUNDZ OF FREEDOM;BARCLAY/UNIVERSAL MUSIC France;Albums;Or;20/05/2007;19/09/2007;4 mois
DAVID GUETTA;POP LIFE;SQUARE RIVOLI PUBLISHING/EMI MUSIC France;Albums;Platine;14/06/2007;04/09/2007;2 mois
ROSE;ROSE;SOURCE ET CAETERA/EMI MUSIC France;Albums;Platine;21/09/2006;04/09/2007;11 mois
CERRONE;CELEBRATE !;MALLIGATOR PROD./SAMSUNG;Albums;Or;28/06/2007;04/09/2007;2 mois
COMPILATION;ELECTIONS CLASSIQUES 2007;EMI CLASSICS LTD/VIRGIN CLASSICS/EMI MUSIC France;Albums;Or;03/05/2007;29/08/2007;3 mois
PHILIPPE JAROUSSKY;HEROES;EMI CLASSICS LTD/VIRGIN CLASSICS/EMI MUSIC France;Albums;Or;02/11/2006;29/08/2007;10 mois
LES ENFOIRES;LA CARAVANE DES ENFOIRES;LES RESTAURANTS DU C?UR/UNIVERSAL MUSIC France;Albums;Triple Platine;01/03/2007;25/04/2007;1 mois
CHARLES AZNAVOUR;EN CONCERT A EREVAN;EMI MUSIC France;Vidéos;Or;08/02/2007;25/04/2007;2 mois
JOHN LENNON;LEGEND;CAPITOL RECORDS/EMI MUSIC France;Vidéos;Or;02/11/2003;25/04/2007;3 ans 6 mois
LUIS MARIANO;L'ETERNEL ENCHANTEUR;EMI MUSIC France;Vidéos;Or;28/09/2006;25/04/2007;6 mois
NIGEL KENNEDY;LIVE A LA CITADELLE;EMI RECORDS LTD/EMI MUSIC France;Vidéos;Or;16/11/2006;25/04/2007;5 mois
I A M;LIVE AU DOME DE MARSEILLE;EMI MUSIC France;Vidéos;Double Platine;12/12/2004;25/04/2007;2 ans 4 mois
NATALIE DESSAY;LE MIRACLE D'UNE VOIX;VIRGIN CLASSICS/EMI MUSIC France;Vidéos;Double Platine;26/10/2006;25/04/2007;6 mois
NORAH JONES;LIVE IN NEW ORLEANS;BLUE NOTE US CAPITOL/EMI MUSIC France;Vidéos;Double Platine;02/03/2003;25/04/2007;4 ans 2 mois
ROBBIE WILLIAMS;AND THROUGHT IT ALL - Robbie Williams Live 1997/20;Robbie Willimas/In Good Company/EMI MUSIC France;Vidéos;Double Platine;09/11/2006;25/04/2007;5 mois
DEPECHE MODE;TOURING THE ANGEL;MUTE RECORDS LTD/EMI MUSIC France;Vidéos;Triple Platine;21/09/2006;25/04/2007;7 mois
EDITH PIAF;HYMNE A LA MOME;EMI MUSIC France;Vidéos;Triple Platine;23/11/2003;25/04/2007;3 ans 5 mois
COMPILATION;PREMIUM MARIONNAUD;EMI MUSIC France;Albums;Or;25/12/2006;25/04/2007;4 mois
COMPILATION;NRJ MUSIC AWARDS;EMI MUSIC France/SONY/BMG/ULM/EMI MUSIC France/ULM;Albums;Platine;11/01/2007;25/04/2007;3 mois
MICK EST TOUT SEUL;LES CHANSONS PERDUES;EMI MUSIC France;Albums;Or;08/03/2007;25/04/2007;1 mois
SEAN LENNON;FRIENDLY FIRE;CAPITOL RECORDS/EMI MUSIC France;Albums;Or;28/09/2006;25/04/2007;6 mois
THE GOOD THE BAD & THE QUEEN;The Good The Bad & The Queen;PARLOPHONE/CHRYSALIS MUSIC LTD/EMI MUSIC France;Albums;Or;18/01/2007;25/04/2007;3 mois
ARSENIK;QUELQUE CHOSE A SURVECU;EMI MUSIC France;Albums;Or;28/03/2002;25/04/2007;5 ans 1 mois
B.O.F.;LA MOME;EMI MUSIC France;Albums;Or;01/02/2007;25/04/2007;2 mois
SOPRANO;PUISQU'IL FAUT VIVRE;EMI MUSIC France CAPITOL Records/EMI MUSIC France;Albums;Or;15/02/2007;25/04/2007;2 mois
TITOU LE LAPINOU;MON PREMIER ALBUM;MY LABEL/WARNER MUSIC France;Albums;Or;29/10/2007;18/04/2007;6 mois
VINCENT DELERM;LES PIQURES D'ARAIGNEE;TOT OU TARD/WARNER MUSIC France;Albums;Or;24/09/2006;18/04/2007;6 mois
COMPILATION;NRJ HITS 2007;WEA/WARNER MUSIC France;Albums;Or;10/12/2006;18/04/2007;4 mois
FATAL BAZOOKA;MAUVAISE FOI NOCTURNE;UP MUSIC/WARNER MUSIC France;Singles;Or;21/02/2007;18/04/2007;1 mois
AGNES JAOUI;CANTA;TOT OU TARD/WARNER MUSIC France;Albums;Or;26/02/2006;18/04/2007;1 an 1 mois
DIVERS;LA COMPIL DU LAPINOU;WEA/WARNER MUSIC France;Albums;Or;24/09/2006;18/04/2007;6 mois
THOMAS FERSEN;LE PAVILLON DES FOUS;TOT OU TARD/WARNER MUSIC France;Albums;Or;03/10/2005;18/04/2007;1 an 6 mois
ANIS;LA CHANCE?;VIRGIN France/EMI MUSIC France;Albums;Or;06/10/2005;21/02/2007;1 an 4 mois
TRIBAL KING;FACON SEX;ULM/UNIVERSAL MUSIC France;Singles;Platine;30/07/2006;14/02/2007;6 mois
PAUL PERSONNE;IL ETAIT UNE FOIS LA ROUTE;XIII BIS RECORDS/SONY BMG;Vidéos;Or;26/11/2006;14/02/2007;2 mois
COMPILATION;STARFLOOR - Vol.2;ULM/UNIVERSAL MUSIC France;Albums;Or;15/05/2005;14/02/2007;1 an 9 mois
CORINNE BAILEY RAE;CORINNE BAILEY RAE;GLOBAL TALENT Publishing/EMI MUSIC FRANCE;Albums;Or;02/03/2006;09/12/2006;9 mois
PLACEBO;MEDS;VIRGIN RECORDS LTD/EMI MUSIC France;Albums;Platine;02/10/2006;09/12/2006;2 mois
DIAM'S;DANS MA BULLE;EMI MUSIC France;Albums;Triple Platine;01/03/2006;09/12/2006;9 mois
DEEP PURPLE;LIVE IN CALIFORNIA 1974;DEEP PURPLE LTD/EMI MUSIC FRANCE;Vidéos;Or;;09/12/2006;37 ans 5 mois
PINOCCHIO;MON ALBOUM;LAVISTA/EMI MUSIC France;Albums;Or;10/10/2005;09/12/2006;1 an 2 mois
AXELLE RED;JARDIN SECRET;Bimbo Song Publishing/Virgin Fra/nce               EMI MUSIC France;Albums;Or;;09/12/2006;37 ans 5 mois
MIKE BRANT;MILE BRANT FOREVER;EMI MUSIC France;Vidéos;Or;;09/12/2006;37 ans 5 mois
GORILLAZ;PHASE ONE CELEBRITY TAKE DOWN;PARLOPHONE/EMI MUSIC France;Vidéos;Or;10/12/2002;09/12/2006;4 ans
JULIEN CLERC;JULIEN DEMENAGE;Ed. Crecelles & Sidonie/Virgin F/rance        EMI MUSIC France;Vidéos;Platine;;09/12/2006;37 ans 5 mois
COMPILATION;VIVE LES CLIPS;EMI MUSIC France;Vidéos;Or;;09/12/2006;37 ans 5 mois
FREDDIE MERCURY;LOVER OF LIFE SINGER OF SONGS;EMI RECORDS LTD/EMI MUSIC France;Vidéos;Or;08/01/2006;09/12/2006;11 mois
I MUVRINI;ALMA;CAPITOL EMI/EMI MUSIC France;Albums;Or;;09/12/2006;37 ans 5 mois
SHANA TESH;BOUM BOUM BOUM;EMI MUSIC France;Singles;Or;;09/12/2006;37 ans 5 mois
DAVID GUETTA;FUCK ME I'M FAMOUS Vol.3;SQUARE RIVOLI Publishing/EMI MUSIC France;Albums;Or;;09/12/2006;37 ans 5 mois
LILY ALLEN;ALRIGHT STILL;EMI RECORDS LTD/EMI MUSIC France;Albums;Or;;09/12/2006;37 ans 5 mois
PINK FLOYD;PULSE;PINK FLOYD MUSIC PUBLISHERS LTD/EMI MUSIC France;Vidéos;Diamant;06/07/2006;09/12/2006;5 mois
THIERRY AMIEL;THIERRY AMIEL;RCA/SONY & BMG MUSIC;Albums;Or;20/11/2006;30/11/2006;
BOB SINCLAR;LOVE GENERATION;YELLOW PRODUCTIONS/UNIVERSAL MUSIC France;Singles;Or;;30/11/2006;37 ans 5 mois
NOIR DESIR;NOIR DESIR EN IMAGES;BARCLAY/UNIVERSAL MUSIC France;Vidéos;Diamant;;30/11/2006;37 ans 5 mois
GILBERT BECAUD;OPERATION TOUPARGEL;EMI MUSIC France;Albums;Or;02/06/2006;11/11/2006;5 mois
ANGGUN;LUMINESCENCE;VOGUE/SONY BMG;Albums;Or;25/02/2006;11/11/2006;8 mois
M;EN TETE A TETE;EMI MUSIC France;Albums;Platine;;09/11/2006;37 ans 4 mois
ALAIN CHAMFORT;IMPROMPTU DANS LES JARDINS DU Luxembourg;XIII BIS RECORDS/GAUMONT COLUMBIA/SONY BMG;Vidéos;Or;;02/09/2006;37 ans 2 mois
HOTEL COSTES;HOTEL COSTES VOL. 5;PSCHENT/WAGRAM MUSIC;Albums;Or;09/04/2002;11/07/2006;4 ans 3 mois
HOTEL COSTES;HOTEL COSTES VOL. 4;PSCHENT/WAGRAM MUSIC;Albums;Or;;11/07/2006;37 ans
113;113 DEGRES;JIVEPIC/SONY & BMG MUSIC;Albums;Or;14/11/2005;15/06/2006;7 mois
CHICO & THE GYPSIES;FREEDOM;POLYDOR/UNIVERSAL MUSIC France;Albums;Or;;06/06/2006;36 ans 11 mois
LOUIS BERTIGNAC;LONGTEMPS;POLYDOR/UNIVERSAL MUSIC France;Albums;Or;01/07/2005;06/06/2006;11 mois
MATMATAH;ARCHIE KRAMER;LA OUACHE/BARCLAY/UNIVERSAL MUSIC France;Albums;Or;09/11/2004;06/06/2006;1 an 7 mois
DIONYSOS;MONSTERS IN LOVE;BARCLAY/UNIVERSAL MUSIC France;Albums;Or;;06/06/2006;36 ans 11 mois
RED HOT CHILI PEPPERS;STADIUM ARCADIUM;WEA/WARNER MUSIC France;Albums;Platine;;09/05/2006;36 ans 10 mois
ALDEBERT;L'ANNEE DU SINGE;UP MUSIC/WARNER MUSIC France;Albums;Or;;09/05/2006;36 ans 10 mois
TRACY CHAPMAN;WHEN YOU LIVE;WEA/WARNER MUSIC France;Albums;Or;;09/05/2006;36 ans 10 mois
SEAN PAUL;TRINITY;WEA/WARNER MUSIC France;Albums;Double Platine;;09/05/2006;36 ans 10 mois
JOHNNY HALLYDAY;FLASHBACK TOUR;WARNER/WARNER MUSIC France;Albums;Platine;08/04/2006;09/05/2006;1 mois
MICHEL BERGER;POUR ME COMPRENDRE;WARNER/WARNER MUSIC France;Albums;Triple Platine;;09/05/2006;36 ans 10 mois
MADONNA;I'M GOING TO TELL YOU A SECRET;WEA/WARNER MUSIC France;Albums;Or;;09/05/2006;36 ans 10 mois
COMPILATION;NRJ SUMMER HITS 2006;WEA/WARNER MUSIC France;Albums;Or;;09/05/2006;36 ans 10 mois
COMPILATION;BACK 2 THE DANCE;WEA/WARNER MUSIC France;Albums;Or;05/12/2006;09/05/2006;7 mois
FRANK MICHAEL;POUR TOUJOURS;WARNER MUSIC FRANCE;Albums;Or;21/11/2005;06/04/2006;4 mois
MAGIC SYSTEM FEAT AKIL;C'EST CHO CA BRULE;COLUMBIA/SONY & BMG MUSIC;Singles;Or;06/03/2006;10/02/2006;
MIGUEL ANGEL MUNOZ;DIRAS QUE ESTOY LOCO;M 6 INTERACTIONS/SONY & BMG MUSIC;Singles;Or;;10/02/2006;36 ans 7 mois
NADIYA;ROC;COLUMBIA/SONY BMG;Singles;Or;;10/02/2006;36 ans 7 mois
GAROU;GAROU;COLUMBIA/SONY BMG;Albums;Platine;05/12/2006;10/02/2006;9 mois
LAURENT VOULZY;LA SEPTIEME VAGUE;RCA/SONY BMG;Albums;Triple Platine;;10/02/2006;36 ans 7 mois
AMEL BENT;EYE OF THE TIGER;JIVEPIC/SONY & BMG MUSIC;Singles;Or;;10/02/2006;36 ans 7 mois
LORIE;PARTIE POUR ZOUKER;VOGUE/SONY BMG;Singles;Or;;10/02/2006;36 ans 7 mois
PIGLOO;LA RAGGA DES PINGOUINS;M 6 INTERACTIONS/SONY & BMG MUSIC;Singles;Or;05/05/2006;10/02/2006;2 mois
TINA ARENA;JE M'APPELLE BAGDAD;COLUMBIA/SONY & BMG MUSIC;Singles;Or;;10/02/2006;36 ans 7 mois
NADIYA;NADIYA;COLUMBIA/SONY BMG;Albums;Platine;05/05/2006;10/02/2006;2 mois
SHAKIRA;HIPS DON'T LIE;JIVEPIC/SONY & BMG MUSIC;Singles;Or;04/02/2006;10/02/2006;
PINK;I'M NOT DEAD;RCA/SONY & BMG MUSIC;Albums;Or;03/03/2006;10/02/2006;
PATRICK BRUEL;DES SOUVENIRS DEVANT;RCA/SONY BMG;Albums;Double Platine;;10/02/2006;36 ans 7 mois
NAJOUA BELYZEL;ENTRE DEUX MONDES;SCORPIO HOT TRACKS/SONY BMG;Albums;Or;;10/02/2006;36 ans 7 mois
JOEY STARR;GARE AU JAGUARR;JIVEPIC/SONY & BMG MUSIC;Albums;Or;10/06/2006;10/02/2006;4 mois
ARIELLE DOMBASLE;C'EST SI BON;COLUMBIA/SONY & BMG MUSIC;Albums;Or;09/09/2006;10/02/2006;7 mois
TINA ARENA;UN AUTRE UNIVERS;COLUMBIA/SONY BMG;Albums;Platine;11/05/2005;10/02/2006;9 mois
HUBERT FELIX THIEFAINE;SCANDALE MELANCOLIQUE;RCA/SONY & BMG MUSIC;Albums;Or;;10/02/2006;36 ans 7 mois
EVANESCENCE;THE OPEN DOOR;COLUMBIA/SONY & BMG MUSIC;Albums;Or;09/02/2006;10/02/2006;
JUSTIN TIMBERLAKE;FUTURESEX/LOVESOUNDS;JIVEPIC/SONY & BMG MUSIC;Albums;Or;08/11/2006;10/02/2006;9 mois
JENIFER;FAIT SON LIVE;UNIVERSAL MUSIC/MERCURY / TF1 / NIOUPROD;Albums;Or;02/10/2005;13/12/2005;2 mois
M;EN T;EMI MUSIC France;Albums;Or;27/10/2005;13/12/2005;1 mois
MICHEL SARDOU;LIVE AU PALAIS DES SPORTS 2005;UNIVERSAL MUSIC/TREMA / AZ;Albums;Or;16/10/2005;13/12/2005;1 mois
MULTI INTERPRETES;500 CHORISTES AVEC ?;SONY BMG/COLUMBIA;Albums;Or;16/10/2005;13/12/2005;1 mois
PATRICK FIORI;SI ON CHANTAIT PLUS FORT;SONY BMG/RCA ARISTA;Albums;Or;25/09/2005;13/12/2005;2 mois
PAUL MC CARTNEY;CHAOS IN CREATION IN THE BACKYARD;EMI MUSIC France/PARLOPHONE;Albums;Or;08/09/2005;13/12/2005;3 mois
ROCH VOISINE;SAUF SI L'AMOUR ?;SONY BMG/RCA ARISTA;Albums;Or;30/10/2005;13/12/2005;1 mois
ROHFF;AU DELA DE MES LIMITES;EMI MUSIC France/EMI MUSIC Franc;Albums;Or;24/11/2005;13/12/2005;
DEPECHE MODE;PLAYING THE ANGEL;EMI MUSIC France/MUTE RECORDS LTD;Albums;Double or;13/10/2005;13/12/2005;2 mois
EMINEM;CURTAIN CALL - THE HITS;UNIVERSAL MUSIC/INTERSCOPE;Albums;Or;01/12/2005;13/12/2005;
IL DIVO;IL DIVO;SONY BMG/RCA ARISTA;Albums;Double or;22/05/2005;13/12/2005;6 mois
ILONA MITRECEY;UN MONDE PARFAIT;SONY BMG/SCORPIO HOT TRACKS;Albums;Double or;09/10/2005;13/12/2005;2 mois
INDOCHINE;ALICE & JUNE;SONY BMG/EPIC;Albums;Double or;18/12/2005;13/12/2005;
MARC LAVOINE;L'HEURE D'ETE;UNIVERSAL MUSIC/MERCURY;Albums;Double or;05/06/2005;13/12/2005;6 mois
MICHEL FUGAIN;C'EST PAS DE L'AMOUR MAIS C'EST TOUT COMME;EMI MUSIC France;Albums;Double or;14/11/2004;13/12/2005;1 an 1 mois
ANDRE RIEU;LES MELODIES DE MON COEUR;UNIVERSAL MUSIC/PHILIPS;Albums;Or;06/11/2005;06/12/2005;1 mois
YANNICK NOAH;METISSE(S);SONY BMG/ST GEORGE;Albums;Platine;05/06/2005;30/11/2005;5 mois
COMPILATION;LIVE 8 PARIS;EMI MUSIC France;Vidéos;Platine;03/11/2005;30/11/2005;
DANY BRILLANT;JAZZ DEST GERMAIN DES PRES A LA NOUVELLE ORLEANS;SONY BMG/COLUMBIA;Vidéos;Platine;20/11/2005;30/11/2005;
ERIC CLAPTON;CROSSROADS GUITAR FESTIVAL;WARNER VISION France;Vidéos;Platine;28/11/2004;30/11/2005;1 an
LE 6-9;UN CASTING PARFAIT;UNIVERSAL MUSIC/ULM;Singles;Or;10/07/2005;30/11/2005;4 mois
M POKORA;SHOWBIZ (THE BATTLE);UNIVERSAL MUSIC/ULM / M6 INTERACTION;Singles;Or;14/11/2004;30/11/2005;1 an
M POKORA;PAS SANS TOI;UNIVERSAL MUSIC/ULM / M6 INTERACTION;Singles;Or;11/09/2005;30/11/2005;2 mois
ISABELLE BOULAY;DU TEMPS POUR TOI;SONY BMG/V2 RECORDS;Vidéos;Platine;20/11/2005;30/11/2005;
M POKORA FEATURING SWEETY;ELLE ME CONTR;UNIVERSAL MUSIC/ULM / M6 INTERACTION;Singles;Or;17/04/2005;30/11/2005;7 mois
MICKAEL THE TURTLE;GHOSTBUSTERS;UNIVERSAL MUSIC/ULM;Singles;Or;06/11/2005;30/11/2005;
M POKORA;UN AN AVEC M. POKORA;UNIVERSAL MUSIC/ULM / M6 INTERACTION;Vidéos;Platine;16/10/2005;30/11/2005;1 mois
RAY CHARLES;O-GENIO : LIVE IN BRASIL 1963;WARNER VISION France;Vidéos;Platine;07/02/2005;30/11/2005;9 mois
RIVERDANCE;LIVE A GENEVE;SONY BMG/SONY BMG VIDEO;Vidéos;Platine;02/10/2005;30/11/2005;1 mois
SCHNAPPI;DAS KLEIN KROKODIL;UNIVERSAL MUSIC/ULM;Singles;Or;24/07/2005;30/11/2005;4 mois
RAY CHARLES;IN CONCERT;SONY BMG/IMAGE ENTERTAINMENT;Vidéos;Or;22/04/2003;19/10/2005;2 ans 6 mois
TINA TURNER;ALL THE BEST - THE LIVE COLLECTION;EMI MUSIC France/CAPITOL RECORDS INC;Vidéos;Or;27/02/2005;19/10/2005;7 mois
USHER;TRUTH TOUR BEHIND THE TRUTH LIVE;SONY BMG/RCA ARISTA;Vidéos;Or;20/11/2005;19/10/2005;1 mois
ALAIN SOUCHON;J'VEUX DU LIVE;EMI MUSIC France/EDITIONS A. SOUCHON / VIRGIN;Vidéos;Platine;15/12/2002;19/10/2005;2 ans 10 mois
ETIENNE DAHO;SORTIR CE SOIR;EMI MUSIC France;Vidéos;Platine;13/03/2005;19/10/2005;7 mois
MAGIC SYSTEM;BOUGER BOUGER;Emi Music France;Singles;Or;12/06/2005;19/10/2005;4 mois
MOBY;LIFT ME UP;EMI music France/Warner Tamerlane BMI / Little idiot music;Singles;Or;27/02/2005;19/10/2005;7 mois
MIKE TYSON;MIKE TYSON;EMI MUSIC France;Vidéos;Platine;24/03/2005;19/10/2005;6 mois
JEAN-MICHEL JARRE;LIVE IN BEIJING;WARNER VISION France;Vidéos;Double Platine;06/12/2004;19/10/2005;10 mois
MANO NEGRA;OUT OF TIME;EMI MUSIC France/EDITIONS PATCHANKA / VIRGIN France;Vidéos;Double Platine;24/11/2005;19/10/2005;1 mois
TRYO;TRYO AU CABARET SAUVAGE;SONY BMG/YELEN MUSIQUES;Vidéos;Double Platine;13/03/2005;19/10/2005;7 mois
DEPECHE MODE;ONE NIGHT IN PARIS;EMI MUSIC France/MUTE RECORDS LTD;Vidéos;Triple Platine;26/05/2002;19/10/2005;3 ans 5 mois
CALI;MENTEUR;EMI MUSIC France;Albums;Or;29/09/2005;19/10/2005;
COMPILATION;SUPER PARTY HITS 2005;EMI MUSIC France;Albums;Or;26/06/2005;19/10/2005;3 mois
DEPECHE MODE;101;EMI MUSIC France/MUTE RECORDS LTD;Albums;Or;12/09/1996;19/10/2005;9 ans 2 mois
KT TUNSTALL;EYE TO THE TELESCOPE;EMI MUSIC France/JAYDONE LTD;Albums;Or;29/05/2005;19/10/2005;4 mois
RAPHAEL;HOTEL DE L'UNIVERS;EMI MUSIC France;Albums;Or;11/10/2000;19/10/2005;5 ans 1 mois
TELEPHONE;PARIS 81;EMI MUSIC France;Albums;Or;03/12/2000;19/10/2005;4 ans 11 mois
THE ROLLING STONES;A BIGGER BANG;EMI MUSIC France/WESTMINSTER MUSIC LTD;Albums;Or;01/09/2005;19/10/2005;1 mois
TINA TURNER;ALL THE BEST;EMI MUSIC France/CAPITOL RECORDS INC;Albums;Or;28/10/2004;19/10/2005;11 mois
PINOCCHIO;T'ES PAS CAP PINOCCHIO;Emi Music France/LAVISTA;Singles;Platine;03/07/2005;19/10/2005;3 mois
RAPHA;CARAVANE;Emi Music France;Singles;Platine;15/05/2005;19/10/2005;5 mois
CAMILLE;LE FIL;EMI MUSIC France;Albums;Double or;13/02/2005;19/10/2005;8 mois
COLD PLAY;X & Y;EMI MUSIC France/EMI RECORDS LTD;Albums;Double or;02/06/2005;19/10/2005;4 mois
DIVERS;MOZART L'EGYPTIEN;EMI MUSIC France/BALLON NOIR;Albums;Double or;05/10/1997;19/10/2005;8 ans 1 mois
EDITH PIAF;ETERNELLE;EMI MUSIC France/EMI MUSIC France LABEL CAPITOL;Albums;Double or;21/09/2003;19/10/2005;2 ans 1 mois
JULIEN CLERC;Double ENFANCE;EMI MUSIC France/ED. CRECELLES & SIDONIE/VIRGIN;Albums;Double or;29/09/2005;19/10/2005;
THE SCORPIONS;SCORPIONS BEST;EMI MUSIC France/BREEZE MUSIC;Albums;Double or;17/10/1999;19/10/2005;6 ans 1 mois
ALAIN SOUCHON;LA VIE THEODORE;VIRGIN France/EDITIONS A. SOUCHON;Albums;Platine;01/09/2005;19/10/2005;1 mois
M;LA TOUR DE M;EMI MUSIC France;Albums;Platine;20/05/2001;19/10/2005;4 ans 5 mois
BOOKA;MUTOTO;WARNER MUSIC FRANCE/WARNER;Singles;Or;30/05/2005;27/09/2005;4 mois
ERIC PRYDZ;CALL ON ME;WARNER MUSIC FRANCE/UP MUSIC;Singles;Or;06/12/2004;27/09/2005;9 mois
JEAN-BAPTISTE MAUNIER ET CLEMENCE;CONCERTO POUR 2 VOIX;WARNER MUSIC FRANCE/WARNER;Singles;Or;28/02/2005;27/09/2005;7 mois
K'MARO;CRAZY;WARNER MUSIC FRANCE/UP MUSIC;Singles;Or;27/09/2004;27/09/2005;1 an
LYNNSHA;HOMMES FEMMES;WARNER MUSIC FRANCE/UP MUSIC;Singles;Or;28/11/2004;27/09/2005;10 mois
DANIEL POWTER;DANIEL POWTER;WARNER MUSIC FRANCE/WEA;Albums;Or;21/02/2005;27/09/2005;7 mois
JAMES BLUNT;BACK TO BEDLAM;WARNER MUSIC FRANCE/WEA;Albums;Or;23/05/2005;27/09/2005;4 mois
JAY-Z : LINKIN PARK;COLLISION COURSE;WARNER MUSIC FRANCE/WEA;Albums;Or;28/11/2004;27/09/2005;10 mois
LES T;QU'EST-CE QU'ON S'FAIT CHIER;WARNER MUSIC FRANCE/T;Albums;Or;15/09/2003;27/09/2005;2 ans
LYNDA LEMAY;UN PARADIS QUELQUE PART;WARNER MUSIC France/WARNER;Albums;Or;21/02/2005;27/09/2005;7 mois
MULTI INTERPRETES;NRJ HITS 2004;WARNER MUSIC FRANCE/WEA;Albums;Or;14/11/2004;27/09/2005;10 mois
MULTI INTERPRETES;RAP & R'N'B NON STOP 2004;WARNER MUSIC FRANCE/WEA;Albums;Or;12/11/2004;27/09/2005;10 mois
MULTI INTERPRETES;RAP & R'N'B NON STOP 2004-Vol2;WARNER MUSIC FRANCE/WEA;Albums;Or;03/10/2004;27/09/2005;11 mois
MULTI INTERPRETES;NRJ SUMMER HIT ONLY;WARNER MUSIC FRANCE/WEA;Albums;Or;04/07/2005;27/09/2005;2 mois
MULTI INTERPRETES;RAP & R'N'B NON STOP 2005;WARNER MUSIC FRANCE/WEA;Albums;Or;31/01/2005;27/09/2005;7 mois
RAY CHARLES;B.O.F RAY;WARNER MUSIC FRANCE/WEA;Albums;Or;24/10/2004;27/09/2005;11 mois
SERGE LAMA;"PLURI""ELLES""";WARNER MUSIC FRANCE/WARNER;Albums;Or;03/11/2003;27/09/2005;1 an 11 mois
SINIK;LA MAIN SUR LE C?UR;WARNER MUSIC France/UP MUSIC;Albums;Or;24/01/2005;27/09/2005;8 mois
VINCENT DELERM;KENSINGTON SQUARE;WARNER MUSIC FRANCE/T;Albums;Or;12/04/2004;27/09/2005;1 an 5 mois
AVENTURA;OBSESION;WARNER MUSIC France/UP MUSIC;Singles;Diamant;02/08/2004;27/09/2005;1 an 2 mois
K'MARO;FEMME LIKE U;WARNER MUSIC France/UP MUSIC;Singles;Diamant;31/05/2004;27/09/2005;1 an 4 mois
B.O.F;KILL BILL;WARNER MUSIC France/WEA;Albums;Double or;22/09/2003;27/09/2005;2 ans
GREEN DAY;AMERICAN IDIOT;WARNER MUSIC France/WEA;Albums;Double or;20/09/2004;27/09/2005;1 an
K'MARO;LA GOOD LIFE;WARNER MUSIC France/UP MUSIC;Albums;Double or;05/07/2004;27/09/2005;1 an 2 mois
MULTI INTERPRETES;LE ROI SOLEIL;WARNER MUSIC France/WARNER;Albums;Double or;28/03/2005;27/09/2005;6 mois
RAY CHARLES;THE DEFINITIVE;WARNER MUSIC France/WEA;Albums;Double or;12/09/2001;27/09/2005;4 ans 1 mois
LINKIN PARK;METEORA;WARNER MUSIC France/WEA;Albums;Platine;24/03/2003;27/09/2005;2 ans 6 mois
LARA FABIAN;9;UNIVERSAL MUSIC/POLYDOR;Albums;Double or;13/03/2005;20/09/2005;6 mois
MARIAH CAREY;THE EMANCIPATION OF MIMI;UNIVERSAL MUSIC/MERCURY;Albums;Or;03/04/2005;06/09/2005;5 mois
SUPERBUS;POP'N'GUM;UNIVERSAL MUSIC/MERCURY;Albums;Or;27/06/2004;06/09/2005;1 an 2 mois
SANDRINE KIBERLAIN;MANQUAIT PLUS QU'CA;EMI MUSIC France/VIRGIN France;Albums;Or;13/03/2005;21/06/2005;3 mois
MICKEY 3 D;MATADOR;EMI MUSIC France;Albums;Or;02/06/2005;21/06/2005;
MIKE BRANT;QUI SAURA;EMI MUSIC France;Albums;Or;30/03/2005;21/06/2005;2 mois
BOF;SEXE INTENTIONS;EMI MUSIC France/VIRGIN RECORDS LTD;Albums;Double or;28/03/1999;21/06/2005;6 ans 3 mois
DEPECHE MODE;REMIXES 81/04;EMI MUSIC France/MUTE RECORDS LTD;Albums;Double or;12/12/2004;21/06/2005;6 mois
MOBY;HOTEL;EMI MUSC France/Warner Tamerlane Bmi/Little idot Music;Albums;Platine;20/03/2005;21/06/2005;3 mois
3EME ŒIL;HIER, AUJOURD'HUI, DEMAIN;COLUMBIA / SONY MUSIC ENTERTAINMENT;Albums;Or;05/02/1999;15/06/2005;6 ans 5 mois
3EME OEIL;HIER, AUJOURD'HUI, DEMAIN;COLUMBIA / SONY MUSIC ENTERTAINMENT;Albums;Or;08/02/1999;15/06/2005;6 ans 5 mois
AMEL BENT;MA PHILOSOPHIE;SONY BMG/JIVE/ZOMBA;Singles;Diamant;23/01/2005;15/06/2005;4 mois
ARIELLE DOMBASLE;AMOR AMOR;SONY BMG/COLUMBIA;Albums;Platine;30/09/2004;15/06/2005;8 mois
NADIYA;16/9;SONY BMG/COLUMBIA;Albums;Platine;27/05/2004;15/06/2005;1 an
GAROU;REVIENS;SONY BMG/COLUMBIA;Albums;Double Platine;20/11/2003;14/06/2005;1 an 7 mois
CELINE DION;LIVE A PARIS;SONY BMG/COLUMBIA;Vidéos;Platine;20/11/2003;14/06/2005;1 an 7 mois
LORIE;TOI ET MOI;SONY BMG/EPIC;Singles;Or;03/03/2005;14/06/2005;3 mois
NADIYA;NADIYA : L'HISTOIRE EN 16/9;SONY BMG/COLUMBIA;Vidéos;Platine;31/03/2005;14/06/2005;2 mois
JENNIFER LOPEZ;GET RIGHT;SONY BMG/EPIC;Singles;Or;10/02/2005;14/06/2005;4 mois
EVANESCENCE;ANYWHERE BUT HOME;SONY BMG/EPIC;Vidéos;Double Platine;18/11/2004;14/06/2005;6 mois
GAROU;ROUTES;SONY BMG/COLUMBIA;Vidéos;Triple Platine;24/02/2005;14/06/2005;3 mois
COMPILATION;NRJ MUSIC AWARDS 2005;SONY BMG/SONY MUSIC MEDIA;Albums;Or;06/01/2005;14/06/2005;5 mois
COMPILATION;PLANETE RAP 2005;SONY BMG/SONY MUSIC MEDIA;Albums;Or;31/03/2005;14/06/2005;2 mois
BLOC PARTY;SILENT ALARM;SONY BMG/V 2 RECORD;Albums;Or;10/02/2005;14/06/2005;4 mois
PLEYMO;ROCK;SONY BMG/EPIC;Albums;Or;09/10/2003;14/06/2005;1 an 8 mois
SYSTEM OF A DOWN;MEZMERIZE;SONY BMG/COLUMBIA;Albums;Or;12/05/2005;14/06/2005;1 mois
JENNIFER LOPEZ;REBIRTH;SONY BMG/EPIC;Albums;Or;24/02/2005;14/06/2005;3 mois
JUGLIO IGLESIAS;EN Fran;SONY BMG/COLUMBIA;Albums;Or;23/09/2004;14/06/2005;8 mois
JULIE ZENATTI;COMME VOUS;SONY BMG/COLUMBIA;Albums;Or;04/11/2004;14/06/2005;7 mois
SINSEMILIA;TOUT LE BONHEUR DU MONDE;SONY BMG/EPIC;Singles;Platine;06/01/2005;14/06/2005;5 mois
ILONA;UN MONDE PARFAIT;SONY BMG/SCORPIO HOT TRACKS;Singles;Diamant;24/02/2005;14/06/2005;3 mois
BEYONCE;DANGEROUSLY IN LOVE;SONY BMG/COLUMBIA;Albums;Double or;17/07/2003;14/06/2005;1 an 11 mois
JUGLIO IGLESIAS;DIVORCIO;SONY BMG/COLUMBIA;Albums;Double or;30/10/2003;14/06/2005;1 an 7 mois
PLACEBO;ONCE MORE WITH FEELING;EMI MUSIC France/VIRGIN RECORDS LTD;Albums;Double or;21/10/2004;13/04/2005;5 mois
RENAUD;Mon fil sur moi et mes chansons pr;EMI MUSIC France/Ceci Cela/Emi Music France Label Virgin;Albums;Double or;25/11/2004;13/04/2005;4 mois
ROBBIE WILLIAMS;GREATEST HITS;EMI MUSIC France/Robbie Williams/In good company;Albums;Platine;07/11/2004;13/04/2005;5 mois
CHARLES AZNAVOUR;COFFRET PLATINIUM;EMI MUSIC France;Albums;Or;16/05/2004;30/03/2005;10 mois
NIGEL KENNEDY;VIVALDI 4 SAISONS;EMI MUSIC France/EMI RECORDS LTD;Albums;Or;21/10/2004;30/03/2005;5 mois
CALI;L'AMOUR PARFAIT;EMI MUSIC France;Albums;Platine;17/08/2003;22/03/2005;1 an 7 mois
LAURENT VOULZY;DVD LIVE;SONY / BMG/RCA;Vidéos;Platine;29/11/2004;21/03/2005;3 mois
THE EAGLES;HELL FREEZES OVER;SONY / BMG/BMG MEDIA;Vidéos;Platine;19/08/2003;21/03/2005;1 an 7 mois
CALOGERO;3;UNIVERSAL MUSIC/MERCURY/RAPAS;Albums;Diamant;18/03/2004;01/03/2005;11 mois
ERA;ERA 2;UNIVERSAL MUSIC/MERCURY;Albums;Platine;15/05/2000;01/03/2005;4 ans 10 mois
ERA;BEST OF;UNIVERSAL MUSIC/MERCURY;Albums;Platine;14/11/2004;01/03/2005;3 mois
RAY CHARLES;A L'OLYMPIA;Gaumont Columbia Tristar Home/XIII BIS RECORDS;Vidéos;Platine;06/12/2004;15/02/2005;2 mois
COMPILATION;DANCEFLOOR FG WINTER 2005;UNIVERSAL MUSIC/GLOBAL MUSIC DEVELOPMENT;Albums;Or;09/01/2005;15/02/2005;1 mois
ALAIN BASHUNG;LA TROUNEE DES GRANDS ESPACES;UNIVERSAL MUSIC/BARCLAY;Vidéos;Or;31/05/2004;11/01/2005;7 mois
BOB MARLEY & THE WAILERS;LIVE;UNIVERSAL MUSIC/ISLAND./AZ;Vidéos;Or;21/11/2004;11/01/2005;1 mois
BRIGITTE BARDOT;DIVINE B.B.;UNIVERSAL MUSIC/MERCURY;Vidéos;Or;22/03/2004;11/01/2005;9 mois
DIANA KRALL;LIVE AT THE MONTREALM JAZZ FESTIVAL;UNIVERSAL MUSIC/VERVE/UNIVERSAL JAZZ;Vidéos;Or;05/12/2004;11/01/2005;1 mois
DIVERS;KARAOKE ATTITUDE HITS 2004;UNIVERSAL MUSIC/U.L.M.;Vidéos;Or;05/12/2004;11/01/2005;1 mois
L 5;LE LIVE;UNIVERSAL MUSIC/MERCURY;Vidéos;Or;08/03/2004;11/01/2005;10 mois
LES WAMPAS;NEVER TRUST A DVD;UNIVERSAL MUSIC/ATMOSPHERIQUES;Vidéos;Or;05/01/2004;11/01/2005;1 an
MAURANE;L'HEUREUX TOUR;UNIVERSAL MUSIC/POLYDOR;Vidéos;Or;05/12/2004;11/01/2005;1 mois
RAMSTEIN;LICHTSPIELHANS;UNIVERSAL MUSIC/MERCURY;Vidéos;Or;08/12/2003;11/01/2005;1 an 1 mois
ALIZEE;LIVE 2004;UNIVERSAL MUSIC/POLYDOR;Vidéos;Platine;17/10/2004;11/01/2005;2 mois
BARBARA;UNE LONGUE DAME BRUNE;UNIVERSAL MUSIC/MERCURY;Vidéos;Platine;13/09/2004;11/01/2005;4 mois
BOB MARLEY & THE WAILERS;LEGEND;UNIVERSAL MUSIC/ISLAND/AZ;Vidéos;Platine;15/09/2003;11/01/2005;1 an 4 mois
GEORGES BRASSENS;ELLE EST A TOI CETTE CHANSON;UNIVERSAL MUSIC/MERCURY;Vidéos;Platine;17/10/2004;11/01/2005;2 mois
JACQUES BREL;LES ADIEUX A L'OLYMPIA 1966;UNIVERSAL MUSIC/BARCLAY;Vidéos;Platine;17/10/2004;11/01/2005;2 mois
LAURENT BAFFIE;BEST OF 41 CAMERAS CACHEES;UNIVERSAL MUSIC/AZ;Vidéos;Platine;17/10/2004;11/01/2005;2 mois
MULTI INTERPRETES;LES ENFANTS DU SOLEIL;UNIVERSAL MUSIC/POLYDOR;Vidéos;Platine;12/12/2004;11/01/2005;1 mois
ANDRE RIEU;LE MONDE EN FETE;UNIVERSAL MUSIC/PHILIPS;Vidéos;Double Platine;05/12/2004;11/01/2005;1 mois
SPEEDY;SIENTELO;PINA RECORDS/MACH 1 RCDS GMBH/EMI MUSIC France;Singles;Or;19/09/2004;21/12/2004;3 mois
SANSEVERINO;LIVE AU THEATRE SEBASTOPOL;COLUMBIA/SAINT GEORGE/SONY MUSIC;Vidéos;Or;21/10/2004;21/12/2004;2 mois
TELEPHONE;1977 - 1986;EMI MUSIC France;Vidéos;Or;02/12/2004;21/12/2004;
T-RYO;MAMAE EU QUERO;HEBEN/BMG France;Singles;Or;05/07/2004;21/12/2004;5 mois
EDDY MITCHELL;FRENCHY TOUR;POLYDOR/UNIVERSAL MUSIC;Vidéos;Platine;14/11/2004;21/12/2004;1 mois
EROS RAMAZZOTTI;ROMA LIVE;R.C.A./BMG France;Vidéos;Platine;01/11/2004;21/12/2004;1 mois
INDOCHINE;LES CLIPS;BMG MEDIA/BMG France;Vidéos;Platine;13/12/2004;21/12/2004;
AXELLE RED;FRENCH SOUL;Virgin Benelux BV/EMI MUSIC France/EMI MUSIC France;Albums;Or;21/10/2004;21/12/2004;2 mois
CELINE DION;MIRACLE;COLUMBIA/SONY MUSIC;Albums;Or;14/10/2004;21/12/2004;2 mois
CLAUDE NOUGARO;LA NOTE BLEUE;EMI MUSIC France;Albums;Or;25/11/2004;21/12/2004;
COMPILATION;NRJ HITS 2004;WEA/WARNER MUSIC France;Albums;Or;14/11/2004;14/12/2004;1 mois
COMPILATION;RAP ET R'N'B NON STOP 2004 VOL.2;WEA/WARNER MUSIC France;Albums;Or;03/10/2004;14/12/2004;2 mois
PHIL COLLINS;FINALLY? THE FAREWELL TOUR;WARNER VISION France;Vidéos;Double Platine;01/11/2004;14/12/2004;1 mois
CHEVALLIER & LASPALES;DEVIATION OBLIGATOIRE;WARNER VISION France;Vidéos;Triple Platine;14/11/2004;14/12/2004;1 mois
FRANCK MICHAEL;LA FORCE DES FEMMES;UP MUSIC/WARNER MUSIC France;Albums;Or;14/11/2004;14/12/2004;1 mois
HELENE SEGARA;LE BEST OF;ORLANDO/WARNER MUSIC France;Albums;Or;21/11/2004;14/12/2004;
MICHEL LEEB;MADAME DOUBTFIRE;WARNER VISION France;Vidéos;Triple Platine;17/11/2003;14/12/2004;1 an 1 mois
JEAN MICHEL JARRE;AERO;WARNER/WARNER MUSIC France;Albums;Or;20/09/2004;14/12/2004;2 mois
KEANE;HOPES AND FEARS;ISLAND/UNIVERSAL MUSIC;Albums;Or;13/09/2004;14/12/2004;3 mois
SHIRLEY ET DINO;AU THEATRE MARIGNY;WARNER VISION France;Vidéos;Diamant;01/11/2004;14/12/2004;1 mois
LAURA PAUSINI;RESTA IN ASCOLTO;WEA/WARNER MUSIC France;Albums;Or;24/10/2004;14/12/2004;1 mois
MARILYN MANSON;LEST WE FORGET;INTERSCOPE/UNIVERSAL MUSIC;Albums;Or;27/09/2004;14/12/2004;2 mois
MICHEL SARDOU;DU PLAISIR;TREMA/AZ/UNIVERSAL MUSIC;Albums;Or;09/05/2004;14/12/2004;7 mois
SOUAD MASSI;DEB;ISLAND/UNIVERSAL MUSIC;Albums;Or;24/03/2003;14/12/2004;1 an 9 mois
SEAL;BEST OF 1991 2004;WEA U.K./WARNER MUSIC France;Albums;Or;14/11/2004;14/12/2004;1 mois
SOUAD MASSI;RAOUI;ISLAND/UNIVERSAL MUSIC;Albums;Or;05/03/2001;14/12/2004;3 ans 10 mois
U2;HOW TO DISMANTLE AN ATOMIC BOMB;ISLAND/UNIVERSAL MUSIC;Albums;Or;21/11/2004;14/12/2004;
EMINEM;ENCORE;INTERSOCPE/UNIVERSAL MUSIC;Albums;Double or;11/11/2004;14/12/2004;1 mois
France GALL;EVIDEMMENT;COLLINE/APACHE/WARNER MUSIC France;Albums;Double or;03/10/2004;14/12/2004;2 mois
PHIL COLLINS;LOVE SONGS - A COLLECTION;WEA/WARNER MUSIC France;Albums;Double or;27/09/2004;14/12/2004;2 mois
YANN TIERSEN;C'ETAIT ICI;VICTOIRES PRODUCTIONS/EMI MUSIC France;Albums;Or;01/12/2002;23/11/2004;2 ans
QUEEN;PLATINIUM COLLECTION;EMI RECORDS LTD/EMI MUSIC France;Albums;Double or;15/11/2000;23/11/2004;4 ans
THE ROLLING STONES;BRIDGES TO BABYLON;POMOPUB B.V./ABKCO MUSIC INC./EMI MUSIC France;Albums;Double or;25/09/1997;23/11/2004;7 ans 3 mois
PLACEBO;SLEEPING WITH GHOST;VIRGIN RECORDS LTD/EMI MUSIC France;Albums;Double Platine;23/03/2003;23/11/2004;1 an 8 mois
AXELLE RED;LIVE 2004;Virgin Benelux/Emi Music France/EMI MUSIC France;Vidéos;Or;07/11/2004;23/11/2004;
CALI;PLEIN DE VIE;EMI MUSIC France;Vidéos;Or;19/09/2004;23/11/2004;2 mois
CHARLES AZNAVOUR;BON ANNIVERSAIRE CHARLES;EMI MUSIC France;Vidéos;Or;03/10/2004;23/11/2004;1 mois
COMPILATION;PINK PARADISE;SQUARE RIVOLI PUBLISHING/EMI MUSIC France;Vidéos;Or;07/12/2003;23/11/2004;11 mois
DEPECHE MODE;DEVOTIONAL;MUTE RECORDS LTD/EMI MUSIC France;Vidéos;Or;19/09/2004;23/11/2004;2 mois
GENESIS;LIVE AT WEMBLEY STADIUM;VIRGIN RECORDS LTD/EMI MUSIC France;Vidéos;Or;23/11/2003;23/11/2004;1 an
IRON MAIDEN;IRON MAIDEN PART 1;EMI RECORDS LTD/EMI MUSIC France;Vidéos;Or;28/10/2004;23/11/2004;
KEZIAH JONES;LIVE AT THE ELYSEE MONTMARTRE;EMI MUSIC France;Vidéos;Or;13/06/2004;23/11/2004;5 mois
MASSIVE ATTACK;11 PROMOS VIDEOS;CIRCA RECORDS LTD/EMI MUSIC France;Vidéos;Or;18/11/2001;23/11/2004;3 ans
MOBY;18;Warner TamerlaneBmi/Little idiot Music/EMI MUSIC France;Vidéos;Or;13/11/2003;23/11/2004;1 an
STARSAILOR;FOUR TO THE FLOOR;EMI RECORDS LTD/EMI MUSIC France;Singles;Or;28/10/2004;23/11/2004;
NORAH JONES AND THE HANDSOME BAND;LIVE 2004;BLUE NOTE US CAPITOL/EMI MUSIC France;Vidéos;Or;14/11/2004;23/11/2004;
QUEEN;QUEEN ON FIRE/LIVE AT THE BOWL;EMI RECORDS LTD/EMI MUSIC France;Vidéos;Or;21/10/2004;23/11/2004;1 mois
SIMPLE MINDS;SEEN THE LIGHTS;VIRGIN RECORDS LTD/EMI MUSIC France;Vidéos;Or;02/11/2003;23/11/2004;1 an
DEPECHE MODE;101;MUTE RECORDS LTD/EMI MUSIC France;Vidéos;Platine;06/11/2003;23/11/2004;1 an
ROBBIE WILLIAMS;THE ROBBIE WILLIAMS SHOW;R. WILLIAMS/IN GOOD COMPANY/EMI MUSIC France;Vidéos;Platine;30/03/2003;23/11/2004;1 an 8 mois
EMILIE SIMON;EMILIE SIMON;BARCLAY/UNIVERSAL MUSIC;Albums;Or;02/02/2003;16/11/2004;1 an 9 mois
OPERATION TOTAL;"CHIMENE BADI ""ENTRE NOUS""";AZ/Universal Music Projets Sp;Albums;Or;30/06/2004;16/11/2004;4 mois
OPERATION TOTAL;"FLORENT PAGNY ""Ete 2003";MERCURY/Universal Music Projets Sp;Albums;Or;30/06/2004;16/11/2004;4 mois
OPERATION TOTAL;"LARA FABIAN ""nue""";POLYDOR/Universal Music Projets Sp;Albums;Or;30/06/2004;16/11/2004;4 mois
PATRICK SEBASTIEN;BEST TEUF;POLYDOR/UNIVERSAL MUSIC;Albums;Or;02/06/2003;16/11/2004;1 an 5 mois
STING;SACRED LOVE;INTERSCOPE/UNIVERSAL MUSIC;Albums;Or;29/09/2003;16/11/2004;1 an 1 mois
ZUCCHERO;ZU & CO;POLYDOR/UNIVERSAL MUSIC;Albums;Or;31/05/2004;16/11/2004;5 mois
OPERATION TOTAL;"CALOGERO ""CALOGERO""";MERCURY/Universal Music Projets Sp;Albums;Double or;30/06/2004;16/11/2004;4 mois
BASHUNG;FANTAISIE MILITAIRE;BARCLAY/UNIVERSAL MUSIC;Albums;Platine;06/01/1998;16/11/2004;6 ans 11 mois
BLACK EYED PEAS;ELEPHUNK;INTERSCOPE/UNIVERSAL MUSIC;Albums;Platine;13/05/2003;16/11/2004;1 an 6 mois
ROYAL GIGOLOS;CALIFORMIA DREAMIN;SCORPIO HOT TRACKS/SONY MUSIC;Singles;Or;08/04/2004;19/10/2004;6 mois
SLAI;FLAMME;SONY MUSIC MEDIA/SONY MUSIC;Singles;Or;15/07/2004;19/10/2004;3 mois
WILLY DENZEY;ORPHELIN;EPIC/SMALL/SONY MUSIC;Singles;Or;11/03/2004;19/10/2004;7 mois
SHAKIRA;LIVE & OFF THE RECORD;EPIC/SONY MUSIC;Vidéos;Or;25/03/2004;19/10/2004;6 mois
YANNICK NOAH;QUAND VOUS ETES LA;COLUMBIA/ST GEORGE/SONY MUSIC;Vidéos;Or;13/10/2004;19/10/2004;
ANASTACIA;ANASTACIA;EPIC/SONY MUSIC;Albums;Or;25/03/2004;19/10/2004;6 mois
SIMON & GARFUNKEL;THE CONCERT IN CENTRALN park;SONY MUSIC VIDEO/SONY MUSIC;Vidéos;Platine;30/10/2003;19/10/2004;11 mois
MULTI INTERPRETES;FUN DANCE 2004;AIRPLAY / ULM/UNIVERSAL MUSIC;Albums;Or;12/08/2004;05/10/2004;1 mois
STRING COLOR;RAGGA STRING;U.L.M./UNIVERSAL MUSIC;Singles;Or;23/05/2004;05/10/2004;4 mois
O-ZONE;DESPRE TINE;HAPPY MUSIC/UNIVERSAL MUSIC;Singles;Or;16/08/2004;05/10/2004;1 mois
K - MARO;LA GOOD LIFE;K -PONE INC./WARNER MUSIC France;Albums;Or;05/07/2004;21/09/2004;2 mois
LHASHA DE SELA;LIVING ROAD;TOT OU TARD/WARNER MUSIC France;Albums;Or;02/11/2003;21/09/2004;10 mois
JEANNE CHERHAL;DOUZE FOIS PAR AN;VF MUSIQUES/WARNER MUSIC France;Albums;Or;16/02/2004;21/09/2004;7 mois
MULTI INTERPRETES;DIS L'HEURE 2 RAGGA;TC MUSIC/WARNER MUSIC France;Albums;Or;21/06/2004;21/09/2004;3 mois
MULTI INTERPRETES;SUMMER MANIA;WARNER STRATEGIC MARKETING/WARNER MUSIC France;Albums;Or;05/07/2004;21/09/2004;2 mois
MULTI INTERPRETES;NRJ BACK TO SCHOOL;WARNER STRATEGIC MARKETING/WARNER MUSIC France;Albums;Or;06/09/2004;21/09/2004;
THE CORRS;BORROWED HEAVEN;ATLANTIC/WARNER MUSIC France;Albums;Or;31/05/2004;21/09/2004;3 mois
TRAGEDIE;TRAGEDIE;TC MUSIC/WARNER MUSIC France;Albums;Or;27/10/2003;21/09/2004;11 mois
VERONIQUE SANSON;LONGUE DISTANCE;WEA/WARNER MUSIC France;Albums;Or;12/09/2004;21/09/2004;
MULTI INTERPRETES;NRJ HITS 2003;WARNER STRATEGIC MARKETING/WARNER MUSIC France;Albums;Double or;03/11/2003;21/09/2004;10 mois
SEAN PAUL;DUTTY ROCK;ATLANTIC/WARNER MUSIC France;Albums;Double or;03/03/2003;21/09/2004;1 an 6 mois
SEAL;IV;WARNER BROS/WARNER MUSIC France;Albums;Platine;06/10/2003;21/09/2004;11 mois
AFRICAN CONNECTION;AMI OH;TC MUSIC/WARNER MUSIC France;Singles;Or;12/07/2004;21/09/2004;2 mois
J FIVE;MODERN TIMES;M6 INTERACTION/WARNER MUSIC France;Singles;Or;21/03/2004;21/09/2004;6 mois
JEAN ROCH;CAN YOU FEEL IT;WEA/WARNER MUSIC France;Singles;Or;10/05/2004;21/09/2004;4 mois
TRAGEDIE;JE RESTE GHETTO;TC MUSIC/WARNER MUSIC France;Singles;Or;26/04/2004;21/09/2004;4 mois
AVENTURA;OBSESION;TC MUSIC/WARNER MUSIC France;Singles;Or;02/08/2004;21/09/2004;1 mois
HELENE SEGARA/LAURA PAUSINI;ON N'OUBLIE JAMAIS RIEN;ORLANDO/WARNER MUSIC France;Singles;Or;30/11/2003;21/09/2004;9 mois
K MARO;FEMME LIKE U;K-PONE INC./WARNER MUSIC France;Singles;Or;31/05/2004;21/09/2004;3 mois
LES CONARDS;COMME DES CONNARDS;TC MUSIC/WARNER MUSIC France;Singles;Or;19/01/2004;21/09/2004;8 mois
THE BEATLES;ANTHOLOGY;APPLE BEATLES UK/EMI MUSIC France;Vidéos;Or;30/03/2003;24/08/2004;1 an 5 mois
COLDPLAY;LIVE 2003;EMI RECORDS LTD/EMI MUSIC France;Vidéos;Platine;06/11/2003;24/08/2004;9 mois
ASSASSIN;LE FUTUR? QUE NOUS RESERVE-T-il?;ASSASSIN PRODUCTION/EMI MUSIC France;Albums;Or;22/03/1993;24/08/2004;11 ans 7 mois
CALI;L'AMOUR PARFAIT;EMI MUSIC France;Albums;Or;17/08/2003;24/08/2004;1 an
ROBBIE WILLIAMS;WHAT WE DID LAST SUMMER;R. WILLIAMS/IN GOOD COMPANY/EMI MUSIC France;Vidéos;Platine;23/11/2003;24/08/2004;9 mois
CHARLES AZNAVOUR;JE VOYAGE;EMI MUSIC France;Albums;Or;30/11/2003;24/08/2004;8 mois
COMPILATION;HITS 2004;U.L.M./UNIVERSAL MUSIC;Albums;Or;28/06/2004;14/07/2004;
COMPILATION;DANCE 2004;U.L.M./AIRPLAY/UNIVERSAL MUSIC;Albums;Or;01/06/2004;14/07/2004;1 mois
COMPILATION;NRJ R & B 2004;U.L.M. TV MARKET/UNIVERSAL MUSIC;Albums;Or;13/04/2004;14/07/2004;3 mois
O-ZONE;DRAGOSTEA DIN TEI;HAPPY MUSIC/UNIVERSAL MUSIC;Singles;Diamant;13/04/2004;14/07/2004;3 mois
DANZEL;PUMP IT UP;U.L.M./AIRPLAY/UNIVERSAL MUSIC;Singles;Or;01/03/2004;14/07/2004;4 mois
LE 6-9;LE POULAILLER;U.L.M./UNIVERSAL MUSIC;Singles;Or;31/05/2004;14/07/2004;1 mois
BENASSI BROS;PUMPHONIA;U.L.M./AIRPLAY/UNIVERSAL MUSIC;Albums;Or;13/04/2004;14/07/2004;3 mois
ELODIE FREGE;ELODIE FREGE;TF1/NIOUPROD/MERCURY/UNIVERSAL MUSIC;Albums;Or;08/03/2004;28/06/2004;3 mois
ELTON JOHN;GREATEST HITS 1979 -2002;MERCURY/UNIVERSAL MUSIC;Albums;Or;18/11/2002;28/06/2004;1 an 7 mois
JENIFER;LE PASSAGE;TF1/NIOUPROD/MERCURY/UNIVERSAL MUSIC;Albums;Or;01/06/2004;28/06/2004;
JOHNNY HALLYDAY;PARC DES PRINCES 2003;MERCURY/UNIVERSAL MUSIC;Albums;Or;03/11/2003;28/06/2004;7 mois
METALLICA;ST ANGER;MERCURY INTERNATIONAL/UNIVERSAL MUSIC;Albums;Or;04/06/2003;28/06/2004;1 an 1 mois
SHANIA TWAIN;UP;MERCURY INTERNATIONAL/UNIVERSAL MUSIC;Albums;Double or;25/11/2002;28/06/2004;1 an 7 mois
FLORENT PAGNY;AILLEURS LAND;MERCURY/UNIVERSAL MUSIC;Albums;Triple Platine;07/04/2003;28/06/2004;1 an 2 mois
CALOGERO;CALOGERO;RAPAS/MERCURY/UNIVERSAL MUSIC;Albums;Diamant;18/02/2002;28/06/2004;2 ans 4 mois
CALOGERO;3;RAPAS/MERCURY/UNIVERSAL MUSIC;Albums;Or;18/03/2004;28/06/2004;3 mois
EDDY MITCHELL;BEST OF;POLYDOR/UNIVERSAL MUSIC;Albums;Or;18/11/2002;22/06/2004;1 an 7 mois
BOOBA;PANTHEON;TALLAC/BARCLAY/UNIVERSAL MUSIC;Albums;Or;10/05/2004;22/06/2004;1 mois
EMMA DUMAS;LE SAUT DE L'ANGE;POLYDOR/UNIVERSAL MUSIC;Albums;Or;01/12/2003;15/06/2004;6 mois
MAURANE;QUAND L'HUMAIN DANSE;POLYDOR/UNIVERSAL MUSIC;Albums;Double or;22/04/2003;15/06/2004;1 an 2 mois
VINCENT DELERM;UN SOIR BOULEVARD VOLTAIRE;TOT OU TARD/WARNER VISION France;Vidéos;Platine;20/10/2003;08/06/2004;7 mois
THE ROLLING STONES;FOUR FLICKS;THE ROLLING STONES/WARNER VISION France;Vidéos;Double Platine;17/11/2003;08/06/2004;6 mois
HELENE SEGARA;EN CONCERT A L'OLYMPIA;ORLANDO/WARNER VISION/WARNER VISION France;Vidéos;Triple Platine;28/05/2001;08/06/2004;3 ans
LED ZEPPELIN;LED ZEPPELIN;RHINO/WARNER MUSIC France;Vidéos;Triple Platine;26/05/2003;08/06/2004;1 an
TOM MCRAE;TOM MCRAE;ARISTA INTERNATIONAL/BMG France;Albums;Or;29/10/2000;02/03/2004;3 ans 4 mois
ROCH VOISINE;JE TE SERAI FIDELE;RCA/BMG France;Albums;Or;16/11/2003;02/03/2004;3 mois
DIDO;LIFE FOR RENT;ARISTA/BMG France;Albums;Double Platine;28/09/2003;02/03/2004;5 mois
KYO;LE CHEMIN;JIVE/ZOMBA/BMG France + VIRGIN France;Albums;Diamant;12/01/2003;02/03/2004;1 an 1 mois
BOB MARLEY;SPIRITUAL JOURNEY;DIRECT VIDEO/BMG France;Vidéos;Or;27/10/2003;02/03/2004;4 mois
AVRIL LAVIGNE;MY WORLD;ARISTA INTERNATIONAL/BMG France;Vidéos;Platine;03/11/2003;02/03/2004;4 mois
ALICIA KEYS;THE DIARY OF ALICIA KEYS;J RECORDS/BMG France;Albums;Or;30/11/2003;02/03/2004;3 mois
CESARIA EVORA;VOZ D'AMOR;LUSAFRICA/RCA/BMG France;Albums;Or;22/09/2003;02/03/2004;5 mois
PHIL COLLINS;TESTIFY;;Albums;Double Platine;31/12/2003;31/12/2003;
WILLY DENZEY;LE MUR DU SON;SMALL/SONY MUSIC;Singles;Or;01/05/2003;17/12/2003;7 mois
EVANESCENCE;FALLEN;EPIC/SONY MUSIC;Albums;Platine;15/05/2003;17/12/2003;7 mois
PASCAL OBISPO;ZINEDINE;EPIC/SONY MUSIC;Singles;Or;13/11/2003;17/12/2003;1 mois
SEAL;LOVE'S DIVINE;WARNER BROS/WARNER MUSIC France;Singles;Or;30/11/2003;17/12/2003;
THE UNDERDOG PROJECT;SUMMER JAM 2003;SCORPIO HOT TRACKS/SONY MUSIC;Singles;Or;07/08/2003;17/12/2003;4 mois
VINCENT DELERM;VINCENT DELERM;VF MUSIQUES/WARNER MUSIC France;Albums;Platine;29/04/2002;17/12/2003;1 an 7 mois
ANASTACIA;NOT THAT KIND;EPIC/SONY MUSIC;Albums;Double Platine;15/06/2000;17/12/2003;3 ans 6 mois
CELINE DION;LIVE A PARIS;SONY MUSIC VIDEO/SONY MUSIC;Vidéos;Or;20/11/2003;17/12/2003;
CELINE DION;AU C?UR DU STADE;COLUMBIA/SONY MUSIC;Albums;Double Platine;25/08/1999;17/12/2003;4 ans 4 mois
NATASHA ST PIER;DE L'AMOUR LE MIEUX;COLUMBIA/SONY MUSIC;Albums;Double Platine;28/03/2002;17/12/2003;1 an 8 mois
JAVA;HAWAI;SMALL/SONY MUSIC;Albums;Or;04/05/2000;17/12/2003;3 ans 8 mois
INDOCHINE;PARADIZE;COLUMBIA/SONY MUSIC;Albums;Triple Platine;02/03/2002;17/12/2003;1 an 9 mois
CELINE DION;FALLING INTO YOU;COLUMBIA/SONY MUSIC;Albums;Diamant;06/03/1996;17/12/2003;7 ans 10 mois
LA RUE KETANOU;Y'A DES CIGALES DANS LA FOURMILIERE;COLUMBIA/YELEN/SONY MUSIC;Albums;Or;26/09/2002;17/12/2003;1 an 2 mois
AC/DC;LIVE AT DONINGTON;SONY MUSIC VIDEO/SONY MUSIC;Vidéos;Or;30/10/2003;17/12/2003;1 mois
MAFIA K'1 FRY;LA CERISE SUR LE GHETTO;SMALL/SONY MUSIC;Albums;Or;24/04/2003;17/12/2003;7 mois
BILLY CRAWFORD;THE STORY OF BILLY CRAWFORD;SONY MUSIC VIDEO/SONY MUSIC;Vidéos;Or;28/08/2003;17/12/2003;3 mois
BRUCE SPRINGSTEEN;LIVE IN BARCELONA;SONY MUSIC VIDEO/SONY MUSIC;Vidéos;Or;13/11/2003;17/12/2003;1 mois
COMPILATION;COFFRET KARAOKE 2003;SONY MUSIC VIDEO/SONY MUSIC;Vidéos;Or;16/10/2003;17/12/2003;2 mois
COMPILATION;COFFRET KARAOKE ANNEES 80;SONY MUSIC VIDEO/SONY MUSIC;Vidéos;Or;16/10/2003;17/12/2003;2 mois
SWEET GENERATION;SWEET GENERATION;WEA/WARNER MUSIC France;Albums;Or;24/03/2003;17/12/2003;8 mois
TRYO ET LES ARROSES;REGGAE A COUP D'CIRQUE;COLUMBIA/YELEN/SONY MUSIC;Vidéos;Platine;12/09/2002;17/12/2003;1 an 3 mois
SEAL;SEAL IV;WARNER BROS/WARNER MUSIC France;Albums;Or;14/09/2003;17/12/2003;3 mois
SEAN PAUL;DUTTY ROCK;ATLANTIC/WARNER MUSIC France;Albums;Or;26/01/2003;17/12/2003;10 mois
SHEILA;A L'OLYMPIA;SONY MUSIC MEDIA/SONY MUSIC;Albums;Or;01/05/2003;17/12/2003;7 mois
INDOCHINE;DIVISIONS DE LA JOIE;SONY MUSIC VIDEO/SONY MUSIC;Vidéos;Double Platine;18/04/2002;17/12/2003;1 an 8 mois
THOMAS FERSEN;PIECE MONTEE DES GRANDS JOURS;THOMAS FERSEN/TOT OU TARD/WARNER MUSIC France;Albums;Or;07/04/2003;17/12/2003;8 mois
TRYO;GRAIN DE SABLE;COLUMBIA/YELEN/SONY MUSIC;Albums;Or;29/05/2003;17/12/2003;6 mois
YANNICK NOAH;POKHARA;COLUMBIA/SAINT GEORGE/SONY MUSIC;Albums;Or;21/08/2003;17/12/2003;3 mois
EDDY MITCHELL;FRENCHY;POLYDOR/UNIVERSAL MUSIC;Albums;Double or;19/05/2003;17/12/2003;7 mois
LABYLLE/DEVARIEUX/CHEELA/PASSI;LAISSE PARLER LES GENS;TC MUSIC/WARNER MUSIC France;Singles;Platine;23/06/2003;17/12/2003;5 mois
LORIE;SUR UN AIR LATINO;EPIC/SONY MUSIC;Singles;Platine;15/05/2003;17/12/2003;7 mois
TRAGEDIE;HEY HO;TC MUSIC/WARNER MUSIC France;Singles;Platine;22/09/2003;17/12/2003;2 mois
LORIE;PRES DE VOUS;SONY MUSIC VIDEO/SONY MUSIC;Vidéos;Triple Platine;25/04/2002;17/12/2003;1 an 8 mois
LORIE;TENDREMENT VOTRE;SONY MUSIC VIDEO/SONY MUSIC;Vidéos;Triple Platine;01/05/2003;17/12/2003;7 mois
LINKIN PARK;METEORA;WARNER BROS/WARNER MUSIC France;Albums;Double or;31/03/2003;17/12/2003;8 mois
COMPILATION;RAP & R'nB NON STOP 2003;RAP & RNB 2003/WARNER MUSIC France;Albums;Double or;22/09/2003;17/12/2003;2 mois
GAROU;LIVE A BERCY;SONY MUSIC VIDEO/SONY MUSIC;Vidéos;Diamant;15/08/2002;17/12/2003;1 an 4 mois
JACQUES BREL;INFINIMENT;BARCLAY/UNIVERSAL MUSIC;Albums;Double or;29/09/2003;17/12/2003;2 mois
LYNDA LEMAY;LES SECRETS DES OISEAUX;WEA Canada/WARNER MUSIC France;Albums;Double or;03/11/2003;17/12/2003;1 mois
CELINE DION;TOUT L'OR DES HOMMES;COLUMBIA/SONY MUSIC;Singles;Or;02/10/2003;17/12/2003;2 mois
CERENA & UMBERTO TOZZI;TOI TU;ORLANDO/WARNER MUSIC France;Singles;Or;27/10/2003;17/12/2003;1 mois
MULTI INTERPRETES;SOL EN CIRQUE;SOLENCIRQUE/WARNER MUSIC France;Albums;Double or;29/09/2003;17/12/2003;2 mois
EVANESCENCE;BRING ME TO LIFE;EPIC/SONY MUSIC;Singles;Or;10/06/2003;17/12/2003;6 mois
SEAL;SEAL;WEA U.K./WARNER MUSIC France;Albums;Double or;04/01/1998;17/12/2003;6 ans
SNIPER;GRAVE DANS LA ROCHE;DESH MUSIQUE/WARNER MUSIC France;Albums;Double or;02/06/2003;17/12/2003;6 mois
HELENE SEGARA & LAURA PAUSINI;ON N'OUBLIE JAMAIS;ORLANDO/WARNER MUSIC France;Singles;Or;30/11/2003;17/12/2003;
PLACEBO;SLEEPING WITH GHOST;VIRGIN RECORDS LTD/EMI MUSIC France;Albums;Platine;23/03/2003;09/12/2003;8 mois
YANN TIERSEN;LE FABULEUX DESTIN D'AMELIE POULAIN;VICTOIRES PRODUCTIONS/EMI MUSIC France;Albums;Triple Platine;22/04/2001;09/12/2003;2 ans 8 mois
NORAH JONES;COME A WAY WITH ME;BLUE NOTE US CAPITOL/EMI MUSIC France;Albums;Diamant;07/03/2002;09/12/2003;1 an 9 mois
ZAZIE;ZE LIVE;MERCURY/UNIVIVERSAL MUSIC;Vidéos;Platine;12/05/2003;09/12/2003;7 mois
CAUET;CAUET 2;U.L.M./UNIVERSAL MUSIC;Vidéos;Double Platine;11/11/2003;09/12/2003;
SNOOP DOGG;PAID THA COST TO BE DA BOSS;PRIORITY RECORDSINC./EMI MUSIC France;Albums;Or;24/11/2002;09/12/2003;1 an
COLDPLAY;PARACHUTES;EMI RECORDS LTD/EMI MUSIC France;Albums;Double or;12/07/2000;09/12/2003;3 ans 5 mois
DAVID GUETTA;JUST A LITTLE MORE LOVE;SQUARE RIVOLI PUBLISHING/EMI MUSIC France;Albums;Double or;09/06/2002;09/12/2003;1 an 6 mois
MULTI INTERPRETES;GENERATION RAP & R n B LIVE;BARCLAY/UNIVERSAL;Vidéos;Double Platine;01/12/2003;09/12/2003;
JACQUES BREL;COMME QUAND ON ETAIT BEAU;BARCLAY/UNIVERSAL;Vidéos;Triple Platine;29/09/2003;09/12/2003;2 mois
COLDPLAY;A RUSH OF BLOOD TO THE HELL;EMI RECORDS LTD/EMI MUSIC France;Albums;Double or;25/08/2002;09/12/2003;1 an 3 mois
FLORENT PAGNY;LIVE OLYMPIA 2003;MERCURY/UNIVERSAL;Vidéos;Diamant;20/10/2003;09/12/2003;1 mois
JOHNNY HALLYDAY;PARC DES PRINCES 2003;MERCURY/UNIVERSAL;Vidéos;Diamant;03/11/2003;09/12/2003;1 mois
ROBBIE WILLIAMS;I'VE BEEN EXPECTING YOU;ROBERT WILLIMANS/INFOOD Com./EMI MUSIC France;Albums;Double or;25/10/1998;09/12/2003;5 ans 2 mois
MULTI INTERPRETES;EMILIE JOLIE;U.L.M./UNIVERSAL;Vidéos;Diamant;17/11/2003;09/12/2003;
MULTI INTERPRETES;LE PETIT PRINCE;MERCURY/UNIVERSAL;Vidéos;Diamant;17/11/2003;09/12/2003;
ROBBIE WILLIAMS;ESCAPOLOGY;ROBERT WILLIMANS/INFOOD Com./EMI MUSIC France;Albums;Double or;17/11/2002;09/12/2003;1 an
LINKUP;MON ETOILE;ULM/M6 INTERACTIONS/UNIVERSAL MUSIC;Singles;Or;17/11/2003;03/12/2003;
COMPILATION;R & B 2003;ULM/UNIVERSAL MUSIC;Albums;Or;28/04/2003;03/12/2003;7 mois
U2;GO HOME;ISLAND/AZ/UNIVERSAL MUSIC;Vidéos;Or;17/11/2003;03/12/2003;
LINKUP;NOTRE ETOILE;ULM/M6 INTERACTIONS/UNIVERSAL MUSIC;Albums;Or;30/11/2003;03/12/2003;
MYLENE FARMER;REMIXES;POLYDOR/UNIVERSAL MUSIC;Albums;Or;30/11/2003;03/12/2003;
SIMPLY RED;HOME;UNIVERSAL/UNIVERSAL MUSIC;Albums;Or;10/06/2003;03/12/2003;5 mois
CHIMENE BADI;ENTRE NOUS;AZ/UNIVERSAL MUSIC;Albums;Double or;10/03/2003;03/12/2003;8 mois
FOREVER YOUNG;WE WILL ROCK YOU;U.L.M./UNIVERSAL MUSIC;Singles;Platine;28/04/2003;03/12/2003;7 mois
DIADEMS;ENCORE;U.L.M. / M6 INTERACTIONS/UNIVERSAL MUSIC;Singles;Or;17/11/2003;03/12/2003;
U2;THE BEST OF 1990-2000;ISLAND/AZ/UNIVERSAL MUSIC;Albums;Double or;03/11/2003;03/12/2003;1 mois
JESSICA MARQUEZ;MARIA MAGDALENA;AZ/UNIVERSAL;Singles;Or;08/09/2003;03/12/2003;2 mois
DIDO;LIFE FOR RENT;ARISTA INTERNATIONAL/BMG France;Albums;Platine;28/09/2003;18/11/2003;1 mois
ERA 3 (Eric Levi);THE MASS;MERCURY/TRANMAN ENT.B.V./UNIVERSAL MUSIC;Albums;Platine;03/03/2003;18/11/2003;8 mois
L5;RETIENS MOI;M6 INTERACTION/MERCURY/UNIVERSAL MUSIC;Albums;Platine;29/09/2002;18/11/2003;1 an 1 mois
LES ENFOIRES;TOUS DANS LE M;LES RESTAURANTS DU C?UR/BMG France;Albums;Platine;25/02/2002;18/11/2003;1 an 9 mois
STAR ACADEMY 3;STAR ACADEMY 3 FAIT SA BAMBA;TF1 NIOUPROD/MERCURY/UNIVERSAL MUSICA;Albums;Platine;06/10/2003;18/11/2003;1 mois
LORNA;PAPI CHULO;SCORPIO MUSIC/UNIVERSAL MUSIC;Singles;Or;21/07/2003;23/09/2003;2 mois
FOREVER YOUNG;FOREVER YOUNG;ULM/UNIVERSAL MUSIC;Albums;Or;11/08/2003;23/09/2003;1 mois
HERMES HOUSE BAND;LIFE IS LIFE;SCORPIO MUSIC/UNIVERSAL MUSIC;Singles;Platine;12/05/2003;23/09/2003;4 mois
COMPILATION;100 CHANSONS FRANCAISES DE LEGENDE;EMI MUSIC France;Albums;Platine;18/08/2002;17/09/2003;1 an 1 mois
MICKEY 3D;RESPIRE;EMI MUSIC France;Singles;Or;23/03/2003;17/09/2003;5 mois
BLUE;SORRY SEEMS TO BE THE HARDEST WORD;VIRGIN RECORDS LTD/EMI MUSIC France;Singles;Or;26/01/2003;17/09/2003;7 mois
DIAM'S;DJ;EMI MUSIC France;Singles;Or;05/06/2003;17/09/2003;3 mois
MANU CHAO;PROXIMA ESTACION;RADIO BEMBA/EMI MUSIC France;Albums;Triple Platine;31/05/2001;17/09/2003;2 ans 3 mois
NORAH JONES;COME A WAY WITH ME;BLUE NOTE US CAPITOL/EMI MUSIC France;Albums;Triple Platine;07/03/2002;17/09/2003;1 an 6 mois
MOBY;PLAY;MUTE RECORDS LTD/EMI MUSIC France;Albums;Diamant;16/05/1999;17/09/2003;4 ans 4 mois
ROBBIE WILLIAMS;FEEL;Robert Williams/In Good Compagny/EMI MUSIC France;Singles;Or;01/12/2002;17/09/2003;9 mois
BRIGITTE FONTAINE;KEEKELAND;EMI MUSIC France;Albums;Or;19/08/2001;17/09/2003;2 ans 1 mois
DIAM'S;BRUT DE FEMME;EMI MUSIC France;Albums;Or;15/06/2003;17/09/2003;3 mois
JANE BIRKIN;ARABESQUE;KACHALOU/EMI MUSIC France;Albums;Or;27/10/2002;17/09/2003;10 mois
JULIEN CLERC;STUDIO;FREE DEMO/EMI MUSIC France;Albums;Or;18/05/2003;17/09/2003;4 mois
MICKEY 3D;TU VAS PAS MOURIR DE RIRE;EMI MUSIC France;Albums;Or;26/01/2003;17/09/2003;7 mois
PLACEBO;SLEEPING WITH GHOST;VIRGIN RECORDS LTD/EMI MUSIC France;Albums;Or;23/03/2003;17/09/2003;5 mois
SAIAN SUPA CREW;X RAISONS;EMI MUSIC France;Albums;Or;21/10/2001;17/09/2003;1 an 11 mois
AXELLE RED;FACE A FACE B;Virgin Benelux BV/EMI MUSIC France/EMI MUSIC France;Albums;Double or;14/11/2002;17/09/2003;10 mois
JEAN LOUIS AUBERT;COMME UN ACCORD;LA LOUPE/EMI MUSIC France;Albums;Double or;04/02/2003;17/09/2003;7 mois
COMPILATION;LES PLUS BEAUX DUOS;EMI MUSIC France;Albums;Double or;07/11/2002;17/09/2003;10 mois
LIANE FOLY;AU FUR ET A MESURE;EMI MUSIC France;Albums;Double or;03/11/2002;17/09/2003;10 mois
MANU CHAO;RADIO BEMBA SOUND SYSTEM (live);RADIO BEMBA/EMI MUSIC France;Albums;Double or;08/09/2002;17/09/2003;1 an
PLACEBO;BLACK MARKET MUSIC;VIRGIN RECORDS LTD/EMI MUSIC France;Albums;Double or;08/10/2000;17/09/2003;2 ans 11 mois
50 CENT;GET RICH OR DYE TRYIN';INTERSCOP/UNIVERSAL MUSIC;Albums;Or;16/01/2003;09/09/2003;7 mois
LARA FABIAN;NUE;POLYDOR/UNIVERSAL MUSIC;Albums;Double Platine;27/08/2001;20/08/2003;2 ans
EMINEM;THE EMINEM SHOW;INTERSCOP/UNIVERSAL MUSIC;Albums;Double Platine;03/06/2002;20/08/2003;1 an 2 mois
EMINEM;LOSE YOURSELF;INTERSCOP/UNIVERSAL MUSIC;Singles;Or;15/01/2003;20/08/2003;7 mois
EDDY MITCHELL;FRENCHY;POLYDOR/UNIVERSAL MUSIC;Albums;Or;19/05/2003;20/08/2003;3 mois
EMINEM;BOF 8 MILE;INTERSCOP/UNIVERSAL MUSIC;Albums;Or;17/11/2002;20/08/2003;9 mois
INDOCHINE;DIVISIONS DE LA JOIE;SONY MUSIC VIDEO/SONY MUSIC;Vidéos;Platine;18/04/2002;08/07/2003;1 an 2 mois
MULTI INTERPRETES;AUTANT EN EMPORTE LE VENT;M 6 INTERACTIONS/WARNER MUSIC France;Albums;Or;09/03/2003;08/07/2003;4 mois
JAMIROQUAI;LIVE IN VERONA;SONY MUSIC VIDEO/SONY MUSIC;Vidéos;Double Platine;07/11/2002;08/07/2003;8 mois
HELENE SEGARA;L'AMOUR EST UN SOLEIL;ORLANDO/WARNER MUSIC France;Singles;Or;14/04/2003;08/07/2003;2 mois
113;AU SUMMUM;SMALL/SONY MUSIC;Singles;Or;22/05/2003;08/07/2003;1 mois
B2K;BUMP BUMP BUMP;EPIC/SONY MUSIC;Singles;Or;20/02/2003;08/07/2003;4 mois
JAMIROQUAI;A FUNK ODYSSEY;SMALL/SONY MUSIC;Albums;Platine;30/08/2001;08/07/2003;1 an 10 mois
INDOCHINE;LE GRAND SECRET;COLUMBIA/SONY MUSIC;Singles;Or;27/02/2003;08/07/2003;4 mois
JENNIFER LOPEZ;JENNY FROM THE BLOCK;EPIC/SONY MUSIC;Singles;Or;05/12/2002;08/07/2003;7 mois
CLAUDE FRANCOIS;SES PLUS GRANDS SUCCES;SONY MUSIC MEDIA/SONY MUSIC;Albums;Platine;18/01/2001;08/07/2003;2 ans 6 mois
SHAKIRA;LAUNDRY SERVICE;EPIC/SONY MUSIC;Albums;Double Platine;07/03/2002;07/07/2003;1 an 4 mois
CELINE DION;ONE HEART;COLUMBIA/SONY MUSIC;Albums;Or;20/03/2003;07/07/2003;3 mois
COMPILATION;UN MAXX DE TUBES - VOL.2;SONY MUSIC MEDIA/SONY MUSIC;Albums;Or;12/12/2002;07/07/2003;6 mois
EVANESCENCE;FALLEN;EPIC/SONY MUSIC;Albums;Or;15/05/2003;07/07/2003;1 mois
JEAN JACQUES GOLDMAN;UN TOUR ENSEMBLE;COLUMBIA/SONY MUSIC;Albums;Or;29/05/2003;07/07/2003;1 mois
SANSEVERINO;LE TANGO DES GENS;SAINT GEORGE/SONY MUSIC;Albums;Or;16/05/2002;07/07/2003;1 an 1 mois
A LA RECHERCHE DE LA NOUVELLE STAR;1ers TUBES;RCA/BMG France;Albums;Or;09/06/2003;18/06/2003;
A LA RECHERCHE DE LA NOUVELLE STAR;LAISSONS ENTRER LE SOLEIL;RCA/BMG France;Singles;Or;26/05/2003;18/06/2003;
DJ BOBO;CHIHUAHUA;BMG/BMG France;Singles;Or;23/03/2003;18/06/2003;2 mois
KYO;DERNIERE DANSE;JIVE/VIRGIN France;Singles;Or;17/04/2003;10/06/2003;1 mois
NIVEA;DON'T MESS WITH MY MAN;JIVE/VIRGIN France;Singles;Or;09/03/2003;10/06/2003;3 mois
PRISCILLA;TCHOUK TCHOUK MUSIC;JIVE/VIRGIN France;Singles;Or;13/04/2003;10/06/2003;1 mois
PRISCILLA;REGARDE-MOI;JIVE/VIRGIN France;Singles;Or;01/12/2002;10/06/2003;6 mois
MARK KNOPFLER;THE RAGIPICKER'S DREAM;MERCURY/UNIVERSAL MUSIC;Albums;Or;29/09/2002;10/06/2003;8 mois
JUSTIN TIMBERLAKE;JUSTIFIED;JIVE/VIRGIN France;Albums;Or;03/11/2002;10/06/2003;7 mois
KYO;LE CHEMIN;JIVE/VIRGIN France;Albums;Double or;12/01/2003;10/06/2003;4 mois
JUSTIN TIMBERLAKE;CRY ME A RIVER;JIVE/VIRGIN France;Singles;Or;30/03/2003;10/06/2003;2 mois
MULTIINTEPRETES;WE WILL ROCK YOU;U.L.M./UNIVERSAL MUSIC;Singles;Or;28/04/2003;03/06/2003;1 mois
COMPILATION;STARS France 2003;ULM/UNIVERSAL MUSIC;Albums;Or;10/02/2003;03/06/2003;3 mois
COMPILATION;LES PLUS BELLES VOIX;ULM/UNIVERSAL MUSIC;Albums;Or;28/04/2003;03/06/2003;1 mois
ALIZEE;J'EN AI MARRE;POLYDOR/UNIVERSAL MUSIC;Singles;Or;24/02/2003;08/04/2003;1 mois
URBAN PEACE;URBAN PEACE;Barclay/Emi Virgin/Sony Music/UNIVERSAL MUSIC;Albums;Platine;02/12/2002;25/03/2003;3 mois
LES ENFOIRES;LA FOIRE AUX ENFOIRES;LES RESTAURANTS DU C?UR/BMG France;Albums;Or;20/02/2003;25/03/2003;1 mois
PATRICK BRUEL;ENTRE-DEUX;14 PRODUCTIONS/BMG France;Vidéos;Diamant;18/11/2002;25/03/2003;4 mois
NIAGARA;FLAMMES;POLYDOR/UNIVERSAL MUSIC;Albums;Triple Platine;08/04/2002;25/03/2003;11 mois
FRANK MICHAEL;ENTRE NOUS;WARNER MUSIC FRANCE;Albums;Or;04/03/2003;12/03/2003;
PHIL COLLINS;CAN'T STOP LOVING YOU;WEA/WARNER MUSIC France;Singles;Or;10/02/2003;11/03/2003;
MICHEL BERGER;POUR ME COMPRENDRE;WEA/WARNER MUSIC France;Albums;Platine;08/07/2002;11/03/2003;8 mois
PHIL COLLINS;ETSTIFY;WEA/WARNER MUSIC France;Albums;Platine;11/11/2002;11/03/2003;4 mois
THE CORRS;BEST OF;EAST WEST/WARNER MUSIC France;Albums;Platine;22/10/2001;11/03/2003;1 an 4 mois
LAURA PAUSINI;E RITORNO DA TE - BEST OF;EAST WEST/WARNER MUSIC France;Albums;Double Platine;15/10/2001;11/03/2003;1 an 5 mois
DIVERS;LA FAUNE EN FOLIE;WARNER VISION France/WARNER MUSIC France;Vidéos;Or;29/09/2002;11/03/2003;5 mois
COMPILATION;H1ts - TOUS LES N;WARNER STRATEGIC MARKETING/WARNER MUSIC France;Albums;Or;28/10/2002;11/03/2003;4 mois
FRANCK MICHAEL;ENTRE NOUS;WARNER STRATEGIC MARKETING/WARNER MUSIC France;Albums;Or;03/03/2003;11/03/2003;
CEDRIC;CEDRIC DVD 1 EPI 1 A 9;WARNER VISION France/WARNER MUSIC France;Vidéos;Platine;03/04/2002;11/03/2003;11 mois
ELIE KAKOU;A L'OLYMPIA DEJA;WARNER VISION France/WARNER MUSIC France;Vidéos;Diamant;06/11/1994;11/03/2003;8 ans 5 mois
DIEUDONNE;COCORICO A L'OLYMPIA;WARNER VISION France/WARNER MUSIC France;Vidéos;Double Platine;21/10/2002;11/03/2003;4 mois
TETES RAIDES;LE BOUT DU TOIT;TETES RAIDES (T;Albums;Or;31/01/1996;11/03/2003;7 ans 2 mois
ALPHONSE BROWN;LE FRUNKP;WARNER STRATEGIC MARKETING/WARNER MUSIC France;Singles;Platine;06/01/2003;11/03/2003;2 mois
MICHEL MULLER;PAS TOUT NOIR PAS TOUT BLANC;WARNER VISION France/WARNER MUSIC France;Vidéos;Double Platine;24/02/2003;11/03/2003;
MICHELE BERNIER;DE DEMON DE MIDI;WARNER VISION France/WARNER MUSIC France;Vidéos;Triple Platine;13/11/2000;11/03/2003;2 ans 4 mois
LINKIN PARK;HYBRID THEORY;WEA/WARNER MUSIC France;Albums;Double or;17/09/2001;11/03/2003;1 an 6 mois
RED HOT CHILI PEPPERS;BY THE WAY;WEA/WARNER MUSIC France;Albums;Double or;21/07/2002;11/03/2003;7 mois
SNIPER;DU RIRE AU LARME;DESH MUSIQUE/WARNER MUSIC France;Albums;Double or;28/01/2001;11/03/2003;2 ans 1 mois
TRACY CHAPMAN;LET IT RAIN;EAST WEST/WARNER MUSIC France;Albums;Double or;14/10/2002;11/03/2003;4 mois
VINCENT DELERM;VINCENT DELERM;WEA/WARNER MUSIC France;Albums;Double or;29/04/2002;11/03/2003;10 mois
JOEL O'CANGHA;TOUS LES HOMMES;WARNER STRATEGIC MARKETING/WARNER MUSIC France;Singles;Or;13/01/2003;11/03/2003;1 mois
KYO;LE CHEMIN;JIVE/VIRGIN France;Singles;Or;17/11/2002;04/03/2003;3 mois
PRISCILLA;REGARDE MOI (TESTE-MOI DETESTE-MOI);JIVE/VIRGIN France;Singles;Or;02/12/2002;04/03/2003;3 mois
JOHNNY HALLYDAY;HALLYDAY PAR JOHNNY;MERCURY/UNIVERSAL MUSIC;Vidéos;Or;26/08/2002;07/01/2003;4 mois
LARA FABIAN;INTIME;POLYDOR/UNIVERSAL MUSIC;Vidéos;Or;11/11/2002;07/01/2003;1 mois
MATT;MATT;BARCLAY/UNIVERSAL MUSIC;Vidéos;Or;03/06/2002;07/01/2003;7 mois
MAXIME LE FORESTIER;PLUTOT GUITARE;POLYDOR/UNIVERSAL MUSIC;Vidéos;Or;13/10/2002;07/01/2003;2 mois
NIAGARA;FLAMMES;POLYDOR/UNIVERSAL MUSIC;Vidéos;Or;08/04/2002;07/01/2003;9 mois
THE CURE;GREATEST HITS;POLYDOR/UNIVERSAL MUSIC;Vidéos;Or;20/11/2001;07/01/2003;1 an 1 mois
ANDRE RIEU;CROISIERE ROMANTIQUE;PHILIPS/UNIVERSAL MUSIC;Vidéos;Platine;02/12/2002;07/01/2003;1 mois
U2;BEST OF;ISLAND / AZ/UNIVERSAL MUSIC;Vidéos;Platine;02/12/2002;07/01/2003;1 mois
GERALD DE PALMAS;LIVE 2002;POLYDOR/UNIVERSAL MUSIC;Vidéos;Double Platine;25/11/2002;07/01/2003;1 mois
CAUET;LE MEILLEUR OF DVD;U.L.M./UNIVERSAL MUSIC;Vidéos;Triple Platine;05/11/2002;07/01/2003;2 mois
MULTI INTERPRETES;URBAN PEACE;BARCLAY/UNIVERSAL MUSIC;Vidéos;Triple Platine;02/12/2002;07/01/2003;1 mois
RAYMOND DEVOS;80 ANS 80 SKETCHES;MERCURY/UNIVERSAL MUSIC;Vidéos;Diamant;27/10/2002;07/01/2003;2 mois
LARA FABIAN;LIVE;POLYDOR/UNIVERSAL MUSIC;Vidéos;Triple Platine;11/11/2002;07/01/2003;1 mois
JOHNNY HALLYDAY;MARIE;MERCURY/UNIVERSAL MUSIC;Singles;Diamant;20/10/2002;30/12/2002;2 mois
STAR ACADEMY 2;CHANTE MICHEL BERGER;Mercury/Niouprod/TF1 Entreprises/UNIVERSAL MUSIC;Albums;Double Platine;27/10/2002;30/12/2002;2 mois
STAR ACADEMY 2;FAIT SA BOUM;Mercury/Niouprod/TF1 Entreprises/UNIVERSAL;Albums;Triple Platine;25/11/2002;30/12/2002;1 mois
STAR ACADEMY 2;MUSIQUE;Mercury/Niouprod/TF1 entreprises/UNIVERSAL MUSIC;Singles;Platine;29/09/2002;30/12/2002;3 mois
L5;AIME;M6 INTERACTIONS/MERCURY/UNIVERSAL MUSIC;Singles;Or;13/10/2002;30/12/2002;2 mois
JOHNNY HALLYDAY;A LA VIE A LA MORT !;MERCURY/UNIVERSAL MUSIC;Albums;Diamant;03/11/2002;29/12/2002;1 mois
L5;RETIENS MOI;MERCURY/M6 INTERACTIONS/UNIVERSAL MUSIC;Albums;Double or;29/09/2002;23/12/2002;2 mois
2 PAC;GREATEST HITS;JIVE/ZOMBA;Albums;Or;29/11/1998;23/12/2002;4 ans 1 mois
BENABAR;BENABAR;JIVE/VIRGIN;Albums;Or;16/09/2001;23/12/2002;1 an 3 mois
MAXIME LEFORESTIER;PLUTOT GUITARE;POLYDOR/UNIVERSAL;Albums;Or;21/05/2002;18/12/2002;7 mois
PIERRE PERRET;CUI-LA;ADELE PIERRE PERRET/WARNER MUSIC France;Albums;Or;28/10/2002;18/12/2002;1 mois
PHIL COLLINS;TESTIFY;WEA/WARNER MUSIC France;Albums;Double or;11/11/2002;18/12/2002;1 mois
U2;THE BEST OF 1990 - 2000;ISLAND/UNIVERSAL MUSIC;Albums;Or;03/11/2002;18/12/2002;1 mois
WHAT FOR;WHAT FOR;AZ/M6 INTERACTIONS/UNIVERSAL MUSIC;Albums;Or;09/12/2002;18/12/2002;
WHAT FOR;PLUS HAUT;AZ/M6 INTERACTIONS/;Singles;Platine;25/11/2002;18/12/2002;
CHARLES AZNAVOUR;PALAIS DES CONGRES;EMI HOLLAND/EMI MUSIC France;Vidéos;Or;17/11/1999;18/12/2002;3 ans 1 mois
PINK FLOYD;P.U.LS.E.;CAPITOL/EMI MUSIC France;Vidéos;Or;06/06/1995;18/12/2002;7 ans 7 mois
SUSHEELA RAMAN;SALT RAIN;RAIN SONGS / NARADA/VIRGIN France;Albums;Or;27/05/2001;11/12/2002;1 an 6 mois
THE ROLLING STONES;40 LICKS;Promopub B.V./Abkco Music Inc./VIRGIN France;Albums;Or;26/09/2002;11/12/2002;2 mois
WHITNEY HOUSTON;JUST WHITNEY;ARISTA INTERNATIONAL/BMG France;Albums;Or;25/11/2002;11/12/2002;
RENAUD AXELLE RED;MANHATTAN KABOUL;CECI-CELA/VIRGIN France;Singles;Platine;21/07/2002;11/12/2002;4 mois
COMPILATION;LES PLUS BEAUX DUOS;EMI MUSI C France/VIRGIN France;Albums;Or;07/11/2002;11/12/2002;1 mois
COMPILATION;LES 100 PLUS BELLES CHANSONS FRANCAISES;EMI MUSI C France/VIRGIN France;Albums;Or;18/08/2002;11/12/2002;3 mois
ALAIN SOUCHON;J'VEUX DU LIVE;Virgin France /Editions Alain Souchon/VIRGIN France;Albums;Or;24/11/2002;11/12/2002;
AXELLE RED;FACE A FACE B;BIMBO SONG PUBLISHING/VIRGIN France;Albums;Or;14/11/2002;11/12/2002;
MOBY;18;Warner Tamerlane Bmi/Little Idiot Music/VIRGIN FRANCE;Albums;Platine;09/05/2002;11/12/2002;7 mois
TIKEN JAH FAKOLY;Fran;BARCLAY/UNIVERSAL MUSIC;Albums;Or;18/02/2002;09/12/2002;9 mois
GERALD DE PALMAS;LIVE 2002;POLYDOR/UNIVERSAL MUSIC;Albums;Double or;11/11/2002;09/12/2002;
NIRVANA;BEST OF;INTERSCOP/UNIVERSAL MUSIC;Albums;Or;27/10/2002;03/12/2002;1 mois
ZEBDA;UTOPIE D'OCCASE;ZEBDA S.A.R.L./UNIVERSAL MUSIC;Albums;Or;15/09/2002;03/12/2002;2 mois
SOPHIE ELLIES BEXTOR;MURDER ON THE DANCE FLOOR;POLYDOR U.K./UNIVERSAL MUSIC;Singles;Or;03/06/2002;03/12/2002;6 mois
EVE;SCORPION;INTERSCOP/UNIVERSAL MUSIC;Albums;Or;05/03/2001;03/12/2002;1 an 9 mois
LUNATIC;MAUVAISE ?IL;WARNER STRATEGIC MARKETING/WARNER MUSIC France;Albums;Or;23/10/2000;26/11/2002;2 ans 1 mois
MORCHEEBA;FRAGMENTS OF FREEDOM;CHINA RECORDS/WARNER MUSIC France;Albums;Or;09/07/2000;26/11/2002;2 ans 5 mois
MADONNA;MUSIC;MAVERICK/WARNER MUSIC France;Albums;Double Platine;17/09/2000;26/11/2002;2 ans 2 mois
PHIL COLLINS;TESTIFY;WEA U.K./WARNER MUSIC France;Albums;Or;11/11/2002;26/11/2002;
ROBBIE WILLIAMS;ESCAPOLOGY;CHRYSALIS/EMI MUSIC France;Albums;Or;14/11/2002;26/11/2002;
TRACY CHAPMAN;LET IT RAIN;ELEKTRA / ASYLUM/WARNER MUSIC France;Albums;Or;14/10/2002;26/11/2002;1 mois
VINCENT DELERM;VINCENT DELERM;V.F. MUSIQUES/WARNER MUSIC France;Albums;Or;02/05/2002;26/11/2002;6 mois
UMBERTO TOZZI & LENA KA;TI AMO - RIEN QUE DES MOTS;C.G.D./WARNER MUSIC France;Singles;Platine;04/08/2002;26/11/2002;3 mois
DAVID BOWIE;BEST OF BOWIE;CAPITOL UL/EMI MUSIC France;Vidéos;Or;13/10/2002;26/11/2002;1 mois
FREDDIE MERCURY;THE FREDDIE MERCURY TRIBUTE CONCERT;PARLOPHONE/EMI MUSIC France;Vidéos;Or;12/05/2002;26/11/2002;6 mois
France GALL;LES ANNEES MUSIQUE;COLLINE/APACHE/WARNER MUSIC France;Albums;Double Platine;18/02/1990;26/11/2002;12 ans 11 mois
MC SOLAAR;CINQUIEME AS;SENTINEL OUEST/WARNER MUSIC France;Albums;Double Platine;12/02/2001;26/11/2002;1 an 9 mois
PHIL COLLINS;HITS;WEA INTERNATIONAL/WARNER MUSIC France;Albums;Double Platine;22/09/1998;26/11/2002;4 ans 2 mois
BENOIT;TOURNE TOI BENOIT;MASCOTTE/WARNER MUSIC France;Singles;Or;08/04/2002;26/11/2002;7 mois
QUEEN;GREATEST HITS 1;PARLOPHONE/EMI MUSIC France;Vidéos;Or;06/10/2002;26/11/2002;1 mois
PATRICK FIORI;PATRICK FIORI;EPIC/SONY MUSIC;Albums;Or;17/10/2002;05/11/2002;
YANNICK NOAH;LIVE;COLUMBIA/SONY MUSIC;Albums;Or;26/09/2002;05/11/2002;1 mois
BILLY CRAWFORD;YOU DIDN'T EXPECT THAT;V2 MUSIC/SONY MUSIC;Singles;Or;03/10/2002;05/11/2002;1 mois
CELINE DION;I'M ALIVE;COLUMBIA/SONY MUSIC;Singles;Or;12/09/2002;05/11/2002;1 mois
ISABELLE BOULAY;MIEUX QU'ICI BAS;V 2 MUSIC/SONY MUSIC;Albums;Diamant;13/06/2001;05/11/2002;1 an 5 mois
KING AFRICA;LA BOMBA;SCORPIO HOT TRACKS/SONY MUSIC;Singles;Or;04/07/2002;05/11/2002;4 mois
LAS KETCHUP;The KETCHUP SONG (ASEREJE);COLUMBIA/SONY MUSIC;Singles;Or;05/09/2002;05/11/2002;2 mois
LORIE;J'AI BESOIN D'AMOUR;EPIC/SONY MUSIC;Singles;Or;26/09/2002;05/11/2002;1 mois
NATASHA ST PIER;A CHACUN SON HISTOIRE;COLUMBIA/SONY MUSIC;Albums;Or;29/03/2001;05/11/2002;1 an 7 mois
SHAKIRA;UNDERNEATH YOUR CLOTHES;EPIC/SONY MUSIC;Singles;Or;29/08/2002;05/11/2002;2 mois
TINA ARENA;TU ES TOUJOURS LA;COLUMBIA/SONY MUSIC;Singles;Or;21/02/2002;05/11/2002;8 mois
DANY BRILLANT;DOLCE VITA;COLUMBIA/SONY MUSIC;Albums;Platine;04/10/2001;05/11/2002;1 an 1 mois
COMPILATION;HITS 2002;SONY MUSIC MEDIA/SONY MUSIC;Albums;Or;30/10/2002;05/11/2002;
COMPILATION;NON STOP HITS 4;SONY MUSIC MEDIA/SONY MUSIC;Albums;Or;01/08/2002;05/11/2002;3 mois
COMPILATION;GIRLS 2002;SONY MUSIC MEDIA/SONY MUSIC;Albums;Or;20/06/2002;05/11/2002;4 mois
COMPILATION;QUELQUES MOTS D'AMOUR;SONY MUSIC MEDIA/SONY MUSIC;Albums;Or;27/06/2002;05/11/2002;4 mois
COMPILATION;RAGGA CONNECTION 2;SONY MUSIC MEDIA/SONY MUSIC;Albums;Or;25/07/2002;05/11/2002;3 mois
JOE DASSIN;SES PLUS GRANDS SUCCES;SONY MUSIC MEDIA/SONY MUSIC;Albums;Platine;06/04/2000;05/11/2002;2 ans 7 mois
MULTI INTERPRETES;PLANETARTHUR;SONY MUSIC MEDIA/SONY MUSIC;Albums;Or;17/10/2002;05/11/2002;
BARBRA STREISAND;THE ESSENTIAL;SONY MUSIC MEDIA/SONY MUSIC;Albums;Or;16/05/2002;05/11/2002;5 mois
BILLY PAUL AND BILL WITHERS;LES ROIS DE LA SOUL;SONY MUSIC MEDIA/SONY MUSIC;Albums;Or;01/08/2002;05/11/2002;3 mois
DAVID BOWIE;HEATHEN;COLUMBIA/SONY MUSIC;Albums;Or;06/06/2002;05/11/2002;5 mois
NATASHA ST PIER;DE L'AMOUR LE MIEUX;COLUMBIA/SONY MUSIC;Albums;Platine;28/03/2002;05/11/2002;7 mois
F F F;F F F;EPIC/SONY MUSIC;Albums;Or;02/04/1996;05/11/2002;6 ans 8 mois
SAT;DANS MON MONDE;SMALL/SONY MUSIC;Albums;Or;18/04/2002;05/11/2002;6 mois
EMINEM;THE EMINEM SHOW;POLYDOR INTERNATIONAL/UNIVERSAL MUSIC/POLYDOR;Albums;Platine;27/05/2002;22/10/2002;4 mois
GOTAN PROJECT;LA REVANCHA DEL TANGO;BARCLAY/YA BASTA/UNIVERSAL MUSIC/BARCLAY;Albums;Or;22/10/2001;22/10/2002;1 an
NELLY;DILEMMA;UNIVERSAL RECORDS US/UNIVERSAL MUSC;Singles;Or;20/10/2002;20/10/2002;
ELVIS PRESLEY;A LITTLE LESS CONVERSATION;RCA INTERNATIONAL/BMG France;Singles;Or;24/06/2002;15/10/2002;3 mois
JENIFER;J'ATTENDS L'AMOUR;NEW PROD/UNE MUSIQUE/ISLAND/UNIVERSAL MUSIC/MERCURY;Singles;Or;15/04/2002;27/08/2002;4 mois
JENIFER;AU SOLEIL;NEW PROD/UNE MUSIQUE/ISLAND/UNIVERSAL MUSIC/MERCURY;Singles;Or;07/07/2002;27/08/2002;1 mois
DALIDA;40 SUCCES EN OR;BARCLAY/ORLANDO/UNIVERSAL MUSIC / BARCLAY;Albums;Platine;09/11/1997;27/08/2002;4 ans 10 mois
ANDRE RIEU;AIMER;PHILIPS/UNIVERSAL MUSIC GROUP;Albums;Double or;05/11/2001;20/08/2002;9 mois
TIZIANO FERRO;ROSSO RELATIVO;EMI ITALIANA/EMI MUSIC France;Albums;Or;06/05/2002;13/08/2002;3 mois
TIZIANO FERRO;PERDONO;EMI ITALIANA/EMI MUSIC France;Singles;Or;13/02/2002;13/08/2002;6 mois
NORAH JONES;COME AWAY WITH ME;BLUE NOTE USA/EMI MUSIC France;Albums;Or;07/03/2002;13/08/2002;5 mois
KYLIE MINOGUE;FEVER;PARLOPHONE/EMI MUSIC France;Albums;Double or;03/10/2001;13/08/2002;10 mois
I MUVRINI;LEIA;EMI MUSIC France;Albums;Double or;10/05/1998;13/08/2002;4 ans 3 mois
KATE RYAN;DESENCHANTEE;D.LA./EMI MUSIC France;Singles;Or;30/06/2002;13/08/2002;1 mois
COMPILATION;NOW 3;EMI France/EMI MUSIC France;Albums;Or;11/08/2002;13/08/2002;
CHARLES AZNAVOUR;20 CHANSONS D'OR REMASTERISEES;EMI BOVEMA/EMI MUSIC France;Albums;Or;14/11/2001;13/08/2002;9 mois
RENAUD;CANTE EL' NORTE;SEPTENTRION/CECI CELA France/VIRGIN France;Albums;Platine;30/04/1993;10/07/2002;9 ans 3 mois
PATRICIA KAAS;PIANO BAR BY PATRICIA KAAS;COLUMBIA/SONY MUSIC;Albums;Or;11/04/2002;10/07/2002;3 mois
TINA ARENA;JUST ME;COLUMBIA/SONY MUSIC;Albums;Or;15/11/2001;10/07/2002;7 mois
SHAKIRA;LAUNDRY SERVICE;EPIC/SONY MUSIC;Albums;Double or;07/03/2002;10/07/2002;4 mois
NATHASHA ST PIER;TU TROUVERAS;COLUMBIA/SONY MUSIC;Singles;Platine;21/03/2002;10/07/2002;3 mois
SHAKIRA;WHENEVER WHEREVER;EPIC/SONY MUSIC;Singles;Platine;21/03/2002;10/07/2002;3 mois
SIMON & GARFUNKEL;THE DEFINITIVE SIMON & GARFUNKEL;SONY MUSIC MEDIA/SONY MUSIC;Albums;Diamant;12/12/1991;10/07/2002;10 ans 8 mois
BRUCE SPRINGSTEEN;LIVE IN NEW YORK;SONY MUSIC VIDEO/SONY MUSIC;Vidéos;Or;11/11/2001;10/07/2002;8 mois
MICHEL SARDOU;LES GRANDES CHANSONS;TREMA/SONY MUSIC;Albums;Platine;31/12/1991;10/07/2002;10 ans 8 mois
INDOCHINE;DIVISIONS DE LA JOIE;SONY MUSIC VIDEO/SONY MUSIC;Vidéos;Or;18/04/2002;10/07/2002;2 mois
LORIE;PRES DE TOI;EPIC/SONY MUSIC;Albums;Double Platine;25/10/2001;10/07/2002;8 mois
BILLY CRAWFORD;WHEN YOU THINK ABOUT ME;V 2 RECORDS/SONY MUSIC;Singles;Or;25/04/2002;10/07/2002;2 mois
BRATISLA BOYS;STACH STACH;M 6 INTERACTIONS/SONY MUSIC;Singles;Or;11/04/2002;10/07/2002;3 mois
LOVE UNITED;LOVE UNITED;EPIC/SONY MUSIC;Singles;Or;02/05/2002;10/07/2002;2 mois
LORIE;PRES DE VOUS;SONY MUSIC VIDEO/SONY MUSIC;Vidéos;Double Platine;25/04/2002;10/07/2002;2 mois
MODELS;FAME;EPIC/SONY MUSIC;Singles;Or;28/03/2002;10/07/2002;3 mois
NICKELBACK;HOW YOU REMIND ME;RAODRUNNER/SONY MUSIC;Singles;Or;09/05/2002;10/07/2002;2 mois
PINK FLYOD;THE WALL;SONY MUSIC VIDEO/SONY MUSIC;Vidéos;Triple Platine;09/01/2000;10/07/2002;2 ans 6 mois
THALIA;AMOR A LA MEXICANA;PEER MUSIC MEXICO/VIRGIN France;Singles;Or;02/06/1998;09/07/2002;4 ans 1 mois
COMPILATION;HARMONY JAZZ;VIRGIN + DIVERS/VIRGIN France;Albums;Or;18/11/2001;09/07/2002;7 mois
COMPILATION;ULTIME 80'S Vol.2;VIRGIN + DIVERS/VIRGIN France;Albums;Or;09/11/2000;09/07/2002;1 an 8 mois
ATOMIC KITTEN;ETERNAL FLAME;SONY ATV TUNES LLC/VIRGIN France;Singles;Or;06/01/2002;09/07/2002;6 mois
AIR;VIRGIN SUICIDES B.O.F.;REVOLVAIR/DELABEL EDITIONS/VIRGIN France;Albums;Or;12/03/2000;09/07/2002;2 ans 4 mois
BOF;IN THE MOOD FOR LOVE;EMOTION MUSIC/BLOCK MUSIC/VIRGIN France;Albums;Or;25/03/2001;09/07/2002;1 an 3 mois
YANN TIERSEN;LE PHARE;BMG PUB. France/ICI D'AILLEURS/VIRGIN France;Albums;Or;19/02/1999;09/07/2002;3 ans 5 mois
HENRI SALVADOR;PERFORMANCE !;Di;Albums;Or;28/03/2002;09/07/2002;3 mois
PATRICK BRUEL;ENTRE - DEUX?;14 PRODUCTIONS/BMG France;Albums;Or;03/06/2002;25/06/2002;
SKA P;EL VALS DEL OBRERO;R.C.A./BMG France;Albums;Or;02/06/2002;25/06/2002;
DIDO;NO ANGEL;ARISTA INTERNATIONAL/BMG France;Albums;Diamant;22/01/2001;25/06/2002;1 an 5 mois
MARLENE DUVAL & PHIL BARNEY;UN ENFANT DE TOI;L.P. PRODUCTIONS/BMG France;Singles;Or;03/06/2002;25/06/2002;
DALIDA;SES GRANDS SUCCES;BARCLAY/ORLANDO/UNIVERSAL MUSIC BARCLAY;Albums;Or;22/04/2002;25/06/2002;2 mois
ALIZEE;PARLER TOUT BAS;REQUIEM PUBLISHING/POLYDOR/UNIVERSAL MUSIC/POLYDOR;Singles;Or;23/04/2004;18/06/2002;1 an 10 mois
BOF MOULIN ROUGE;LADY MARMELADE;TWENTIETH CENTURY FOX FILM/UNIVERSAL MUSIC/POLYDOR;Singles;Or;16/07/2001;18/06/2002;11 mois
EVE;LET ME BLOW YA MIND;RUF RYDERS/INTERSCOPE REC./UNIVERSAL MUSIC/POLYDOR;Singles;Or;15/10/2001;18/06/2002;8 mois
LARA FABIAN;J'Y CROIS ENCORE;PRODUCTIONS CLANDESTINES/UNIVERSAL MUSIC/POLYDOR;Singles;Or;09/07/2001;18/06/2002;11 mois
SAMANTHA MUMBA;GOTTA TELL YOU;POLYDOR LTD U.K./UNIVERSAL MUSIC/POLYDOR;Singles;Or;16/10/2000;18/06/2002;1 an 8 mois
JOHNNY HALLYDAY;TOUS ENSEMBLE;UNIVERSAL/TF1/UNIVERSAL MUSIC/MERCRURY;Singles;Platine;22/04/2002;09/06/2002;1 mois
LES DIX COMMANDEMENTS / GINIE LINE;LE DILEMME;ATLETICO/UNIVERSAL MUSIC/MERCURY;Singles;Or;28/01/2001;09/06/2002;1 an 4 mois
ROMEO & JULIETTE / SEBASTIEN CHATO;AVOIR UNE FILLE;BAXTER/UNIVERSAL MUSIC/MERCURY;Singles;Or;19/11/2001;09/06/2002;6 mois
BOF;PARLE AVEC ELLE;MILAN MUSIC/UNIVERSAL MUSIC/ULM;Albums;Or;25/03/2002;29/05/2002;2 mois
TRACY CHAPMAN;COLLECTION;EAST WEST France/WARNER MUSIC France;Albums;Platine;13/09/2001;21/05/2002;8 mois
LYNDA LEMAY;LES LETTRES ROUGES;WEA/WARNER MUSIC France;Albums;Or;15/04/2002;21/05/2002;1 mois
MISSY ELLIOT;SO ADDICTIVE;EAST WEST France/WARNER MUSIC France;Albums;Or;28/05/2001;21/05/2002;11 mois
SERGE LAMA;FEUILLE A FEUILLE;WEA/WARNER MUSIC France;Albums;Or;05/11/2001;21/05/2002;6 mois
SNIPER;DU RIRE AUX LARMES;EAST WEST France/WARNER MUSIC France;Albums;Or;28/01/2001;21/05/2002;1 an 3 mois
HELENE SEGARA;TU VAS ME QUITTER;ORLANDO/EAST WEST France/WARNER MUSIC France;Singles;Or;29/01/2001;21/05/2002;1 an 3 mois
LYNDA LEMAY;LYNDA LEMAY;WEA/WARNER MUSIC France;Albums;Double or;14/01/1998;21/05/2002;4 ans 4 mois
LINKIN PARK;HYBRID THEORY;WEA/WARNER MUSIC France;Albums;Or;17/09/2001;21/05/2002;8 mois
AFROMAN;BECAUSE I GOT HIGH;UNIVERSAL RECORDS/UNIVERSAL MUSIC/BARCLAY;Singles;Or;18/11/2001;09/04/2002;4 mois
WESTLIFE;UPTOWN GIRL;R.C.A./BMG France;Singles;Or;08/10/2001;09/04/2002;6 mois
ALICIA KEYS;FALLIN;J RECORDS/BMG France;Singles;Or;26/11/2001;09/04/2002;4 mois
GERI HALLIWELL;IT'S RAINING MEN;EMI RECORDS/EMI MUSIC France;Singles;Diamant;02/05/2001;26/03/2002;10 mois
SINCLAIR;SUPERNOVA SUPERSTAR;EMI MUSIC France;Albums;Or;10/10/2001;26/03/2002;5 mois
ROBBIE WILLIAMS;SOMETHIN' STUPID;CHRYSALIS/EMI MUSIC France;Singles;Or;19/12/2001;26/03/2002;3 mois
PATRICK SEBASTIEN;BEST OF;FAISAGE MUSIC/POLYDOR/UNIVERSAL MUSIC/POLYDOR;Albums;Or;12/11/2001;12/03/2002;4 mois
GERALD DE PALMAS;MARCHER DANS LE SABLE;POLYDOR/UNIVERSAL MUSIC/POLYDOR;Albums;Diamant;16/10/2000;12/03/2002;1 an 5 mois
COMPILATION;LES PLUS BELLES VICTOIRES DE LA MUSIQUE;U.L.M./UNIVERSAL MUSIC/ULM;Albums;Or;27/02/2002;05/03/2002;
L 5;L 5;M6 INTERACTIONS/MERCURY/UNIVERSAL MUSIC/MERCURY;Albums;Triple Platine;10/12/2001;19/02/2002;2 mois
STAR ACADEMY;LES REPRISES;T F 1 / ISLAND/UNIVERSAL MUSIC/MERCURY;Albums;Or;26/12/2001;19/02/2002;1 mois
THE CARDIGANS;GRAN TURISMO;ISLAND/UNIVERSAL MUSIC/MERCURY;Albums;Or;19/10/1998;19/02/2002;3 ans 4 mois
L 5;UNE ETINCELLE;M6 INTERACTIONS/MERCURY/UNIVERSAL MUSIC/MERCURY;Singles;Or;28/01/2002;19/02/2002;
STAR ACADEMY;GIMME GIMME GIMME;T F 1 / ISLAND/UNIVERSAL MUSIC/MERCURY;Singles;Or;04/02/2002;19/02/2002;
MARC LAVOINE & CRISTINA MAROCCO;J'AI TOUT OUBLIE;MERCURY/UNIVERSAL MUSIC/MERCURY;Singles;Or;19/11/2001;19/02/2002;3 mois
ISABELLE BOULAY;ETATS D'AMOUR;V 2 RECORDS/SONY MUSIC;Albums;Or;03/03/1999;12/02/2002;2 ans 11 mois
IV MY PEOPLE;CERTIFIE CONFORME;IV MY PEOPLE/SONY MUSIC;Albums;Or;20/04/2000;12/02/2002;1 an 10 mois
LEONARD COHEN;TEN NEW SONGS;COLUMBIA/SONY MUSIC;Albums;Or;04/10/2001;12/02/2002;4 mois
MARIAH CAREY;GREATEST HITS;SONY MUSIC MEDIA/SONY MUSIC;Albums;Or;29/11/2001;12/02/2002;2 mois
YANNICK NOAH;YANNICK NOAH;COLUMBIA/SONY MUSIC;Albums;Triple Platine;07/09/2000;12/02/2002;1 an 5 mois
JEAN JACQUES GOLDMAN;CHANSONS POUR LES PIEDS;COLUMBIA/SONY MUSIC;Albums;Diamant;15/11/2001;12/02/2002;2 mois
CRAIG DAVID;OFF THE HOOK;EDEL/SONY MUSIC;Vidéos;Or;01/11/2001;12/02/2002;3 mois
KORN;WHO THEN NOW ?;EPIC/SONY MUSIC;Vidéos;Or;05/03/1997;12/02/2002;5 ans
MICHAEL JACKSON;COFFRET HISTORY 1 & 2;SONY MUSIC MEDIA/SONY MUSIC;Vidéos;Or;15/11/2001;12/02/2002;2 mois
PASCAL OBISPO;MILLESIME LIVE 00/01;EPIC/SONY MUSIC;Vidéos;Or;08/11/2001;12/02/2002;3 mois
JENNIFER LOPEZ;I'M REAL;EPIC/SONY MUSIC;Singles;Or;03/01/2002;12/02/2002;1 mois
PATRICIA KAAS;LIVE;COLUMBIA/SONY MUSIC;Albums;Double or;24/08/2000;12/02/2002;1 an 5 mois
LOANA;COMME JE T'AIME;M 6 INTERACTIONS/SONY MUSIC;Singles;Or;29/11/2001;12/02/2002;2 mois
PATRICIA KAAS;RIEN NE S'ARRETE;COLUMBIA/SONY MUSIC;Albums;Double or;18/10/2001;12/02/2002;3 mois
COMPILATION;NRJ MUSIC AWARDS 2002;SONY MUSIC MEDIA/SONY MUSIC;Albums;Or;03/01/2002;12/02/2002;1 mois
B.O.F.;TRANSPOTTING;/PREMIER;Albums;Double or;18/02/1996;18/12/2001;5 ans 11 mois
DAMIEN SAEZ;JOURS ETRANGES;/ISLAND;Albums;Double or;25/10/1999;18/12/2001;2 ans 2 mois
MATT;CENDRILLON DU GHETTO;UNIVERSAL MUSIC/BARCLAY/VOIX PUBLIK;Singles;Or;02/07/2001;18/12/2001;5 mois
ONE-T;MUSIC IS THE ONE-T ODC;UNIVERSAL MUSIC/POLYDOR/MINOR T/PROEDIT;Singles;Or;30/07/2001;18/12/2001;4 mois
FLORENT PAGNY;;/MERCURY;Albums;Double or;13/12/2001;18/12/2001;
BRIGITTE FONTAINE;KEKELAND;/ALLO MUSIC/MERIDIAN VIRGIN;Albums;Or;04/10/2001;18/12/2001;2 mois
M;LIVE;/UNIVERSAL MUSIC PUBLISHING DELABEL;Albums;Double or;20/05/2001;18/12/2001;7 mois
ROHFF;LA VIE AVANT LA MORT;/DELABEL EDITIONS/EMI PUBLISHING DELABEL;Albums;Or;23/09/2001;18/12/2001;2 mois
ZAZIE;RUE DE LA PAIX;UNIVERSAL MUSIC/MERCURY/MERCURY;Singles;Or;29/10/2001;18/12/2001;1 mois
NUTTEA;UN SIGNE DU TEMPS;/DELABEL EDITIONS DELABEL;Albums;Double or;27/08/2000;18/12/2001;1 an 3 mois
RENAUD;RENAUD CHANTE BRASSENS;/EDITIONS WARNER CHAPPELL VIRGIN France;Albums;Double or;28/03/1996;18/12/2001;5 ans 9 mois
MANU CHAO;ME GUSTAS TU;/RADIO BEMBA;Singles;Or;15/07/2001;18/12/2001;5 mois
MYLENE FARMER ET SEAL;LES MOTS;/STUFFED MONKEY/POLYDOR UNIVERSAL MUSIC;Singles;Or;12/11/2001;18/12/2001;1 mois
NUTTEA;TROP PEU DE TEMPS;/DELABEL EDITIONS DELABE;Singles;Or;17/06/2001;18/12/2001;6 mois
AALIYAH;AALIYAH;/WARNER CHAPPELL/VIRGINIA BEACH/BLACK FOUNTAIN/DELA;Albums;Or;23/09/2001;18/12/2001;2 mois
AKHENATON;SOL INVICTUS;/LA COSCA;Albums;Or;14/10/2001;18/12/2001;2 mois
DAFT PUNK;DISCOVERY;/DAFT MUSIC/DELABEL Editions VIRGIN Fran;Albums;Platine;08/03/2001;18/12/2001;9 mois
B.O.F.;LE JOURNAL DE BRIDGET JONES;/MERCURY;Albums;Or;01/10/2001;18/12/2001;2 mois
COMPILATION;MUSIC OF THE MILLENIUM 2;/EMI MUSIC France;Albums;Or;07/11/2001;18/12/2001;1 mois
COMPILATION;ZEN 2;/DELABEL Editions/Island Music VIRGIN;Albums;Or;19/08/2001;18/12/2001;4 mois
SANDRA;BEST OF;/MAMBO MUSIC/DATA-ALPHA SIEGEL VIRGIN France;Albums;Platine;12/10/1992;18/12/2001;9 ans 3 mois
GEORGES BRASSENS;20;/MERCURY;Albums;Or;01/10/2001;18/12/2001;2 mois
L5;L5;/M6 INTERACTIONS/MERCURY UNIVERSAL MUSIC/M;Albums;Double Platine;10/12/2001;18/12/2001;
KYLIE MINOGUE;FEVER;/PARLOPHONE EMI;Albums;Or;03/10/2001;18/12/2001;2 mois
MANU CHAO;PROXIMA ESTACION ESPERANZA;/RADIO BEMBA VIRG;Albums;Double Platine;31/05/2001;18/12/2001;6 mois
MARC LAVOINE;MARC LAVOINE;/MERCURY;Albums;Or;08/10/2001;18/12/2001;2 mois
RICHARD COCCIANTE;LA COMPILATION;/EPIC;Albums;Triple Platine;01/05/1994;17/12/2001;7 ans 8 mois
THE CORRS;BEST OF;/EAST WEST France WARNER;Albums;Or;22/10/2001;17/12/2001;1 mois
TRAVIS;THE INVISIBLE BAND;/SMALL;Albums;Or;07/06/2001;17/12/2001;6 mois
ANDRE VERCHUREN;LES GRANDS BALS D'ANDRE VERCHUREN;/UNIVERSAL VIDEO UNIVERSAL;Vidéos;Or;20/04/1998;11/12/2001;3 ans 8 mois
ANDREA BOCELLI;AIRS SACRES;/PHILIPS CLASSICS UNIVERS;Vidéos;Or;22/11/1999;11/12/2001;2 ans 1 mois
BARBARA;CHATELET 87;/MERCURY UNIVERSAL MUSIC;Vidéos;Or;18/09/1988;11/12/2001;13 ans 5 mois
BJORK;VOLUMEN;/BARCLAY UN;Vidéos;Or;18/01/1999;11/12/2001;2 ans 11 mois
STING;ALL THIS TIME;/A & M;Albums;Or;05/11/2001;11/12/2001;1 mois
BOB MARLEY & THE WAILLERS;LEGEND;/ISLAND;Vidéos;Or;21/05/1995;11/12/2001;6 ans 7 mois
STING;BRAND NEW DAY TOUR;/POLYDOR UNIVERSAL MUS;Vidéos;Or;16/10/2000;11/12/2001;1 an 2 mois
ZAZIE;LE TOUR DES ANGES LIVE;/MERCURY UNIVERSAL MUSIC;Vidéos;Or;13/03/2000;11/12/2001;1 an 9 mois
ALLIAGE;PREMIER RENDEZ-VOUS;/MERCURY UNIVERSAL MUSIC;Vidéos;Platine;14/07/1997;11/12/2001;4 ans 5 mois
ANDRE RIEU;100 ANS DE STRAUSS;/PHILIPS CLASSICS UNIVERS;Vidéos;Platine;06/12/1999;11/12/2001;2 ans
ANDRE RIEU;ROMANTIC MOMENTS;/PHILIPS CLASSICS UNIVERS;Vidéos;Platine;01/02/1999;11/12/2001;2 ans 10 mois
ANDRE RIEU;AIMER;/PHILIPS CLASSICS UNIVERS;Vidéos;Platine;10/12/2001;11/12/2001;
Luciano Pavarotti Placido Domingo Jos;LES 3 TENORS A PARIS 1998;/DECCA;Vidéos;Platine;17/08/1998;11/12/2001;3 ans 4 mois
TEXAS;PARIS TEXAS;/MERCURY UNIVERSAL MUSIC;Vidéos;Platine;29/11/2001;11/12/2001;
ANDRE RIEU;AU ZENITH DE PARIS;/PHILIPS CLASSICS UNIVERS;Vidéos;Double Platine;11/05/1998;11/12/2001;3 ans 7 mois
ANDREA BOCELLI;A NIGHT IN TUSCANY;/PHILIPS CLASSICS UNIVERS;Vidéos;Double Platine;07/12/1997;11/12/2001;4 ans
FLORENT PAGNY;EN CONCERT;/MERCURY UNIVERSAL MUSIC;Vidéos;Double Platine;23/11/1998;11/12/2001;3 ans 1 mois
SERGE GAINSBOURG;LE ZENITH DE SERGE GAINSBOURG;/MERCURY UNIVERSAL MUSIC;Vidéos;Double Platine;09/04/1989;11/12/2001;12 ans 10 mois
U2;ELEVATION TOUR LIVE FROM BOSTON;/ISLAND;Vidéos;Triple Platine;29/11/2001;11/12/2001;
MUTLI INTERPRETES;MAYA L'ABEILLE;UNIVERSAL MUSIC / ULM/U.L.M.;Singles;Or;29/10/2001;11/12/2001;1 mois
LARA FABIAN;NUE;/PRODUCTIONS CLANDESTINES UNIVERSAL MUSIC/;Albums;Double or;27/08/2001;11/12/2001;3 mois
THE CRANBERRIES;WAKE UP AND SMELL THE COFFEE;/MCA RECORDS;Albums;Double or;15/10/2001;11/12/2001;1 mois
NOIR DESIR;LE VENT NOUS PORTERA;/BARCLAY;Singles;Or;27/08/2001;11/12/2001;3 mois
VANESSA PARADIS;BLISS;/FA PRODUCTIONS U;Albums;Double or;16/10/2000;11/12/2001;1 an 2 mois
ANDREA BOCELLI;CIELI DI TOSCANA;/POLYDOR INTERNATIONAL UNIVERSAL;Albums;Or;15/10/2001;11/12/2001;1 mois
B.O.F.;MOULIN ROUGE;/INTERSCOPE/POLYDOR INTER. UNIVERSAL MUSI;Albums;Or;03/09/2001;11/12/2001;3 mois
LIMP BIZKIT;CHOCOLAT STARFISH & THE HOT DOG FLAVORED WATER;/POLYDOR INT. UNIVERSAL/PO;Albums;Or;16/10/2000;11/12/2001;1 an 2 mois
ROCH VOISINE;ALBUM DE NOEL;/R.V. INTERNATIONAL BM;Albums;Or;12/11/2000;04/12/2001;1 an
USHER;;/ARISTA;Albums;Or;09/07/2001;04/12/2001;4 mois
JEAN JACQUES GOLDMAN;INTEGRALE CLIPS 89-2000;/SONY MUSIC VIDEO SONY MUSIC;Vidéos;Or;23/11/2000;29/10/2001;11 mois
JENNIFER LOPEZ;FEELIN'SO GOOD;/SONY MUSIC VIDEO SONY MUSIC;Vidéos;Or;27/08/2000;29/10/2001;1 an 2 mois
BOB & VANESSA;LE WAKA;SONY MUSIC/UNE MUSIQUE;Singles;Or;10/05/2001;29/10/2001;5 mois
PATRICIA KAAS;CE SERA NOUS;/SONY MUSIC VIDEO SONY MUSIC;Vidéos;Platine;24/08/2000;29/10/2001;1 an 2 mois
DADDY DJ;THE GIRL IN RED;SONY MUSIC/M 6 INTERACTIONS;Singles;Or;11/06/2001;29/10/2001;4 mois
EMINEM & DR DRE;UP IN SMOKE TOUR;/SONY MUSIC VIDEO SONY MUSIC;Vidéos;Double Platine;01/02/2001;29/10/2001;9 mois
COMPILATION;NRJ MUSIC AWARDS 2001;/SONY MUSIC MEDIA SONY MUSIC;Albums;Double or;04/01/2001;29/10/2001;9 mois
PINK FLOYD;THE WALL;/SONY MUSIC VIDEO SONY MUSIC;Vidéos;Double Platine;09/01/2000;29/10/2001;1 an 9 mois
DAVE;20 ANS DE CARRIERE / BEST OF;/SONY MUSIC MEDIA SONY MUSIC;Albums;Double or;05/01/1995;29/10/2001;6 ans 10 mois
LIL BOW WOW;BEWARE OF DOG;/SMALL;Albums;Or;03/05/2001;29/10/2001;5 mois
JUGLIO IGLESIAS;MA VIE MES PLUS GRANDS SUCCES;/COLUMBIA;Albums;Double or;24/09/1998;29/10/2001;3 ans 1 mois
TRAVIS;SING;SONY MUSIC/SMALL;Singles;Or;16/08/2001;29/10/2001;2 mois
WALLEN;CELLE QUI A DIT NON;SONY MUSIC/ATMOSPHERIQUES;Singles;Or;09/08/2001;29/10/2001;2 mois
WALLEN;A FORCE DE VIVRE;/ATMOSPHERIQUES SO;Albums;Or;30/08/2001;29/10/2001;2 mois
PASCAL OBISPO;PLUS QUE TOUT AU MONDE;/EPIC;Albums;Double or;15/09/1992;29/10/2001;9 ans 3 mois
DISCONNECTION;MY ONLY LOVE;/M 6 INTERACTIONS SONY MUS;Singles;Or;26/04/2001;29/10/2001;6 mois
LIL BOW WOW;BOW WOW;/SMALL;Singles;Or;26/03/2001;29/10/2001;7 mois
MICHAEL JACKSON;YOU ROCK ME WORLD;/EPIC;Singles;Or;04/10/2001;29/10/2001;
NATASHA ST PIER;JE N'AI QUE MON AME;/COLUMBIA;Singles;Or;26/04/2001;29/10/2001;6 mois
TRYO;FAUT QU'ILS S'ACTIVENT;/YELEN MUSIC;Albums;Double or;05/10/2000;29/10/2001;1 an
YANNICK NOAH;LA VOIX DES SAGES;/SAINT GEORGE;Singles;Or;17/05/2001;29/10/2001;5 mois
MICHAEL JACKSON;INVINCIBLE;/EPIC;Albums;Platine;25/10/2001;29/10/2001;
COMPILATION;NON STOP HITS 2;/SONY MUSIC MEDIA SONY MUSIC;Albums;Or;22/03/2001;29/10/2001;7 mois
COMPILATION;LES VOIX EN OR 7;/SONY MUSIC MEDIA SONY MUSIC;Albums;Or;27/02/2001;29/10/2001;8 mois
COMPILATION;R & B CONNECTION 2;/SONY MUSIC MEDIA SONY MUSIC;Albums;Or;05/07/2001;29/10/2001;3 mois
COMPILATION;NON STOP HITS 3;/SONY MUSIC MEDIA SONY MUSIC;Albums;Or;06/08/2001;29/10/2001;2 mois
COMPILATION;HITS France 2001;/SONY MUSIC MEDIA SONY MUSIC;Albums;Or;28/05/2001;29/10/2001;5 mois
EVE ANGELI;AIME MOI;/M 6 INTERACTIONS SONY MUS;Albums;Or;12/04/2001;29/10/2001;6 mois
FREDERICKS GOLDMAN JONES;SUR SCENE;/COLUMBIA;Albums;Double Platine;25/11/1992;29/10/2001;9 ans
VERONIQUE SANSON;PALAIS DES SPORTS;/WEA;Albums;Or;09/12/1981;17/10/2001;20 ans 1 mois
BRANDY & RAY J;ANOTHER DAY IN PARADISE;WARNER MUSIC France/WEA;Singles;Or;25/06/2001;17/10/2001;3 mois
LES LOFTEURS;UP AND DOWN;SONY MUSIC/M 6 INTERACTIONS;Singles;Diamant;04/07/2001;17/10/2001;3 mois
ADAMO;30 ANS;/EAST WEST France WARNER;Albums;Double or;21/10/1993;17/10/2001;8 ans 1 mois
DANY BRILLANT;C'EST TOI;/WEA;Albums;Double or;02/11/1993;17/10/2001;8 ans
ENYA;WATERMARK;/WEA;Albums;Double or;11/12/1988;17/10/2001;13 ans
FLEETWOOD MAC;BEST OF;/WEA;Albums;Double or;28/11/1988;17/10/2001;13 ans
LEANN RIMES;I NEED YOU;/WEA;Albums;Or;26/04/2001;17/10/2001;5 mois
LED ZEPPELIN;HOUSES OF THE HOLY;/EAST WEST France WARNER;Albums;Double or;13/03/1973;17/10/2001;29 ans
LED ZEPPELIN;VOLUME 2;/EAST WEST France WARNER;Albums;Double or;31/07/1971;17/10/2001;30 ans 7 mois
LED ZEPPELIN;RECYCLER;/EAST WEST France WARNER;Albums;Double or;14/10/1990;17/10/2001;11 ans 2 mois
LHASA DE SELA;LA LLORONA;/TOT OU TARD WARNER;Albums;Double or;01/04/1998;17/10/2001;3 ans 7 mois
MADONNA;I'M BREATHLESS;/WEA;Albums;Double or;20/05/1990;17/10/2001;11 ans 6 mois
MICHEL BERGER;LES PLUS BELLES CHANSONS;/WARNER STRATEGIC MARKETING;Albums;Double or;22/03/1994;17/10/2001;7 ans 8 mois
MICHEL JONASZ;BEST OF;/WEA;Albums;Double or;05/11/1989;17/10/2001;12 ans 1 mois
MICHEL JONASZ;LA NOUVELLE VIE;/WEA;Albums;Double or;14/04/1981;17/10/2001;20 ans 9 mois
MULTI INTERPRETES;STARMANIA LIVE 79;/WEA;Albums;Double or;02/06/1991;17/10/2001;10 ans 6 mois
NEIL YOUNG;COMES A TIME;/WEA;Albums;Double or;04/10/1978;17/10/2001;23 ans 4 mois
PRINCE;LOVESEXY;/WEA;Albums;Double or;05/05/1988;17/10/2001;13 ans 7 mois
PRINCE;SIGN O THE TIMES;/WEA;Albums;Double or;29/03/1987;17/10/2001;14 ans 9 mois
ROD STEWART;BLONDES HAVE MORE FUN;/WEA;Albums;Double or;06/12/1978;17/10/2001;23 ans 2 mois
THE DOORS;WAITING FOR THE SUN;/EAST WEST France WARNER;Albums;Double or;01/11/1971;17/10/2001;30 ans 4 mois
THE DOORS;STRANGE DAYS;/EAST WEST France WARNER;Albums;Double or;14/07/1971;17/10/2001;30 ans 8 mois
THE EAGLES;THE LONG RUN;/EAST WEST France WARNER;Albums;Double or;02/10/1979;17/10/2001;22 ans 4 mois
VERONIQUE SANSON;LE MAUDIT;/WEA;Albums;Double or;03/09/1974;17/10/2001;27 ans 6 mois
VERONIQUE SANSON;LAISSE LA VIVRE;/WEA;Albums;Double or;21/04/1981;17/10/2001;20 ans 9 mois
VERONIQUE SANSON;DE L'AUTRE COTE;/WEEA;Albums;Double or;05/12/1972;17/10/2001;29 ans 3 mois
VERONIQUE SANSON;AMOUREUSE;/WEA;Albums;Double or;17/02/1972;17/10/2001;30 ans 1 mois
VERONIQUE SANSON;HOLLYWOOD;/WEA;Albums;Double or;11/10/1977;17/10/2001;24 ans 4 mois
ERIC CLAPTON & B.B. KING;RIDING WITH THE KING;/WEA;Albums;Or;08/06/2000;17/10/2001;1 an 4 mois
CLAUDE FRANCOIS;DIX ANS DEJA;/WEA;Albums;Double Platine;11/03/1987;17/10/2001;14 ans 9 mois
FOREIGNER;BEST OF;/EAST WEST France WARNER;Albums;Or;08/12/1982;17/10/2001;19 ans 1 mois
ENFOIRES EN CH?UR;ENFOIRES EN CH?UR;/WEA;Albums;Double Platine;29/10/1998;17/10/2001;3 ans
ENNIO MORRICONE;PROFESSIONNAL/BOF;/WEA;Albums;Double Platine;14/10/1981;17/10/2001;20 ans 3 mois
ERIC CLAPTON;UNPLUGGED;/WEA;Albums;Double Platine;23/08/1992;17/10/2001;9 ans 3 mois
HELENE SEGARA;EN CONCERT;/ORLANDO;Albums;Or;27/09/2001;17/10/2001;
FRANCE GALL;LES ANNEES MUSIQUE;/WEA;Albums;Double Platine;18/02/1990;17/10/2001;11 ans 9 mois
FRANCE GALL;DEBRANCHE;/WEA;Albums;Double Platine;29/03/1984;17/10/2001;17 ans 9 mois
LED ZEPPELIN;VOLUME 4;/EAST WEST;Albums;Double Platine;09/11/1971;17/10/2001;30 ans 4 mois
MADONNA;WHO'S THAT GIRL/BOF;/WEA;Albums;Double Platine;19/07/1987;17/10/2001;14 ans 5 mois
MADONNA;LIKE A VIRGIN;/WEA;Albums;Double Platine;11/11/1984;17/10/2001;17 ans 2 mois
MADONNA;LIKE A PRAYER;/WEA;Albums;Double Platine;19/03/1989;17/10/2001;12 ans 9 mois
LOREENA MC KENNIT;THE MASK;/WEA;Albums;Or;10/03/1994;17/10/2001;7 ans 8 mois
LYNDA LEMAY;NOUVEAUTE;/WEA;Albums;Or;01/04/1996;17/10/2001;5 ans 7 mois
PHIL COLLINS;HELLO I MUST BE GOING;/WEA;Albums;Double Platine;03/11/1982;17/10/2001;19 ans 2 mois
ALIZEE;GOURMANDISES;REQUIEM PUBLISHING/POLYDOR/UNIVERSAL MUSIC/POLYDOR;Singles;Or;13/08/2001;09/10/2001;1 mois
BERNARD LAVILLIERS;ARRET SUR IMAGE;/B.B.C.;Albums;Or;11/06/2001;09/10/2001;4 mois
COMPILATION;HOTEL COSTES;/PSCHENT;Albums;Or;08/03/1999;09/10/2001;2 ans 7 mois
AKHENATON;COMME UN AIMANT;DELABEL;Albums;Platine;25/05/2000;26/09/2001;1 an 4 mois
ALIZEE;GOURMANDISES;POLYDOR / UNIVERSAL;Albums;Double Platine;28/11/2000;26/09/2001;10 mois
DIDO;NO ANGEL;/ARISTA INTERNATIONAL BMG Fra;Albums;Double Platine;22/01/2001;26/09/2001;8 mois
LES ENFOIRES;2001 : L'ODYSSEE DES ENFOIRES;/LES RESTAURANTS DU C?UR BMG France;Albums;Double Platine;12/03/2001;26/09/2001;6 mois
MYLENE FARMER;MYLENUIM TOUR;/STUFFED MONKEY UNI;Albums;Double Platine;04/12/2000;25/09/2001;9 mois
GERI HALLIWELL;IT'S RAINING MEN;/EMI;Singles;Platine;13/06/2001;11/09/2001;3 mois
KEREN ANN;LA BIOGRAPHIE DE LUKA PHILIPSEN;EMI MUSIC France;Singles;Or;19/04/2000;11/09/2001;1 an 5 mois
GORILLAZ;GORILLAZ;/PARLOPHONE EMI MUSI;Albums;Double or;26/03/2001;11/09/2001;5 mois
AXEL BAUER & ZAZIE;A MA PLACE;/MERCURY;Singles;Or;09/05/2001;28/08/2001;3 mois
FLORENT PAGNY;CHATELET LES HALLES;/MERCURY;Albums;Double Platine;06/11/2000;28/08/2001;9 mois
RADIOHEAD;AMNESIAC;/PARLOPHONE EMI;Albums;Or;04/06/2001;15/08/2001;2 mois
MANO SOLO;LA MARMAILLE NUE;WARNER MUSIC France/EAST WEST France;Albums;Double or;02/12/1993;03/07/2001;7 ans 8 mois
PHIL COLLINS;DANCE INTO THE LIGHT;WARNER MUSIC France;Albums;Double or;14/10/1996;03/07/2001;4 ans 9 mois
LEANN RIMES;CAN'T FIGHT THE MOOLIGHT;WARNER MUSIC France/EAST WEST France;Singles;Or;26/03/2001;03/07/2001;3 mois
MADONNA;MUSIC;WARNER MUSIC France;Singles;Or;20/08/2000;03/07/2001;10 mois
TANITA TIKARAM;ANCIENT HEART;WARNER MUSIC France/EAST WEST France;Albums;Double or;16/10/1998;03/07/2001;2 ans 9 mois
MC SOLAAR;SOLAAR PLEURE;WARNER MUSIC France/EAST WEST France;Singles;Or;22/01/2001;03/07/2001;5 mois
MC SOLAAR;HASTA LA VISTA;WARNER MUSIC France/EAST WEST France;Singles;Or;28/05/2001;03/07/2001;1 mois
VERONIQUE SANSON;MOI LE VENIN;WARNER MUSIC France;Albums;Double or;28/11/1988;03/07/2001;12 ans 9 mois
VERONIQUE SANSON;SYMPHONIQUE;WARNER MUSIC France;Albums;Double or;23/09/1990;03/07/2001;10 ans 11 mois
FRANCE GALL;LE TOUR DE France;WARNER MUSIC France;Albums;Platine;06/11/1988;03/07/2001;12 ans 10 mois
COMPAY SEGUNDO;LAS FLORES DE LA VIDA;WARNER MUSIC France/EAST WEST France;Albums;Or;13/11/2000;03/07/2001;7 mois
LYNDA LEMAY;LIVE;WARNER MUSIC France;Albums;Platine;03/03/1999;03/07/2001;2 ans 4 mois
LYNDA LEMAY;DU COQ A L'AME;WARNER MUSIC France;Albums;Platine;23/10/2000;03/07/2001;8 mois
MC SOLAAR;CINQUIEME AS;WARNER MUSIC France/EAST WEST France;Albums;Platine;12/02/2001;03/07/2001;4 mois
PAOLO CONTE;CONCERTI;WARNER MUSIC France/EAST WEST France;Albums;Platine;14/10/1990;03/07/2001;10 ans 10 mois
R.E.M.;AUTOMATIC FOR PEOPLE;WARNER MUSIC France;Albums;Platine;30/09/1992;03/07/2001;8 ans 10 mois
THE CORRS;FORGIVEN NOT FORGOTTEN;WARNER MUSIC France/EAST WEST France;Albums;Platine;23/11/1995;03/07/2001;5 ans 8 mois
UMBERTO TOZZI;LE MIE CANZONI;WARNER MUSIC France/EAST WEST France;Albums;Platine;01/03/1992;03/07/2001;9 ans 5 mois
ENYA;A DAY WITHOUT RAIN;WARNER MUSIC France;Albums;Or;14/05/2001;03/07/2001;1 mois
FRANCE GALL;AU PALAIS DES SPORTS;WARNER MUSIC France;Albums;Or;03/11/1982;03/07/2001;18 ans 11 mois
MANO SOLO;DEHORS;WARNER MUSIC France/EAST WEST France;Albums;Or;28/08/2000;03/07/2001;10 mois
ALAIN SOUCHON;AU RAS DES PAQUERETTES;VIRGIN France/EDITIONS ALAIN SOUCHON;Albums;Triple Platine;14/11/1999;26/06/2001;1 an 7 mois
I A M;L'ECOLE DU MICRO D'ARGENT;DELABEL/EMI VIRGIN MUSIC PUB;Albums;Triple Platine;08/04/1997;26/06/2001;4 ans 3 mois
SNOOP DOGG;THA LAST MEAL;VIRGIN France/EMI MUSIC PUBLISHING;Albums;Or;10/12/2000;26/06/2001;6 mois
YANN TIERSEN / BOF;LE FABULEUX DESTIN D'AMELIE POULAIN;VIRGIN France/EMI MUSIC PUBLISHING;Albums;Or;22/04/2001;26/06/2001;2 mois
ASSIA;LA BAS;VIRGIN France/DELABEL EDITIONS;Singles;Or;14/01/2001;26/06/2001;5 mois
ARSENIK;QUELQUES GOUTTES SUFFISENT;DELABEL/DELABEL EDTIONS;Albums;Double or;04/06/1998;26/06/2001;3 ans 1 mois
B.O.F.;TAXI 2;DELABEL/DELABEL EDTIONS;Albums;Double or;04/06/2000;26/06/2001;1 an
JANET JACKSON;ALL FOR YOU;EMI APRIL MUSIC;Singles;Or;25/03/2001;26/06/2001;3 mois
B. BOYS;WHAZZAAH;UNIVERSAL MUSIC/ULM/U.L.M.;Singles;Or;11/03/2001;12/06/2001;3 mois
PATRICK BRUEL;PATRICKBRUELIVE;BMG France/14 PRODUCTIONS;Albums;Or;14/05/2001;05/06/2001;
DIDO;HERE WITH ME;BMG France/ARISTA;Singles;Or;23/04/2001;05/06/2001;1 mois
DIDO;NO ANGEL;BMG France/ARISTA;Albums;Or;22/01/2001;05/06/2001;4 mois
ROBBIE WILLIAMS;SUPREME;EMI MUSIC France/CHRYSALIS;Singles;Or;11/12/2000;29/05/2001;5 mois
SAINT GERMAIN;TOURIST;EMI MUSIC France;Albums;Platine;19/04/2000;29/05/2001;1 an 1 mois
LAAM;UNE VIE NE SUFFIT PAS;EMI MUSIC France;Albums;Or;25/04/2001;29/05/2001;1 mois
MARIAH CAREY;EMOTIONS;SONY MUSIC/COLUMBIA;Albums;Or;11/09/1991;15/05/2001;9 ans 9 mois
MICHEL SARDOU;BERCY 2001;SONY MUSIC/TREMA;Albums;Or;12/04/2001;15/05/2001;1 mois
MICHEL SARDOU;LA MALADIE D'AMOUR;SONY MUSIC/TREMA;Albums;Or;29/12/1992;15/05/2001;8 ans 5 mois
JEAN JACQUES GOLDMAN;AU BOUT DE MES REVES;SONY MUSIC/COLUMBIA;Albums;Triple Platine;21/02/1982;15/05/2001;19 ans 6 mois
TINA ARENA;IN DEEP;SONY MUSIC/COLUMBIA;Albums;Triple Platine;08/10/1998;15/05/2001;2 ans 7 mois
STEVIE RAY VAUGHAN;TEXAS FLOOD;SONY MUSIC/SONY MUSIC MEDIA;Albums;Or;10/04/1988;15/05/2001;13 ans 3 mois
CELINE DION;LIVE IN MEMPHIS 1997;SONY MUSIC/SONY MUSIC VIDEO;Vidéos;Or;19/11/1998;15/05/2001;2 ans 6 mois
FRANCIS CABREL;D'UNE OMBRE A UNE AUTRE;SONY MUSIC/SONY MUSIC VIDEO;Vidéos;Or;09/04/2000;15/05/2001;1 an 1 mois
JEFF BUCKLEY;LIVE IN CHICAGO;SONY MUSIC/SONY MUSIC VIDEO;Vidéos;Or;22/06/2000;15/05/2001;10 mois
JOE SATRIANI;THE SATCH TAPES;SONY MUSIC/SONY MUSIC VIDEO;Vidéos;Or;27/01/1993;15/05/2001;8 ans 5 mois
MARIAH CAREY;1'S;SONY MUSIC/SONY MUSIC VIDEO;Vidéos;Or;17/02/2000;15/05/2001;1 an 3 mois
YANNICK NOAH;YANNICK NOAH;SONY MUSIC/COLUMBIA;Albums;Or;07/09/2000;15/05/2001;8 mois
YVES MONTAND;LE MEILLEUR D'YVES MONTAND;SONY MUSIC/SONY MUSIC MEDIA;Albums;Or;26/07/1995;15/05/2001;5 ans 10 mois
EVE ANGELI;AVANT DE PARTIR;SONY MUSIC/M 6 INTERACTIONS;Singles;Platine;07/09/2000;15/05/2001;8 mois
ANASTACIA;NOT THAT KIND;SONY MUSIC/EPIC;Singles;Or;23/11/2000;15/05/2001;5 mois
FRANCIS CABREL;TOURNEE HORS SAISON;SONY MUSIC/SONY MUSIC VIDEO;Vidéos;Platine;12/10/2000;15/05/2001;7 mois
DADDY DJ;DADDY DJ;SONY MUSIC/M 6 INTERACTIONS;Singles;Diamant;23/11/2000;15/05/2001;5 mois
GAROU;SEUL;SONY MUSIC/COLUMBIA;Singles;Diamant;02/11/2000;15/05/2001;6 mois
CRAIG DAVID;SEVEN DAYS;SONY MUSIC/EDEL;Singles;Or;18/01/2001;15/05/2001;3 mois
DEMON;YOU ARE MY HIGH;SONY MUSIC/SMALL;Singles;Or;16/11/2000;15/05/2001;6 mois
DESTINY'S CHILD;INDEPENDANT WOMEN/JUMPING;SONY MUSIC/COLUMBIA;Singles;Or;21/09/2000;15/05/2001;7 mois
FRANCIS CABREL;SARBACANE TOUR;SONY MUSIC/SONY MUSIC VIDEO;Vidéos;Double Platine;28/11/1990;15/05/2001;10 ans 7 mois
EVE ANGELI;ELLE;SONY MUSIC/M 6 INTERACTIONS;Singles;Or;29/03/2001;15/05/2001;1 mois
HERBERT LEONARD;COMPILATION;SONY MUSIC/SONY MUSIC MEDIA;Albums;Or;06/06/1994;15/05/2001;7 ans
HUBERT-FELIX THIEFAINE;78/98;SONY MUSIC/STERNE;Albums;Or;10/09/1998;15/05/2001;2 ans 8 mois
HUBERT-FELIX THIEFAINE;1978-1993;SONY MUSIC/STERNE;Albums;Or;03/11/1988;15/05/2001;12 ans 8 mois
JOE DASSIN;LE MEILLEUR DE JOE DASSIN;SONY MUSIC/SONY MUSIC MEDIA;Albums;Double Platine;02/08/1995;15/05/2001;5 ans 10 mois
JENNIFER LOPEZ;J. LO;SONY MUSIC/EPIC;Albums;Or;18/01/2001;15/05/2001;3 mois
JULIE ZENATTI;FRAGILE;SONY MUSIC/COLUMBIA;Albums;Or;30/11/2000;15/05/2001;5 mois
KASSAV;DIFE SOUPAPE;SONY MUSIC/COLUMBIA;Albums;Or;28/06/1995;15/05/2001;5 ans 11 mois
LE FESTIVAL ROBLES;LE PORC VOUS SALUE;SONY MUSIC/EPIC;Albums;Or;21/08/1997;15/05/2001;3 ans 9 mois
MICHEL SARDOU;LES GRANDS MOMENTS;SONY MUSIC/TREMA;Albums;Double Platine;17/10/1996;15/05/2001;4 ans 7 mois
M N 8;TO THE NEXT LEVEL;SONY MUSIC/COLUMBIA;Albums;Or;10/05/1995;15/05/2001;6 ans 1 mois
COMPILATION;M 6 AWARDS 2000;UNIVERSAL MUSIC/ULM/M 6 INTERACTIONS;Albums;Or;06/11/2000;01/05/2001;5 mois
COMPILATION;ZEN;UNIVERSAL MUSIC/ULM/U.L.M.;Albums;Or;04/12/2000;01/05/2001;4 mois
COMPILATION;MUSIC OF THE MILLENNIUM;UNIVERSAL MUSIC/ULM/U.L.M.;Albums;Or;22/11/2000;01/05/2001;5 mois
COMPILATION;CUT KILLER SHOW 2 et DJ ABDEL A L'ANCIENNE;UNIVERSAL MUSIC/ULM/U.L.M.;Albums;Or;08/04/2001;01/05/2001;
SISQO;UNLEASH THE DRAGON;UNIVERSAL/BARCLAY/DEF JAM;Albums;Or;01/12/1999;17/04/2001;1 an 4 mois
GERALD DE PALMAS;J'EN REVE ENCORE;UNIVERSAL/POLYDOR/POLYDOR;Singles;Or;06/11/2000;17/04/2001;5 mois
MATT;R & B 2 RUE;UNIVERSAL/BARCLAY/VOIX PUBLIK;Singles;Or;22/01/2001;17/04/2001;2 mois
GERALD DE PALMAS;MARCHER SUR LE SABLE;UNIVERSAL/POLYDOR/POLYDOR INT.;Albums;Double or;16/10/2000;17/04/2001;6 mois
SHAGGY;IT WASN'T ME;UNIVERSAL/BARCLAY/MCA;Singles;Or;12/01/2001;17/04/2001;3 mois
BOND;BORN;UNIVERSAL MUSIC/DECCA/UNIVERSAL;Albums;Or;08/01/2001;17/04/2001;3 mois
DIVERS;COSTES LA SUITE;UNIVERSAL/BARCLAY/PSCHENT;Albums;Or;22/11/1999;17/04/2001;1 an 5 mois
CELINE DION;A NEW DAY HAS COME;COLUMBIA/SONY MUSIC;Albums;Platine;21/03/2002;16/04/2001;11 mois
PARIS COMBO;LIVING ROOM;UNIVERSAL/POLYDOR/POLYDOR;Albums;Or;23/08/1999;27/03/2001;1 an 7 mois
ALIZEE;L'ALIZEE;UNIVERSAL/POLYDOR/REQUIEM PUBLISHING/POLYDOR;Singles;Platine;27/11/2000;27/03/2001;4 mois
COLDPLAY;PARACHUTES;EMI MUSIC France/PARLOPHONE;Albums;Or;12/07/2000;27/03/2001;8 mois
I MUVRINI;A STRADA;EMI MUSIC France;Albums;Or;08/03/2000;27/03/2001;1 an
MYLENE FARMER;INNAMORAMENTO;UNIVERSAL/STUFFED MONKEY;Albums;Diamant;06/04/1999;23/03/2001;1 an 11 mois
ROBBIE WILLIAMS;SING WHEN YOU'RE WINNING;EMI MUSIC France/CHRYSALIS;Albums;Or;29/08/2000;13/03/2001;6 mois
JULIEN CLERC;SI ON CHANTAIT;EMI MUSIC France;Albums;Double or;29/03/1998;13/03/2001;3 ans
BOMFUNK MC?S;FREESTYLER;SONY MUSIC/EPIC;Singles;Or;11/05/2000;05/07/2000;1 mois
DESTINY?S CHILD;SAY MY NAME;SONY MUSIC/COLUMBIA;Singles;Or;13/04/2000;05/07/2000;2 mois
CATHERINE LARA;ARAL;SONY MUSIC/UNE MUSIQUE;Albums;Or;06/01/2000;05/07/2000;6 mois
DANY BRILLANT;NOUVEAU JOUR;SONY MUSIC/COLUMBIA;Albums;Or;22/04/1999;05/07/2000;1 an 2 mois
MACY GRAY;ON HOW LIFE IS;SONY MUSIC/EPIC;Albums;Or;24/06/1999;05/07/2000;1 an
GLENN GOULD;JS Bach/Variatiaons Goldberg;SONY MUSIC/SONY CLASSICAL;Albums;Double or;01/11/1982;05/07/2000;17 ans 11 mois
JOHNNY HALLYDAY;100 % Johnny Live;UNIVERSAL/MERCURY;Albums;Platine;02/07/2000;05/07/2000;
EMILE & IMAGES;JUSQU?AU BOUT DE LA NUIT;SONY MUSIC/UNE MUSIQUE;Albums;Double Platine;17/06/1999;05/07/2000;1 an
BARRY WHITE;THE ULTIMATE COLLECTION;MERCURY;Albums;Double Platine;01/01/1999;29/06/2000;1 an 6 mois
TRACY CHAPMAN;1ER ALBUM;EAST WEST FRANCE/ELEKTRA / ASYLUM;Albums;Diamant;17/04/1988;28/06/2000;12 ans 4 mois
COMPILATION;PLUS DE TUBES 2000;BMG France/VOGUE;Albums;Or;25/06/2000;28/06/2000;
INDOCHINE;GENERATION INDOCHINE;BMG France/ARIOLA France;Albums;Or;09/04/2000;28/06/2000;2 mois
BARRY WHITE;ULTIMATE COLLECTION;UNIVERSAL/MERCURY;Albums;Double Platine;01/03/1999;28/06/2000;1 an 4 mois
ALL SAINTS;PURE SHORES;EAST WEST FRANCE/LONDON RECORDS;Singles;Or;14/02/2000;28/06/2000;4 mois
MADONNA;AMERICAN PIE;WARNER MUSIC FRANCE/MAVERICK;Singles;Or;24/02/2000;28/06/2000;4 mois
MISSY ELLIOTT;ALL N MY GRILL;EAST WEST FRANCE/ELEKTRA/ASYLUM;Singles;Or;14/07/1999;28/06/2000;11 mois
MYLENE FARMER;OPTIMISTIQUE ? MOI;UNIVERSAL/STUFFED MONKEY/POLYDOR;Singles;Or;21/02/2000;28/06/2000;4 mois
PATRICK SEBASTIEN;Le petit bonhomme en mousse;UNIVERSAL/FAISAGE MUSIC/POLYDOR;Singles;Or;16/11/1999;28/06/2000;7 mois
S. LORCA & S. LACEN;Tu me manques depuis longtemps;UNIVERSAL/MERCURY;Singles;Or;14/02/2000;28/06/2000;4 mois
DANIEL LEVI;L?ENVIE D?AIMER;UNIVERSAL/ATLETICO/MERCURY;Singles;Or;05/06/2000;28/06/2000;
FRENCH AFFAIR;My heart goes boom;BMG FRANCE/ARIOLA INTERNATIONAL;Singles;Or;09/04/2000;28/06/2000;2 mois
HELENE SEGARA;ELLE TU L?AIMES;EAST WEST FRANCE/B G PRODUCTIONS;Singles;Or;17/04/2000;28/06/2000;2 mois
COMPAY SEGUNDO;CALLE SALUD;EAST WEST FRANCE/DRO;Albums;Or;26/05/1999;28/06/2000;1 an 1 mois
DIVERS;LES 10 COMMANDEMENTS;UNIVERSAL/ATLETICO/MERCURY;Albums;Or;26/06/2000;28/06/2000;
ERA;ERA 2;UNIVERSAL/TRANMAN;Albums;Or;15/05/2000;28/06/2000;1 mois
TRACY CHAPMAN;TELLING STORIES;EAST WEST FRANCE/ELEKTRA / ASYLUM;Albums;Or;14/02/2000;28/06/2000;4 mois
D. SARGUE & C. CARA;AIMER;UNIVERSAL/BAXTER;Singles;Platine;03/04/2000;28/06/2000;2 mois
HELENE SEGARA;Il y a trop de gens qui t?aiment;EAST WEST FRANCE/B G PRODUCTIONS;Singles;Platine;08/11/1999;28/06/2000;7 mois
AC/DC;STIFF UPPER LIP;EAST WEST FRANCE/ELEKTRA / ASYLUM;Albums;Double or;23/02/2000;28/06/2000;4 mois
DIVERS;ROMEO ET JULIETTE;UNIVERSAL/BAXTER;Albums;Double or;03/04/2000;28/06/2000;2 mois
LINDA LEMAY;LIVE;WARNER MUSIC FRANCE/WEA CANADA;Albums;Double or;03/03/1999;27/06/2000;1 an 4 mois
MASSIVE ATTACK;BLUE LINES;DALABEL/ISLAND MUSIC;Albums;Double or;28/02/1991;27/06/2000;9 ans 5 mois
MOBY;PLAY;VIRGIN FRANCE/LITTLE IDIOT MUSIC;Albums;Double or;16/05/1999;27/06/2000;1 an 1 mois
RAGGASONIC;RAGGASONIC 1;VIRGIN FRANCE/EMI MUSIC Publishing;Albums;Double or;05/10/1995;27/06/2000;4 ans 9 mois
BEN HARPER;Welcome to the cruel world;VIRGIN FRANCE/EMI VIRGIN MUSIC;Albums;Platine;21/02/1994;27/06/2000;6 ans 5 mois
MIKE BRANT;25;EMI MUSIC France;Albums;Or;19/04/2000;21/06/2000;2 mois
COMPILATION;CRAZY SIGNS;CLUB MED/CENTENARY France;Albums;Double or;07/03/2000;14/06/2000;3 mois
CLAUDE CHALLE;BUDDHA BAR;UNIVERSAL/MERCURY;Albums;Or;12/07/1999;14/06/2000;11 mois
BRITNEY SPEARS;OOPS !? I DIT IT AGAIN;VIRGIN France/JIVE REC. Zomba REC.;Singles;Or;15/05/2000;14/06/2000;1 mois
WHITNEY HOUSTON;THE GREATEST HITS;BMG FRANCE/ARISTA Internationae;Albums;Double or;21/05/2000;06/06/2000;
GIGI D?AGOSTINO;THE RIDDLE;EMI MUSIC FRANCE/ODEON LABEL GROUP;Singles;Or;15/03/2000;06/06/2000;2 mois
MARIA CALLAS;LA VOIX DU SIECLE;EMI MUSIC France/LA VOIX DE SON MAITRE;Albums;Double or;31/08/1997;06/06/2000;2 ans 9 mois
SANTANA;SUPERNATURAL;BMG France/ARISTA INTERNATIONAL;Albums;Double or;20/06/1999;06/06/2000;11 mois
C. JEROME;25 ANS DE SUCCES;SONY MUSIC/POMME MUSIC;Albums;Or;26/03/1997;30/05/2000;3 ans 2 mois
COMPILATION;SERIAL TV;SONY MUSIC/SPECIAL MARKETING;Albums;Or;10/02/2000;30/05/2000;3 mois
COMPILATION;HIT SYSTEM;SONY MUSIC/SPECIAL MARKETING;Albums;Or;20/04/2000;30/05/2000;1 mois
SANTANA;THE ULTIMATE COLLECTION;SONY MUSIC/SPECIAL MARKETING;Albums;Or;04/07/1996;30/05/2000;3 ans 11 mois
COMPILATION;NRJ MUSIC AWARDS;SONY MUSIC/SPECIAL MARKETING;Albums;Double or;13/01/2000;30/05/2000;4 mois
DJAMATIK;ROOTS CONNECTION;SONY MUSIC/SMALL;Albums;Or;18/11/1999;30/05/2000;6 mois
113;TONTON DU BLED;SONY MUSIC/SMALL;Singles;Or;17/02/2000;30/05/2000;3 mois
LADY;EASY LOVE;SONY MUSIC/DANCE POOL;Singles;Or;20/04/2000;30/05/2000;1 mois
NTM;LA FIEVRE;SONY MUSIC/EPIC;Singles;Or;08/06/1995;30/05/2000;5 ans
SAWT EL ATLAS;NE ME JUGER PAS;SONY MUSIC/SMALL;Singles;Or;16/03/2000;30/05/2000;2 mois
DESTINY?S CHILD;WRITTIN?S ON THE WALL;SONY MUSIC/COLUMBIA;Albums;Or;22/07/1999;30/05/2000;10 mois
JACKY & BEN-J;LE BILAN;SONY MUSIC/SMALL;Albums;Or;23/03/2000;30/05/2000;2 mois
NTM;N T M LIVE;SONY MUSIC/EPIC;Albums;Or;23/03/2000;30/05/2000;2 mois
POKEMON;B.O. SERIE TV POKEMON;SONY MUSIC/EDEL;Albums;Or;23/03/2000;30/05/2000;2 mois
TOM JONES;RELOAD;SONY MUSIC/V2 MUSIC;Albums;Or;23/09/1999;30/05/2000;8 mois
EIFFEL 65;EUROPOP;SONY MUSIC/SCORPIO HOT TRACKS;Albums;Double or;12/12/1999;30/05/2000;5 mois
FONKY FAMILY;SI DIEU VEUT?;SONY MUSIC/SMALL;Albums;Double or;12/01/1998;30/05/2000;2 ans 4 mois
CELINE DION;THAT?S THE WAY IT IS;SONY MUSIC/COLUMBIA;Singles;Or;25/11/1999;25/01/2000;2 mois
CHAYANNE;SALOME;SONY MUSIC/EPIC;Singles;Or;23/09/1999;25/01/2000;4 mois
LARA FABIAN;ADAGIO;SONY MUSIC/EPIC;Singles;Or;06/12/1999;25/01/2000;1 mois
Lauryn Hill & Bob Marley;Turn yours lights down low;SONY MUSIC/SMALL;Singles;Or;14/11/1999;25/01/2000;2 mois
TILLY KEY;L?OMBRE ET LA LUMIERE;SONY MUSIC/M 6 INTERACTION;Singles;Or;21/10/1999;25/01/2000;3 mois
BUFFY & THE VAMPIRE;BUFFY & THE VAMPIRE SLAYER;SONY MUSIC/COLUMBIA;Albums;Or;02/11/1999;25/01/2000;2 mois
ORGANIZ?;PREVIEW;SONY MUSIC/M 6 INTERACTION;Albums;Or;14/10/1999;25/01/2000;3 mois
113;LES PRINCES DE LA VILLE;SONY MUSIC/SMALL;Albums;Double or;14/11/1999;25/01/2000;2 mois
JEFF BUCKLEY;GRACE;SONY MUSIC/COLUMBIA;Albums;Double or;15/08/1994;25/01/2000;5 ans 6 mois
MARIAH CAREY;DAYDREAM;SONY MUSIC/COLUMBIA;Albums;Double Platine;28/09/1999;25/01/2000;3 mois
COMPILATION;N;UNIVERSAL/U.L.M.;Albums;Or;20/12/1999;18/01/2000;
COMPILATION;HIT EXPRESS 99;UNIVERSAL/U.L.M.;Albums;Or;27/12/1999;18/01/2000;
CECILIA BARTOLI;THE VIVALDI ALBUM;UNIVERSAL/DECCA;Albums;Or;08/11/1999;18/01/2000;2 mois
COMPILATION;La plus grande discoth;UNIVERSAL/SCORPIO MUSIC/ULM;Albums;Or;06/12/1999;18/01/2000;1 mois
DALIDA;L?AN 2005;UNIVERSAL/BARCLAY;Albums;Or;07/07/1997;11/01/2000;2 ans 6 mois
RICCHI E POVERI;SARÀ PERCHÉ TI AMO;SME STRATEGIC MARKETING GROUP / SONY MUSIC ENTERTAINMENT;Singles;Or;01/01/1981;01/01/2000;19 ans 3 mois
NOTRE DAME DE PARIS;NOTRE DAME DE PARIS;SONY MUSIC/POMME;Vidéos;Diamant;07/10/1999;29/12/1999;2 mois
EDDY MITCHELL;LES NOUVELLES AVENTURES;UNIVERSAL/POLYDOR;Albums;Double or;04/10/1999;27/12/1999;2 mois
VERONIQUE SANSON;D?un papillon;WEA MUSIC/VERONIQUE SANSON;Albums;Platine;27/09/1999;21/12/1999;2 mois
BLUES BROTHERS;BOF BLUES BROTHERS;WARNER MUSIC/ATLANTIC;Albums;Double Platine;15/10/1980;21/12/1999;19 ans 5 mois
COMPILATION;ONLY GIRLS 3;VIRGIN/BIMBO SONGS;Albums;Or;14/11/1999;21/12/1999;1 mois
COMPILATION;POWER HITS 8;WARNER MUSIC/EAST WEST;Albums;Or;18/10/1999;21/12/1999;2 mois
COMPILATION;ONLY GIRLS 2;VIRGIN/ZOMBA MUSIC;Albums;Double or;04/07/1999;21/12/1999;5 mois
PAOLO CONTE;BEST OF;WARNER MUSIC/C.G.D.;Albums;Double or;30/10/1996;21/12/1999;3 ans 2 mois
TELEPHONE;BEST OF;VIRGIN/TELEPHONE MUSIQUE;Albums;Double or;07/11/1996;21/12/1999;3 ans 1 mois
BRITNEY SPEARS;SOMETIMES;VIRGIN/ZOMBA Music Pub.;Singles;Or;25/07/1999;21/12/1999;4 mois
COMPILATION;HARMONY;VIRGIN/SONY PUBLISHING;Albums;Platine;31/01/1999;21/12/1999;10 mois
HELENE SEGARA;LES VALLES D?Irlande;WARNER MUSIC/B G PRODUCTIONS;Singles;Or;25/11/1998;21/12/1999;1 an 1 mois
THE ROLLING STONE;JUMP BACK (best of);IRGIN/COLGEMS EMI MUSIC;Albums;Platine;22/11/1993;21/12/1999;6 ans 2 mois
CHEMICAL BROTHERS;SURRENDER;VIRGIN/M C A MUSIC Ltd;Albums;Or;25/06/1999;21/12/1999;5 mois
COMPILATION;PLUS DE TUBES 99;BMG France/VOGUE;Albums;Double or;14/11/1999;19/12/1999;1 mois
ARMAND VAN HELDEN;YOU DON?T KNOW ME;UNIVERSAL/LONDON RECORDS;Singles;Or;08/02/1999;19/12/1999;10 mois
ENRIQUE IGLESIAS;BAILAMOS;UNIVERSAL/Universal Music Int. Ltd;Singles;Or;14/06/1999;19/12/1999;6 mois
LAAM;LES ENFANTS DE L?AN 2000;EMI MUSIC France/ODEON GROUP LABEL;Singles;Or;24/01/1999;19/12/1999;10 mois
LA BRIGADE;LE TESTAMENT;NIVERSAL/BARCLAY;Albums;Or;14/06/1999;19/12/1999;6 mois
PIERPOLJAK;JE SAIS PAS JOUER;UNIVERSAL/BARCLAY;Singles;Or;26/07/1999;19/12/1999;4 mois
EMILIA;BIG BIG WORLD;UNIVERSAL/UNIVERSAL MUSIC Int. Ltd;Singles;Or;19/01/1999;19/12/1999;11 mois
PIERPOLJAK;PIERPOLJAK;UNIVERSAL/BARCLAY;Singles;Or;10/05/1999;19/12/1999;7 mois
FREEMAN;L?PALAIS DE JUSTICE;DELABEL/LA COSCA;Albums;Or;28/03/1999;19/12/1999;8 mois
KHALED;KENZA;UNIVERSAL/BARCLAY;Albums;Or;06/12/1999;19/12/1999;
NATACHA ATLAS;GEDIDA;VIRGIN FRANCE/WARNER CHAPEL;Albums;Or;24/01/1999;19/12/1999;10 mois
PLACEBO;Without you I?m nothing;DELABEL/FAMOUS MUSIC;Albums;Or;11/10/1998;19/12/1999;1 an 2 mois
BRITNEY SPEARS;BABY ONE MORE TIME;VIRGIN/ZOMBA MUSIC;Singles;Platine;07/02/1999;19/12/1999;10 mois
ZEBDA;TOMBER LA CHEMISE;UNIVERSAL/BARCLAY;Singles;Diamant;06/06/1999;19/12/1999;6 mois
LAAM;PERSEVERANCE;EMI MUSIC FRANCE/ODEON GROUP LABEL;Albums;Double or;30/05/1999;19/12/1999;6 mois
MAURANE;L?UN POUR L?AUTRE;UNIVERSAL/POLYDOR;Albums;Platine;14/04/1998;14/12/1999;1 an 8 mois
PASCAL OBISPO;SOLEDAD;SONY MUSIC/EPIC;Albums;Platine;30/11/1999;14/12/1999;
PATRICIA KAAS;LE MOT DE PASSE;SONY MUSIC/COLUMBIA;Albums;Platine;13/05/1999;14/12/1999;7 mois
COMPILATION;HITS 99;SONY MUSIC;Albums;Or;09/11/1999;14/12/1999;1 mois
COMPILATION;LE TOP DES TOUT P?TITS;SONY MUSIC;Albums;Or;16/11/1995;14/12/1999;4 ans 1 mois
NOA;LE MEILLEUR DE NOA;UNIVERSAL/POLYDOR International;Albums;Or;30/05/1999;14/12/1999;6 mois
ALICE DEEJAY;BETTER OFF ALONE;SONY MUSIC/Scorpio Hot Tracks;Singles;Or;16/09/1999;14/12/1999;2 mois
BOB MARLEY;SUN IS SHINING;SONY MUSIC/EDEL;Singles;Or;09/09/1999;14/12/1999;3 mois
JENNIFER LOPEZ;WAITING FOR TONIGHT;SONY MUSIC/COLUMBIA;Singles;Or;21/10/1999;14/12/1999;1 mois
LARA FABIAN;LA DIFFERENCE;UNIVERSAL/Productions Clandestines;Singles;Or;18/01/1999;14/12/1999;11 mois
IDIR;IDENTITES;SONY MUSIC/SAINT GEORGE;Albums;Or;23/09/1999;14/12/1999;2 mois
MANAU;PANIQUE CELTIQUE;UNIVERSAL/POLYDOR;Singles;Or;14/09/1998;14/12/1999;1 an 3 mois
MYLENE FARMER;L?AME STRAM GRAM;UNIVERSAL/STUFFED MONKEY;Singles;Or;08/03/1999;14/12/1999;9 mois
MYLENE FARMER;SOUVIENS TOI DU JOUR;UNIVERSAL/STUFFED MONKEY;Singles;Or;27/09/1999;14/12/1999;2 mois
ORGANIZ?;CAN WE TALK ABOUT IT;SONY MUSIC/M 6 INTERACTION;Singles;Or;14/10/1999;14/12/1999;2 mois
TINA TURNER;TWENTY FOUR SEVEN;EMI FRANCE/PARLOPHONE;Albums;Or;01/11/1999;16/11/1999;
TINA ARENA;IN DEEP;SONY MUSIC/COLUMBIA;Albums;Platine;08/10/1998;09/11/1999;1 an 1 mois
MARIAH CAREY;ONES;SONY MUSIC/COLUMBIA;Albums;Double Platine;12/11/1998;09/11/1999;1 an
COMPILATION;HIT MACHINE VOL. 5;SONY MUSIC;Albums;Or;29/09/1999;09/11/1999;1 mois
COMPILATION;COMEDIES MUSICALES;SONY MUSIC/POMME MUSIC/SONY;Albums;Or;18/02/1999;09/11/1999;8 mois
LUZ CASAL;BEST OF LUZ CASAL;SONY MUSIC/EPIC;Albums;Double or;29/12/1998;09/11/1999;10 mois
EMILE & IMAGES;Jusqu?au bout de la nuit;SONY MUSIQUE/UNE MUSIQUE;Singles;Or;05/09/1999;09/11/1999;2 mois
MARIAH CAREY;HEARTBREAKER;SONY MUSIC/COLUMBIA;Singles;Or;07/10/1999;09/11/1999;1 mois
MYTHOS?N DJ COSMOS;UNCHAINED MELODY;SONY MUSIC/EDEL;Singles;Or;30/09/1999;09/11/1999;1 mois
NATHALIE CARDONE;MON ANGE;SONY MUSIC/COLUMBIA;Singles;Or;01/08/1999;09/11/1999;3 mois
PAUL JOHNSON;GET GET DOWN;SONY MUSIC/SCORPIO HOT TRACKS;Singles;Or;09/09/1999;09/11/1999;2 mois
TINA ARENA;ALLER PLUS HAUT;SONY MUSIC/COLUMBIA;Singles;Or;08/07/1999;09/11/1999;4 mois
WAZOO;LA MANIVELLE;SONY MUSIC/UNE MUSIQUE;Singles;Or;01/07/1999;09/11/1999;4 mois
DAN AR BRAZ;ZENITH;SONY MUSIC/SAINT GEORGE;Albums;Or;22/10/1998;09/11/1999;1 an
FONKY FAMILY;HORS SERIE ? VOL.1;SONY MUSIC/SMALL;Albums;Or;25/03/1999;09/11/1999;7 mois
EIFFEL 65;BLUE;SONY MUSIC/SCORPIO HOT TRACKS;Singles;Diamant;03/06/1999;09/11/1999;5 mois
FAT BOY SLIM;You?ve come a long way baby;SONY MUSIC/SMALL;Albums;Double or;15/10/1998;09/11/1999;1 an 1 mois
MARIAH CAREY;RAINBOW;SONY MUSIC/COLUMBIA;Albums;Double or;26/10/1999;09/11/1999;
SKO;JUST ANOTHER DAY;BMG FRANCE/PITCH PRODUCTIONS;Singles;Or;17/08/1999;02/11/1999;2 mois
CESARIA EVORA;CAFE ATLANTICO;BMG France/LUSAFRICA;Albums;Or;09/05/1999;02/11/1999;5 mois
LOU BEGA;A LITTLE BIT OF MAMBO;BMG France/ARIOLA Internationale;Albums;Or;12/09/1999;02/11/1999;1 mois
LOU BEGA;MAMBO N 5;BMG France/ARIOLA;Singles;Diamant;29/07/1999;26/10/1999;2 mois
GARBAGE;VERSION 2.0;BMG FRANCE/MUSHROOM;Albums;Double or;10/05/1998;26/10/1999;1 an 5 mois
ARRESTED DEVELOPMENT;3 years 5 months & 2 days;EMI MUSIC France/CHRYSALIS;Albums;Or;15/06/1992;06/10/1999;7 ans 4 mois
MICHEL FUGAIN;DE L?AIR;EMI MUSIC France;Albums;Or;10/05/1998;06/10/1999;1 an 5 mois
MYTHOS?N & DJ COSMO;THE HEART OF THE OCEAN;SONY MUSIC/EDEL;Singles;Or;22/04/1999;03/10/1999;5 mois
COMPILATION;TECKNO. COM 4;UNIVERSAL/PANIC RECORDS;Albums;Or;16/08/1999;28/09/1999;1 mois
COMPILATION;L?ETE DES HITS - VOL 4;UNIVERSAL/SCORPIO;Albums;Or;06/09/1999;28/09/1999;
COMPILATION POP;EXTRAVADANCE 2;EMI MUSIC France/EMI;Albums;Or;26/08/1999;21/09/1999;
LARUSSO;On ne s?aimera plus jamais;EMI MUSIC France/ODEON LABEL GROUP;Singles;Or;22/06/1999;21/09/1999;3 mois
3;Hier Aujourd?hui Demain;SONY MUSIC/COLUMBIA;Albums;Or;04/02/1999;29/06/1999;4 mois
AIR;MOON SAFARI;VRIGIN France/MCA MUSIC;Albums;Or;15/01/1998;29/06/1999;1 an 5 mois
COMPILATION;PREMIERE CLASSE;DELABEL/DELABEL EDITIONS;Albums;Or;14/03/1999;29/06/1999;3 mois
CUT KILLER;OPERATION FREESTYLE;SONY MUSIC/SMALL;Albums;Or;10/09/1998;29/06/1999;9 mois
CYPRESS HILL;IV;SONY MUSIC/SMALL;Albums;Or;08/10/1998;29/06/1999;8 mois
LENA KANN;TOUS LES CRIS LES SOS;SONY MUSIC/SCORPIO HOT TRACKS;Singles;Or;01/04/1999;29/06/1999;2 mois
K D D;RESURRECTION;SONY MUSIC/COLUMBIA;Albums;Or;12/03/1998;29/06/1999;1 an 3 mois
K S CHOICE;COCOON;SONY MUSIC/Double T MUSIC;Albums;Or;09/04/1998;29/06/1999;1 an 2 mois
KORN;FOLLOW THE LEADER;SONY MUSIC/EPIC;Albums;Or;13/08/1998;29/06/1999;10 mois
LYNDA LEMAY;LYNDA LEMAY;WEA MUSIC/WEA Canada;Albums;Or;14/01/1998;29/06/1999;1 an 5 mois
M;LE BAPTEME;DELABEL/POLYGRAM EDITIONS;Albums;Or;24/04/1997;29/06/1999;2 ans 2 mois
MAFIA TRECE;COSA NOSTRA;XIII BIS RECORDS/M 13;Albums;Or;30/09/1997;29/06/1999;1 an 9 mois
MONICA;THE BOY IS MINE;BMG France/ARISTA;Albums;Or;19/07/1998;29/06/1999;11 mois
MOOS;LE CRABE EST EROTIQUE;UNIVERSAL/MERCURY;Albums;Or;25/05/1999;29/06/1999;1 mois
OXMO PUCCINO;OPERA PUCCINO;DELABEL/DELABEL EDITIONS;Albums;Or;27/04/1998;29/06/1999;1 an 2 mois
PAUL II;ABBA PATER;SONY MUSIC/SONY CLASSICAL;Albums;Or;18/03/1999;29/06/1999;3 mois
PILLS;ELECTROCAINE;NIVERSAL/MERCURY;Albums;Or;11/02/1998;29/06/1999;1 an 4 mois
PJ HARVEY;IS THIS DESIRE;UNIVERSAL/ISLANDS RECORDS;Albums;Or;06/10/1998;29/06/1999;8 mois
TETES RAIDES;CHAMBOULTOU;WEA MUSIC/TETES RAIDES;Albums;Or;04/10/1998;29/06/1999;8 mois
PHATS & SMALL;TURN AROUND;UNIVERSAL/SCORPIO MUSIC;Singles;Or;17/05/1999;29/06/1999;1 mois
VENGABOYS;THE PARTY ALBUM;UNIVERSAL/SCORPIO MUSIC;Albums;Or;22/02/1999;29/06/1999;4 mois
RICKY MARTIN;LIVIN? LA VIDA LOCA;SONY/COLUMBIA;Singles;Or;24/05/1999;29/06/1999;1 mois
TINA ARENA;I want to know what love is;SONY MUSIC/COLUMBIA;Singles;Or;28/01/1999;29/06/1999;5 mois
JOHNNY HALLYDAY;VIVRE POUR LE MEILLEUR;UNIVERSAL/MERCURY;Singles;Or;25/05/1999;29/06/1999;1 mois
LIANE FOLY;LA VIE NE M?APPREND RIEN;VIRGIN;Singles;Or;21/02/1999;29/06/1999;4 mois
DIVERS;BRETAGNES;SONY MUSIC/CONCEPT;Albums;Or;13/05/1999;29/06/1999;1 mois
HELMUT LOTTI;Helmut Lotti chante les classiques;UNIVERSAL/POLYDOR;Albums;Or;08/03/1999;29/06/1999;3 mois
MOOS;AU NOM DE LA ROSE;NIVERSAL/MERCURY;Singles;Diamant;12/04/1999;29/06/1999;2 mois
ANDREA BOCELLI;SOGNO;UNIVERSAL/POLYDOR;Albums;Double or;22/03/1999;29/06/1999;3 mois
COMPILATION;LES VOIX EN OR - VOL.5;SONY MUSIC;Albums;Or;21/01/1999;30/03/1999;2 mois
JESSICA;TELL ME WHAT YOU LIKE;VIRGIN;Singles;Or;06/12/1998;30/03/1999;3 mois
PATRICK FIORI;ELLE EST;SONY MUSIC/TRISTAR;Singles;Or;15/11/1998;30/03/1999;4 mois
SAVAGE GARDEN;TO THE MOON & BACK;SONY MUSIC/COLUMBIA;Singles;Or;07/01/1999;30/03/1999;2 mois
DES?REE;SUPERNATURAL;SONY MUSIC/EPIC;Albums;Or;25/06/1998;30/03/1999;9 mois
ERIC SERRA;LA MUSIQUE DES FILMS;VIRGIN/GAUMONT;Albums;Or;21/11/1996;30/03/1999;2 ans 4 mois
EXCALIBUR;LA LEGENDE DES CELTES;SONY MUSIC/TRISTAR;Albums;Or;29/12/1998;30/03/1999;3 mois
MENELIK;JE ME SOUVIENS;SONY MUSIC/SMALL;Albums;Or;19/06/1997;30/03/1999;1 an 9 mois
Orchestre National de Barb;EN CONCERT;VIRGIN;Albums;Or;20/02/1997;30/03/1999;2 ans 1 mois
PATRICK FIORI;PRENDS MOI;SONY MUSIC/TRISTAR;Albums;Or;29/04/1998;30/03/1999;11 mois
SINCLAIR;Que justice soit faite;VIRGIN/ARRETEZ ET ECOUTEZ;Albums;Or;12/04/1993;30/03/1999;6 ans
CESARIA EVORA;SODADE;BMG/LUSAFRICA/RCA;Albums;Or;23/10/1994;23/03/1999;4 ans 5 mois
PIERRE PERRET;LA BETE EST REVENUE;EMI MUSIC France;Albums;Or;06/12/1998;23/03/1999;3 mois
ROBBIE WILLIAMS;I?ve been expecting you;EMI MUSIC France/CHRYSALIS;Albums;Or;10/09/1998;23/03/1999;6 mois
COMPILATION;POWER HITS - Vol. 6;EAST WEST FRANCE/EAST WEST France;Albums;Double or;18/11/1998;16/03/1999;3 mois
OPHELIE WINTER;ELLE PLEURE;EAST WEST France;Singles;Or;06/12/1998;16/03/1999;3 mois
COMPILATION;DANCE MACHINE 17;POLYGRAM/PODIS/SCORPIO MUSIC;Albums;Or;15/02/1999;09/03/1999;
TARKAM;SIKIDIM;POLYGRAM/PODIS/ISTAMBUL PLAK;Singles;Or;03/01/1999;09/03/1999;2 mois
FAUDEL;DIS MOI;POLYGRAM/PODIS/SANKARA;Singles;Or;09/11/1998;09/03/1999;4 mois
FAUDEL;BAIDA;POLYGRAM/PODIS/SANKARA;Albums;Double or;06/10/1997;09/03/1999;1 an 5 mois
COMPILATION;HIT MACHINE VOL. 4;SONY MUSIC;Albums;Or;21/01/1999;16/02/1999;
COMPILATION;HITS 98;SONY MUSIC;Albums;Double or;19/11/1998;16/02/1999;2 mois
MEJA;ALL? BOUT THE MONEY;SONY MUSIC/COLUMBIA;Singles;Or;08/10/1998;16/02/1999;4 mois
SASH;MYSTERIOUS TIME;SONY MUSIC/EDEL;Singles;Or;27/08/1998;16/02/1999;5 mois
CELINE DION;S?IL SUFFISAIT D?AIMER;SONY MUSIC/COLUMBIA;Singles;Or;19/11/1998;16/02/1999;2 mois
M. Carey / W. Houston;WHEN YOU BELIEVE;SONY MUSIC/COLUMBIA;Singles;Or;26/11/1998;16/02/1999;2 mois
EROS RAMAZZOTTI;EROS;BMG France/D.D.D.;Albums;Double Platine;26/10/1997;09/02/1999;1 an 3 mois
CESARIA EVORA;BEST OF;BMG France/LUSAFRICA;Albums;Or;18/10/1998;09/02/1999;3 mois
COMPILATION;TECKNO. COM 3.0;POLYGRAM / PODIS/AIRPLAY;Albums;Or;11/01/1999;09/02/1999;
EDITH PIAF;35;EMI MUSIC France;Albums;Or;11/10/1998;21/12/1998;2 mois
LHASA;LA LLORONA;WEA MUSIC/AUDIOGRAM;Albums;Or;01/04/1998;21/12/1998;8 mois
COMPILATION;BOYS AND GIRLS 4;VIRGIN France;Albums;Or;11/06/1998;21/12/1998;6 mois
DEPECHE MODE;SINGLES 86-98;VIRGIN France/MUTE;Albums;Or;24/09/1998;21/12/1998;2 mois
GEORGE MICHAEL;LADIES & GENTLEMEN;SONY MUSIC/EPIC;Albums;Platine;05/11/1998;15/12/1998;1 mois
BRUNO PELLETIER;Le temps des cath;SONY MUSIC/POMME MUSIC;Singles;Or;05/11/1998;15/12/1998;1 mois
NTM;MA BENZ;SONY MUSIC/EPIC;Singles;Or;15/10/1998;15/12/1998;2 mois
BOF JAMES HORNER;BACK TO TITANIC;SONY MUSIC/COLUMBIA;Albums;Double or;20/08/1998;15/12/1998;3 mois
TAHA KHALED FAUDEL;ABDER KADER;POLYGRAM/BARCLAY/BARCLAY;Singles;Or;08/11/1998;15/12/1998;1 mois
LAURYN HILL;The miseducation of Lauryn Hill;SONY MUSIC/SMALL;Albums;Double or;24/09/1998;15/12/1998;2 mois
DIVERS;ENSEMBLE;SONY MUSIC/V 2 MUSIC;Albums;Platine;19/11/1998;15/12/1998;
TINA ARENA;I want to spend my lifetime;SONY MUSIC/COLUMBIA;Singles;Or;08/10/1998;15/12/1998;2 mois
CELINE DION;S?IL SUFFISAIT D?AIMER;SONY MUSIC/COLUMBIA;Albums;Diamant;27/08/1998;15/12/1998;3 mois
NOTRE DAME DE PARIS;NOTRE DAME DE PARIS;SONY MUSIC/POMME MUSIC;Albums;Diamant;15/01/1998;15/12/1998;11 mois
EROS RAMAZZOTTI;EROS LIVE;BMG France/DDD;Albums;Or;01/11/1998;15/12/1998;1 mois
JUGLIO IGLESIAS;MA VIE MES PLUS BEAUX SUCCES;SONY MUSIC/COLUMBIA;Albums;Or;24/09/1998;15/12/1998;2 mois
COMPILATION;TRESORS CLASSIQUES;BMG France/RCA CLASSICS;Albums;Or;18/02/1996;15/12/1998;2 ans 10 mois
COMPILATION;BEST OF LOVE VOL.5;SONY MUSIC;Albums;Or;15/10/1998;15/12/1998;2 mois
COMPILATION;HITS 98;SONY MUSIC;Albums;Or;19/11/1998;15/12/1998;
COMPILATION;CHAMPIONS DU MONDE;SONY MUSIC;Albums;Or;17/09/1998;15/12/1998;2 mois
THE CORRS;TALK ON THE CORNERS;EAST WEST France/ATLANTIC;Albums;Double or;16/10/1997;09/12/1998;1 an 1 mois
DIVERS;L?ALBUM ANNIVERSAIRE;SONY MUSIC/WALT DISNEY RECORDS;Albums;Double or;19/10/1997;01/12/1998;1 an 1 mois
COMPILATION;MADE IN France;ELF/PPS;Albums;Or;17/11/1998;01/12/1998;
COMPILATION;ETERNAL LOVE;ELF/PPS;Albums;Or;17/11/1998;01/12/1998;
COMPILATION;ROCK STORY;ELF/PPS;Albums;Or;17/11/1998;01/12/1998;
COMPILATION;DANCE PARTY;ELF/PPS;Albums;Or;17/11/1998;01/12/1998;
OPHELIE WINTER;PRIVACY;EAST WEST FRANCE/EAST WEST France;Albums;Or;27/08/1998;29/11/1998;3 mois
BRANDY & MONICA;THE BOY IS MINE;EAST WEST France/ATLANTIC;Singles;Platine;01/07/1998;29/11/1998;5 mois
BRANDY;NEVER SAY NEVER;EAST WEST France/ATLANTIC;Albums;Or;03/06/1998;29/11/1998;5 mois
VANGELIS;BOF 1492 Christophe Colomb;EAST WEST France/EAST WEST U.K.;Albums;Double Platine;27/09/1992;29/11/1998;6 ans 3 mois
PASCAL OBISPO;LIVE 98;SONY MUSIC/EPIC;Albums;Platine;29/04/1998;26/10/1998;6 mois
Carreras Domingo Pavarotti Levine;LES 3 TENORS - PARIS 1998;POLYGRAM/DECCA;Albums;Or;17/08/1998;26/10/1998;2 mois
PATRICIA KAAS;SCENE DE VIE;SONY MUSIC/COLUMBIA;Albums;Diamant;03/04/1990;26/10/1998;8 ans 8 mois
PATRICIA KAAS;RENDEZ-VOUS;SONY MUSIC/COLUMBIA;Vidéos;Or;17/09/1998;26/10/1998;1 mois
CELINE DION;GOLD VOL. 2;SONY MUSIC/COLUMBIA;Albums;Or;27/09/1995;26/10/1998;3 ans 1 mois
COMPILATION;A PLEINS TUBES Vol. 2;SONY MUSIC;Albums;Or;10/05/1998;26/10/1998;5 mois
COMPILATION;CORSICA L?AME CORSE;SONY MUSIC/VERSAILLES;Albums;Or;01/08/1994;26/10/1998;4 ans 3 mois
LAURYN HILL;The miseducation of Lauryn;SONY MUSIC/SMALL;Albums;Or;;26/10/1998;29 ans 2 mois
LES DIVAS;DIVAS LIVE;SONY MUSIC/EPIC;Albums;Or;01/10/1998;26/10/1998;
STONE ET CHARDEN;21 TUBES INOUBLIABLES;BMG France/MIKADO;Albums;Or;16/03/1997;13/10/1998;1 an 7 mois
G SQUAD;DESTINATION MIAMI;BMG France/ARIOLA;Vidéos;Platine;04/05/1997;13/10/1998;1 an 5 mois
G SQUAD;DESTINATION MONTREAL;BMG France/ARIOLA;Vidéos;Platine;26/10/1997;13/10/1998;11 mois
PIERRE BACHELET;LE MEILLEUR DE BACHELET;BMG France/AVREP;Albums;Or;15/03/1998;13/10/1998;7 mois
ALLAN THEO;LOLA;EMI MUSIC France;Singles;Or;26/04/1998;29/09/1998;5 mois
QUEEN;WE ARE THE CHAMPIONS;EMI MUSIC France/PARLOPHONE;Singles;Or;26/07/1998;29/09/1998;2 mois
EMMA SHAPPLIN;CARMINE MEO;EMI MUSIC France;Albums;Double or;07/12/1997;29/09/1998;9 mois
COMPILATION;HITEXPRESS;POLYGRAM/PODIS/PODIS;Albums;Platine;10/08/1998;22/09/1998;1 mois
YURI BUENAVENTURA;HARENCIA AFRICANA;SONY MUSIC/TRISTAR;Albums;Or;17/02/1997;15/09/1998;1 an 7 mois
MANAU;PANIQUE CELTIQUE;POLYGRAM/POLYDOR/POLYDOR;Albums;Platine;06/07/1998;15/09/1998;2 mois
COMPILATION;TECKNO - COM VERSION 2;POLYGRAM/PODIS/PANIC RECORDS;Albums;Or;16/03/1998;15/09/1998;6 mois
GLORIA ESTEFAN;BEST OF;SONY MUSIC/COLUMBIA;Albums;Double or;30/01/1997;08/09/1998;1 an 7 mois
RICKY MARTIN;VUELVE;SONY MUSIC/TRISTAR;Albums;Or;26/02/1998;08/09/1998;6 mois
RICHARD COCCIANTE;LA COMPILATION;SONY MUSIC/TRISTAR;Albums;Platine;01/05/1994;08/09/1998;4 ans 5 mois
CELINE DION;IMMORTALITY;SONY MUSIC/COLUMBIA;Singles;Or;04/06/1998;08/09/1998;3 mois
DANIELA MERCURY;RAPUNZEL;SONY MUSIC/TRISTAR;Singles;Or;16/04/1998;08/09/1998;4 mois
LES FINALISTES;ET 1 ET 2 ET 3 - 0;POLYGRAM/PODIS/PODIS;Singles;Or;03/08/1998;08/09/1998;1 mois
SANDY VALENTINO;POURQUOI;SONY MUSIC/M 6 INTERACTIONS;Singles;Or;29/04/1998;08/09/1998;4 mois
MARIAH CAREY;BUTTERFLY;SONY MUSIC/COLUMBIA;Albums;Double or;04/09/1997;08/09/1998;1 an
STOMY BUGSY;Le Calibre qu?il te faut;SONY MUSIC/COLUMBIA;Albums;Double or;30/10/1996;08/09/1998;1 an 10 mois
CELINE DION;COLOURS OF MY LOVE;SONY MUSIC/COLUMBIA;Albums;Platine;12/08/1996;08/09/1998;2 ans 1 mois
JANET JACKSON;THE VELVET ROPE;VIRGIN France/VIRGIN Records AMERICA;Albums;Platine;02/10/1997;29/06/1998;9 mois
PASSI;LES TENTATIONS;SONY MUSIC/V 2 MUSIC;Albums;Platine;06/11/1997;29/06/1998;7 mois
ANGGUN;AU NOM DE LA LUNE;SONY MUSIC/COLUMBIA;Albums;Or;19/06/1997;29/06/1998;1 an
BACKSTREET BOYS;BACKSTREET BACK;VIRGIN France/ZOMBA RECORDS;Albums;Or;13/08/1997;29/06/1998;10 mois
DOC GYNECO;Premi;VIRGIN France;Albums;Double Platine;11/04/1996;29/06/1998;2 ans 2 mois
SPICE GIRLS;SPICE WORLD;VIRGIN France/VIRGIN RECORDS LTD;Albums;Double Platine;30/10/1997;29/06/1998;8 mois
DOLLY;;EAST WEST France;Albums;Or;23/04/1997;29/06/1998;1 an 2 mois
SPICE GIRLS;SPICE;VIRGIN France/VIRGIN RECORDS LTD;Albums;Diamant;30/10/1996;29/06/1998;1 an 8 mois
PASCAL OBISPO;LIVE 98;SONY MUSIC/EPIC;Vidéos;Platine;22/04/1998;29/06/1998;2 mois
SPICE GILRS;THE OFFICIAL VIDEO;VIRGIN France/VIRGIN RECORDS LTD;Vidéos;Triple Platine;17/04/1997;29/06/1998;1 an 2 mois
SPICE GIRLS;GIRLS TALK;VIRGIN France/VIRGIN RECORDS LTD;Vidéos;Diamant;04/12/1997;29/06/1998;6 mois
JEAN LOUIS AUBERT;STOCKHOLM;VIRGIN France/LA LOUPE;Albums;Or;28/04/1997;29/06/1998;1 an 2 mois
JOEFFREY ORYEMA;EXILE;VIRGIN France/REAL WORLD RECORDS;Albums;Or;31/08/1990;29/06/1998;7 ans 11 mois
KHEOPS;SAD HILL;DELABEL;Albums;Or;13/11/1997;29/06/1998;7 mois
MASSIVE ATTACK;PROTECTION;DELABEL/CIRCA RECORDS;Albums;Or;28/06/1994;29/06/1998;4 ans
ZAZIE;TOUS LES ANGES;POLYGRAM/MERCURY/LARSEN;Albums;Or;11/05/1998;25/06/1998;1 mois
FAUDEL;TELLEMENT N?BRICK;POLYGRAM/MERCURY/MASQUISTADOR;Singles;Or;19/01/1998;25/06/1998;5 mois
FLORENT PAGNY;CHANTER;POLYGRAM/MERCURY/LAURELENN;Singles;Or;16/02/1998;25/06/1998;4 mois
ERIC CLAPTON;PILGRIM;WEA MUSIC/REPRISE;Albums;Or;04/03/1998;25/06/1998;3 mois
ROBBIE WILLIAMS;ANGELS;EMI MUSIC France/CHRYSALIS;Singles;Or;26/04/1998;23/06/1998;1 mois
Run DMC VS Jason NEVINS;IT?S LIKE THAT;POLYGRAM/PODIS/MASCOTTE MUSIC;Singles;Or;26/10/1997;23/06/1998;8 mois
THE TAMPERER/Feat Maya;FEEL IT;POLYGRAM/PODIS/SCORPIO MUSIC;Singles;Or;14/04/1998;23/06/1998;2 mois
COMPILATION;DANCE MACHINE 14;POLYGRAM/PODIS/M 6/SCORPIO MUSIC;Albums;Or;16/02/1998;23/06/1998;4 mois
COMPILATION;DANCE MACHINE 15;POLYGRAM/PODIS/M 6/SCORPIO MUSIC;Albums;Or;25/05/1998;23/06/1998;
LARA FABIAN;PURE;POLYGRAM/POLYDOR/Les Prod. Clandestines;Albums;Diamant;02/06/1997;10/06/1998;1 an
SWEET BOX;EVERYTHING?S GONNA;INTERNATIONAL/ARIOLA;Singles;Or;01/03/1998;02/06/1998;3 mois
DJ FRED AND ARNOLD T.;POP HERTZ;POLYGRAM/PODIS/AIRPLAY;Singles;Or;09/03/1998;26/05/1998;2 mois
COMPILATION;HITS EXPRESS 5;POLYGRAM/PODIS;Albums;Or;02/04/1998;26/05/1998;1 mois
2 BE 3;DONT?SAY GOODBYE;EMI MUSIC France;Singles;Or;22/03/1998;13/05/1998;1 mois
WILLIAM SHELLER;MASTER SERIE VOL.1;POLYGRAM/PODIS;Albums;Platine;04/10/1987;14/04/1998;10 ans 8 mois
YVES MONTAND;MASTER SERIE;POLYGRAM/PODIS;Albums;Platine;16/11/1986;14/04/1998;11 ans 6 mois
TRI YANN;MASTER SERIE;POLYGRAM/PODIS;Albums;Or;21/12/1986;14/04/1998;11 ans 5 mois
WILL SMITH;BIG WILLIE STYLES;SONY MUSIC/COLUMBIA;Albums;Double or;20/11/1997;14/04/1998;4 mois
BARBARA;MASTER SERIE VOL. 1;POLYGRAM/PODIS;Albums;Platine;02/06/1986;14/04/1998;12 ans
ANDREA BOCELLI;ARIA;POLYGRAM/Philips Music Group France;Albums;Or;23/03/1998;14/04/1998;
GRAEME ALLWRIGHT;MASTER SERIE VOL.1;POLYGRAM/PODIS;Albums;Or;03/05/1987;14/04/1998;11 ans 1 mois
ALAIN BASHUNG;MASTER SERIE;POLYGRAM/PODIS;Albums;Or;04/10/1987;14/04/1998;10 ans 8 mois
CLAUDE NOUGARO;MASTER SERIE VOL 1;POLYGRAM/PODIS;Albums;Or;04/10/1987;14/04/1998;10 ans 8 mois
HUGUES AUFRAY;MASTER SERIE;POLYGRAM/PODIS;Albums;Or;01/05/1988;14/04/1998;10 ans 1 mois
COMPILATION;TECKNO.COM;POLYGRAM/PODIS;Albums;Or;16/03/1998;14/04/1998;
DALIDA;MASTER SERIE VOL 1;POLYGRAM/PODIS;Albums;Or;06/03/1988;14/04/1998;10 ans 3 mois
DANIEL GUICHARD;MASTER SERIE;POLYGRAM/PODIS;Albums;Or;01/05/1988;14/04/1998;10 ans 1 mois
EDITH PIAF;MASTER SERIE;POLYGRAM/PODIS;Albums;Or;04/10/1987;14/04/1998;10 ans 8 mois
GEORGES BRASSENS;MASTER SERIE VOL. 3;POLYGRAM/PODIS;Albums;Or;30/09/1990;14/04/1998;7 ans 7 mois
GEORGES MOUSTAKI;MASTER SERIE;POLYGRAM/PODIS;Albums;Or;07/12/1986;14/04/1998;11 ans 6 mois
JANE BIRKIN;MASTER SERIE VOL. 1;POLYGRAM/PODIS;Albums;Or;04/10/1987;14/04/1998;10 ans 8 mois
MORT SHUMAN;MASTER SERIE VOL.1;POLYGRAM/PODIS;Albums;Or;03/05/1992;14/04/1998;6 ans
NANA MOUSKOURI;MASTER SERIE VOL. 1;POLYGRAM/PODIS;Albums;Or;04/10/1987;14/04/1998;10 ans 8 mois
SERGE LAMA;MASTER SERIE VOL. 1;POLYGRAM/PODIS;Albums;Or;14/12/1986;14/04/1998;11 ans 5 mois
NATALIE IMBRUGLIA;LEFT OF THE MIDDLE;BMG France/RCA International;Albums;Or;01/02/1998;31/03/1998;1 mois
NATIVE;COULEURS DE L?AMOUR;BMG FRANCE/ARIOLA;Albums;Or;04/05/1997;31/03/1998;11 mois
EROS RAMAZZOTTI;COSE DELLA VITA/CAN?T STOP THINKING OF YOU;BMG France/D.D.D.;Singles;Or;01/03/1998;31/03/1998;1 mois
EROS RAMAZZOTTI;EROS;BMG France/D.D.D.;Albums;Platine;26/10/1997;31/03/1998;5 mois
MOZART;MOZART L?EGYPTIEN;EMI MUSIC France/EMI CLASSICS;Albums;Or;16/11/1997;24/03/1998;4 mois
2 BE 3;NOUVEL ALBUM 98;EMI MUSIC France;Albums;Double or;22/03/1998;24/03/1998;
MC SOLAAR;PARADISIAQUE;POLYGRAM/POLYDOR;Albums;Platine;16/06/1997;24/03/1998;9 mois
ANDRE RIEU;VALSES;POLYGRAM CLASSIQUE/Philips Music Group France;Albums;Double Platine;21/09/1997;24/03/1998;6 mois
MIKE BRANT;20;EMI MUSIC France;Albums;Double Platine;21/03/1995;24/03/1998;3 ans
ETERNAL;BEST OF;EMI MUSIC France/EMI;Albums;Or;28/10/1997;24/03/1998;4 mois
LOREENA MC KENNITT;THE BOOK OF SECRETS;WEA MUSIC/WEA Canada;Albums;Or;24/09/1997;17/02/1998;4 mois
PUFF DADDY;NO WAY OUT;BMG France/ARISTA;Albums;Or;27/07/1997;10/02/1998;6 mois
DENI HINES;IT?S ALL RIGHT;BMG France/MUSHROOM/RCA;Singles;Or;21/09/1997;10/02/1998;4 mois
G SQUAD;AUCUNE FILLE AU MONDE;BMG/ARIOLA;Singles;Or;05/01/1997;10/02/1998;1 an 1 mois
JANE FOSTIN;La TAILLE DE TON AMOUR;BMG FRANCE/ARIOLA;Singles;Or;01/12/1996;10/02/1998;1 an 2 mois
COMPILATION;HIT MACHINE 2;SONY MUSIC;Albums;Double or;07/08/1997;28/01/1998;5 mois
COMPILATION;L?AME DU GOSPEL;SONY MUSIC;Albums;Platine;23/11/1994;28/01/1998;3 ans 2 mois
H SEGARA/A BOCELLI;VIVO PER LEI;POLYDOR/POLYDOR International;Singles;Platine;01/12/1997;28/01/1998;1 mois
NATHALIE CARDONE;HASTA SIEMPRE;SONY MUSIC/COLUMBIA;Singles;Platine;03/07/1997;28/01/1998;6 mois
LOUISE ATTAQUE;LOUISE ATTAQUE;SONY MUSIC/TREMA;Albums;Double or;17/04/1997;28/01/1998;9 mois
DA HOOL;MEET HER AT THE LOVE PARTY;SONY MUSIC/DANCE POOL/SONY MUSIC;Singles;Or;11/09/1997;28/01/1998;4 mois
HANSON;I WILL COME TO YOU;POLYGRAM/MERCURY;Singles;Or;03/11/1997;28/01/1998;2 mois
POETIC LOVER;QU?IL EN SOIT AINSI;SONY MUSIC/M 6 INTERACTIONS;Singles;Or;06/11/1997;28/01/1998;2 mois
ULTIMATE KAOS;CASANOVA;SONY MUSIC/DANCE POOL/SONY MUSIC;Singles;Or;16/10/1997;28/01/1998;3 mois
MICHEL SARDOU;SALUT;SONY MUSIC/TREMA;Albums;Double Platine;09/10/1997;28/01/1998;3 mois
DAN AR BRAZ (et l?h;FINISTERES;SONY MUSIC/COLUMBIA;Albums;Or;23/10/1997;28/01/1998;3 mois
JEAN JACQUES GOLDMAN;SINGULIER;SONY MUSIC/COLUMBIA;Albums;Diamant;22/08/1996;28/01/1998;1 an 5 mois
EDDY MITCHELL;MR EDDY A BERCY;POLYDOR;Albums;Or;17/11/1997;28/01/1998;2 mois
ERIC SERRA;BOF;SONY MUSIC/COLUMBIA;Albums;Or;24/08/1995;28/01/1998;2 ans 5 mois
COMPILATION;HITS 97;SONY MUSIC;Albums;Or;13/11/1997;28/01/1998;2 mois
2 BE 3;PARTIR UN JOUR;EMI MUSIC France;Albums;Triple Platine;26/01/1997;27/01/1998;1 an
INES RIVERO;CHE GUEVARA;EMI MUSIC France/MGN MUSIQUE;Singles;Or;11/09/1997;20/01/1998;4 mois
WORLDS APART;JE SERAI LA;EMI MUSIC France/DLA;Singles;Or;14/12/1997;20/01/1998;1 mois
G SQUAD;;BMG France/ARIOLA;Albums;Double or;08/12/1996;14/01/1998;1 an 1 mois
LA COMPAGNIE CREOLE;LEURS + GRANDS SUCCES;PODIS/ZAGORA/PODIS;Albums;Or;12/11/1996;06/01/1998;1 an 2 mois
ETERNAL;I WANNA BE THE ONLY ONE;EMI MUSIC FRANCE/EMI;Singles;Or;29/09/1997;22/12/1997;2 mois
MULTI ARTISTES;EMILIE JOLIE;POLYDOR;Albums;Or;03/11/1997;21/12/1997;1 mois
TRIBAL JAM;DEMARRE LE SHOW;EMI MUSIC FRANCE;Albums;Or;16/01/1997;21/12/1997;11 mois
CHARLES AZNAVOUR;PLUS BLEU;EMI MUSIC FRANCE/EMI BOVEMA;Albums;Double or;19/05/1997;21/12/1997;7 mois
LARA FABIAN;PURE;POLYGRAM/Polydor/Productions Clandestines;Albums;Platine;02/06/1997;21/12/1997;6 mois
J.J. GOLDMAN;EN PASSANT;SONY/COLUMBIA;Albums;Triple Platine;21/08/1997;16/12/1997;3 mois
DAFT PUNK;HOMEWORK;VIRGIN France/DAFT TRAX;Albums;Double or;16/01/1997;16/12/1997;11 mois
COMPILATION;POWER HITS 5;VIRGIN France;Albums;Or;13/11/1997;16/12/1997;1 mois
DA HOLL;MEET HER AT THE LOVE;SONY MUSIC;Singles;Or;10/09/1997;16/12/1997;3 mois
FAITHLESS;INSOMNIA;SONY/HAPPY MUSIC;Singles;Or;10/04/1997;16/12/1997;8 mois
COMPILATION;HIT MACHINE 1;Sony MUSIC/SONY MUSIC;Albums;Double or;07/08/1997;16/12/1997;4 mois
IAM;L?empire du c;VIRGIN France/DELABEL;Singles;Or;15/05/1997;16/12/1997;7 mois
JANET JACKSON;Got til it?s gone;VIRGIN FRANCE/Virgin Records America;Singles;Or;09/11/1997;16/12/1997;1 mois
OASIS;BE HERE NOW;SONY MUSIC;Albums;Double or;20/08/1997;16/12/1997;3 mois
RICKY MARTIN;A MEDIO VIVIR;SONY/TRISTAR;Albums;Double or;20/11/1996;16/12/1997;1 an 1 mois
ROBERT MILES;DREAMLAND;SONY MUSIC/HAPPY MUSIC;Albums;Double or;05/06/1996;16/12/1997;1 an 6 mois
MICHEL SARDOU;LES GRANDS MOMENTS;SONY/TREMA;Albums;Platine;17/10/1996;16/12/1997;1 an 2 mois
SPICE GIRLS;Who do you think you are ?;VIRGIN France/VIRGIN Records Ltd;Singles;Or;26/06/1997;16/12/1997;5 mois
ULTRA NATE;FREE;SONY MUSIC/HAPPY MUSIC;Singles;Or;10/09/1997;16/12/1997;3 mois
ANDRE RIEU;VALSES;POLYGRAM/PHILIPS;Albums;Platine;22/09/1997;16/12/1997;2 mois
2 BE 3;2 BE 3;EMI MUSIC FRANCE;Singles;Or;09/10/1997;16/12/1997;2 mois
B. STREISAND/C. DION;TELL HIM;SONY/COLUMBIA;Singles;Or;09/10/1997;16/12/1997;2 mois
SPICE GIRLS;SPICE UP YOUR LIFE;VIRGIN France/VIRGIN Records Ltd;Singles;Or;09/10/1997;16/12/1997;2 mois
ADIEMUS;SONGS OF SANCTUARY;VIRGIN France/JENKINS RATTEDGE LTD;Albums;Or;05/06/1997;16/12/1997;6 mois
DIANE TELL;MORCEAUX CHOISIS;SONY MUSIC;Albums;Or;20/10/1993;16/12/1997;4 ans 2 mois
DIVERS;DIANA PRINCESS OF WHALES;SONY;Albums;Or;27/11/1997;16/12/1997;
LES MINIKEUMS;MA MELISSA;PODIS/FTD;Singles;Or;10/08/1997;16/12/1997;4 mois
NATHALIE CARDONE;HASTA SIEMPRE;SONY MUSIC/COLUMBIA;Singles;Or;03/07/1997;16/12/1997;5 mois
ERIC SERRA;BOF LE 5;VIRGIN France/GAUMONT La Marguerite;Albums;Or;05/05/1997;16/12/1997;7 mois
MICHEL SARDOU;SELON QUE VOUS SEREZ;SONY MUSIC/TREMA;Albums;Double Platine;11/04/1994;16/12/1997;3 ans 8 mois
GENESIS;CALLING ALL STATIONS;VIRGIN France/VIRGIN Records LTD;Albums;Or;28/08/1997;16/12/1997;3 mois
HERVE VILLARD;LA VIE EST BELLE;SONY MUSIC;Albums;Or;01/11/1995;16/12/1997;2 ans 1 mois
JANET JACKSON;THE VELVET ROPE;VIRGIN France/VIRGIN Records America;Albums;Or;02/10/1997;16/12/1997;2 mois
B.O.F.;PULP FICTION;UNIVERSAL MUSIC/MCA Distribution;Albums;Platine;25/09/1994;26/11/1997;3 ans 2 mois
NO DOUBT;DON?T SPEAK;UNIVERSAL MUSIC/MCA INTERSCOPE;Singles;Or;12/01/1997;26/11/1997;10 mois
B.O.F.;OUT OF AFRICA;UNIVERSAL MUSIC/MCA Distribution;Albums;Or;11/08/1991;26/11/1997;6 ans 4 mois
EELS;BEAUTIFUL FREAK;UNIVERSAL MUSIC/MCA DREAMWORKS;Albums;Or;08/09/1996;26/11/1997;1 an 2 mois
2 BE 3;EN COULISSES - VOL.1;EMI MUSIC France;Vidéos;Diamant;05/06/1997;18/11/1997;5 mois
JOE COCKER;N?OUBLIEZ JAMAIS;EMI MUSIC France/EMI;Singles;Or;19/10/1997;18/11/1997;1 mois
MELGROOVE;PAS TOI;EMI MUSIC France/CHRYSALIS France;Singles;Or;03/07/1997;18/11/1997;4 mois
WORLDS APART;DON?T CHANGE;EMI MUSIC France/EMI ELECTROLA;Singles;Or;24/08/1997;18/11/1997;2 mois
HERMES HOUSE BAND;I WILL SURVIVE;PODIS/SCORPIO MUSIC;Singles;Or;23/09/1997;17/11/1997;1 mois
NOIR DESIR;666.667;POLYGRAM/BARCLAY/BARCLAY;Albums;Double Platine;07/11/1996;16/11/1997;1 an
COMPILATION;SPIRITUS Les chants de l?ame;PODIS;Albums;Or;22/09/1997;16/11/1997;1 mois
COMPILATION;ALL WOMEN;PODIS;Albums;Or;20/10/1997;16/11/1997;
ALEXIA;UH LA LA LA;PODIS/PANIC RECORDS;Singles;Or;15/06/1997;16/11/1997;5 mois
GRUNGERMAN & FOREVER SWEET;GIRLS IN LOVE;PODIS/PANIC RECORDS;Singles;Or;10/08/1997;16/11/1997;3 mois
BERNARD LAVILLIERS;CLAIR OBSCUR;BARCLAY/Big Brother Company (BBC);Albums;Or;18/08/1997;16/11/1997;3 mois
COMPILATION;LA VOIX DES LEGENDES;Intermarch;Albums;Double or;09/06/1997;11/11/1997;5 mois
RICKY MARTiN;TE EXTRANO TE OLVIDO TE AMO;SONY MUSIC/TRISTAR;Singles;Or;29/08/1997;05/11/1997;2 mois
DAVID CHARVET;SHOULD I LEAVE;BMG/BMG;Singles;Platine;11/04/1997;05/11/1997;6 mois
POETIC LOVER;PRENONS LE TEMPS;SONY MUSIC/M 6 INTERACTIONS;Singles;Platine;11/04/1997;05/11/1997;6 mois
ALABINA;ALABINA;SONY MUSIC/ATOLL;Singles;Or;22/03/1996;04/11/1997;1 an 7 mois
ANGGUN;LA NEIGE AU SAHARA;SONY MUSIC/COLUMBIA;Singles;Or;08/05/1997;04/11/1997;6 mois
SASH;ENCORE UNE FOIS;SONY MUSIC/TREMA;Singles;Or;08/01/1997;04/11/1997;10 mois
SASH;ECUADOR;SONY MUSIC/TREMA;Singles;Or;12/06/1997;04/11/1997;4 mois
RICKY MARTIN;TE EXTRANO TE OLVIDO TE AMO;SONY MUSIC/TRISTAR;Singles;Or;28/08/1997;04/11/1997;2 mois
GEORGE BENSON;MIDNIGHT MOODS;WEA MUSIC/WARNER BROS;Albums;Or;29/06/1994;30/10/1997;3 ans 4 mois
DIVERS;SOLENSI 3;WEA MUSIC/SOLENSI 3;Albums;Double or;20/08/1970;30/10/1997;27 ans 7 mois
PHENOMENAL CLUB;IL EST PHENOMENAL;SONY MUSIC/VERSAILLES;Singles;Or;22/05/1997;16/09/1997;3 mois
TOP BOYS;LE FEU CA BRULE;SONY MUSIC/M 6 INTERACTIONS;Singles;Or;19/03/1997;16/09/1997;6 mois
CELINE DION;UNISSON;SONY MUSIC/COLUMBIA;Albums;Or;03/01/1991;16/09/1997;6 ans 9 mois
BELLINI;SAMBA DE JANEIRO;POLYGRAM/PODIS/SCORPIO MUSIC;Singles;Or;20/08/1970;16/09/1997;27 ans 5 mois
PASCAL OBISPO;SUPERFLU;SONY MUSIC/EPIC;Albums;Double Platine;20/08/1970;16/09/1997;27 ans 5 mois
LAMBARENA;BACH TO AFRICA;CELLULOID/SONY MUSIC/COLUMBIA;Albums;Or;08/06/1995;16/09/1997;2 ans 3 mois
DOMINO;BAILA BAILA COMIGO;BMG France/DANCENET;Singles;Or;10/09/1996;10/09/1997;1 an
KHADJA NIN;SAMBOLERA;BMG France/VOGUE;Albums;Double or;20/08/1970;09/09/1997;27 ans 5 mois
COMPILATION;LES RYTHMES DE LA FETE;BMG France/ARIOLA;Albums;Or;20/08/1970;09/09/1997;27 ans 5 mois
EROS RAMAZZOTTI;DOVE C?E MUSICA;BMG France/D.D.D.;Albums;Platine;20/08/1970;09/09/1997;27 ans 5 mois
FREDERIC FRANCOIS;LES CHANSONS DE MON C?UR VOL. 1;BMG France/M.B.M. RECORDS;Albums;Or;31/01/1994;09/09/1997;3 ans 7 mois
HERMES HOUSE BAND;I WILL SURVIVE;POLYGRAM/PODIS/SCORPIO MUSIC;Singles;Platine;20/08/1970;08/09/1997;27 ans 5 mois
2 BE 3;LA SALSA;EMI MUSIC France/EMI MUSIC;Singles;Or;16/06/1997;02/09/1997;2 mois
WORLDS APART;EVERYBODY;EMI MUSIC France/D.L.A.;Albums;Triple Platine;20/08/1970;01/09/1997;27 ans 5 mois
COMPILATION;BOYS & GIRLS VOL.2;EMI MUSIC France/ODEON;Albums;Or;20/08/1970;01/09/1997;27 ans 5 mois
FELICIDAD;DAM DAM DEO;EMI MUSIC France/EMI MUSIC France;Singles;Or;20/05/1997;19/08/1997;3 mois
WORLDS APART;QUAND JE REVE DE TOI;EMI MUSIC France/D.L.A.;Singles;Or;16/06/1997;19/08/1997;2 mois
COMPILATION;DESTINATION DANCE;EMI MUSIC France/DLA;Albums;Or;20/08/1970;18/08/1997;27 ans 4 mois
QUEEN;BEST 1;EMI MUSIC France/EMI;Albums;Double or;20/08/1970;18/08/1997;27 ans 4 mois
ELSA;L?ESSENTIEL;EMI MUSIC France;Albums;Or;20/03/1997;18/08/1997;5 mois
PASCAL OBISPO;LUCIE;SONY MUSIC/EPIC;Singles;Or;21/03/1997;10/07/1997;3 mois
RICKY MARTIN;A MEDIO VIVIR;SONY MUSIC/TRISTAR;Albums;Or;20/08/1970;09/07/1997;27 ans 3 mois
MICHAEL JACKSON;BLOOD AND THE DANCE FLOOR (history in the mix);SONY MUSIC/EPIC;Albums;Platine;20/08/1970;09/07/1997;27 ans 3 mois
PATRICIA KAAS;DANS MA CHAIR;SONY MUSIC/COLUMBIA;Albums;Platine;20/08/1970;09/07/1997;27 ans 3 mois
JEAN-JACQUES GOLDMAN;SINGULIER;SONY MUSIC/COLUMBIA;Albums;Triple Platine;20/08/1970;09/07/1997;27 ans 3 mois
COMPILATION;DANCE;SONY MUSIC/SONY;Albums;Or;20/08/1970;09/07/1997;27 ans 3 mois
TONI BRAXTON;SECRETS;BMG France/ARISTA;Albums;Or;20/08/1970;16/06/1997;27 ans 2 mois
G. SQUAD;LA VIDEO;BMG France/BMG VIDEO;Vidéos;Or;20/08/1970;16/06/1997;27 ans 2 mois
DAVID CHARVET;;BMG France/RCA;Albums;Or;04/05/1997;16/06/1997;1 mois
ANDREA BOCELLI;ROMANZA;POLYGRAM/POLYDOR/POLYGRAM;Albums;Diamant;20/08/1970;12/06/1997;27 ans 2 mois
TONI BRAXTON;UN BREAK MY HEART;BMG France/ARISTA;Singles;Or;02/12/1996;04/06/1997;6 mois
GLENN MILLER;LES ORIGINAUX;BMG France/BLUEBIRD;Albums;Or;19/08/1970;03/06/1997;27 ans 2 mois
COMPILATION;GENERATION DISCO;BMG France/ARIOLA;Albums;Platine;20/08/1970;03/06/1997;27 ans 2 mois
G SQUAD;;BMG France/ARIOLA;Albums;Or;08/12/1996;03/06/1997;5 mois
GALA;LET A BOY CRY;POLYGRAM Distribution/SCORPIO MUSIC;Singles;Platine;14/01/1997;30/05/1997;4 mois
MAURANE;DIFFERENTE;POLYGRAM/POLYDOR;Albums;Or;21/11/1995;29/05/1997;1 an 6 mois
COMPILATION;HIT EXPRESS - VOL. 2;POLYGRAM/PODISA/POLYGRAM/PODIS;Albums;Or;20/08/1970;29/05/1997;27 ans 1 mois
BEE GEES;STILL WATERS;POLYGRAM/POLYDOR/POLYGRAM International;Albums;Or;10/03/1997;29/05/1997;2 mois
BRUCE SPRINGSTEEN;GREATEST HITS - VOL. 1;SONY MUSIC;Albums;Platine;22/02/1995;28/05/1997;2 ans 3 mois
NTM;1993 J?appuie sur la gachette;SONY MUSIC/EPIC;Albums;Or;07/04/1993;27/05/1997;4 ans 2 mois
THE FUGEES;BLUNTED ON REALITY;SONY MUSIC/COLUMBIA;Albums;Or;19/08/1970;27/05/1997;27 ans 1 mois
3 T;BROTHERHOOD;SONY MUSIC;Albums;Platine;20/08/1970;27/05/1997;27 ans 1 mois
JAMIROQUAI;TRAVELLING WITHOUT MOVING;SONY MUSIC;Albums;Platine;20/08/1970;27/05/1997;27 ans 1 mois
JULIO IGLESIAS;TANGO;SONY MUSIC/COLUMBIA;Albums;Platine;20/08/1970;27/05/1997;27 ans 1 mois
FRANCIS CABREL;FRAGILE;SONY MUSIC/COLUMBIA;Albums;Diamant;18/08/1970;27/05/1997;27 ans 1 mois
CELINE DION;LIVE A PARIS;SONY MUSIC/COLUMBIA;Vidéos;Double Platine;20/08/1970;27/05/1997;27 ans 1 mois
MICHAEL JACKSON;HISTORY ON FILM Vol. 2;SONY MUSIC/EPIC;Vidéos;Double Platine;20/08/1970;27/05/1997;27 ans 1 mois
MICHAEL JACKSON;HISTORY;SONY MUSIC/EPIC;Vidéos;Diamant;19/08/1970;27/05/1997;27 ans 1 mois
BONNIE TYLER;THE BEST;SONY MUSIC/COLUMBIA;Albums;Platine;19/08/1970;27/05/1997;27 ans 1 mois
GLORIA ESTEFAN;BEST OF;SONY MUSIC/EPIC;Albums;Or;20/08/1970;27/05/1997;27 ans 1 mois
GIPSY KINGS;BEST OF;SONY MUSIC/COLUMBIA;Albums;Double or;19/08/1970;27/05/1997;27 ans 1 mois
BRUCE SPRINGSTEEN;GREATEST HITS;SONY MUSIC;Albums;Platine;19/08/1970;27/05/1997;27 ans 1 mois
PATRICIA KAAS;QUAND J?AI PEUR DE TOUT;SONY MUSIC/COLUMBIA;Singles;Or;06/02/1997;27/05/1997;3 mois
COMPILATION;MAXI COMPIL La Fran;SONY MUSIC;Albums;Diamant;20/08/1970;27/05/1997;27 ans 1 mois
COMPILATION;Histoire des tout p?tits;SONY MUSIC;Albums;Or;20/08/1970;18/02/1997;26 ans 10 mois
COMPILATION;PLUS DE DANCE - VOL. 4;SONY MUSIC;Albums;Or;20/08/1970;18/02/1997;26 ans 10 mois
COMPILATION;TOP DJ - VOL. 6;SONY MUSIC;Albums;Or;19/08/1970;18/02/1997;26 ans 10 mois
COMPILATION;BEST OF FRANCE;SONY MUSIC;Albums;Or;19/08/1970;18/02/1997;26 ans 10 mois
COMPILATION;SLOW FOREVER 2;SONY MUSIC;Albums;Or;20/08/1970;18/02/1997;26 ans 10 mois
DAN AR BRAZ;L?HERITAGE Des CELTES;SONY MUSIC/COLUMBIA;Albums;Double or;19/08/1970;18/02/1997;26 ans 10 mois
FESTIVAL ROBLES;BEN MON COCHON;SONY MUSIC;Albums;Double or;20/08/1970;18/02/1997;26 ans 10 mois
FESTIVAL ROBLES;AII....TCHA ! !;SONY MUSIC;Singles;Or;13/11/1996;18/02/1997;3 mois
EARTH WIND AND FIRE;THE VERY BEST OF;SONY MUSIC;Albums;Double or;19/08/1970;18/02/1997;26 ans 10 mois
N?TRANCE;STAYING ALIVE;SONY MUSIC;Singles;Or;14/09/1995;18/02/1997;1 an 5 mois
NAS / N.T.M.;AFFIRMATIVE ACTION;SONY MUSIC/COLUMBIA;Singles;Or;15/01/1997;18/02/1997;1 mois
COMPILATION;DANCE CLUB;SONY MUSIC;Albums;Platine;19/08/1970;18/02/1997;26 ans 10 mois
PASCAL OBISPO;PERSONNE;SONY MUSIC;Singles;Or;17/10/1996;18/02/1997;4 mois
COMPILATION;SLOWS FOREVER;SONY MUSIC;Albums;Platine;19/08/1970;18/02/1997;26 ans 10 mois
COMPILATION;SUN MUSIC;SONY MUSIC;Albums;Platine;19/08/1970;18/02/1997;26 ans 10 mois
COMPILATION;AMERICAN DREAM;SONY MUSIC;Albums;Platine;19/08/1970;18/02/1997;26 ans 10 mois
THE FUGEES;NO WOMAN NO CRY;SONY MUSIC/COLUMBIA;Singles;Or;27/11/1996;18/02/1997;2 mois
3 T;I NEED YOU;SONY MUSIC;Singles;Or;13/11/1996;18/02/1997;3 mois
COMPILATION;HIT EXPRESS;Polygram Distribution;Albums;Or;20/08/1970;11/02/1997;26 ans 10 mois
COMPILATION;HAPPY MORNING;MC DONALD’S/P.P.S;Albums;Or;28/10/1996;31/01/1997;3 mois
ELTON JOHN;MADE IN ENGLAND;POLYGRAM/MERCURY/ROCKET;Albums;Double or;19/08/1970;27/01/1997;26 ans 9 mois
COMPILATION;L?AME DE LA BRETAGNE;POLYGRAM/MERCURY/PHILIPS;Albums;Or;20/08/1970;27/01/1997;26 ans 9 mois
DONNA SUMMER;ENDLESS SUMMER;POLYGRAM/MERCURY/Sweet Summer Night Music;Albums;Or;13/11/1995;27/01/1997;1 an 2 mois
2 BE 3;PARTIR UN JOUR;EMI MUSIC France/EMI MUSIC;Singles;Or;28/10/1996;21/01/1997;2 mois
WORLDS APART;EVERLASTING LOVE;EMI MUSIC France/D.L.A.;Singles;Or;15/11/1996;21/01/1997;2 mois
WORLDS APART;24 HEURES AVEC WORLDS APART;EMI MUSIC/DLA;Vidéos;Platine;20/08/1970;20/01/1997;26 ans 9 mois
ROBERTO ALAGNA;CHANTS SACRES;EMI Music France/EMI CLASSICS;Albums;Or;20/08/1970;20/01/1997;26 ans 9 mois
GALA;FREED FROM DESIRE;POLYGRAM Distribution / SCORPIO MUSIC;Singles;Diamant;17/09/1996;16/01/1997;4 mois
SIMPLY RED;GREATEST HITS;EAS WEST U.K./EAST WES France;Albums;Or;03/10/1996;03/10/1996;
CHARLES AZNAVOUR;LES 40 CHANSONS D?OR;EMI BOVEMA/EMI MUSIC FRANCE;Albums;Platine;03/10/1996;03/10/1996;
OPHELIE WINTER;DIEU M'A DONNE LA FOI;EAST WEST France/EAST WEST France;Singles;Or;29/09/1995;29/09/1996;1 an
EVERYTHING BUT THE GIRL;MISSING;WEA UK/WEA MUSIC;Singles;Or;19/09/1995;19/09/1996;1 an
AC/DC;LIVE;EAST WEST AMERICA/EAST WEST France;Albums;Double Platine;27/10/1992;18/09/1996;3 ans 11 mois
LOS DEL RIO;MACARENA;ARIOLA/BMG France;Singles;Diamant;18/09/1995;18/09/1996;1 an
AC/DC;BALLBREAKER;AMERICA/EAST WEST;Albums;Platine;21/09/1995;18/09/1996;1 an
FESTIVAL ROBLES;BEN MON COCHON;VERSAILLES/SONY MUSIC;Albums;Or;18/09/1996;18/09/1996;
OUTHERE BROTHERS;BOOM BOOM;SONY MUSIC/SONY MUSIC;Singles;Or;07/09/1995;07/09/1996;1 an
KHALED;AICHA;BARCLAY/BARCLAY;Singles;Platine;03/09/1996;03/09/1996;
JEAN-JACQUES GOLDMAN;SINGULIER;SONY MUSIC;Albums;Or;22/08/1996;22/08/1996;
EDDY MITCHELL;MR EDDY;POLYDOR/POLYGRAM/POLYDOR;Albums;Platine;19/08/1996;19/08/1996;
ZAZIE;ZEN;PHILIPS/POLYGRAM/MERCURY;Albums;Or;19/08/1996;19/08/1996;
740 BOYZ;SHIMMY SHAKE;SONY MUSIC/SONY MUSIC;Singles;Or;17/08/1995;17/08/1996;1 an
COLUCHE;LES IRRESISTIBLES;SONY MUSIC;Albums;Or;15/08/1996;15/08/1996;
COMPILATION;PLUS DE DANCE 5;SONY MUSIC;Albums;Or;13/08/1996;13/08/1996;
THE FUGEES;THE SCORE;COLUMBIA/SONY MUSIC;Albums;Double Platine;12/08/1996;12/08/1996;
NAS;IF I RULED THE WORLD;COLUMBIA/SONY MUSIC;Singles;Or;09/08/1996;09/08/1996;
3 T;WHY;SONY MUSIC;Singles;Or;08/08/1996;08/08/1996;
COMPILATION;L?ETE DES HITS;SCORPIO/POLYGRAM DIST;Albums;Or;05/08/1996;05/08/1996;
FESTIVAL ROBLES;MA CARAVANE;SONY MUSIC;Singles;Or;04/08/1996;04/08/1996;
WORLDS APART;JE TE DONNE;D.L.A./EMI MUSIC France;Singles;Or;15/07/1996;15/07/1996;
COMPILATION;EXTRAVADANCE VOL. 3;N n? B/BMG France;Albums;Or;14/07/1996;14/07/1996;
TOTO;LEGEND;SONY MUSIC;Albums;Or;10/07/1996;10/07/1996;
JOHNNY HALLYDAY;LORADA TOUR;LAURA HALLYDAY Productions/MERCURY;Albums;Platine;09/07/1996;09/07/1996;
NENEH CHERRY;WOMAN;CIRCA RCDS LTD/DELABEL;Singles;Or;09/07/1996;09/07/1996;
ERIC CLAPTON;CHANGE THE WORLD;REPRISE/WEA MUSIC;Singles;Or;04/07/1996;04/07/1996;
ELBOSCO;ANGELIS;HISPAVOX/EMI France MUSIC;Albums;Or;04/07/1996;04/07/1996;
ZHI VAGO;CELEBRATE;PANIC/POLYGRAM DIST;Singles;Or;20/05/1996;20/05/1996;
EROS RAMAZZOTTI;PUI BELLA COSA;DDD/BMG France;Singles;Or;19/05/1996;19/05/1996;
LOS DEL MAR;MACARENA;BAXTER/BAX DANSE/POLYGRAM DIST;Singles;Or;14/05/1996;14/05/1996;
EROS RAMAZZOTTI;DOVE C?E MUSICA;DDD/BMG France;Albums;Double or;12/05/1996;12/05/1996;
GEORGE MICHAEL;OLDER;VIRGIN RECORDS LTD/VIRGIN France;Albums;Double or;09/05/1996;09/05/1996;
TERRI MOISE;LES POEMES DE MICHELLE;VIRGIN France;Singles;Or;09/05/1996;09/05/1996;
WORLD?S APART;EVERYBODY;D.L.A./EMI MUSIC France;Singles;Or;09/05/1996;09/05/1996;
TRI YANN;LE MEILLEUR DE TRI YANN;POLYGRAM DISTRIBUTION;Albums;Or;06/05/1996;06/05/1996;
SCORPIONS;PURE INSTINCT;EAST WEST ALLEMAGNE/EAST WEST FRANCE;Albums;Or;02/05/1996;02/05/1996;
FOLL'S GARDEN;LEMON TREE;TOWN MUSIC/EMI MUSIC France;Singles;Or;29/04/1996;29/04/1996;
OPHELIE WINTER;LE FEU QUI M?ATTISE;EAST WEST France;Singles;Or;29/04/1996;29/04/1996;
THE CRANBERRIES;TO THE FAITHFULL DEPARTED;ISLAND/POLYGRAM;Albums;Platine;28/04/1996;28/04/1996;
COMPILATION;PARFUMS D?AMOUR;POLYGRAM DISTRIBUTION;Albums;Or;22/04/1996;22/04/1996;
WORLDS APART;EVERYBODY;DLA/EMI MUSIC France;Albums;Double Platine;18/04/1996;18/04/1996;
HELENE SEGARA;JE VOUS AIME ADIEU;ORLANDO/EAST WEST France;Singles;Or;17/04/1996;17/04/1996;
COMPILATION;HIT PARTY;POLYGRAM DISTRIBUTION;Albums;Or;15/04/1996;15/04/1996;
COMPILATION;TOP DJ 7;DANCE POOL/SONY MUSIC;Albums;Or;10/04/1996;10/04/1996;
GEORGE MICHAEL;FAST LOVE;VIRGIN RECORDS LTD/VIRGIN France;Singles;Or;09/04/1996;09/04/1996;
LIONEL RICHIE;LOUDER THAN WORDS;MERCURY;Albums;Or;08/04/1996;08/04/1996;
RAGE AGAINST THE MACHINE;EVIL EMPIRE;EPIC/SONY MUSIC;Albums;Or;03/04/1996;03/04/1996;
TINA TURNER;WILDEST DREAMS;EMI/EMI MUSIC FRANCE;Albums;Double or;31/03/1996;31/03/1996;
MARK SNOW;MAIN THEME X. FILES;WARNER BROS/WEA MUSIC;Singles;Or;29/03/1996;29/03/1996;
DALIDA;A MA MANIERE;ORLANDO/EAST WEST FRANCE;Albums;Or;28/03/1996;28/03/1996;
France GALL;FRANCE;APACHE/CMBM/WEA MUSIC;Albums;Platine;26/03/1996;26/03/1996;
THE X FILES;THEMES;WARNER BROS/WEA MUSIC;Albums;Or;21/03/1996;21/03/1996;
THE X. FILES;X. FILES THEMES;WARNER BROS/WEA MUSIC;Albums;Or;21/03/1996;21/03/1996;
BORIS;SOIREE DISCO;SONY MUSIC/SONY MUSIC;Singles;Or;18/03/1996;18/03/1996;
MICHAEL JACKSON;THEY DON?T CARE ABOUT US;SONY MUSIC;Singles;Or;17/03/1996;17/03/1996;
THE BEATLES;ANTHOLOGY 2;APPLE/EMI France;Albums;Or;17/03/1996;17/03/1996;
COOLIO;1 2 3 4;TOMMY BOY/EAST WEST France;Singles;Or;14/03/1996;14/03/1996;
COMPILATION;DOLCE ITALIA Vol.2;EAST WEST/EAST WEST FRANCE;Albums;Or;16/08/1995;08/01/1996;4 mois
SIMPLY RED;LIFE;EAST WEST/EAST WEST UK;Albums;Or;05/10/1995;08/01/1996;3 mois
SNOOP DOGGY DOG;DOGGYSTYLE;EAST WEST/INTERSCOPE;Albums;Or;07/12/1993;08/01/1996;2 ans 1 mois
DIVERS;EBLOUISSANTE MUSIQUE SACREE N;EDITIONS ATLAS/NMPP;Albums;Platine;03/01/1996;03/01/1996;
JIMMY CLIFF;VERY BEST OF;SONY MUSIC;Albums;Or;03/01/1996;03/01/1996;
DIVERS;Les plus belles chansons fran;EDITIONS ATLAS/NMPP;Albums;Diamant;02/01/1996;02/01/1996;
SOLENSI 2;SOL EN SI;WEA;Albums;Platine;02/11/1995;26/12/1995;1 mois
BOF ALADDIN;CE REVE BLEU;SONY MUSIC/The Walt Diney Cie France;Singles;Or;09/12/1993;22/12/1995;2 ans
B.O.F. Version fran;POCAHONTAS;SONY MUSIC/The Wald Disney Cie France;Albums;Or;09/11/1995;21/12/1995;1 mois
JEAN RENO;POCAHONTAS : histoires racont;SONY MUSIC/The Walt Disney Cie France;Albums;Platine;09/11/1995;21/12/1995;1 mois
COMPILATION;HITS 95;SONY MUSIC;Albums;Or;08/11/1995;21/12/1995;1 mois
COMPILATION;L'AME CELTE;SONY MUSIC;Albums;Or;21/06/1995;21/12/1995;6 mois
COMPILATION;Les meilleures musiques de films de Walt Disney;SONY MUSIC/The Wald Disney Cie France;Albums;Or;09/11/1995;21/12/1995;1 mois
MICHAEL JACKSON;HISTORY past present ant future;SONY MUSIC;Albums;Double Platine;14/06/1995;21/12/1995;6 mois
JACQUES DUTRONC;BREVES RENCONTRES;SONY MUSIC;Albums;Or;27/09/1995;21/12/1995;2 mois
OASIS;MORNING GLORY;SONY MUSIC;Albums;Or;27/09/1995;21/12/1995;2 mois
ALIANCE ETHNIK;SIMPLE ET FUNKY;VIRGIN FRANCE/DELABEL;Singles;Or;01/01/1995;21/12/1995;11 mois
ALIANCE ETHNIK;RESPECT;VIRGIN FRANCE/DELABEL;Singles;Or;01/01/1995;21/12/1995;11 mois
INDIAN SACRED SPIRIT;YOHA NOHA;VIRGIN France/VIRGIN RECORDS LTD;Singles;Or;01/01/1995;21/12/1995;11 mois
MICHEL POLNAREFF;LA COMPILATION;SONY MUSIC;Albums;Double or;07/11/1995;21/12/1995;1 mois
PAUL YOUNG;FROM TIME TO TIME;SONY MUSIC;Albums;Double or;03/09/1991;21/12/1995;4 ans 4 mois
BOF LE ROI LION;HISTOIRE DE LA VIE;SONY MUSIC/The Walt Diney Cie France;Singles;Or;09/12/1994;21/12/1995;1 an
JIMMY CLIFF;HAKUNA MATATA;SONY MUSIC/The Walt Diney Cie France;Singles;Or;09/05/1995;21/12/1995;7 mois
I AM;OMBRE EST LUMIERE;VIRGIN FRANCE;Albums;Platine;09/11/1993;20/12/1995;2 ans 1 mois
TELEPHONE;RAPPELS 1 + 2 PUIS LA TOTALE;VIRGIN FRANCE;Albums;Platine;09/10/1993;20/12/1995;2 ans 2 mois
COMPILATION;SLOWS 95;VIRGIN FRANCE;Albums;Or;09/11/1995;20/12/1995;1 mois
INDIENS SACRED SPIRIT;CHANTS ET DANSES DES INDIENS D'AMERIQUE;VIRGIN FRANCE/VIRGIN RECORDS LTD;Albums;Double Platine;09/05/1995;20/12/1995;7 mois
DIVERS;Mozart - Requiem - Eblouissante Musique Sacr;EDITIONS ATLAS/NMPP;Albums;Diamant;20/12/1995;20/12/1995;
LIANE FOLY;THE MAN I LOVE;VIRGIN FRANCE/LES PRODUCTEURS;Albums;Or;09/02/1988;20/12/1995;7 ans 11 mois
LIANE FOLY;LUMIERES;VIRGIN FRANCE;Albums;Or;09/11/1994;20/12/1995;1 an 1 mois
HERBERT LEONARD;POUR LE PLAISIR;WEA;Albums;Double or;25/11/1990;12/12/1995;5 ans 1 mois
DIVERS;DUOS TARATATA;BARCLAY;Albums;Or;11/12/1995;11/12/1995;
QUEEN;MADE IN HEAVEN;EMI FRANCE/EMI;Albums;Platine;02/11/1995;10/12/1995;1 mois
COMPILATION;CLUB DES CLUBS 5;EMI FRANCE;Albums;Or;26/10/1995;10/12/1995;1 mois
COMPILATION;LES VOIX EN OR VOL.1;EAST WEST France;Albums;Or;07/12/1995;07/12/1995;
TINA TURNER;GOLDENEYE;EMI/EMI France;Singles;Or;07/12/1995;07/12/1995;
RENAUD;THE VERY MEILLEUR OF RENAUD;POLYDOR/POLYGRAM/POLYDOR;Albums;Or;04/12/1995;04/12/1995;
COMPILATION;LA PLUS GRANDE DISCOTHEQUE DU MONDE Vol.11;SCORPIO MUSIC/POLYGRAM Distribution;Albums;Platine;04/12/1995;04/12/1995;
BERNARD LAVILLIERS;BERNARD LAVIILIERS;POLYGRAM DIST;Albums;Or;04/10/1987;03/12/1995;8 ans 3 mois
GEORGES BRASSENS;GEORGES BRASSENS Vol.1;POLYGRAM DIST./POLYGRAM DIST;Albums;Platine;04/10/1987;03/12/1995;8 ans 3 mois
JACQUES BREL;JACQUES BREL VOL.1;POLYGRAM DIST.;Albums;Platine;04/10/1987;03/12/1995;8 ans 3 mois
CLAUDE NOUGARO;CLAUDE NOUGARO Vol. 1;POLYGRAM DIST;Albums;Or;04/10/1987;03/12/1995;8 ans 3 mois
MIKE BRANT;MIKE BRANT;POLYGRAM DIST.;Albums;Platine;04/10/1987;03/12/1995;8 ans 3 mois
SERGE GAINSBOURG;SERGE GAINSBOURG Vol.1;POLYGRAM DIST.;Albums;Platine;04/10/1987;03/12/1995;8 ans 3 mois
COMPILATION;LES NUITS TRANCE VOL. 3;POLYGRAM DISTRIBUTION/SCORPIO MUSIC;Albums;Or;17/07/1995;03/12/1995;4 mois
COMPILATION;DANCE 95 VOL. 2;POLYGRAM DIST;Albums;Or;;03/12/1995;26 ans 3 mois
DANIEL GUICHARD;DANIEL GUICHARD;POLYGRAM DIST;Albums;Or;01/05/1988;03/12/1995;7 ans 8 mois
EDITH PIAF;EDITH PIAF;POLYGRAM DIST;Albums;Or;04/10/1987;03/12/1995;8 ans 3 mois
GEORGES BRASSENS;GEORGES BRASSENS 2;POLYGRAM DIST;Albums;Or;31/01/1988;03/12/1995;7 ans 11 mois
GEORGES BRASSENS;GEORGES BRASSENS 3;POLYGRAM DIST;Albums;Or;13/10/1990;03/12/1995;5 ans 2 mois
GEORGES MOUSTAKI;GEORGES MOUSTAKI;POLYGRAM DIST;Albums;Or;07/12/1986;03/12/1995;9 ans 1 mois
HUGUES AUFRAY;HUGUES AUFRAY;POLYGRAM DIST;Albums;Or;01/05/1988;03/12/1995;7 ans 8 mois
JACQUES BREL;JACQUES BREL VOL.2;POLYGRAM DIST;Albums;Or;30/09/1990;03/12/1995;5 ans 3 mois
JANE BIRKIN;JANE BIRKIN VOL. 1;POLYGRAM DIST;Albums;Or;04/10/1987;03/12/1995;8 ans 3 mois
JEAN FERRAT;JEAN FERRAT VOL.2;POLYGRAM DIST;Albums;Or;30/09/1990;03/12/1995;5 ans 3 mois
JOHNNY HALLYDAY;JOHNNY HALLYDAY Vol.2;POLYGRAM DIST;Albums;Or;30/09/1990;03/12/1995;5 ans 3 mois
MICHEL DELPECH;MICHEL DELPECH;POLYGRAM DIST;Albums;Or;06/03/1988;03/12/1995;7 ans 10 mois
NANA MOUSKOURI;NANA MOUSKOURI 1;POLYGRAM DIST;Albums;Or;04/10/1987;03/12/1995;8 ans 3 mois
SERGE GAINSBOURG;SERGE GAINSBOURG 3;POLYGRAM DIST;Albums;Or;30/09/1990;03/12/1995;5 ans 3 mois
SERGE LAMA;SERGE LAMA VOL. 1;POLYGRAM DIST;Albums;Or;14/12/1986;03/12/1995;9 ans 1 mois
U 2;WAR;ISLAND;Albums;Platine;07/01/1990;22/11/1995;5 ans 11 mois
U 2;UNDER A RED BLOOD SKY;ISLAND;Albums;Platine;07/01/1990;22/11/1995;5 ans 11 mois
U 2;ACHTUNG BABY;ISLAND;Albums;Double Platine;17/11/1991;22/11/1995;4 ans
ERIC CLAPTON;THE CREAM OF ERIC CLAPTON;REMARK;Albums;Or;05/04/1994;22/11/1995;1 an 7 mois
THE CRANBERRIES;NO NEED TO ARGUE;ISLAND;Albums;Triple Platine;03/10/1994;22/11/1995;1 an 1 mois
BOB MARLEY & THE WAILERS;LEGEND;ISLAND;Albums;Diamant;04/05/1984;22/11/1995;11 ans 8 mois
POW WOW;REGAGNER LES PLAINES;REMARK;Albums;Diamant;16/03/1992;22/11/1995;3 ans 8 mois
RONNY JORDAN;THE ANTIDOTE;ISLAND;Albums;Or;29/03/1992;22/11/1995;3 ans 8 mois
THE CHRISTIANS;COLOUR;ISLAND;Albums;Or;14/01/1990;22/11/1995;5 ans 11 mois
U 2;RATTLE AND HUM;ISLAND;Albums;Or;07/01/1990;22/11/1995;5 ans 11 mois
WARREN G;REGULATE ... G FUNK ERA;ISLAND;Albums;Or;31/07/1994;22/11/1995;1 an 3 mois
JULIO IGLESIAS;CARRETERA;SONY MUSIC;Albums;Or;22/11/1995;22/11/1995;
U 2;THE JOSHUA TREE;ISLAND;Albums;Double or;07/01/1990;22/11/1995;5 ans 11 mois
VANGELIS;THEMES BEST OF;REMARK;Albums;Double or;09/07/1989;22/11/1995;6 ans 5 mois
CAT STEVENS;THE VERY BEST OF;ISLAND;Albums;Platine;06/05/1990;22/11/1995;5 ans 7 mois
COMPILATION;LES ANNEES TUBES;POLYGRAM Distribution;Albums;Or;21/11/1995;21/11/1995;
SCATMAN JOHN;SCATMAN'S WORLD;BMG FRANCE/N N ' B;Singles;Or;14/08/1995;16/11/1995;3 mois
SCATMAN JOHN;SCATMAN;BMG FRANCE/N N ' B;Singles;Platine;02/05/1995;16/11/1995;6 mois
ENYA;THE MEMORY OF TREES;WEA UK/WEA MUSIC;Albums;Or;16/11/1995;16/11/1995;
CELINE DION;JE SAIS PAS;SONY MUSIC;Singles;Or;16/08/1995;16/11/1995;3 mois
MARC LAVOINE;85-95;BMG FRANCE/AVREP;Albums;Or;24/09/1995;15/11/1995;1 mois
SCATMAN JOHN;SCATMAN'S WORLD;BMG FRANCE/N N ' B;Albums;Or;09/07/1995;15/11/1995;4 mois
JOE COCKER;BEST OF;EMI FRANCE/CAPITOL;Albums;Double Platine;26/10/1992;13/11/1995;3 ans 1 mois
COMPILATION;DANCE 95 - VOL.2;POLYGRAM Distribution;Albums;Or;13/11/1995;13/11/1995;
MICHAEL JACKSON;YOU'RE NOT ALONE;SONY MUSIC/SONY MUSIC;Singles;Or;01/09/1995;09/11/1995;2 mois
LUNIZ;I GOT 5 ON IT;NO TRYBE RECORDS INC./VIRGIN France;Singles;Or;09/11/1995;09/11/1995;
DAN AR BRAZ;EN CONCERT;COLUMBIA/SONY MUSIC;Albums;Or;09/11/1995;09/11/1995;
LES INNOCENTS;POST PARTUM;VIRGIN France;Albums;Or;09/11/1995;09/11/1995;
CELINE DION;LES PREMIERES ANNEES;SONY MUSIC;Albums;Or;05/01/1994;08/11/1995;1 an 10 mois
COMPILATION;DANCE 95 - VOL. 1;SONY MUSIC;Albums;Or;08/06/1995;08/11/1995;5 mois
YOUSSOU'N' DOUR;SEVEN SECONDS;SONY MUSIC;Singles;Or;23/05/1994;08/11/1995;1 an 5 mois
CHRIS REA;ON THE BEACH;EAST WEST/EAST WEST U.K.;Albums;Or;23/02/1995;06/11/1995;8 mois
COMPILATION;RHYTHM & BLUES FORMIDABLE;EAST WEST/ATLANTIC;Albums;Or;04/11/1993;06/11/1995;2 ans
DALIDA;COMME SI J'ETAIS LA;EAST WEST/ORLANDO;Albums;Or;23/02/1995;06/11/1995;8 mois
FOUR NON BLONDES;BIGGER BETTER FASTER MORE;EAST WEST/ATLANTIC;Albums;Or;08/07/1993;06/11/1995;2 ans 4 mois
INDRA;TEMPTATION;EAST WEST/ORLANDO;Albums;Or;;06/11/1995;26 ans 2 mois
OTIS REDDING;THE VERY BEST OF;EAST WEST/ATLANTIC;Albums;Or;21/06/1995;06/11/1995;4 mois
PASSENGERS;ORIGINAL SOUNDTRACKS 1;ISLAND;Albums;Or;06/11/1995;06/11/1995;
U 2;HOLD ME THRILL ME KISS ME KILL ME;EAST WEST FRANCE/ATLANTIC;Singles;Or;25/05/1995;06/11/1995;5 mois
BOF;TOUS LES MATINS DU MONDE;AUVIDIS;Albums;Platine;17/11/1991;06/11/1995;4 ans
COOLIO;GANGSTA PARADISE;TOMMY BOY/EAST WEST France;Albums;Double or;02/11/1995;02/11/1995;
PAOLO CONTE;UNA FACCIA IN PRESTITO;C.G.D/EAST WEST France;Albums;Or;25/10/1995;25/10/1995;
EDITH PIAF;30;EMI FRANCE;Albums;Platine;05/09/1993;23/10/1995;2 ans 1 mois
CLAUDE FRANCOIS;D'ALEXANDRIE A ALEXANDRA;POLYGRAM DISTRIBUTION;Albums;Or;16/10/1995;23/10/1995;
COMPILATION;HITS 93;POLYGRAM DISTRIBUTION;Albums;Or;11/09/1995;23/10/1995;1 mois
JOHNNY HALLYDAY;PAROLE D'HOMME;LAURA HALLYDAY Productions/MERCURY;Albums;Platine;23/10/1995;23/10/1995;
IRON MAIDEN;A REAL LIVE ONE;EMI FRANCE/EMI;Albums;Or;18/03/1993;23/10/1995;2 ans 7 mois
SAMSON FRANCOIS;RAVEL CONCERTOS;EMI France/EMI CLASSICS;Albums;Or;09/06/1960;23/10/1995;35 ans 10 mois
SAMSON FRANCOIS;CHOPIN POLONAISES;EMI France/EMI CLASSICS;Albums;Or;09/05/1969;23/10/1995;26 ans 10 mois
TRI YANN;INVENTAIRE I;POLYGRAM DISTRIBUTION/DECLIC COMMUNICATION;Albums;Or;02/08/1993;23/10/1995;2 ans 3 mois
QUEEN;HEAVEN FOR EVERYONE;EMI/EMI France;Singles;Or;19/10/1995;19/10/1995;
CELINE DION;COLOUR OF MY LOVE;SONY MUSIC;Vidéos;Platine;18/10/1995;18/10/1995;
AEROSMITH;GET A GRIP;BMG FRANCE/GEFFEN RECORDS;Albums;Or;18/04/1994;17/10/1995;1 an 6 mois
GUNS N ' ROSES;USE YOUR ILLUSION I;BMG FRANCE/GEFFEN;Albums;Platine;22/09/1991;16/10/1995;4 ans 1 mois
NIRVANA;IN UTERO;BMG FRANCE/GEFFEN;Albums;Platine;12/09/1993;16/10/1995;2 ans 1 mois
NOA;NOA;BMG FRANCE/GEFFEN;Albums;Or;06/03/1994;16/10/1995;1 an 7 mois
B.O.F.;PULP FICTION;BMG FRANCE/MCA;Albums;Double or;23/09/1994;16/10/1995;1 an
MARIAH CAREY;FANTASY;SONY MUSIC;Singles;Or;10/10/1995;10/10/1995;
SMASHING PUMPKINS;MELLON COLLIE ANT THE INFINITE SADNESS;VIRGIN RECORDS AMERICA INC./DELABEL;Albums;Double or;09/10/1995;09/10/1995;
MADONNA;BEDTIME STORIES;WEA MUSIC/SIRE WARNER;Albums;Double or;;21/08/1995;26 ans
REM;MONSTER;WEA MUSIC/WARNER BROS;Albums;Double or;22/09/1994;21/08/1995;11 mois
BRUCE SPRINGSTEEN;STREETS OF PHILADELPHIA;SONY MUSIC/SONY MUSIC;Singles;Or;07/04/1994;18/08/1995;1 an 4 mois
CELINE DION;POUR QUE TU M'AIMES ENCORE;SONY MUSIC/SONY MUSIC;Singles;Platine;04/04/1995;18/08/1995;4 mois
COMPILATION;HIT DES ANNEES 60;SONY MUSIC;Albums;Platine;02/12/1981;17/08/1995;13 ans 10 mois
FREDERICKS GOLDMAN JONES;DU NEW MORNING AU ZENITH;SONY MUSIC;Albums;Platine;17/05/1995;17/08/1995;3 mois
BOF;FORREST GUMP;SONY MUSIC;Albums;Or;15/08/1994;17/08/1995;1 an
MICHAEL JACKSON;OFF THE WALL;SONY MUSIC;Albums;Platine;02/10/1986;17/08/1995;9 ans
COMPILATION;TOP DJ5;SONY MUSIC;Albums;Or;05/04/1995;17/08/1995;4 mois
COMPILATION;BOULEVARD DES HITS 20;SONY MUSIC;Albums;Or;19/04/1995;17/08/1995;4 mois
DAN AR BRAZ;L'HERITAGE DES CELTES;SONY MUSIC;Albums;Or;02/11/1994;17/08/1995;9 mois
JEAN-JACQUES GOLDMAN;EN PUBLIC;SONY MUSIC;Albums;Triple Platine;27/10/1986;17/08/1995;8 ans 11 mois
CELINE DION;D'EUX;SONY MUSIC;Albums;Diamant;29/03/1995;17/08/1995;4 mois
IMAGINATION;FLASH-BACK : THE BEST OF;SONY MUSIC;Albums;Or;06/04/1995;17/08/1995;4 mois
OASIS;DEFINITELY MAYBE;SONY MUSIC;Albums;Or;22/08/1994;17/08/1995;1 an
CELINE DION;A L'OLYMPIA;SONY MUSIC;Albums;Double or;17/11/1994;17/08/1995;9 mois
MICHEL SARDOU;LES GRANDES CHANSONS;SONY MUSIC/TREMA;Albums;Double or;31/12/1991;17/08/1995;3 ans 8 mois
MICHEL SARDOU;BERCY 93;SONY MUSIC/TREMA;Albums;Double or;15/03/1993;17/08/1995;2 ans 5 mois
MICHEL SARDOU;OLYMPIA 95;SONY MUSIC/TREMA;Albums;Double or;29/03/1995;17/08/1995;4 mois
PATRICIA KAAS;TOUR DE CHARME;SONY MUSIC;Albums;Double or;23/11/1994;17/08/1995;8 mois
INI KAMOZE;HERE COMES THE HOTSTEPPER;SONY MUSIC;Singles;Or;14/03/1995;17/08/1995;5 mois
PRESIDENT OF THE USA;PRESIDENT OF THE USA;SONY MUSIC;Albums;Or;17/08/1995;17/08/1995;
M N 8;I'VE GOT A LITTLE SOMETHING FOR YOU;SONY MUSIC;Singles;Or;31/05/1995;17/08/1995;2 mois
BARBRA STREISAND;GREATEST HITS;SONY MUSIC;Albums;Platine;01/11/1989;17/08/1995;5 ans 10 mois
JOE DASSIN;DE L?AMERIQUE AUX CHAMPS ELYSEES;SONY MUSIC;Vidéos;Platine;08/08/1995;08/08/1995;
SEAL;KISS FROM A ROSE;WEA U.K./WEA MUSIC;Singles;Or;06/07/1995;06/07/1995;
EAST 17;STEAM;BARCLAY/LONDON;Albums;Double or;17/10/1994;18/06/1995;8 mois
BON JOVI;CROSSROAD THE BEST;MERCURY;Albums;Platine;10/10/1994;11/06/1995;8 mois
ALANIS MORISSETTE;JAGGED LITTLE PILL;MAVERICK/WEA MUSIC;Albums;Platine;06/06/1995;06/06/1995;
YOUSSOU'N' DOUR;THE GUIDE;SONY MUSIC;Albums;Or;25/01/1995;19/04/1995;2 mois
B.O.F.;FOOTLOOSE;SONY MUSIC;Albums;Double or;26/02/1984;19/04/1995;11 ans 3 mois
BERTHE SYLVA;LES ROSES BLANCHES;SONY MUSIC;Albums;Double or;30/06/1963;19/04/1995;32 ans 3 mois
BOB DYLAN;SLOW TRAIN COMING;SONY MUSIC;Albums;Double or;13/08/1979;19/04/1995;15 ans 10 mois
BOB DYLAN;DESIRE;SONY MUSIC;Albums;Double or;30/12/1975;19/04/1995;19 ans 7 mois
BRUCE SPRINGSTEEN;THE RIVER;SONY MUSIC;Albums;Double or;06/10/1980;19/04/1995;14 ans 8 mois
CELINE DION;COLORS OF MY LOVE;SONY MUSIC;Albums;Double or;09/02/1994;19/04/1995;1 an 2 mois
CLAUDE FRANCOIS;SES PLUS GRANDS SUCCES;SONY MUSIC;Albums;Double or;03/04/1977;19/04/1995;18 ans 3 mois
CLAUDE FRANCOIS;ALBUM SOUVENIR;SONY MUSIC;Albums;Double or;26/02/1987;19/04/1995;8 ans 3 mois
COCK ROBIN;COCK ROBIN;SONY MUSIC;Albums;Double or;10/04/1988;19/04/1995;7 ans 1 mois
COMPILATION;BLD DES HITS 14;SONY MUSIC;Albums;Double or;25/03/1992;19/04/1995;3 ans 1 mois
COMPILATION;FLASH BOUM;SONY MUSIC;Albums;Double or;11/01/1984;19/04/1995;11 ans 5 mois
COMPILATION;PLUS DE DANCE VOL.1;SONY MUSIC;Albums;Double or;19/10/1994;19/04/1995;6 mois
COMPILATION;BLD DES HITS 16;SONY MUSIC;Albums;Double or;24/11/1992;19/04/1995;2 ans 5 mois
COMPILATION;PLUS DE DANCE VOL.2;SONY MUSIC;Albums;Double or;07/02/1995;19/04/1995;2 mois
CYNDI LAUPER;TWELVE DEADLY CYNS...;SONY MUSIC;Albums;Double or;31/01/1995;19/04/1995;2 mois
DIVERS;LES ENFOIRES CHANTENT STARMANIA;SONY MUSIC;Albums;Double or;05/10/1993;19/04/1995;1 an 6 mois
HARRY CONNICK Jr;FRANCE I WISH YOU LOVE;SONY MUSIC;Albums;Double or;22/09/1993;19/04/1995;1 an 7 mois
JOE DASSIN;ALBUM D'OR;SONY MUSIC;Albums;Double or;26/08/1975;19/04/1995;19 ans 11 mois
JOE DASSIN;JOE DASSIN;SONY MUSIC;Albums;Double or;03/11/1993;19/04/1995;1 an 5 mois
JOE DASSIN;LE JARDIN DU LUXEMBOURG;SONY MUSIC;Albums;Double or;21/11/1976;19/04/1995;18 ans 8 mois
LEONARD COHEN;GREATEST HITS;SONY MUSIC;Albums;Double or;11/10/1987;19/04/1995;7 ans 7 mois
NINA HAGEN;UNBEHAGEN;SONY MUSIC;Albums;Double or;29/01/1980;19/04/1995;15 ans 5 mois
PATRICIA KAAS;CARNETS DE SCENE;SONY MUSIC;Albums;Double or;29/10/1991;19/04/1995;3 ans 6 mois
PATRICK CAPDEVIELLE;DEUX;SONY MUSIC;Albums;Double or;13/10/1980;19/04/1995;14 ans 8 mois
PATRICK CAPDEVIELLE;LES ENFANTS DES TENEBRES;SONY MUSIC;Albums;Double or;27/09/1979;19/04/1995;15 ans 9 mois
PAUL YOUNG;NO PARLEZ;SONY MUSIC;Albums;Double or;05/09/1983;19/04/1995;11 ans 9 mois
SANTANA;AMIGOS;SONY MUSIC;Albums;Double or;17/03/1976;19/04/1995;19 ans 4 mois
TOTO;THE SEVENTH ONE;SONY MUSIC;Albums;Double or;04/02/1988;19/04/1995;7 ans 3 mois
TRUST;MARCHE OU CREVE;SONY MUSIC;Albums;Double or;30/09/1981;19/04/1995;13 ans 8 mois
ERIC CLAPTON;FROM THE CRADLE;WEA/REPRISE;Albums;Double or;07/09/1994;19/02/1995;5 mois
LES ENFOIRES;AU GRAND REX;W.E.A./RESTOS DU COEUR;Albums;Double or;03/11/1994;19/02/1995;3 mois
RED HOT CHILI PEPPERS;BLOOD SUGAR SEX MAGIK;WEA/WARNER BROS;Albums;Double or;22/09/1991;19/02/1995;3 ans 5 mois
TROIS TENORS;PAVAROTTI/CARRERAS/DOMINGO;W.E.A./TELDEC;Albums;Double or;25/08/1994;19/02/1995;5 mois
MADONNA;SECRET;WEA/SIRE;Singles;Or;;19/02/1995;25 ans 6 mois
CHRIS ISAAK;BEST OF;WEA/WARNER BROS;Albums;Platine;17/02/1991;19/02/1995;4 ans
CLAUDE BRASSEUR;HISTOIRE RACONTEE LE ROI LION;SONY MUSIC/The Walt Disney Cie France;Albums;Platine;30/08/1994;12/02/1995;5 mois
JEAN FERRAT;FERRAT 95;SONY MUSIC/TEMEY;Albums;Platine;19/10/1994;12/02/1995;3 mois
COMPILATION;LE DISQUE D'OR DES FILMS DE WALT DISNEY;SONY MUSIC/THE WALT DISNEY Cie France;Albums;Or;04/10/1994;12/02/1995;4 mois
RAGE AGAINST THE MACHINE;BOMB TRACK;SONY MUSIC;Albums;Platine;04/11/1992;12/02/1995;2 ans 3 mois
SANTANA;THE BEST OF;SONY MUSIC;Albums;Platine;10/04/1991;12/02/1995;3 ans 10 mois
MARIAH CAREY;MUSIC BOX;SONY MUSIC;Albums;Diamant;24/08/1993;12/02/1995;1 an 5 mois
CESARIA EVORA;CESARIA;RCA/BMG France;Albums;Or;12/02/1995;12/02/1995;
B.O.F.;LE LION KING V.O.;SONY MUSIC/THE WALT DISNEY Cie France;Albums;Or;31/05/1994;12/02/1995;8 mois
B.O.F.;LE ROI LION V.F.;SONY MUSIC/THE WALT DISNEY Cie France;Albums;Or;30/08/1994;12/02/1995;5 mois
MARIAH CAREY;MTV UNPLUGGED;SONY MUSIC;Albums;Or;03/06/1992;02/02/1995;2 ans 8 mois
COMPILATION;LA + GRANDE DISCOTHEQUE DU MONDE VOL 9;POLYGRAM DIST/SCORPIO MUSIC;Albums;Platine;20/11/1994;31/01/1995;2 mois
COMPILATION;LA + GRANDE DISCOTHEQUE DU MONDE VOL 8;POLYGRAM DIST/SCORPIO MUSIC;Albums;Platine;22/03/1994;31/01/1995;10 mois
COMPILATION;DANCE MACHINE 4;POLYGRAM DISTRIBUTION/AIRPLAY;Albums;Platine;22/08/1994;31/01/1995;5 mois
COMPILATION;DANCE MACHINE 3;POLYGRAM DISTRIBUTION/AIRPLAY;Albums;Platine;24/01/1994;31/01/1995;1 an
COMPILATION;DANCE MACHINE 2;POLYGRAM DISTRIBUTION/AIRPLAY;Albums;Platine;24/01/1994;31/01/1995;1 an
COMPILATION;DANCE MACHINE GOLD;POLYGRAM DIST/PANIC;Albums;Or;05/12/1994;31/01/1995;1 mois
NIRVANA;NEVERMIND;BMG FRANCE/MCA;Albums;Double Platine;22/09/1991;31/01/1995;3 ans 4 mois
HADDAWAY;L'ALBUM;POLYGRAM DISTRIBUTION/SCORPIO;Albums;Or;13/09/1993;31/01/1995;1 an 4 mois
ICE MC;ICE' N' GREEN;POLYGRAM DISTRIBUTION/AIRPLAY;Albums;Or;17/10/1994;31/01/1995;3 mois
JEANE MANSON;SES PLUS BELLES CHANSONS;POLYGRAM DISTRIBUTION/ATOLL;Albums;Or;06/06/1994;31/01/1995;7 mois
COMPILATION;DANCE 94;POLYGRAM DISTRIBUTION;Albums;Double or;14/11/1994;31/01/1995;2 mois
FLORENT PAGNY;RESTER VRAI SIMPLE JE;MERCURY;Albums;Double or;21/03/1994;31/01/1995;10 mois
NIRVANA;UNPLUGGED IN NEW YORK;BMG FRANCE/MCA;Albums;Double or;30/10/1994;31/01/1995;3 mois
CORONA;THE RHYTHM OF THE NIGHT;POLYGRAM DISTRIBUTION/AIRPLAY;Singles;Or;22/02/1994;31/01/1995;11 mois
COMPILATION;TOP DU PERE NOEL;SONY MUSIC;Albums;Or;08/11/1993;20/12/1994;1 an 1 mois
COMPILATION;LEVI'S MUSIC;VIRGIN FRANCE;Albums;Or;31/10/1994;20/12/1994;1 mois
COMPILATION;SLOW 94;VIRGIN FRANCE;Albums;Or;31/10/1994;20/12/1994;1 mois
COMPILATION;TOP DES TOPS VOL.5;VIRGIN FRANCE;Albums;Or;31/10/1994;20/12/1994;1 mois
EUROPE;19821992;SONY MUSIC;Albums;Or;17/03/1994;20/12/1994;9 mois
HARRY CONNICK Jr;SHE;SONY MUSIC;Albums;Or;04/07/1994;20/12/1994;5 mois
INXS;THE GREATEST HITS;PHONOGRAM/MERCURY;Albums;Or;02/11/1994;20/12/1994;1 mois
JAMIROQUAI;THE RETURN OF THE SPACE COW BOY;SONY MUSIC;Albums;Or;09/10/1994;20/12/1994;2 mois
JEAN LOUIS AUBERT;UNE PAGE DE TOURNEE;VIRGIN FRANCE/LA LOUPE;Albums;Or;30/09/1994;20/12/1994;2 mois
JOHNNY HALLYDAY;ROUGH TOWN;PHONOGRAM/L. HALLYDAY PRODUCTIONS;Albums;Or;03/10/1994;20/12/1994;2 mois
MIKE OLDFIELD;THE BEST OF M. OLDFIELD;VIRGIN FRANCE/VIRGIN RECORDS LTD;Albums;Or;31/08/1993;20/12/1994;1 an 3 mois
PETER GABRIEL;SECRET WORLD LIVE;VIRGIN FRANCE/PETER GABRIEL LTD;Albums;Or;31/07/1994;20/12/1994;4 mois
KOOL AND THE GANG;ANTHOLOGY;PHONOGRAM/MERCURY;Albums;Double or;16/05/1994;20/12/1994;7 mois
SADE;THE BEST OF;SONY MUSIC;Albums;Double or;26/10/1994;20/12/1994;1 mois
ETIENNE DAHO;PARIS AILLEURS;VIRGIN France/VIRGIN FRANCE;Albums;Platine;09/10/1991;20/12/1994;3 ans 2 mois
RENAUD;A LA BELLE DE MAI;VIRGIN FRANCE/CECI CELA;Albums;Platine;31/10/1994;20/12/1994;1 mois
SIMPLE MINDS;GLITTERING PRIZE;VIRGIN FRANCE/VIRGIN RECORDS LTD;Albums;Platine;30/09/1992;20/12/1994;2 ans 3 mois
ALAIN SOUCHON;C'EST DEJA CA;VIRGIN FRANCE;Albums;Triple Platine;09/10/1993;20/12/1994;1 an 2 mois
DAVID BOWIE;SINGLES;EMI France/PARLOPHONE;Albums;Double or;07/11/1993;14/12/1994;1 an 1 mois
PAT BENATAR;THE VERY BEST OF;EMI France/CHRYSALIS;Albums;Double or;24/11/1994;14/12/1994;
THE BEATLES;LIVE AT THE BBC;EMI France/APPLE;Albums;Double or;24/11/1994;14/12/1994;
SANTANA;GREATEST HITS;SONY MUSIC;Albums;Double or;22/07/1974;14/12/1994;20 ans 8 mois
COMPILATION;LES ANNEES TWIST;ARIOLA/BMG France;Albums;Or;11/12/1994;11/12/1994;
CHANTAL GOYA;MARTINE PETITE MAMAN;V.P.C./EDITIONS ATLAS;Singles;Or;01/01/1994;07/12/1994;11 mois
ELVIS PRESLEY;ROMANTIQUE;BMG FRANCE/RCA;Albums;Or;22/08/1993;28/11/1994;1 an 3 mois
ENZO ENZO;DEUX;BMG FRANCE/RCA;Albums;Or;20/02/1994;28/11/1994;9 mois
JACQUES HIGELIN;AUX HEROS DE LA VOLTIGE;EMI FRANCE/EMI;Albums;Or;20/09/1994;28/11/1994;2 mois
JOHN LENNON;BEST OF;EMI FRANCE/EMI;Albums;Or;19/10/1994;28/11/1994;1 mois
LAURENT VOULZY;VOULZY TOUR;BMG FRANCE/ARIOLA;Albums;Or;13/11/1994;28/11/1994;
QUEEN;GREATEST HITS I & II;EMI FRANCE/EMI;Albums;Or;26/10/1994;28/11/1994;1 mois
I A M;JE DANSE LE MIA;VIRGIN/DELABLE;Singles;Or;13/02/1994;19/10/1994;8 mois
FLORENT PAGNY;RESTER VRAI;PHONOGRAM;Albums;Or;21/03/1994;19/10/1994;7 mois
CHRIS REA;THE BEST OF CHRIS REA;EAST WEST UK/EAST WEST France;Albums;Double or;19/10/1994;19/10/1994;
TONTON DAVID;ALLEZ LEUR DIRE;VIRGIN/DELABEL;Albums;Or;24/01/1994;19/10/1994;8 mois
LES NEGRESSES VERTES;FAMILLES NOMBREUSES;VIRGIN France/EDITIONS VIRGIN;Albums;Double or;31/10/1991;19/10/1994;3 ans
PASCAL OBISPO;UN JOUR COMME AUJOURD?HUI;EPIC/SONY MUSIC;Albums;Double or;02/10/1994;02/10/1994;
COMPILATION;MEGA MUSIC DANCE;BMG FRANCE/NN'B;Albums;Or;18/09/1994;20/09/1994;
JOE COCKER;HAVE A LITTLE FAITH;EMI FRANCE/CAPITOL;Albums;Or;31/08/1994;20/09/1994;
NATIVE;;BMG FRANCE/ARIOLA;Albums;Or;06/06/1993;20/09/1994;1 an 3 mois
PET SHOP BOYS;VERY;EMI FRANCE/PARLOPHONE;Albums;Or;26/09/1993;20/09/1994;11 mois
ROCH VOISINE;I'LL ALWAYS BE THERE;BMG FRANCE/E & P Georges MARY;Albums;Double or;24/10/1993;20/09/1994;11 mois
ERIC CLAPTON;FROM THE CRADDLE;REPRISE/WEA MUSIC;Albums;Double or;07/09/1994;07/09/1994;
DE PALMAS;LA DERNIERE ANNEE;CHRYSALIS/EMI Music France;Albums;Or;01/09/1994;01/09/1994;
DIRE STRAITS;BROTHERS IN ARMS;PHONOGRAM/VERTIGO;Albums;Diamant;12/05/1985;31/08/1994;9 ans 5 mois
JIMMY CLIFF;I CAN SEE;SONY MUSIC;Singles;Or;20/04/1994;29/08/1994;4 mois
CELINE DION;COLOR OF MY LOVE;SONY MUSIC;Albums;Or;09/02/1994;29/08/1994;6 mois
COMPILATION;BOULEVARD DES HITS 19;SONY MUSIC;Albums;Or;17/08/1994;29/08/1994;
COMPILATION;CULTURE DANCE 4;SOINY MUSIC/SONY MUSIC;Albums;Or;19/05/1994;29/08/1994;3 mois
SIMON & GARFUNKEL;THE DEFINITIVE;SONY MUSIC;Albums;Platine;12/12/1991;29/08/1994;2 ans 9 mois
FRANCIS CABREL;SAMEDI SOIR SUR LA TERRE;SONY MUSIC;Albums;Diamant;28/09/1994;29/08/1994;1 mois
FREDDIE MERCURY;F. MERCURY ALBUM;EMI France/PARLOPHONE;Albums;Double Platine;16/11/1992;22/08/1994;1 an 9 mois
BILLY ZE KICK;MANGEZ-MOI;PHONOGRAM/SHA MAN;Albums;Or;16/05/1994;17/08/1994;3 mois
MARVIN GAYE;THE VERY BEST OF;POLYDOR/MOTOWN;Albums;Or;04/04/1994;17/08/1994;4 mois
MC SOLAAR;PROSE COMBAT;POLYDOR;Albums;Double or;08/02/1994;17/08/1994;6 mois
TEXAS;RICK'S ROAD;PHONOGRAM/MERCURY;Albums;Double or;02/11/1993;17/08/1994;9 mois
EDDY MITCHELL;RIO GRANDE;POLYDOR;Albums;Platine;13/06/1993;17/08/1994;1 an 2 mois
BOMBTRACK;RAGE AGAINST THE MACHINE;SONY MUSIC;Albums;Or;04/11/1992;08/08/1994;1 an 9 mois
Z Z TOP;ANTENNA;BMG FRANCE/RCA;Albums;Or;23/01/1994;10/07/1994;5 mois
POW WOW;COMME UN GUETTEUR;REMARK RECORDS/PEEKABOO;Albums;Double or;13/09/1993;10/07/1994;10 mois
EAST 17;IT'S ALL RIGHT;BARCLAY/LONDON;Singles;Or;15/02/1994;30/06/1994;4 mois
ABBA;ABBA MORE GOLD;POLYGRAM/POLYDOR/POLYDOR;Albums;Or;28/06/1993;25/04/1994;10 mois
B.O.F.;L'ARME FATALE;W.E.A./REPRISE;Albums;Or;14/06/1992;25/04/1994;1 an 10 mois
CHRISTOPHER CROSS;BEST OF;W.E.A./WARNER COPROD;Albums;Or;13/10/1991;25/04/1994;2 ans 6 mois
EDDY MITCHELL;CASINO DE PARIS;POLYGRAM/POLYDOR/POLYDOR;Albums;Or;03/11/1991;25/04/1994;2 ans 6 mois
FRANCE GALL;REBRANCHEE BERCY 93;W.E.A./APACHE;Albums;Or;27/01/1994;25/04/1994;2 mois
PAUL PERSONNE;COMME A LA MAISON;POLYGRAM/POLYDOR/POLYDOR;Albums;Or;15/06/1992;25/04/1994;1 an 10 mois
SERGE REGGIANI;COMPILATION;POLYGRAM/POLYDOR/POLYDOR;Albums;Or;23/11/1992;25/04/1994;1 an 5 mois
STARMANIA;MOGADOR;W.E.A./GILBERT COULIER Prod;Albums;Or;24/02/1994;25/04/1994;2 mois
SUPERTRAMP;THE VERY BEST OF;POLYGRAM/POLYDOR/A & M RECORDS;Albums;Or;09/11/1992;25/04/1994;1 an 5 mois
VERONIQUE SANSON;ZENITH 93;W.E.A./VERONIQUE SANSON;Albums;Or;09/11/1993;25/04/1994;5 mois
BEE GEES;SUCCESS STORY;PLOYGRAM/POLYDOR/POLYGRAM INTER.;Albums;Double or;19/10/1992;25/04/1994;1 an 6 mois
THE POGUES;BEST OF;WEA/WEA ANGLETERRE;Albums;Or;13/10/1991;25/04/1994;2 ans 6 mois
FRANKIE GOES TO HOLLYWOOD;BEST OF;W.E.A./ANGLETERRE;Albums;Double or;14/10/1993;25/04/1994;6 mois
JIMMY HENDRIX;ULTIMATE EXPERIENCE;POLYGRAM/POLYDOR/POLYGRAM INTER.;Albums;Double or;26/10/1992;25/04/1994;1 an 6 mois
MYLENE FARMER;DANCE REMIXES;POLYGRAM/POLYDOR/TOUTANKHAMON;Albums;Double or;23/11/1992;25/04/1994;1 an 5 mois
R.E.M.;AUTOMATIC FOR THE PEOPLE;W.E.A./WARNER BROS;Albums;Double or;30/09/1992;25/04/1994;1 an 7 mois
STING;TEN SUMMONER'S TALES;POLYGRAM/POLYDOR/A & M RECORDS;Albums;Double or;01/03/1993;25/04/1994;1 an 2 mois
BRYAN ADAMS;SO FAR SO GOOD;POLYGRAM/POLYDOR/A & M RECORDS;Albums;Platine;08/11/1993;25/04/1994;5 mois
M.C. SOLAAR;QUI SEME LE VENT;POLYGRAM/POLYDOR/POLYDOR;Albums;Platine;14/10/1991;25/04/1994;2 ans 6 mois
MAURANE;AMI OU ENNEMI;POLYGRAM/POLYDOR/POLYDOR;Albums;Platine;21/10/1991;25/04/1994;2 ans 6 mois
POLICE;GREATEST HITS;POLYGRAM/POLYDOR/A & M RECORDS;Albums;Platine;28/09/1992;25/04/1994;1 an 7 mois
LIONEL RICHIE;BACK TO FRONT;POLYGRAM/POLYDOR/MOTOWN;Albums;Triple Platine;04/05/1992;25/04/1994;2 ans
Charlie & Eddie;Shine;EMI France/Capitol;Singles;Or;14/10/1993;17/04/1994;6 mois
COMPILATION;TOP DES TOPS VOL3;EMI FRANCE;Albums;Or;31/03/1994;17/04/1994;
POWER BEAT;COMPILATION;SONY MUSIC;Albums;Or;01/02/1994;17/04/1994;2 mois
COMPILATION;TOP D.J. 2;SONY MUSIC;Albums;Platine;17/11/1993;17/04/1994;5 mois
FRANCIS CABREL;QUELQU'UN DE L'INTERIEUR;SONY MUSIC;Albums;Platine;06/07/1987;17/04/1994;6 ans 10 mois
FRANCIS CABREL;MURS DE POUSSIERE;SONY MUSIC;Albums;Platine;13/09/1977;17/04/1994;16 ans 10 mois
FRANCIS CABREL;CARTE POSTALE;SONY MUSIC;Albums;Double Platine;09/07/1987;17/04/1994;6 ans 10 mois
FRANCIS CABREL;FRAGILE;SONY MUSIC;Albums;Double Platine;16/07/1987;17/04/1994;6 ans 10 mois
JIMMY CLIFF;THE BEST;SONY MUSIC;Albums;Or;08/09/1993;07/02/1994;5 mois
DAVE BRUBECK;TIME OUT;SONY MUSIC;Albums;Double or;31/10/1963;07/02/1994;30 ans 8 mois
REM;EVERYBODY HURTS;W.E.A. MUSIC/WARNER BROS;Singles;Or;08/07/1993;17/01/1994;6 mois
COMPILATION;TOP D.J. Vol 2;SONY MUSIC;Albums;Platine;17/11/1993;17/01/1994;2 mois
SOLENSI;SOLENSI;W.E.A. MUSIC/SOLENSI;Albums;Platine;18/11/1993;17/01/1994;2 mois
LAGAF;ECLATS DE RIRE;W.E.A. MUSIC/HUBERT HERVE LAGAF;Vidéos;Triple Platine;14/10/1992;17/01/1994;1 an 3 mois
EDITH PIAF;30 EME ANNIVERSAIRE;EMI France/EMI France;Vidéos;Or;06/09/1993;11/01/1994;4 mois
LES DINOSAURES;LES DINOSAURES;EMI France;Vidéos;Platine;23/08/1993;10/01/1994;4 mois
MIKE BRANT;15 EME ANNIVERSAIRE;EMI France;Vidéos;Double Platine;23/09/1993;10/01/1994;3 mois
JEAN LOUIS AUBERT;H;VIRGIN;Albums;Or;11/06/1993;21/12/1993;6 mois
FREDERIC FRANCOIS;TZIGANE;BMG FRANCE/B.M.B.;Albums;Or;19/09/1993;16/12/1993;2 mois
BARRY WHITE;LOVE FOREVER;SONY MUSIC;Albums;Or;01/01/1993;14/12/1993;11 mois
ALAIN BASHUNG;OSEZ JOSEPHINE;BARCLAY;Albums;Platine;01/01/1991;30/11/1993;2 ans 11 mois
THE CHRISTIANS;THE BEST OF;ISLAND;Albums;Or;;22/11/1993;24 ans 2 mois
COMPILATION;LE TOP DU PERE NO;VERSAILLES/SONY MUSIC;Albums;Or;08/11/1993;08/11/1993;
FRANCE GALL;SIMPLE-JE ZENITH 93;W.E.A. MUSIC/APACHE/CMBM;Albums;Or;17/01/1994;28/10/1993;2 mois
LAURA PAUSINI;LAURA PAUSINI;C.G.D./EAST WEST France;Albums;Or;21/10/1993;21/10/1993;
FANKIES GOES TO HOLLYWOOD;BEST OF;WEA UK/WEA MUSIC;Albums;Platine;14/10/1993;14/10/1993;
JACQUES BREL;KNOKKE;BARCLAY;Albums;Or;11/10/1993;11/10/1993;
BON JOVI;KEEP THE FAITH;PHONOGRAM;Albums;Or;29/10/1992;05/10/1993;11 mois
2 UNLIMITED;NO LIMITS;POLYGRAM;Albums;Or;10/05/1993;12/07/1993;2 mois
ARETHA FRANKLIN;20 GREATEST HITS;CARRERE;Albums;Or;13/08/1987;08/06/1993;5 ans 10 mois
LED ZEPPELIN;REMASTERS VOL. 1;ATLANTIC/EAST WEST France;Albums;Double or;03/06/1993;03/06/1993;
THE CRANBERRIES;EVERYBODY ELSE IS DOING IT SO WHY CAN?T WE;ISLAND/POLYGRAM;Albums;Or;01/03/1993;01/03/1993;
BARBARA HENDRICKS;AIRS SACRES;EMI;Albums;Or;01/01/1987;21/01/1993;6 ans 1 mois
BILLY JOEL;Greatest Hits: Volume I and Volume II;SONY MUSIC;Albums;Or;01/01/1985;19/01/1993;8 ans 2 mois
INDRA;TOGETHER TONIGHT;ORLANDO/EAST WEST France;Albums;Or;09/12/1992;09/12/1992;
COMPILATION;BEST OF JAMES BOND;EMI USA/EMI France;Albums;Or;19/10/1992;19/10/1992;
NIRVANA;INCESTICIDE;BMG FRANCE/GEFFEN;Albums;Or;20/01/1992;16/10/1992;9 mois
PHIL COLLINS;SERIOUS HITS LIVE;WEA/;Albums;Diamant;04/11/1990;04/11/1990;
JEAN LOUIS AUBERT;PLATRE ET CIMENT;VIRGIN;Albums;Or;01/02/1987;04/09/1990;3 ans 7 mois
LES VAGABONDS;NOS PLUS BELLES ANNEES;ORLANDO/EAST WEST France;Albums;Double or;04/07/1990;04/07/1990;
VANESSA PARADIS;VARIATIONS SUR LE MEME THEME;REMARK/ISLAND;Albums;Platine;27/05/1990;27/05/1990;
BANANARAMA;GREATEST HITS;POLYDOR;Albums;Or;01/10/1988;14/11/1989;1 an 1 mois
GEORGES BRASSENS;LES COPAINS D'ABORD;PHONOGRAM;Albums;Or;01/01/1964;11/11/1989;26 ans 2 mois
SHEILA;LES PLUS GRANDS SUCCES;EAST WEST France;Albums;Or;16/10/1989;16/10/1989;
NIAGARA;/ QUEL ENFER !;POLYDOR / UNIVERSAL MUSIC FRANCE;Albums;Double or;18/04/1988;06/09/1989;1 an 4 mois
COMPILATION;RHYTHM & BLUES;ATLANTIC/EAST WEST France;Albums;Double or;01/05/1989;01/05/1989;
CHARLES AZNAVOUR;AUTOBIOGRAPHIE;BARCLAY;Albums;Or;01/01/1980;08/03/1989;9 ans 3 mois
ETIENNE DAHO;POUR NOS VIES MARTIENNES;VIRGIN / EMI;Albums;Platine;01/06/1988;31/01/1989;8 mois
BROS;PUSH;CBS / SONY MUSIC;Albums;Or;04/04/1988;19/12/1988;8 mois
BARBRA STREISAND;GUILTY;CBS;Albums;Double Platine;23/09/1980;12/12/1988;8 ans 4 mois
BRUCE SPRINGSTEEN;BORN IN THE USA;COLUMBIA / SONY MUSIC;Albums;Platine;03/06/1984;17/11/1988;4 ans 6 mois
CHRIS REA;BEST OF NEW LIGHT;EAST WEST UK/EAST WEST France;Albums;Or;23/10/1988;23/10/1988;
MIREILLE MATHIEU;LES PLUS GRANDS SUCCES;ABILENE/EAST WEST France;Albums;Double or;18/10/1988;18/10/1988;
ALPHA BLONDY;REVOLUTION;PATHE;Albums;Or;01/01/1987;06/09/1988;1 an 8 mois
PIERRE BACHELET;VINGT ANS;RCA;Albums;Platine;01/01/1987;18/08/1988;1 an 7 mois
VANESSA PARADIS;M & J;REMARK/POLYGRAM;Albums;Platine;12/06/1988;12/06/1988;
BLACK;WONDERFUL LIFE;POLYDOR;Albums;Or;01/01/1986;20/04/1988;2 ans 4 mois
AHA;SCOUNDREL DAYS;WEA;Albums;Platine;06/10/1986;27/12/1987;1 an 2 mois
BASIA;TIME AND TIDE;CBS;Albums;Or;03/04/1987;10/12/1987;8 mois
JANE BIRKIN;BABY ALONE IN BABYLONE;PHONOGRAM;Albums;Or;01/10/1983;18/11/1987;4 ans 2 mois
ALPHA BLONDY;JERUSALEM;PATHE;Albums;Or;01/01/1986;18/11/1987;1 an 10 mois
AHA;HUNTING HIGH AND LOW;WEA;Albums;Platine;01/06/1985;29/10/1987;2 ans 5 mois
PHILIPPE LAVIL;BEST OF;ARIOLA/BMG France;Albums;Double or;05/10/1987;05/10/1987;
BARRY WHITE;THE RIGHT NIGHT;POLYDOR INTERNATIONAL/POLYDOR;Albums;Double or;27/09/1987;27/09/1987;
ETIENNE DAHO;POP SATORI;VIRGIN / EMI;Albums;Platine;01/04/1986;18/08/1987;1 an 4 mois
ARETHA FRANKLIN;20 GREATEST HITS;ATLANTIC/EAST WEST France;Albums;Double or;16/08/1987;16/08/1987;
DEEP PURPLE;MACHINE HEAD;PURPLE/EMI France;Albums;Or;12/03/1987;12/03/1987;
JACQUES BREL;LA VALSE A MILLE TEMPS;PHONOGRAM;Albums;Or;01/10/1959;11/05/1982;22 ans 11 mois
AC/DC;HIGHWAY TO HELL;WEA;Albums;Platine;27/07/1979;01/12/1981;2 ans 4 mois
BRASIL TROPICAL SOUND;BRASIL;EMI;Albums;Or;01/01/1975;01/05/1981;6 ans 5 mois
BETTE MIDLER;BOF THE ROSE;WEA;Albums;Or;03/12/1979;05/11/1980;11 mois
AC/DC;HIGH VOLTAGE;WEA;Albums;Or;30/04/1976;05/11/1980;4 ans 7 mois
AC/DC;POWERAGE;WEA;Albums;Or;05/05/1978;05/11/1980;2 ans 6 mois
AMERICA;A HORSE WITH NO NAME;WEA;Albums;Or;01/01/1975;05/11/1980;5 ans 11 mois
GEORGES BRASSENS;FERNANDE;PHONOGRAM;Albums;Platine;01/01/1972;01/06/1980;8 ans 6 mois
APHRODITE'S CHILD;IT'S FIVE O'CLOCK;IMPACT;Albums;Or;01/01/1969;29/01/1980;11 ans 2 mois
AC/DC;IF YOU WANT BLOOD YOU'VE GOT IT;WEA;Albums;Or;13/10/1978;23/01/1980;1 an 3 mois
AC/DC;LET THERE BE ROCK;WEA;Albums;Or;23/06/1977;23/01/1980;2 ans 7 mois
JACQUES BREL;LE PLAT PAYS;BARCLAY;Albums;Or;01/01/1978;20/09/1979;1 an 8 mois
BILLY JOEL;52nd STREET;CBS;Albums;Or;13/10/1978;10/09/1979;11 mois
JIMMY HENDRIX;ELECTRIC LADYLAND;POLYDOR International/POLYDOR;Albums;Or;14/03/1979;14/03/1979;
AMANDA LEAR;SWEET REVENGE;WEA;Albums;Or;01/01/1978;30/01/1979;1 an 1 mois
DANIEL BALAVOINE;LE CHANTEUR;BARCLAY/UNIVERSAL MUSIC France;Albums;Or;01/06/1978;22/12/1978;6 mois
BOB DYLAN;STREET LEGAL;CBS;Albums;Or;15/06/1978;22/09/1978;3 mois
THE BEATLES;ROCK AND ROLL MUSIC;PATHE;Albums;Or;07/06/1976;19/07/1978;2 ans 1 mois
THE BEATLES;Sgt. Pepper's Lonely Hearts Club Band;PATHE;Albums;Or;01/06/1967;19/07/1978;11 ans 3 mois
THE BEATLES;AIN'T THE SWEET;IMPACT;Albums;Or;05/10/1964;03/03/1978;13 ans 7 mois
ADRIANO CELENTANO;DISCO DANCE;WEA;Albums;Or;01/01/1977;09/01/1978;1 an
THE BEATLES;AT THE HOLLYWOOD BOWL;PATHE;Albums;Or;04/05/1977;01/06/1977;
THE BEATLES;LET IT BE;PATHE;Albums;Or;08/05/1970;07/03/1977;6 ans 11 mois
GEORGES BRASSENS;JE ME SUIS FAIT TOUT PETIT;PHONOGRAM;Albums;Or;01/01/1956;01/01/1976;20 ans 3 mois
GEORGES BRASSENS;LA MAUVAISE REPUTATION;PHONOGRAM;Albums;Or;01/01/1952;01/01/1976;24 ans 4 mois
GEORGES BRASSENS;LE PORNOGRAPHE;PHONOGRAM;Albums;Or;01/01/1958;01/01/1976;18 ans 3 mois
GEORGES BRASSENS;LES TROMPETTES DE LA RENOMEE;PHONOGRAM;Albums;Or;01/01/1962;01/01/1976;14 ans 2 mois
GEORGES BRASSENS;SUPPLIQUE POUR ETRE ENTERRE A LA PLAGE DE SETE;PHONOGRAM;Albums;Or;01/01/1966;01/01/1976;10 ans 1 mois
GRAEME ALLWRIGHT;LE JOUR DE CLARTE;MERCURY / UNIVERSAL MUSIC FRANCE;Albums;Or;;01/01/1976;6 ans 1 mois
ANGE;AU DELA DU DELIRE;PHONOGRAM;Albums;Or;01/01/1974;01/01/1976;2 ans
DUA LIPA;PHYSICAL;Warner Records UK	 / WARNER MUSIC FRANCE;Singles;Platine;21/06/2020;04/12/2020;5 mois
ROMÉO ELVIS;SOLEIL;Universal Music Division Island Def Jam	/ UNIVERSAL MUSIC FRANCE;Singles;Diamant;12/04/2019;04/12/2020;1 an 8 mois
DUBDOGZ & BHASKAR;INFINITY;Spinnin' Records / WARNER MUSIC FRANCE;Singles;Or;30/01/2020;04/12/2020;10 mois
KOBA LAD FEAT. MAES & ZED;COFFRE PLEIN;Grinta Records/ Millenium / UNIVERSAL MUSIC FRANCE;Singles;Or;22/10/2020;04/12/2020;1 mois
DADJU FEAT. TIAKOLA;DIEU MERCI;POLYDOR / UNIVERSAL MUSIC FRANCE;Singles;Or;08/10/2020;04/12/2020;1 mois
ZOLA FEAT. NINHO;PAPERS;AWA / SONY MUSIC ENTERTAINMENT;Singles;Diamant;05/04/2019;27/11/2020;1 an 8 mois
ANGÈLE;LA THUNE;ANGELE VL RECORDS / UNIVERSAL MUSIC FRANCE;Singles;Diamant;31/08/2018;27/11/2020;2 ans 3 mois
SEAN PAUL & DAVID GUETTA FEAT. BECKY G;MAD LOVE;Island / UNIVERSAL MUSIC FRANCE;Singles;Platine;16/02/2018;27/11/2020;2 ans 9 mois
AFRO B;DROGBA (JOANNA);Marathon Artists / BELIEVE;Singles;Or;16/02/2018;27/11/2020;2 ans 9 mois
SOPRANO;FRAGILE;REC. 118	/ WARNER MUSIC FRANCE;Singles;Or;09/11/2018;27/11/2020;2 ans
DUA LIPA FEAT. ANGÈLE;FEVER;Warner Records / WARNER MUSIC FRANCE;Singles;Or;29/10/2020;27/11/2020;
MAES;POLICE;Universal Music Division Capitol Music F / UNIVERSAL MUSIC FRANCE;Singles;Or;16/01/2020;27/11/2020;10 mois
INTERNET MONEY & GUNNA FEAT. DON TOLIVER & NAV;LEMONADE;Internet Money Records / TenThousand Proj	 / UNIVERSAL MUSIC FRANCE;Singles;Or;14/08/2020;27/11/2020;3 mois
MAES;ETOILE;Universal Music Division Capitol Music F / UNIVERSAL MUSIC FRANCE;Singles;Or;16/01/2020;27/11/2020;10 mois
ALAN WALKER, NOAH CYRUS & DIGITAL FARM ANIMALS;ALL FALLS DOWN;MER Recordings / SONY MUSIC ENTERTAINMENT;Singles;Or;27/10/2017;27/11/2020;3 ans 1 mois
IMAGINE DRAGONS;WHATEVER IT TAKES;UNIVERSAL MUSIC DIVISION POLYDOR / UNIVERSAL MUSIC FRANCE;Singles;Diamant;23/06/2017;20/11/2020;3 ans 5 mois
S.PRI NOIR & ALONZO;MAMAN DORT;MI6/Allpoints / BELIEVE;Singles;Or;17/04/2020;20/11/2020;7 mois
DAMSO;911;TRENTE-QUATRE CENTIMES / UNIVERSAL MUSIC FRANCE;Singles;Or;17/09/2020;20/11/2020;2 mois
OBOY;CABEZA;SYNDICATE RECORDS / BELIEVE;Singles;Platine;03/07/2020;13/11/2020;4 mois
NICKY JAM;EL AMANTE;SONY MUSIC LATIN / SONY MUSIC ENTERTAINMENT;Singles;Or;16/01/2017;13/11/2020;3 ans 10 mois
THERAPIE TAXI;COMA IDYLLIQUE;PANENKA MUSIC / WAGRAM;Singles;Or;14/02/2017;13/11/2020;3 ans 9 mois
AYA NAKAMURA;JOLIE NANA;REC. 118	 / WARNER MUSIC FRANCE;Singles;Diamant;17/07/2020;13/11/2020;3 mois
UZI;À LA FÊTE;SportBack Records	/ UNIVERSAL MUSIC FRANCE;Singles;Platine;25/06/2020;06/11/2020;4 mois
VITAA & SLIMANE;AVANT TOI;Universal Music Division Island Def Jam	 / UNIVERSAL MUSIC FRANCE;Singles;Diamant;22/08/2019;06/11/2020;1 an 2 mois
RILÈS;IN THE JUNGLE;RILÃSUNDAYZ  \ Tunecore;Singles;Or;03/02/2017;06/11/2020;3 ans 9 mois
PLK FEAT. NEKFEU;WAOW;PANENKA MUSIC / WAGRAM;Singles;Or;01/02/2019;06/11/2020;1 an 9 mois
HORNET LA FRAPPE;TOURNER LA TÊTE;REC. 118	/ WARNER MUSIC FRANCE;Singles;Or;03/07/2020;06/11/2020;4 mois
MEEK MILL FEAT. DRAKE;GOING BAD;MMG / Atlantic / WARNER MUSIC FRANCE;Singles;Or;30/11/2018;06/11/2020;1 an 11 mois
JUL;JE TOURNE EN ROND;LIGA ONE INDUSTRY / BELIEVE;Albums;Double Platine;08/06/2015;01/11/2020;5 ans 5 mois
TAYC;N'Y PENSE PLUS;WM FR Affiliated /Play Two /WARNER MUSIC FRANCE;Singles;Platine;19/06/2020;30/10/2020;4 mois
POST MALONE & SWAE LEE;SUNFLOWER;MOTOWN / UNIVERSAL MUSIC FRANCE;Singles;Platine;18/10/2018;09/10/2020;2 ans
MARSHMELLO & ANNE-MARIE;FRIENDS;ATLANTIC RECORDS UK / WARNER MUSIC FRANCE;Singles;Diamant;09/02/2018;02/10/2020;2 ans 8 mois
FREEZE CORLEONE;LMF;MANGEMORT SQUAD / UNIVERSAL MUSIC FRANCE;Albums;Or;11/09/2020;02/10/2020;
RÉMY FEAT LETO;ALIBI;ISLAND DEF JAM / UNIVERSAL MUSIC FRANCE;Singles;Or;23/10/2019;02/10/2020;11 mois
LIL PEEP;SAVE THAT SHIT;LIL PEEP;Singles;Or;11/08/2017;02/10/2020;3 ans 2 mois
JOHNNY HALLYDAY;L'ALBUM DE SA VIE 100 TITRES;MERCURY RECORDS/ UNIVERSAL MUSIC FRANCE;Albums;Double Platine;28/09/2018;02/10/2020;2 ans
AYA NAKAMURA;NAKAMURA;REC. 118 / WARNER MUSIC FRANCE;Albums;Diamant;02/11/2018;02/10/2020;1 an 11 mois
MAÎTRE GIMS;EST-CE QUE TU M'AIMES ?;JIVE EPIC / SONY MUSIC ENTERTAINMENT;Singles;Platine;26/08/2016;02/10/2020;4 ans 1 mois
JAWSH 685 & JASON DERULO;SAVAGE LOVE (LAXED - SIREN BEAT);COLUMBIA / SONY MUSIC ENTERTAINMENT;Singles;Platine;09/06/2020;02/10/2020;3 mois
MARTIN SOLVEIG FEAT ALMA;ALL STARS;CAPITOL / UNIVERSAL MUSIC FRANCE;Singles;Diamant;16/06/2017;02/10/2020;3 ans 4 mois
JUL;JE TROUVE PAS LE SOMMEIL;LIGA ONE INDUSTRY / BELIEVE;Albums;Double Platine;08/12/2014;01/10/2020;5 ans 10 mois
CASSEURS FLOWTERS;06H16 - DES HISTOIRES A RACONTER;3EME BUREAU / WAGRAM;Singles;Or;18/11/2013;01/10/2020;6 ans 11 mois
HUGO TSR;FENETRE SUR RUE;CHAMBRE FROIDE / PIAS;Albums;Or;05/11/2012;29/09/2020;8 ans
M. POKORA;PYRAMIDE;TF1 ENTERTAINMENT / SONY MUSIC ENTERTAINMENT;Albums;Triple Platine;12/04/2019;25/09/2020;1 an 5 mois
MARWA LOUD;MY LIFE;BECAUSE / UNIVERSAL MUSIC FRANCE;Albums;Or;14/06/2019;25/09/2020;1 an 3 mois
MULTI-INTERPRÈTES;CINQUANTE NUANCES PLUS SOMBRES;DEF JAM	/ UNIVERSAL MUSIC FRANCE;Albums;Platine;10/02/2017;25/09/2020;3 ans 8 mois
FRANGLISH FEAT. TORY LANEZ;MY SALSA;ISLAND DEF JAM / UNIVERSAL MUSIC FRANCE;Singles;Platine;11/06/2020;25/09/2020;3 mois
BOLÉMVN FEAT. MAES;10K;Universal Music Division Capitol Music F / UNIVERSAL MUSIC FRANCE;Singles;Platine;28/05/2020;25/09/2020;4 mois
ANGÈLE;OUI OU NON;ANGELE VL RECORDS / UNIVERSAL MUSIC FRANCE;Singles;Diamant;07/11/2019;25/09/2020;10 mois
LARRY;SACOCHE;GOTHVM RECORDS / SONY MUSIC ENTERTAINMENT;Singles;Or;07/06/2019;25/09/2020;1 an 3 mois
DAMSO;PERPLEXE;Universal Music Division Capitol Music F / UNIVERSAL MUSIC FRANCE;Singles;Or;15/06/2018;25/09/2020;2 ans 3 mois
LSD FEAT. SIA, DIPLO & LABRINTH;GENIUS;Records/Columbia / SONY MUSIC ENTERTAINMENT;Singles;Or;03/05/2018;25/09/2020;2 ans 5 mois
TOPIC FEAT. A7S;BREAKING ME;VIRGIN / UNIVERSAL MUSIC FRANCE;Singles;Platine;19/12/2019;18/09/2020;9 mois
JUL FEAT. SCH, NAPS, KOFS, ELAMS, SOLDA, HOUARI & SOSO MANES;BANDE ORGANISÉE;Rien 100 Rien / BELIEVE;Singles;Diamant;14/08/2020;18/09/2020;1 mois
KLEM SCHEN;MESSAGE;n.a. / DISTROKID;Singles;Or;01/04/2019;18/09/2020;1 an 5 mois
ROBIN SCHULZ & WES;ALANE;WM GERMANY / WARNER MUSIC FRANCE;Singles;Or;19/06/2020;18/09/2020;3 mois
MAES;ELVIRA;Universal Music Division Capitol Music F / UNIVERSAL MUSIC FRANCE;Singles;Or;16/01/2020;18/09/2020;8 mois
47TER;ON AVAIT DIT;Label entrecôte / SONY MUSIC ENTERTAINMENT;Singles;Or;25/10/2019;18/09/2020;10 mois
DADJU FEAT. NINHO;GRAND BAIN;POLYDOR / UNIVERSAL MUSIC FRANCE;Singles;Diamant;20/12/2019;18/09/2020;9 mois
PNL;ZOULOU TCHAING;QLF RECORDS / BELIEVE;Singles;Platine;05/04/2019;18/09/2020;1 an 5 mois
BECKY G & NATTI NATASHA;SIN PIJAMA;SONY MUSIC LATIN / SONY MUSIC ENTERTAINMENT;Singles;Or;20/04/2018;28/08/2020;2 ans 4 mois
DRAKE FEAT. RICK ROSS	E;MONEY IN THE GRAV;UNIVERSAL MUSIC FRANCE;Singles;Or;14/06/2019;28/08/2020;1 an 2 mois
IMEN ES FEAT. ALONZO;1ÈRE FOIS;Universal Music Distribution Deal /  UNIVERSAL MUSIC FRANCE;Singles;Platine;14/02/2020;28/08/2020;6 mois
KAROL G & NICKI MINAJ;TUSA;UNIVERSAL MUSIC FRANCE;Singles;Diamant;07/11/2019;28/08/2020;9 mois
BIGFLO & OLI;LA VRAIE VIE;POLYDOR / UNIVERSAL MUSIC FRANCE;Albums;Diamant;23/06/2017;28/08/2020;3 ans 2 mois
ELSA ESNOULT;4;JLA PRODUCTIONS / WAGRAM;Albums;Or;23/08/2019;21/08/2020;1 an
VARIOUS;SKYROCK 2017;SMART / SONY MUSIC ENTERTAINMENT;Albums;Or;16/12/2016;21/08/2020;3 ans 8 mois
BLACK EYED PEAS, OZUNA & J. REY SOUL;MAMACITA;UNIVERSAL MUSIC DIVISION POLYDOR	 / UNIVERSAL MUSIC FRANCE;Singles;Platine;09/04/2020;21/08/2020;4 mois
DABABY FEAT. RODDY RICCH;ROCKSTAR;South Coast Music Group/Interscope Records / UNIVERSAL MUSIC FRANCE;Singles;Platine;17/04/2020;21/08/2020;4 mois
BENEE FEAT. GUS DAPPERTON;SUPALONELY;MOTOWN / UNIVERSAL MUSIC FRANCE;Singles;Or;15/11/2019;21/08/2020;9 mois
JULIETTE ARMANET;L'INDIEN;UNIVERSAL MUSIC DIVISION BARCLAY / UNIVERSAL MUSIC FRANCE;Singles;Or;02/11/2018;21/08/2020;1 an 9 mois
NEKFEU FEAT. ALPHA WANN;COMPTE LES HOMMES;SEINE ZOO RECORDS /  UNIVERSAL  DIVISION POLYDOR;Singles;Or;21/06/2019;21/08/2020;1 an 2 mois
IMAGINE DRAGONS;BIRDS;Kid Ina Korner / Interscope / UNIVERSAL MUSIC FRANCE;Singles;Platine;09/11/2018;21/08/2020;1 an 9 mois
KYGO & MIGUEL;REMIND ME TO FORGET;KYGO / SONY MUSIC;Singles;Platine;16/03/2018;21/08/2020;2 ans 5 mois
LARTISTE;FENOMENO;SIX O NINE / BELIEVE;Albums;Platine;30/03/2015;21/08/2020;5 ans 5 mois
JEANNE ADDED;RADIATE;NAIVE / BELIEVE;Albums;Or;14/09/2018;21/08/2020;1 an 11 mois
ADELE;LIVE AT THE ROYAL ALBERT HALL;COLUMBIA/LEGACY / SONY MUSIC ENTERTAINMENT;Vidéos;Or;07/04/2017;14/08/2020;3 ans 4 mois
LIL NAS X;7 EP;COLUMBIA / SONY MUSIC ENTERTAINMENT;Albums;Or;21/06/2019;14/08/2020;1 an 2 mois
ORELSAN;DÉFAITE DE FAMILLE;Wagram Music / 3ème Bureau / WAGRAM;Singles;Diamant;16/11/2018;14/08/2020;1 an 9 mois
VALD;POSSÉDÉ;MILLENIUM / UNIVERSAL MUSIC FRANCE;Singles;Or;02/02/2018;14/08/2020;2 ans 6 mois
KEBLACK;TCHOP;Mukongo Business / BELIEVE;Singles;Or;28/06/2019;14/08/2020;1 an 1 mois
GAMBI;MACINTOSH;REC. 118 / WARNER MUSIC FRANCE;Singles;Or;18/06/2020;14/08/2020;1 mois
MULTI INTERPRETES;RTL2 20 ANS ET PLUS;UMSM / UNIVERSAL;Albums;Platine;02/12/2016;07/08/2020;3 ans 8 mois
CLAUDIO CAPEO;TANT QUE RIEN NE M'ARRÊTE;JO & CO / SONY MUSIC FRANCE;Albums;Double Platine;07/12/2018;07/08/2020;1 an 8 mois
HATIK;CHAISE PLIANTE;Low Wood / UNIVERSAL MUSIC FRANCE;Albums;Platine;30/08/2019;07/08/2020;11 mois
LES ENFOIRÉS;LES ENFOIRÉS 2020;COLUMBIA / SONY MUSIC FRANCE;Albums;Double Platine;07/03/2020;07/08/2020;5 mois
CHILDISH GAMBINO;THIS IS AMERICA;Wolf+Rothstein/RCA Records / SONY MUSIC ENTERTAINMENT;Singles;Or;08/05/2018;07/08/2020;2 ans 3 mois
KPOINT FEAT. NINHO;MA 6T A CRAQUÉ;REC. 118 / 432 INC / WARNER MUSIC FRANCE;Singles;Diamant;30/07/2018;07/08/2020;2 ans
ROMÉO ELVIS;MALADE;ISLAND DEF JAM / UNIVERSAL MUSIC FRANCE;Singles;Platine;21/02/2019;07/08/2020;1 an 5 mois
JUL;SOUSOU;D'OR ET DE PLATINE / BELIEVE;Singles;Platine;26/03/2020;07/08/2020;4 mois
VARIOUS;69 HITS SPRING 2017;SMART / SONY MUSIC ENTERTAINMENT;Albums;Or;24/03/2017;17/07/2020;3 ans 4 mois
FRANGLISH;MONSIEUR;ISLAND DEF JAM / UNIVERSAL MUSIC FRANCE;Albums;Or;05/04/2019;17/07/2020;1 an 3 mois
NAPS;LE ZIN / LA ZINE;NAPS 13emeArtRecords / BELIEVE;Singles;Or;18/05/2017;17/07/2020;3 ans 2 mois
LOMEPAL;RAY LIOTTA;Pineale Prod - Grand Musique Management	/ IDOL;Singles;Or;01/12/2017;17/07/2020;2 ans 7 mois
JUL;AMIGO;D'OR ET DE PLATINE / BELIEVE;Singles;Or;01/12/2017;17/07/2020;2 ans 7 mois
47TER;PLUS TARD;Label entrecôte / SONY MUSIC ENTERTAINMENT;Singles;Or;25/10/2019;17/07/2020;8 mois
ROBIN SCHULZ FEAT. ALIDA;IN YOUR EYES;WM GERMANY / WARNER MUSIC FRANCE;Singles;Or;10/01/2020;17/07/2020;6 mois
DAMSO;FESTIVAL DE RÊVES;Universal Music Division Capitol Music F / UNIVERSAL MUSIC FRANCE;Singles;Or;15/06/2018;17/07/2020;2 ans 1 mois
DAMSO;INTRODUCTION (DAMSO / LITHOPÉDION);Universal Music Division Capitol Music F /UNIVERSAL MUSIC FRANCE;Singles;Or;15/06/2018;17/07/2020;2 ans 1 mois
KHALID [FEAT. DISCLOSURE];TALK;RIGHT HAND MUSIC GROUP, LLC/RCA RECORDS	 / SONY MUSIC ENTERTAINMENT;Singles;Or;09/02/2019;17/07/2020;1 an 5 mois
TIËSTO, JONAS BLUE & RITA ORA;RITUAL;Universal Music, a division of Universal / UNIVERSAL MUSIC FRANCE;Singles;Or;31/05/2019;17/07/2020;1 an 1 mois
AVA MAX;TORN;ATLANTIC RECORDS / WARNER MUSIC FRANCE;Singles;Or;19/08/2019;17/07/2020;11 mois
GAVIN JAMES;ALWAYS;GS AllPoints / BELIEVE;Singles;Platine;13/04/2018;17/07/2020;2 ans 3 mois
MARSHMELLO FEAT. KHALID;SILENCE;Joytime Collective/RCA Records	 / SONY MUSIC ENTERTAINMENT;Singles;Platine;11/08/2017;17/07/2020;2 ans 11 mois
MYLÈNE FARMER;EN CONCERT;POLYDOR / UNIVERSAL MUSIC FRANCE;Vidéos;Double Platine;11/12/1989;10/07/2020;31 ans
LOMEPAL;FLIP;Pineale Prod - Grand Musique Management /  PIAS FRANCE / IDOL;Albums;Triple Platine;30/06/2017;10/07/2020;3 ans
HATIK;ANGELA;Low Wood / UNIVERSAL MUSIC FRANCE;Singles;Diamant;30/08/2019;10/07/2020;10 mois
SOOLKING;GUERILLA;CAPITOL	/ UNIVERSAL MUSIC FRANCE;Singles;Diamant;23/02/2018;10/07/2020;2 ans 4 mois
CLARA LUCIANI;LA GRENADE;Initial Artist Services / UNIVERSAL MUSIC FRANCE;Singles;Diamant;12/01/2018;10/07/2020;2 ans 6 mois
SOFIANE;LUNDI;Universal Music Division Capitol Music F / UNIVERSAL MUSIC FRANCE;Singles;Diamant;22/01/2018;10/07/2020;2 ans 6 mois
MAÎTRE GIMS;MALHEUR, MALHEUR;PLAY TWO / SONY MUSIC ENTERTAINMENT;Singles;Or;23/03/2018;03/07/2020;2 ans 3 mois
MISTER V FEAT. PLK;JAMAIS;Hey Pelo / BELIEVE;Singles;Platine;04/12/2019;03/07/2020;7 mois
ANGÈLE;TA REINE;ANGELE VL RECORDS / UNIVERSAL MUSIC FRANCE;Singles;Diamant;06/10/2018;03/07/2020;1 an 9 mois
MYLÈNE FARMER;MYLÈNE FARMER LIVE 2019;Stuffed Monkey / SONY MUSIC ENTERTAINMENT;Albums;Platine;18/10/2019;03/07/2020;8 mois
DAVID GUETTA, BEBE REXHA & J BALVIN;SAY MY NAME;Parlophone France / WARNER MUSIC FRANCE;Singles;Diamant;14/09/2018;03/07/2020;1 an 9 mois
ALEC BENJAMIN;LET ME DOWN SLOWLY;ATLANTIC US	 / WARNER MUSIC FRANCE;Singles;Diamant;25/05/2018;03/07/2020;2 ans 1 mois
NAESTRO FEAT. MAÎTRE GIMS, VITAA, DADJU & SLIMANE;BELLA CIAO;PLAY TWO / WARNER MUSIC FRANCE;Singles;Diamant;18/05/2018;03/07/2020;2 ans 1 mois
ED SHEERAN & JUSTIN BIEBER;I DON'T CARE;Atlantic Records UK / WARNER MUSIC FRANCE;Singles;Diamant;10/05/2019;03/07/2020;1 an 2 mois
FLORENT PAGNY;AIME LA VIE;CAPITOL / UNIVERSAL MUSIC;Albums;Platine;07/06/2019;03/07/2020;1 an 1 mois
ABOU DEBEING FEAT. DADJU;C'EST PAS BON;Abou Debeing  / TuneCore, Inc  / TUNECORE;Singles;Platine;05/11/2017;26/06/2020;2 ans 8 mois
BIGFLO & OLI;LA VIE DE RÊVE;POLYDOR / UNIVERSAL MUSIC FRANCE;Albums;Triple Platine;23/11/2018;22/05/2020;1 an 6 mois
LA REINE DES CHANSONS POUR ENFANTS ET BÉBÉS;COMPTINES POUR ENFANTS ET BÉBÉS;Billboard Studio / TUNECORE;Albums;Or;30/07/2016;22/05/2020;3 ans 10 mois
ALAIN SOUCHON & LAURENT VOULZY;SOUCHON VOULZY LE CONCERT;COLUMBIA / SONY MUSIC ENTERTAINMENT;Albums;Platine;18/11/2016;22/05/2020;3 ans 6 mois
JUL;JCVD;D'OR ET DE PLATINE / BELIEVE;Singles;Diamant;14/06/2019;22/05/2020;11 mois
MAES;AVENUE MONTAIGNE;MILLENIUM / UNIVERSAL MUSIC FRANCE;Singles;Or;11/10/2018;22/05/2020;1 an 7 mois
RK;24 CARATS;3.5.7 MUSIC / UNIVERSAL MUSIC FRANCE;Singles;Or;02/08/2018;22/05/2020;1 an 9 mois
HEUSS L'ENFOIRÉ;ARISTOCRATE;AllPoints / BELIEVE;Singles;Diamant;25/01/2019;15/05/2020;1 an 3 mois
MAES FEAT. NINHO;DISTANT;MILLENIUM / UNIVERSAL MUSIC FRANCE;Singles;Diamant;19/12/2019;15/05/2020;4 mois
ROMÉO ELVIS & LE MOTEL;DRÔLE DE QUESTION;Universal Music Division Island Def Jam / UNIVERSAL MUSIC FRANCE;Singles;Platine;17/03/2017;15/05/2020;3 ans 2 mois
KOBA LAD FEAT. NISKA;RR 9.1;MILLENIUM / UNIVERSAL MUSIC FRANCE;Singles;Diamant;18/04/2019;15/05/2020;1 an 1 mois
MAES;BILLETS VERTS;MILLENIUM / UNIVERSAL MUSIC FRANCE;Singles;Diamant;26/07/2018;15/05/2020;1 an 9 mois
NINHO;M.I.L.S;Rec. 118 / Mal Luné Music / WARNER MUSIC FRANCE;Singles;Or;21/10/2016;15/05/2020;3 ans 7 mois
NINHO;NI;REC. 118 / MAL LUNE MUSIC	/ WARNER MUSIC FRANCE;Singles;Or;22/03/2019;15/05/2020;1 an 2 mois
DAMSO;IPSÉITÉ;CAPITOL	UNIVERSAL MUSIC FRANCE;Singles;Diamant;29/04/2018;15/05/2020;2 ans
BILLIE EILISH & KHALID;LOVELY;UNIVERSAL MUSIC / UNIVERSAL MUSIC FRANCE;Singles;Platine;19/04/2018;15/05/2020;2 ans 1 mois
AYA NAKAMURA;40%;REC. 118 / WARNER MUSIC FRANCE;Singles;Diamant;25/10/2019;15/05/2020;6 mois
HEUSS L'ENFOIRÉ FEAT. JUL;MOULAGA;Midi Midi Production/150 Prod / BELIEVE;Singles;Diamant;13/12/2019;08/05/2020;4 mois
VIANNEY;DUMBO;TÔT OU TARD / WAGRAM;Singles;Platine;14/11/2016;08/05/2020;3 ans 6 mois
MIGOS, NICKI MINAJ & CARDI B;MOTORSPORT;CAPITOL / UNIVERSAL MUSIC FRANCE;Singles;Or;27/10/2017;08/05/2020;2 ans 6 mois
U2;WITH OR WITHOUT YOU;UMC (Universal Music Catalogue) / UNIVERSAL MUSIC FRANCE;Singles;Platine;03/03/1987;08/05/2020;33 ans 8 mois
TRAVIS SCOTT FEAT. KENDRICK LAMAR;GOOSEBUMPS;Epic/Grand Hustle / SONY MUSIC ENTERTAINMENT;Singles;Platine;16/09/2016;08/05/2020;3 ans 8 mois
GLK FEAT. LANDY, DA UZI & HORNET LA FRAPPE;93% (TIJUANA);50k Editions / UNIVERSAL MUSIC FRANCE;Singles;Platine;22/11/2019;01/05/2020;5 mois
ROMÉO ELVIS & LE MOTEL FEAT. ANGÈLE;J'AI VU;Universal Music Division Island Def Jam	/ UNIVERSAL MUSIC FRANCE;Singles;Platine;17/03/2017;01/05/2020;3 ans 2 mois
RODDY RICCH;THE BOX;ATLANTIC RECORDS / WARNER MUSIC FRANCE;Singles;Platine;06/12/2019;01/05/2020;4 mois
JULIEN DORÉ;VOUS & MOI;COLUMBIA / SONY MUSIC ENTERTAINMENT;Albums;Or;02/03/2018;01/05/2020;2 ans 2 mois
NEKFEU FEAT. VANESSA PARADIS;DANS L'UNIVERS;SEINE ZOO RECORDS / UNIVERSAL DIVISION POLYDOR;Singles;Diamant;21/06/2019;01/05/2020;10 mois
KENDJI GIRAC;ANDALOUSE;MERCURY / BARLCAY / UNIVERSAL MUSIC FRANCE;Singles;Diamant;18/08/2014;30/04/2020;5 ans 9 mois
DAVID GUETTA & SIA;FLAMES;Parlophone France / WARNER MUSIC FRANCE;Singles;Diamant;22/03/2018;24/04/2020;2 ans 1 mois
YOUNOTUS, JANIECK & SENEX;NARCOTIC;b1 / SONY MUSIC ENTERTAINMENT;Singles;Or;26/04/2019;24/04/2020;1 an
AYA NAKAMURA;LA DOT;Rec. 118 / WARNER MUSIC FRANCE;Singles;Platine;02/11/2018;13/03/2020;1 an 4 mois
LES ENFOIRÉS;LES ENFOIRÉS 2020;COLUMBIA / SONY MUSIC ENTERTAINMENT;Vidéos;Diamant;07/03/2020;07/03/2020;
AYA NAKAMURA;COMPORTEMENT;REC.118 / PARLOPHONE FRANCE / WARNER MUSIC FRANCE;Singles;Diamant;01/10/2016;06/03/2020;3 ans 5 mois
JOYCE JONATHAN & VIANNEY;LES FILLES D'AUJOURD'HUI;UNIVERSAL MUSIC DIVISION POLYDOR / UNIVERSAL MUSIC FRANCE;Singles;Platine;05/02/2016;06/03/2020;4 ans 1 mois
LADY GAGA;ALWAYS REMEMBER US THIS WAY;Universal Music / UNIVERSAL MUSIC FRANCE;Singles;Diamant;05/10/2018;06/03/2020;1 an 5 mois
LOMEPAL;MA COUSIN;Pineale Prod - Grand Musique Management	\ IDOL;Singles;Or;25/10/2019;06/03/2020;4 mois
RITA ORA;LET YOU LOVE ME;ATLANTIC RECORDS UK \ WARNER MUSIC FRANCE;Singles;Or;20/09/2018;06/03/2020;1 an 5 mois
ANGÈLE;PERDUS;ANGELE VL RECORDS \ UNIVERSAL MUSIC FRANCE;Singles;Or;10/10/2019;06/03/2020;4 mois
DAVID GUETTA;7;PARLOPHONE / WARNER MUSIC FRANCE;Albums;Platine;14/09/2018;06/03/2020;1 an 5 mois
KERY JAMES;A L'OMBRE DU SHOW BUSINESS;BELIEVE;Albums;Platine;31/03/2008;02/03/2020;12 ans 1 mois
KERY JAMES;REEL;BELIEVE;Albums;Platine;27/04/2009;02/03/2020;11 ans
KANYE WEST;THE LIFE OF PABLO;ISLAND / DEF JAM / UNIVERSAL MUSIC FRANCE;Albums;Or;01/04/2016;28/02/2020;3 ans 11 mois
TWENTY ONE PILOTS;RIDE;FUELED BY RAMEN	/ WARNER MUSIC FRANCE;Singles;Diamant;10/11/2019;28/02/2020;3 mois
STEFFLON DON & FRENCH MONTANA;HURTIN' ME;Polydor Records / UNIVERSAL MUSIC FRANCE;Singles;Or;10/08/2017;28/02/2020;2 ans 7 mois
MAGIC!;RUDE;Latium Records /RCA Records/ SONY MUSIC ENTERTAINMENT;Singles;Or;01/08/2016;28/02/2020;3 ans 7 mois
LETO FEAT. NINHO;TES PARENTS;REC. 118 / WARNER MUSIC FRANCE;Singles;Platine;05/07/2019;28/02/2020;7 mois
INDOCHINE;13;SMART / SONY MUSIC ENTERTAINMENT;Albums;Diamant;08/09/2017;28/02/2020;2 ans 6 mois
EMINEM FEAT. ED SHEERAN;RIVER;INTERSCOPE RECORD / UNIVERSAL MUSIC FRANCE;Singles;Platine;11/12/2017;28/02/2020;2 ans 2 mois
LARTISTE;VAI ET VIENS;Purple Money / Zayn Corporation / BECAUSE;Singles;Diamant;01/01/2018;28/02/2020;2 ans 2 mois
ARIANA GRANDE;7 RINGS;UNIVERSAL MUSIC / POLYDOR / UNIVERSAL MUSIC FRANCE;Singles;Diamant;12/04/2018;21/02/2020;1 an 10 mois
JAIN;HEADS UP;COLUMBIA / SONY MUSIC ENTERTAINMENT;Singles;Or;21/10/2016;21/02/2020;3 ans 4 mois
SIA;UNSTOPPABLE;Monkey Puzzle Records / RCA Records / SONY MUSIC ENTERTAINMENT;Singles;Platine;21/10/2016;21/02/2020;3 ans 4 mois
ORELSAN FEAT. STROMAE;LA PLUIE;WAGRAM MUSIC / 3EME BUREAU / WAGRAM;Singles;Diamant;19/10/2017;21/02/2020;2 ans 4 mois
ARMIN VAN BUUREN;BLAH BLAH BLAH;SCORPIO MUSIC / BELIEVE;Singles;Platine;06/07/2018;21/02/2020;1 an 7 mois
STUPEFLIP;STUPEFLIP VITE !!!;ETIC SYSYTEM / L'AUTRE DISTRIBUTION;Singles;Or;28/02/2011;18/02/2020;9 ans 1 mois
STUPEFLIP;HYPNOFLIP INVASION;ETIC SYSTEM / L'AUTRE DISTRIBUTION;Albums;Or;28/02/2011;18/02/2020;9 ans 1 mois
MOHA LA SQUALE;MA BELLE;ELEKTRA FRANCE	 / WARNER MUSIC FRANCE;Singles;Diamant;05/08/2019;14/02/2020;6 mois
DIPLO & NISKA;BOOM BYE BYE;Mad Decent;Singles;Or;24/01/2019;14/02/2020;1 an
LEFA FEAT. VALD;BITCH;RCA RECORDS / SONY MUSIC ENTERTAINMENT;Singles;Platine;10/07/2019;14/02/2020;7 mois
NEKFEU FEAT. DAMSO;TRICHEUR;SEINE ZOO RECORDS / UNIVERSAL DIVISION POLYDOR;Singles;Diamant;21/06/2019;14/02/2020;7 mois
MAHMOOD;SOLDI;Universal Music Italia srL. /UNIVERSAL MUSIC FRANCE;Singles;Or;22/02/2019;10/01/2020;10 mois
CALOGERO;1987;UNIVERSAL MUSIC DIVISION POLYDOR	 / UNIVERSAL MUSIC FRANCE;Singles;Or;24/11/2017;10/01/2020;2 ans 1 mois
KYGO & WHITNEY HOUSTON;HIGHER LOVE;Kygo / RCA Records / SONY MUSIC ENTERTAINMENT;Singles;Or;28/06/2019;10/01/2020;6 mois
STING;MY SONGS;A & M / UNIVERSAL MUSIC FRANCE;Albums;Platine;07/06/2019;10/01/2020;7 mois
VARIOUS ARTISTS;NRJ MUSIC AWARDS 2019;SMART / SONY MUSIC ENTERTAINMENT;Albums;Platine;25/10/2019;10/01/2020;2 mois
GRADUR FEAT. HEUSS L'ENFOIRÉ;NE REVIENS PAS;MILLENIUM / UNIVERSAL MUSIC FRANCE;Singles;Diamant;21/11/2019;10/01/2020;1 mois
JABBERWOCKY;PHOTOMATON;PAIN SURPRISES RECORDS / BELIEVE;Singles;Or;06/05/2013;09/01/2020;6 ans 9 mois
KIDS UNITED NOUVELLE GENERATION;L'HYMNE DE LA VIE;PLAY TWO / WARNER MUSIC FRANCE;Albums;Or;01/11/2019;03/01/2020;2 mois
COLDPLAY;LIVE IN BUENOS AIRES;PARLOPHONE / WARNER MUSIC FRANCE;Albums;Or;07/12/2018;03/01/2020;1 an 1 mois
GRADUR;RARI;MILLENIUM / UNIVERSAL MUSIC FRANCE;Singles;Or;03/10/2019;03/01/2020;3 mois
KOBA LAD;MARIE;Universal Music Division Def Jam Recordi / UNIVERSAL MUSIC FRANCE;Singles;Or;27/09/2020;03/01/2020;8 mois
XXXTENTACION;SAD!;CAROLINE RECORDS / UNIVERSAL MUSIC FRANCE;Singles;Diamant;02/03/2018;03/01/2020;1 an 10 mois
PNL;À L'AMMONIAQUE;QLF RECORDS / TUNECORE / BELIEVE;Singles;Diamant;23/06/2018;03/01/2020;1 an 6 mois
GAMBI;POPOPOP;REC. 118 / WARNER MUSIC FRANCE;Singles;Diamant;04/10/2019;03/01/2020;3 mois
SHAKA PONK;THE GEEKS AND THE JERKIN’S SOCKS;TÔT OU TARD / BELIEVE;Albums;Triple Platine;06/06/2011;01/01/2020;8 ans 8 mois
BILLIE EILISH;BAD GUY;Darkroom/Interscope Records /UNIVERSAL MUSIC FRANCE;Singles;Diamant;29/03/2019;27/12/2019;9 mois
SHAWN MENDES & CAMILA CABELLO;SEÑORITA;UNIVERSAL MUSIC;Singles;Diamant;21/06/2019;27/12/2019;6 mois
STUPEFLIP;STUP VIRUS;ETIC SYSTEM / L'AUTRE DISTRIBUTION / BELIEVE;Albums;Or;03/03/2017;27/12/2019;2 ans 10 mois
JULIEN CLERC;DUOS;PARLOPHONE	/ WARNER MUSIC FRANCE;Albums;Or;22/11/2019;27/12/2019;1 mois
VINCENT NICLO;TENOR;PLAY TWO / WARNER MUSIC FRANCE;Albums;Or;22/11/2019;27/12/2019;1 mois
DADJU;CHRISTINA;POLYDOR / UNIVERSAL MUSIC FRANCE;Singles;Or;20/07/2018;27/12/2019;1 an 5 mois
ANGÈLE;VICTIME DES RÉSEAUX;UNIVERSAL MUSIC DISTRIBUTION DEAL / UNIVERSAL MUSIC FRANCE;Singles;Or;07/11/2019;27/12/2019;1 mois
NEKFEU;CYBORG;SEINE ZOO RECORDS / UNIVERSAL DIVISION POLYDOR;Albums;Diamant;09/12/2016;20/12/2019;3 ans
JOHNNY HALLYDAY;FLASHBACK TOUR;WARNER / WARNER MUSIC FRANCE;Vidéos;Double Platine;04/09/2006;20/12/2019;13 ans 5 mois
GAUVAIN SERS;LES OUBLIÉS;FONTANA / UNIVERSAL MUSIC FRANCE;Albums;Platine;29/03/2019;20/12/2019;8 mois
JACQUES DUTRONC, JOHNNY HALLYDAY, EDDY MITCHELL;LES VIEILLES CANAILLES : L'ALBUM LIVE;PARLOPHONE / WARNER MUSIC FRANCE;Albums;Double Platine;08/11/2019;20/12/2019;1 mois
BOOBA;ARC-EN-CIEL;TALLAC RECORDS  / UNIVERSAL MUSIC FRANCE;Singles;Platine;16/05/2019;20/12/2019;7 mois
JOHNNY HALLYDAY;LE ZÉNITH 1984;MERCURY RECORDS / UNIVERSAL MUSIC FRANCE;Vidéos;Or;11/02/2006;20/12/2019;14 ans
MØME;PANORAMA;PANTHEON / UNIVERSAL MUSIC FRANCE;Albums;Or;25/11/2016;20/12/2019;3 ans 1 mois
GAROU;SOUL CITY;LABEL PANTHEON	/ UNIVERSAL MUSIC FRANCE;Albums;Or;29/11/2019;20/12/2019;
MARINA KAYE;FEARLESS;CAPITOL / UNIVERSAL MUSIC;Albums;Triple Platine;18/05/2015;15/11/2019;4 ans 6 mois
ROMÉO ELVIS;CHOCOLAT;BARCLAY / UNIVERSAL MUSIC FRANCE;Albums;Platine;12/04/2019;15/11/2019;7 mois
PNL;BLANKA;QLF RECORDS / BELIEVE;Singles;Platine;03/04/2019;15/11/2019;7 mois
QUEEN;LIVE AT WEMBLEY STADIUM;ISLAND / UNIVERSAL MUSIC FRANCE;Vidéos;Double Platine;05/09/2011;15/11/2019;8 ans 3 mois
ANGÈLE;FLOU;ANGELE VL RECORDS / UNIVERSAL MUSIC FRANCE;Singles;Platine;06/10/2018;15/11/2019;1 an 1 mois
NAPS FEAT. HEUSS L'ENFOIRÉ;RAPPELLE-TOI;13EME ART MUSIC	/ BELIEVE;Singles;Or;19/06/2019;08/11/2019;4 mois
JÉRÉMY FRÉROT;REVOIR;Label 6&7 / BELIEVE;Singles;Or;28/06/2018;08/11/2019;1 an 4 mois
KOBA LAD;CHAMBRE 122;Universal Music Division Def Jam Recordi / UNIVERSAL MUSIC FRANCE;Singles;Or;14/12/2018;08/11/2019;10 mois
EVA;BELLA;ALDAM PRODUCTION / UNIVERSAL MUSIC FRANCE;Singles;Or;15/03/2019;08/11/2019;7 mois
THE CURE;CURAETION-25 - ANNIVERSARY;EAGLE ROCK / UNIVERSAL MUSIC FRANCE;Vidéos;Or;18/10/2019;08/11/2019;
AVICII FEAT. RITA ORA;LONELY TOGETHER;VIRGIN / UNIVERSAL MUSIC FRANCE;Singles;Platine;11/08/2017;08/11/2019;2 ans 3 mois
CARDI B;INVASION OF PRIVACY;ATLANTIC / WARNER MUSIC FRANCE;Albums;Or;23/11/2018;01/11/2019;11 mois
NAÂMAN;RAYS OF RESISTANCE;SOULBEATS RECORDS / BACO DISTRIBUTION;Albums;Or;30/10/2015;01/11/2019;4 ans
QUEEN;ROCK MONTREAL & LIVE AID;EAGLE ROCK / UNIVERSAL MUSIC FRANCE;Vidéos;Or;27/11/2007;01/11/2019;12 ans 1 mois
100 BLAZE FEAT. KOBA LAD;BINKS;DEF JAM / UNIVERSAL MUSIC FRANCE;Singles;Or;31/05/2019;01/11/2019;5 mois
PEDRO CAPÓ;CALMA;SONY MUSIC LATIN / SONY MUSIC ENTERTAINMENT;Singles;Diamant;20/07/2018;25/10/2019;1 an 3 mois
MARC LAVOINE;LES DUOS DE MARC;BARCLAY / UNIVERSAL MUSIC FRANCE;Albums;Platine;21/10/2007;22/10/2019;12 ans 2 mois
KHALID & NORMANI;LOVE LIES;RCA RECORDS LABEL / SONY MUSIC ENTERTAINMENT;Singles;Or;16/02/2018;18/10/2019;1 an 8 mois
VEGEDREAM;MAMA HE;CASABLANCA / UNIVERSAL MUSIC FRANCE;Singles;Or;30/11/2018;11/10/2019;10 mois
RITA ORA;ANYWHERE;ATLANTIC RECORDS UK / WARNER MUSIC FRANCE;Singles;Or;20/10/2017;11/10/2019;2 ans
VEGEDREAM FEAT. NINHO;ELLE EST BONNE SA MÈRE;KENSHO / UNIVERSAL MUSIC;Singles;Diamant;31/05/2019;11/10/2019;4 mois
ARCTIC MONKEYS;AM;DOMINO	/ SONY MUSIC ENTERTAINMENT;Albums;Platine;09/09/2013;10/10/2019;6 ans 2 mois
LAUREN DAIGLE;YOU SAY;WEA / WARNER MUSIC FRANCE;Singles;Or;13/07/2018;04/10/2019;1 an 2 mois
KOBA LAD FEAT. MAES;MATIN;Universal Music Division Def Jam Recordi / UNIVERSAL MUSIC FRANCE;Singles;Or;27/09/2019;04/10/2019;
JUICE WRLD;LUCID DREAMS;INTERSCOPE RECORDS / UNIVERSAL MUSIC FRANCE;Singles;Or;04/05/2018;04/10/2019;1 an 5 mois
DENNIS LLOYD;NEVER GO BACK;Arista Records / SONY MUSIC ENTERTAINMENT;Singles;Or;15/02/2019;04/10/2019;7 mois
PNL;COEURS;QLF RECORDS / BELIEVE;Singles;Or;05/07/2019;04/10/2019;3 mois
LOU;LOU;TF1 ENTERPRISES / SONY MUSIC ENTERTAINMENT;Albums;Platine;06/10/2017;27/09/2019;2 ans
CALUM SCOTT;DANCING ON MY OWN;Capitol Records / UNIVERSAL MUSIC FRANCE;Singles;Or;24/06/2016;27/09/2019;3 ans 3 mois
LOMEPAL;PLUS DE LARMES;Pineale Prod - Grand Musique Management	/ IDOL;Singles;Or;07/12/2018;27/09/2019;9 mois
NISKA;GIUSEPPE;MILLENIUM / UNIVERSAL MUSIC FRANCE;Singles;Or;28/02/2019;16/08/2019;5 mois
JONAS BROTHERS;SUCKER;UNIVERSAL MUSIC / UNIVERSAL MUSIC FRANCE;Singles;Or;01/03/2019;16/08/2019;5 mois
KANYE WEST & LIL PUMP;I LOVE IT;ISLAND DEF JAM / UNIVERSAL MUSIC FRANCE;Singles;Or;06/09/2018;16/08/2019;11 mois
JONAS BLUE FEAT. JACK & JACK;RISE;PM:AM RECORDINGS / UNIVERSAL MUSIC FRANCE;Singles;Platine;25/05/2018;16/08/2019;1 an 2 mois
IAM;JE DANSE LE MIA REMAST 2016;PARLOPHONE / WARNER MUSIC FRANCE;Singles;Or;02/12/2016;16/08/2019;2 ans 8 mois
SHAWN MENDES;ILLUMINATE;Island / Universal Music;Albums;Platine;23/09/2016;09/08/2019;2 ans 11 mois
NINHO FEAT. KOBA LAD;LA VIVANCE;Rec. 118 / Mal Luné Music / WARNER MUSIC FRANCE;Singles;Or;22/03/2019;09/08/2019;4 mois
LOST FREQUENCIES FEAT. THE NGHBRS;LIKE I LOVE YOU;Kontor Records / KONTOR NEW MEDIA;Singles;Or;14/09/2018;09/08/2019;10 mois
BAD WOLVES;ZOMBIE;Eleven Seven	 / THE ORCHARD;Singles;Or;19/01/2018;09/08/2019;1 an 6 mois
BOOBA;FRIDAY;TALLAC RECORDS / UNIVERSAL MUSIC FRANCE;Singles;Diamant;01/12/2017;09/08/2019;1 an 8 mois
BOULEVARD DES AIRS;EMMÈNE-MOI;COLUMBIA / SONY MUSIC ENTERTAINMENT;Singles;Or;18/11/2016;09/08/2019;2 ans 9 mois
AMY WINEHOUSE;I TOLD YOU I WAS TROUBLE - AMY WINEHOUSE LIVE IN LONDON;ISLAND/ UNIVERSAL MUSIC FRANCE;Vidéos;Or;03/12/2008;02/08/2019;10 ans 9 mois
MARINA KAYE;EXPLICIT;CAPITOL / UNIVERSAL MUSIC;Albums;Or;20/10/2017;02/08/2019;1 an 9 mois
NINHO;GOUTTE D'EAU;Rec. 118 / Mal Luné Music / WARNER MUSIC FRANCE;Singles;Diamant;22/03/2018;02/08/2019;1 an 4 mois
AYA NAKAMURA;POOKIE;REC. 118 / WARNER MUSIC FRANCE;Singles;Diamant;02/11/2018;02/08/2019;9 mois
LOMEPAL;TROP BEAU;Pineale Prod - Grand Musique Management - IDOL;Singles;Diamant;07/12/2018;26/07/2019;7 mois
MAES FEAT. BOOBA;MADRINA;MILLENIUM / UNIVERSAL MUSIC FRANCE;Singles;Diamant;25/10/2018;26/07/2019;9 mois
IMAGINE DRAGONS;NATURAL;INTERSCOPE RECORDS / UNIVERSAL MUSIC FRANCE;Singles;Platine;17/07/2018;26/07/2019;1 an
TROIS CAFÉS GOURMANDS;UN AIR DE RIEN;PLAY TWO / WARNER MUSIC;Albums;Triple Platine;05/10/2018;26/07/2019;9 mois
RÉMY;C'EST RÉMY;DEF JAM / UNIVERSAL MUSIC;Albums;Or;23/03/2018;26/07/2019;1 an 4 mois
ORELSAN FEAT. DAMSO;RÊVES BIZARRES;3EME BUREAU / WAGRAM;Singles;Platine;16/11/2018;26/07/2019;8 mois
KENDJI GIRAC;ENSEMBLE;MERCURY / UNIVERSAL MUSIC FRANCE;Albums;Double Diamant;30/10/2015;23/07/2019;3 ans 9 mois
LIL NAS X;OLD TOWN ROAD;Lil Nas X / SONY MUSIC FRANCE;Singles;Diamant;17/12/2018;19/07/2019;7 mois
JEAN-JACQUES GOLDMAN;SOUVENIRS DE TOURNÉE (CARNET DE ROUTE + TRACES);SONY MUSIC VIDEO / SONY MUSIC ENTERTAINMENT;Vidéos;Or;27/11/2000;19/07/2019;18 ans 10 mois
JACQUES BREL;LES ADIEUX A L'OLYMPIA AMARAY VERSION;BARCLAY / UNIVERSAL MUSIC FRANCE;Vidéos;Or;14/10/2006;12/07/2019;12 ans 11 mois
BLOCBOY JB FEAT. DRAKE;LOOK ALIVE;OVO Sound / Warner Bros. / WARNER MUSIC FRANCE;Singles;Or;09/02/2018;12/07/2019;1 an 5 mois
LOUD LUXURY FEAT. BRANDO;BODY;Kontor Records / KONTOR NEW MEDIA;Singles;Or;27/10/2017;12/07/2019;1 an 8 mois
HANS ZIMMER;LIVE IN PRAGUE;EAGLE ROCK	 / UNIVERSAL MUSIC FRANCE;Vidéos;Or;03/11/2017;05/07/2019;1 an 8 mois
ANGÈLE;NOMBREUX;ANGELE VL RECORDS	/ UNIVERSAL MUSIC FRANCE;Singles;Or;06/10/2018;05/07/2019;9 mois
RK;RÊVES DE GOSSE;3.5.7 MUSIC / UNIVERSAL MUSIC FRANCE;Albums;Or;05/04/2019;28/06/2019;2 mois
RENAUD;PHENIX TOUR - COLLECTOR;PARLOPHONE / WARNER MUSIC FRANCE;Vidéos;Platine;01/12/2017;10/05/2019;1 an 5 mois
TOM WALKER;LEAVE A LIGHT ON;RELENTLESS RECORDS / SONY MUSIC ENTERTAINMENT;Singles;Diamant;13/10/2017;03/05/2019;1 an 6 mois
KENDJI GIRAC;ENSEMBLE, LE LIVE;ULM / UNIVERSAL MUSIC FRANCE;Albums;Or;17/03/2017;03/05/2019;2 ans 1 mois
BAD BUNNY FEAT. DRAKE;MIA;OVO Sound/Warner Bros. / WARNER MUSIC FRANCE;Singles;Platine;11/10/2018;03/05/2019;6 mois
THE AVENER;THE WANDERINGS OF THE AVENER;CAPITOL / UNIVERSAL MUSIC;Albums;Triple Platine;19/01/2015;02/05/2019;4 ans 4 mois
THE AVENER;FADE OUT LINES;96 MUSIC / CAPITOL MUSIC FRANCE / UNIVERSAL MUSIC FRANCE;Singles;Diamant;30/03/2014;02/05/2019;5 ans 1 mois
MARWA LOUD;FALLAIT PAS;BECAUSE MUSIC / WARNER MUSIC FRANCE;Singles;Diamant;22/12/2017;26/04/2019;1 an 4 mois
EDDY DE PRETTO;KID;Initial Artist Services / UNIVERSAL MUSIC FRANCE;Singles;Platine;06/10/2017;26/04/2019;1 an 6 mois
M. POKORA;PYRAMIDE;TF1 ENTERTAINMENT / SONY MUSIC ENTERTAINMENT;Albums;Or;12/04/2019;26/04/2019;
KEBLACK;APPARTEMENT 105;Mukongo Business / BELIEVE;Albums;Or;11/05/2018;19/04/2019;11 mois
HAYCE LEMSI;HAVANA;ELEVEN'S MUSIC / PIAS FRANCE;Singles;Or;08/12/2017;19/04/2019;1 an 4 mois
ZAZIE;SPEED;Label 6&7 / BELIEVE;Singles;Or;24/05/2018;19/04/2019;11 mois
HEUSS L'ENFOIRÉ FEAT. SOFIANE;KHAPTA;AllPoints / BELIEVE;Singles;Platine;25/01/2019;19/04/2019;2 mois
PATRICK BRUEL;CE SOIR ON SORT...;COLUMBIA / SONY MUSIC ENTERTAINMENT;Albums;Double Platine;02/11/2018;19/04/2019;5 mois
BOOBA;PETITE FILLE;TALLAC RECORDS / CAPITOL / UNIVERSAL MUSIC FRANCE;Singles;Diamant;30/11/2017;19/04/2019;1 an 4 mois
BÉNABAR;LE DÉBUT DE LA SUITE;JIVE EPIC / SONY MUSIC ENTERTAINMENT;Albums;Or;30/03/2018;12/04/2019;1 an
GRAND CORPS MALADE;PLAN B;ANOUCHE PRODUCTIONS / UNIVERSAL MUSIC FRANCE;Albums;Platine;16/02/2018;12/04/2019;1 an 2 mois
KENY ARKANA;DESOBEISSANCE;BECAUSE MUSIC / WARNER MUSIC FRANCE;Albums;Or;07/04/2008;10/04/2019;11 ans 2 mois
KENY ARKANA;TOUT TOURNE AUTOUR DU SOLEIL;BECAUSE MUSIC / WARNER MUSIC FRANCE;Albums;Or;03/12/2012;10/04/2019;6 ans 5 mois
KENY ARKANA;ENTRE CIMENT ET BELLE ETOILE;BECAUSE MUSIC / WAGRAM;Albums;Platine;17/10/2006;10/04/2019;12 ans 7 mois
KORE & L'ALGERINO;VA BENE;Universal Music Division Capitol Music F	 / UNIVERSAL MUSIC FRANCE;Singles;Diamant;10/03/2018;05/04/2019;1 an 1 mois
LADY GAGA & BRADLEY COOPER;SHALLOW;UNIVERSAL MUSIC / UNIVERSAL MUSIC FRANCE;Singles;Diamant;27/09/2018;05/04/2019;6 mois
NINHO;FENDI;Rec. 118 / Mal Luné Music / WARNER MUSIC FRANCE;Singles;Platine;30/03/2018;05/04/2019;1 an
DADJU FEAT. KEBLACK & FALLY IPUPA;TROUVEZ-LA MOI;POLYDOR / UNIVERSAL MUSIC FRANCE;Singles;Or;05/10/2018;05/04/2019;6 mois
LOMEPAL;TROP BEAU;Pineale Prod - Grand Musique Management / IDOL;Singles;Platine;07/12/2018;29/03/2019;3 mois
LES ENFOIRÉS;2019 LE MONDE DES ENFOIRÉS;COLUMBIA / SONY MUSIC ENTERTAINMENT;Albums;Double Platine;09/03/2019;29/03/2019;
ANGÈLE FEAT. ROMÉO ELVIS;TOUT OUBLIER;ANGELE VL RECORDS	/ UNIVERSAL MUSIC FRANCE;Singles;Diamant;06/10/2018;29/03/2019;5 mois
EDDY DE PRETTO;RANDOM;Initial Artist Services / UNIVERSAL MUSIC FRANCE;Singles;Or;19/01/2018;29/03/2019;1 an 2 mois
SOOLKING;MILANO;n.a. / PIAS FRANCE;Singles;Or;19/01/2018;29/03/2019;1 an 2 mois
RK;INSOLENT;3.5.7 MUSIC / UNIVERSAL MUSIC FRANCE;Albums;Platine;21/09/2018;08/02/2019;4 mois
RIM'K;MUTANT;FRENESIK / CAROLINE  / UNIVERSAL MUSIC FRA;Albums;Or;21/09/2018;01/02/2019;4 mois
NINHO;M.I.L.S 2.0;Rec. 118 / Parlophone France / WARNER MUSIC FRANCE;Singles;Platine;30/03/2018;01/02/2019;10 mois
PASCAL OBISPO;OBISPO;MERCURY RECORDS / UNIVERSAL MUSIC FRANCE;Albums;Or;12/10/2018;25/01/2019;3 mois
VANESSA PARADIS;LES SOURCES;BARCLAY / UNIVERSAL MUSIC FRANCE;Albums;Or;16/11/2018;25/01/2019;2 mois
MRC;MRC;JUSTON RECORDS / BELIEVE;Albums;Or;07/10/2016;25/01/2019;2 ans 4 mois
NAZA;C'EST LA LOI;Mukongo Business / BELIEVE;Albums;Or;04/05/2018;25/01/2019;8 mois
THE PRINCE KARMA;LATER BITCHES;HAPPY MUSIC / IDOL;Singles;Or;22/12/2017;25/01/2019;1 an 1 mois
L'ALGERINO;INTERNATIONAL;ONLY PRO / UNIVERSAL MUSIC FRANCE;Albums;Or;22/06/2018;18/01/2019;7 mois
NAZA;P*TAIN DE M*RDE;Mukongo Business / BELIEVE;Singles;Or;04/05/2018;18/01/2019;8 mois
TYGA FEAT. OFFSET;TASTE;Last Kings Music / EMPIRE DISTRIBUTION;Singles;Or;16/05/2018;18/01/2019;8 mois
PNL;91'S;QLF RECORDS TuneCore, Inc;Singles;Platine;10/08/2018;18/01/2019;5 mois
93 EMPIRE;93 EMPIRE;AFFRANCHIS MUSIC / UNIVERSAL MUSIC FRANCE;Albums;Platine;05/10/2018;18/01/2019;3 mois
THERAPIE TAXI FEAT. ROMÉO ELVIS;HIT SALE;PANENKA/ WAGRAM;Singles;Diamant;16/11/2018;18/01/2019;2 mois
TROIS CAFES GOURMANDS;UN AIR DE RIEN;PLAY TWO / WARNER MUSIC FRANCE;Albums;Double Platine;05/10/2018;11/01/2019;3 mois
NICKY JAM & J. BALVIN;X;SONY MUSIC LATIN / SONY MUSIC ENTERTAINMENT;Singles;Diamant;04/03/2018;11/01/2019;10 mois
MICHEL POLNAREFF;ENFIN !;BARCLAY / UNIVERSAL MUSIC FRANCE;Albums;Or;30/11/2018;11/01/2019;1 mois
JOHNNY HALLYDAY;LORADA TOUR;MERCURY / UNIVERSAL MUSIC FRANCE;Vidéos;Or;29/10/2012;11/01/2019;6 ans 3 mois
DYNORO & GIGI D'AGOSTINO;IN MY MIND;b1 / SONY MUSIC ENTERTAINMENT;Singles;Platine;08/06/2018;04/01/2019;7 mois
VEGEDREAM X DJ LESKA;LA FUITE;Universal Music Division MCA	/ UNIVERSAL MUSIC FRANCE;Singles;Platine;15/12/2017;04/01/2019;1 an
ZAZ;EFFET MIROIR;PLAY ON / WARNER MUSIC FRANCE;Albums;Platine;16/11/2018;04/01/2019;1 mois
IMAGINE DRAGONS;NATURAL;INTERSCOPE RECORDS / UNIVERSAL MUSIC FRANCE;Singles;Or;17/07/2018;04/01/2019;5 mois
JOHNNY HALLYDAY;LA CIGALE;WARNER / WARNER MUSIC FRANCE;Vidéos;Platine;11/06/2007;28/12/2018;11 ans 8 mois
CALVIN HARRIS & DUA LIPA;ONE KISS;COLUMBIA / SONY MUSIC;Singles;Diamant;06/04/2018;28/12/2018;8 mois
JOHNNY HALLYDAY;PALAIS DES SPORTS 1982;MERCURY / UNIVERSAL MUSIC FRANCE;Vidéos;Or;12/01/2018;28/12/2018;11 mois
LOÏC NOTTET;SELFOCRACY;JIVE EPIC	 / SONY MUSIC ENTERTAINMENT;Albums;Or;31/03/2017;28/12/2018;1 an 9 mois
EDDY DE PRETTO;FÊTE DE TROP;Initial Artist Services / UNIVERSAL MUSIC FRANCE;Singles;Platine;06/10/2017;21/12/2018;1 an 2 mois
VÉRONIQUE SANSON;DIGNES, DINGUES, DONC...;COLUMBIA / SONY MUSIC ENTERTAINMENT;Albums;Platine;04/11/2016;21/12/2018;2 ans 1 mois
MUSE;SIMULATION THEORY;WEA / WARNER MUSIC FRANCE;Albums;Platine;09/11/2018;21/12/2018;1 mois
DIVERS;NRJ MUSIC AWARDS 2018;WARNER SPECIAL MARKETING / WARNER MUSIC FRANCE;Albums;Platine;26/10/2018;21/12/2018;1 mois
COLUMBINE;ADIEU BIENTÔT;Initial Artist Services / UNIVERSAL MUSIC FRANCE;Albums;Or;28/09/2018;09/11/2018;1 mois
MARWA LOUD;BAD BOY;BECAUSE MUSIC / WARNER MUSIC FRANCE;Singles;Platine;17/02/2018;09/11/2018;8 mois
HORNET LA FRAPPE;TAGA;Rec. 118 / Parlophone France / WARNER MUSIC FRANCE;Singles;Or;13/07/2018;02/11/2018;3 mois
CHRISTINE AND THE QUEENS;CHRIS (COLLECTOR);BECAUSE MUSIC / WARNER MUSIC FRANCE;Albums;Or;21/09/2018;02/11/2018;1 mois
DJ MAM’S FEAT. JESSY MATADOR & LUIS GUISAO;ZUMBA HE ZUMBA HA (REMIX 2012);WLAB / WAGRAM;Singles;Or;30/04/2012;01/11/2018;6 ans 7 mois
MHD;19;ARTSIDE / UNIVERSAL MUSIC FRANCE;Albums;Or;19/09/2018;26/10/2018;1 mois
FRANCOISE HARDY;PERSONNE D'AUTRE;PARLOPHONE / WARNER MUSIC FRANCE;Albums;Or;06/04/2018;26/10/2018;6 mois
DJADJA & DINAZ;J'SOURIS;CARRE MUSIC / UNIVERSAL MUSIC FRANCE;Singles;Or;17/03/2018;19/10/2018;7 mois
LADY GAGA;JOANNE;POLYDOR / UNIVERSAL MUSIC FRANCE;Albums;Or;21/10/2016;12/10/2018;2 ans
POST MALONE;STONEY;MOTOWN / UNIVERSAL MUSIC FRANCE;Albums;Or;09/12/2016;12/10/2018;1 an 10 mois
NISKA;W.L.G;Universal Music Division Capitol Music F	 / UNIVERSAL MUSIC FRANCE;Singles;Or;09/08/2018;12/10/2018;2 mois
MARC LAVOINE;JE REVIENS À TOI;BARCLAY / UNIVERSAL MUSIC FRANCE;Albums;Or;18/05/2018;05/10/2018;4 mois
BAZZI;MINE;ZZZ Entertainment / WARNER MUSIC FRANCE;Singles;Or;12/10/2017;05/10/2018;11 mois
VITAA FEAT. STROMAE;COMME DAB;WM FR Affiliated / Play Two / WARNER MUSIC FRANCE;Singles;Or;28/09/2018;28/09/2018;
MAÎTRE GIMS FEAT. LIL WAYNE & FRENCH MONTANA;CORAZÓN;PLAY TWO / SONY MUSIC ENTERTAINMENT;Singles;Or;30/03/2018;28/09/2018;6 mois
DENNIS LLOYD;NEVERMIND;WM ITALY / WARNER MUSIC FRANCE;Singles;Platine;16/06/2017;28/09/2018;1 an 3 mois
KIDS UNITED;COFFRET 2CD;PLAY ON / WARNER MUSIC FRANCE;Albums;Platine;11/08/2017;28/09/2018;1 an 1 mois
AYA NAKAMURA;DJADJA;Rec. 118 / Parlophone France /WARNER MUSIC FRANCE;Singles;Diamant;06/04/2018;21/09/2018;5 mois
MICHEL DELPECH;LES PLUS GRANDS SUCCES;CAPITOL / UNIVERSAL MUSIC FRANCE;Albums;Or;26/02/2016;21/09/2018;2 ans 7 mois
MULTI INTERPRÈTES;LA REINE DES NEIGES;WALT DISNEY RECORDS	/ UNIVERSAL MUSIC FRANCE;Albums;Diamant;02/12/2013;18/09/2018;4 ans 10 mois
ROMÉO ELVIS;MORALE 2;BARCLAY / UNIVERSAL MUSIC FRANCE;Albums;Platine;24/03/2017;14/09/2018;1 an 5 mois
NISKA;COMMANDO;MILLENIUM / CAPITOL / UNIVERSAL MUSIC FRANCE;Albums;Diamant;22/09/2017;14/09/2018;11 mois
4KEUS GANG;LE TEMPS PASSE;Loudschool / BELIEVE;Singles;Or;08/08/2018;14/09/2018;1 mois
LORENZO FEAT. VALD;BIZARRE;UNIVERSAL MUSIC DISTRIBUTION DEAL	/ UNIVERSAL MUSIC FRANCE;Singles;Or;23/02/2018;14/09/2018;6 mois
JOHNNY HALLYDAY;BERCY 87;MERCURY RECORDS / UNIVERSAL MUSIC FRANCE;Vidéos;Or;12/01/2018;07/09/2018;7 mois
LORENZO;TU LE C;UNIVERSAL MUSIC DISTRIBUTION DEAL	/ UNIVERSAL MUSIC FRANCE;Singles;Or;23/02/2018;07/09/2018;6 mois
JUL;TOTO ET NINETTA;D'OR ET DE Platine / BELIEVE;Singles;Or;29/06/2018;31/08/2018;2 mois
MILKY CHANCE;SADNECESSARY;LICHTDICHT / PIAS FRANCE;Albums;Or;12/05/2014;30/08/2018;4 ans 4 mois
MILKY CHANCE;STOLEN DANCE;LICHTDICHT / PIAS FRANCE;Singles;Platine;09/12/2013;30/08/2018;4 ans 9 mois
SLIMANE;SOLUNE;ULM/ UNIVERSAL MUSIC FRANCE;Albums;Platine;26/01/2018;24/08/2018;7 mois
JULIETTE ARMANET;PETITE AMIE;BARCLAY / UNIVERSAL MUSIC FRANCE;Albums;Platine;07/04/2017;01/06/2018;1 an 2 mois
JOHNNY HALLYDAY;LES 100 PLUS BELLES CHANSONS;MERCURY/UNIVERSAL MUSIC France;Albums;Platine;03/10/2016;01/06/2018;1 an 8 mois
BERNARD LAVILLIERS;5 MINUTES AU PARADIS;BARCLAY / UNIVERSAL MUSIC FRANCE;Albums;Platine;29/09/2017;25/05/2018;7 mois
RAMMSTEIN;RAMMSTEIN: PARIS;VERTIGO / UNIVERSAL MUSIC FRANCE;Vidéos;Or;26/05/2017;18/05/2018;11 mois
KARAOKE;COFFRET 2 DVD STARS 80;UMSM / UNIVERSAL MUSIC FRANCE;Vidéos;Or;24/11/2017;18/05/2018;5 mois
HOOSS;FRENCH RIVIERA VOL. 2;Dixon Tv / Only Pro / MUSICAST;Albums;Or;29/04/2016;18/05/2018;2 ans
FAKEAR;ANIMAL;PANTHEON / UNIVERSAL MUSIC FRANCE;Albums;Or;31/08/2016;11/05/2018;1 an 8 mois
KEEN'V;7;WARNER / WARNER MUSIC FRANCE;Albums;Platine;07/07/2017;27/04/2018;9 mois
HORNET LA FRAPPE;NOUS-MEMES;REC 118/DIEZ Peufra	/ WARNER MUSIC FRANCE;Albums;Platine;25/09/2017;27/04/2018;7 mois
MACKLEMORE;GEMINI;Bendo LLC / WARNER MUSIC FRANCE;Albums;Or;22/09/2017;27/04/2018;7 mois
PETIT BISCUIT;PRESENCE;PETIT BISCUIT / BELIEVE;Albums;Or;10/11/2017;27/04/2018;5 mois
MAÎTRE GIMS FEAT. NISKA;SAPÉS COMME JAMAIS;JIVE EPIC / SONY MUSIC ENTERTAINMENT;Singles;Diamant;26/08/2016;27/04/2018;1 an 8 mois
MAÎTRE GIMS;BRISÉ (PILULE BLEUE);JIVE EPIC	 / SONY MUSIC ENTERTAINMENT;Singles;Or;26/08/2016;27/04/2018;1 an 8 mois
DJ SNAKE FEAT. LAUV;A DIFFERENT WAY;GEFFEN / UNIVERSAL MUSIC FRANCE;Singles;Platine;22/09/2017;13/04/2018;6 mois
LORENZO;FUME A FOND;INITIAL ARTIST SERVICES / UNIVERSAL MUSIC FRANCE;Singles;Diamant;16/06/2017;13/04/2018;10 mois
COLUMBINE;LES PRÉLIS;Columbine2k16 / BELIEVE;Singles;Or;01/01/2016;13/04/2018;2 ans 3 mois
JUL;ILS M'IGNORENT;D'OR ET DE Platine / MUSICAST;Singles;Or;04/03/2016;13/04/2018;2 ans 1 mois
TRAVIS SCOTT;BUTTERFLY EFFECT;Epic/Grand Hustle / SONY MUSIC ENTERTAINMENT;Singles;Or;18/05/2017;13/04/2018;11 mois
MARTIN GARRIX & DAVID GUETTA FEAT. JAMIE SCOTT & ROMY DYA;SO FAR AWAY;Sony Music Media / SONY MUSIC ENTERTAINMENT;Singles;Or;01/12/2017;13/04/2018;4 mois
MHD;AFRO TRAP PART. 2 (KAKALA BOMAYE);CAPITOL	 / UNIVERSAL MUSIC FRANCE;Singles;Or;04/03/2016;13/04/2018;2 ans 1 mois
SELENA GOMEZ FEAT. GUCCI MANE;FETISH;UNIVERSAL MUSIC / UNIVERSAL MUSIC FRANCE;Singles;Or;13/07/2017;13/04/2018;9 mois
SCH;J'ATTENDS;Millenium Capitol	 / UNIVERSAL MUSIC FRANCE;Singles;Or;14/04/2017;13/04/2018;1 an
KENDJI GIRAC;ME QUEMO;UNIVERSAL MUSIC DIVISION MERCURY RECORDS	 / UNIVERSAL MUSIC FRANCE;Singles;Or;25/11/2016;13/04/2018;1 an 4 mois
MARWA LOUD;BILLET;BECAUSE / WARNER MUSIC FRANCE;Singles;Or;24/02/2018;13/04/2018;1 mois
DADJU;BOB MARLEY;UNIVERSAL MUSIC DIVISION POLYDOR / UNIVERSAL MUSIC FRANCE;Singles;Diamant;23/11/2017;13/04/2018;4 mois
KENDJI GIRAC;LES YEUX DE LA MAMA;UNIVERSAL MUSIC DIVISION MERCURY RECORDS	 / UNIVERSAL MUSIC FRANCE;Singles;Platine;25/11/2016;13/04/2018;1 an 4 mois
SADEK;#VVRDL;INDUSTREET MUSIC  / REC. 118 / WARNER MUSIC FRANCE;Albums;Platine;15/09/2017;06/04/2018;6 mois
GHETTO PHÉNOMÈNE FEAT. JUL;MARIA MARIA;UNIVERSAL MUSIC FRANCE;Singles;Platine;31/07/2017;06/04/2018;8 mois
VALD;MEGADOSE;Universal Music Division Capitol Music F	 /  UNIVERSAL MUSIC FRANCE;Singles;Or;20/01/2017;06/04/2018;1 an 2 mois
BIG SHAQ;MAN'S NOT HOT;UNIVERSAL MUSIC DIVISION BARCLAY / UNIVERSAL MUSIC FRANCE;Singles;Or;22/09/2017;06/04/2018;6 mois
AMIR;ON DIRAIT;WM FRANCE / WARNER MUSIC FRANCE;Singles;Platine;24/04/2016;23/03/2018;1 an 11 mois
KALASH;MWAKA MOON;CAPITOL / UNIVERSAL MUSIC FRANCE;Albums;Platine;13/10/2017;23/03/2018;5 mois
NEKFEU FEAT. SNEAZZY & S.PRI NOIR;SATURNE;SEINE ZOO RECORDS / UNIVERSAL DIVISION POLYDOR;Singles;Diamant;01/12/2016;23/03/2018;1 an 3 mois
TWENTY ONE PILOTS;STRESSED OUT;ATLANTIC RECORDS / WARNER MUSIC FRANCE;Singles;Diamant;01/05/2015;21/03/2018;2 ans 11 mois
BRIGITTE;A BOUCHE QUE VEUX TU;COLUMBIA / SONY MUSIC;Albums;Double Platine;17/11/2014;20/03/2018;3 ans 4 mois
MASS HYSTERIA;CONTRADDICTION;YELEN / SONY MUSIC ENTERTAINMENT;Albums;Or;02/02/1999;19/03/2018;19 ans 4 mois
BENASH FEAT. BOOBA;GHETTO;Universal Music Division Capitol Music F	 / UNIVERSAL MUSIC FRANCE;Singles;Diamant;03/03/2017;16/03/2018;1 an
RIDSA;LIBRE;WLAB / WAGRAM;Albums;Or;14/04/2017;16/03/2018;11 mois
DADJU;J'AI DIT NON;UNIVERSAL MUSIC DIVISION POLYDOR / UNIVERSAL MUSIC FRANCE;Singles;Or;27/10/2017;16/03/2018;4 mois
KATY PERRY FEAT. NICKI MINAJ;SWISH SWISH;Universal Music Division Capitol Music /	UNIVERSAL MUSIC FRANCE;Singles;Or;19/05/2017;16/03/2018;10 mois
HORNET LA FRAPPE;DEAD ÇA;Rec. 118 / Parlophone France/ WARNER MUSIC FRANCE;Singles;Or;29/09/2017;16/03/2018;5 mois
L'ALGÉRINO;PANAMA;Black Pearl Music	 / MUSICAST;Singles;Or;31/08/2016;16/03/2018;1 an 6 mois
DJ HAMIDA FEAT. LARTISTE;C'EST UNE FRAPPE;Meknessi Style Records / BELIEVE;Singles;Or;30/06/2017;16/03/2018;8 mois
OFENBACH VS. NICK WATERHOUSE;KATCHI;WEA France / WARNER MUSIC FRANCE;Singles;Diamant;25/08/2017;16/03/2018;6 mois
CALYPSO ROSE;FAR FROM HOME;BECAUSE MUSIC / WARNER MUSIC FRANCE;Albums;Platine;27/05/2016;16/03/2018;1 an 9 mois
MISTER V;TOP ALBUM;HEY PELO RECORDS / MUSICAST / Believe;Singles;Platine;19/05/2017;16/03/2018;10 mois
FLORENT PAGNY;LE PRESENT D'ABORD;CAPITOL / UNIVERSAL MUSIC FRANCE;Albums;Double Platine;22/09/2017;16/03/2018;5 mois
PORTUGAL. THE MAN;FEEL IT STILL;ATLANTIC RECORDS / WARNER MUSIC FRANCE;Singles;Diamant;03/03/2017;16/03/2018;1 an
LES ENFOIRÉS;ENFOIRÉS 2018 MUSIQUE !;COLUMBIA / SONY MUSIC ENTERTAINMENT;Vidéos;Diamant;09/03/2018;10/03/2018;
SOPRANO;LIVE A L'ORANGE VELODROME;REC. 118/ PARLOPHONE / WARNER MUSIC FRANCE;Vidéos;Or;24/11/2017;09/03/2018;3 mois
THE ROLLING STONES;STICKY FINGERS LIVE AT THE FONDA THEATRE;EAGLE ROCK	/ UNIVERSAL MUSIC FRANCE;Vidéos;Or;29/09/2017;09/03/2018;5 mois
KENDJI GIRAC;ENSEMBLE, LE LIVE;ULM / UNIVERSAL MUSIC FRANCE;Vidéos;Or;17/03/2017;09/03/2018;11 mois
KARAOKE;COFFRET 6 DVD EXCLU LECLERC 2017+CF+80+FÊTE;UMSM  / UNIVERSAL MUSIC FRANCE;Vidéos;Or;03/11/2017;09/03/2018;4 mois
KARAOKE;COFFRET 4 DVD EXCLU CARREFOUR 2017 + 80 + FÊTE + DUOS;UMSM / UNIVERSAL MUSIC FRANCE;Vidéos;Or;18/11/2017;09/03/2018;3 mois
SADEK;PETIT PRINCE;Rec. 118 / Parlophone France / WARNER MUSIC FRANCE;Singles;Or;29/03/2017;09/03/2018;11 mois
KENDJI GIRAC;SONRISA;MERCURY MUSIC GROUP / UNIVERSAL MUSIC FRANCE;Singles;Or;11/11/2016;09/03/2018;1 an 4 mois
DESTINY'S CHILD;SAY MY NAME;COLUMBIA / SONY MUSIC ENTERTAINMENT;Singles;Or;23/04/2016;09/03/2018;1 an 10 mois
LORENZO;LE SON QUI FAIT PLAIZ;UNIVERSAL MUSIC DISTRIBUTION DEAL	/ UNIVERSAL MUSIC FRANCE;Singles;Or;27/03/2017;09/03/2018;11 mois
ASH KIDD;LOLITA;UNIVERSAL MUSIC DISTRIBUTION DEAL / UNIVERSAL MUSIC FRANCE;Singles;Or;23/06/2017;09/03/2018;8 mois
LACRIM;20 BOUTEILLES;DEF JAM / UNIVERSAL MUSIC FRANCE;Singles;Or;30/03/2017;09/03/2018;11 mois
HAMZA;LIFE;REC.118 / PARLOPHONE FRANCE / WARNER MUSIC FRANCE;Singles;Or;27/10/2017;23/02/2018;3 mois
CLEAN BANDIT FEAT. JULIA MICHAELS;I MISS YOU;ATLANTIC RECORDS UK / WARNER MUSIC FRANCE;Singles;Or;27/10/2017;23/02/2018;3 mois
KEEN'V;ELLE A;WARNER MUSIC FRANCE / WARNER MUSIC FRANCE;Singles;Or;06/04/2017;23/02/2018;10 mois
RILÈS;I DO IT;RILES  TUNECORE INC / Tunecore;Singles;Or;06/11/2016;23/02/2018;1 an 3 mois
MC SOLAAR;SONOTONE;Osmose Inverse, under exclusive license / BELIEVE;Singles;Or;01/09/2017;23/02/2018;5 mois
BOOBA;DRAPEAU NOIR;TALLAC RECORDS / CAPITOL / UNIVERSAL MUSIC FRANCE;Singles;Platine;01/12/2017;23/02/2018;2 mois
RAG'N'BONE MAN;SKIN;SMI COL	 / SONY MUSIC ENTERTAINMENT;Singles;Diamant;27/01/2017;16/02/2018;1 an
IMAGINE DRAGONS;THUNDER;POLYDOR / UNIVERSAL MUSIC FRANCE;Singles;Diamant;27/04/2017;16/02/2018;9 mois
ZAYN FEAT. SIA;DUSK TILL DAWN;SONY MUSIC ENTERTAINMENT;Singles;Diamant;09/09/2017;16/02/2018;5 mois
LOUANE;LOUANE;FONTANA / UNIVERSAL MUSIC FRANCE;Albums;Triple Platine;10/11/2017;16/02/2018;3 mois
LACRIM;GERICAULT;DEF JAM  FRANCE / UNIVERSAL MUSIC FRANCE;Singles;Or;16/11/2017;16/02/2018;3 mois
LACRIM FEAT. NINHO;VEUX-TU ?;DEF JAM FRANCE / UNIVERSAL MUSIC FRANCE;Singles;Or;16/11/2017;16/02/2018;3 mois
LACRIM;TOUS LES MÊMES;DEF JAM FRANCE / UNIVERSAL MUSIC FRANCE;Singles;Or;20/10/2017;16/02/2018;3 mois
BOOBA;TERRAIN;TALLAC RECORDS / UNIVERSAL MUSIC FRANCE;Singles;Or;30/11/2017;16/02/2018;2 mois
MARWA LOUD;MEHDI;BECAUSE MUSIC	/ BECAUSE;Singles;Or;27/09/2017;16/02/2018;4 mois
DJADJA & DINAZ;DANS LA CITÉ;Carré-Music / MUSICAST / MUSICAST;Singles;Or;16/03/2017;16/02/2018;11 mois
ALICIA KEYS;NO ONE;J RECORDS / SONY MUSIC ENTERTAINMENT;Singles;Or;23/04/2016;16/02/2018;1 an 10 mois
VIANNEY;VIANNEY;TOT OU TARD / WAGRAM;Albums;Diamant;25/11/2016;09/02/2018;1 an 2 mois
DJ KHALED;GRATEFUL;Epic  / We The Best / SONY MUSIC ENTERTAINMENT;Albums;Or;07/07/2017;09/02/2018;7 mois
DJ HAMIDA;A LA BIEN MIX PARTY 2017;MEKNESSI / MUSICAST / BELIEVE;Albums;Or;30/06/2017;09/02/2018;7 mois
BOOBA;MAGNIFIQUE;TALLAC RECORDS / UNIVERSAL MUSIC FRANCE;Singles;Or;01/12/2017;09/02/2018;2 mois
INDOCHINE;LA VIE EST BELLE;INDOCHINE RECORDS	 / SONY MUSIC ENTERTAINMENT;Singles;Or;09/06/2017;09/02/2018;8 mois
DJANGO;FICHU;639419 Records DK2  PK Interactive, Inc.;Singles;Or;23/02/2017;09/02/2018;11 mois
KUNGS FEAT. EPHEMERALS;I FEEL SO BAD;SOUND OF BARCLAY / UNIVERSAL MUSIC FRANCE;Singles;Diamant;21/10/2016;02/02/2018;1 an 3 mois
FEDER FEAT. ALEX AIONO;LORDLY;Artiworks/WEA / WARNER MUSIC FRANCE;Singles;Diamant;26/08/2016;02/02/2018;1 an 5 mois
DAMSO;N. J RESPECT R;92i/Capitol / UNIVERSAL MUSIC FRANCE;Singles;Diamant;27/04/2017;02/02/2018;9 mois
LACRIM;2 PAC;Def Jam	/ UNIVERSAL MUSIC FRANCE;Singles;Or;30/03/2017;02/02/2018;10 mois
ARCADIAN;FOLIE ARCADIENNE;FONTANA / UNIVERSAL MUSIC FRANCE;Singles;Or;01/07/2016;02/02/2018;1 an 7 mois
NEKFEU;PROGRAMMÉ;SEINE ZOO RECORDS / UNIVERSAL DIVISION POLYDOR;Singles;Or;01/12/2016;02/02/2018;1 an 2 mois
DADJU FEAT. NISKA;SOUS CONTRÔLE;UNIVERSAL MUSIC DIVISION POLYDOR / UNIVERSAL MUSIC FRANCE;Singles;Or;23/11/2017;02/02/2018;2 mois
MAITRE GIMS;TOUT DONNER;JIVE EPIC / SONY MUSIC ENTERTAINMENT;Singles;Diamant;26/08/2016;19/01/2018;1 an 5 mois
BOOBA;FRIDAY;TALLAC RECORDS / CAPITOL / UNIVERSAL MUSIC FRANCE;Singles;Platine;01/12/2017;19/01/2018;1 mois
HYPHEN HYPHEN;TIMES;PARLOPHONE / WARNER MUSIC FRANCE;Albums;Or;18/09/2015;16/01/2018;2 ans 4 mois
MICHEL SARDOU;LE CHOIX DU FOU;MERCURY RECORDS / UNIVERSAL MUSIC FRANCE;Albums;Double Platine;20/10/2017;12/01/2018;2 mois
STILL FRESH;CŒUR NOIR;ARISTA / SONYMUSIC ENTERTAINEMENT;Albums;Or;29/09/2017;12/01/2018;3 mois
FRANCIS CABREL;L'ESSENTIEL 1977-2017;SMART / SONY MUSIC ENTERTAINMENT;Albums;Or;08/12/2017;12/01/2018;1 mois
HORNET LA FRAPPE;MAGHRÉBIN;Rec. 118 / Parlophone France / WARNER MUSIC FRANCE;Singles;Or;29/09/2017;12/01/2018;3 mois
BOOBA FEAT. GATO;BOUYON;TALLAC RECORDS / UNIVERSAL MUSIC FRANCE;Singles;Or;01/12/2017;12/01/2018;1 mois
BOOBA;CENTURION;TALLAC RECORDS / UNIVERSAL MUSIC FRANCE;Singles;Or;01/12/2017;12/01/2018;1 mois
LEMAITRE FEAT. JENNIE A.;CLOSER;Universal Music Division Capitol Music F	 / UNIVERSAL MUSIC FRANCE;Singles;Or;02/06/2017;12/01/2018;7 mois
MMZ;MA BULLE;TPLG Records / MUSICAST;Singles;Or;10/11/2017;12/01/2018;2 mois
AYO & TEO;ROLEX;Zone 4 Inc. / EMPIRE Distribution;Singles;Or;14/01/2017;12/01/2018;1 an
NAPS;VROUM VROUM;NAPS 13emeArtRecords / BELIEVE;Singles;Or;18/05/2017;12/01/2018;7 mois
MAROON 5 FEAT. SZA;WHAT LOVERS DO;INTERSCOPE RECORDS / UNIVERSAL MUSIC FRANCE;Singles;Platine;30/08/2017;12/01/2018;4 mois
MIKE PERRY FEAT. SHY MARTIN;THE OCEAN;SMART / SONY MUSIC ENTERTAINMENT;Singles;Diamant;15/04/2016;12/01/2018;1 an 9 mois
ORELSAN;TOUT VA BIEN;WAGRAM MUSIC / 3EME BUREAU / WAGRAM;Singles;Platine;19/10/2017;12/01/2018;2 mois
NISKA FEAT BOOBA;TUBA LIFE;CAPITOL / UNIVERSAL MUSIC FRANCE;Singles;Diamant;21/09/2017;12/01/2018;3 mois
CAMILA CABELLO FEAT. YOUNG THUG;HAVANA;SYCO MUSIC /EPIC / SONY MUSIC ENTERTAINMENT;Singles;Diamant;05/08/2017;05/01/2018;5 mois
DAMSO;AMNÉSIE;92i/Capitol / UNIVERSAL MUSIC FRANCE;Singles;Platine;08/07/2016;05/01/2018;1 an 6 mois
A R I Z O N A;OCEANS AWAY;Atlantic Records / WARNER MUSIC FRANCE;Singles;Or;09/12/2016;05/01/2018;1 an 1 mois
SADEK FEAT. SCH;LA PARESSE;Rec. 118 / Parlophone France / WARNER MUSIC FRANCE;Singles;Or;20/06/2016;05/01/2018;1 an 6 mois
ORELSAN;LA LUMIÈRE;WAGRAM MUSIC / 3EME BUREAU / WAGRAM;Singles;Or;19/10/2017;05/01/2018;2 mois
BOOBA FEAT. NISKA & SIDIKI DIABATÉ;ÇA VA ALLER;TALLAC RECORDS / UNIVERSAL MUSIC FRANCE;Singles;Or;01/12/2017;05/01/2018;1 mois
GRADUR;LA MALA;BARCLAY / UNIVERSAL MUSIC FRANCE;Singles;Or;29/04/2016;05/01/2018;1 an 8 mois
KAARIS;JE SUIS GNINNIN, JE SUIS BIEN;DEF JAM FRANCE / UNIVERSAL MUSIC FRANCE;Singles;Or;13/10/2017;05/01/2018;2 mois
HAYCE LEMSI & VOLTS FACE;LES PIEDS DEVANT LE D;Les Frères Lumières / BELIEVE;Singles;Or;08/04/2016;05/01/2018;1 an 9 mois
MARTIN GARRIX & BEBE REXHA;IN THE NAME OF LOVE;SMART / SONY MUSIC;Singles;Diamant;28/07/2015;05/01/2018;2 ans 5 mois
POST MALONE FEAT. 21 SAVAGE;ROCKSTAR;MOTOWN / UNIVERSAL MUSIC FRANCE;Singles;Diamant;15/09/2017;05/01/2018;3 mois
MULTI INTERPRETES;NRJ BEACH PARTY 2017;WARNER SPECIAL MARKETING / WARNER MUSIC FRANCE;Albums;Platine;11/08/2017;05/01/2018;4 mois
SCH FEAT. SFERA EBBASTA;CARTINE CARTIER;DEF JAM	/ UNIVERSAL MUSIC FRANCE;Singles;Or;27/05/2017;22/12/2017;6 mois
NISKA;H&M;Capitol	/ UNIVERSAL MUSIC FRANCE;Singles;Or;21/09/2017;22/12/2017;3 mois
MORIARTY;JIMMY;NAIVE	/ UNIVERSAL MUSIC FRANCE;Singles;Or;22/12/2016;22/12/2017;1 an
NINHO;ELLE M'A EU;REC.118 / PARLOPHONE FRANCE / WARNER MUSIC FRANCE;Singles;Platine;08/09/2017;22/12/2017;3 mois
NAZA;LA DÉBAUCHE;BOMAYE MUSIK	/ BELIEVE;Singles;Or;31/03/2017;22/12/2017;8 mois
PINK;WHAT ABOUT US;RCA RECORDS LABEL / SONY MUSIC ENTERTAINMENT;Singles;Platine;12/08/2017;15/12/2017;4 mois
MULTI INTERPRÈTES;NRJ MUSIC AWARDS 2017;UMSM	/ UNIVERSAL MUSIC FRANCE;Albums;Platine;27/10/2017;15/12/2017;1 mois
MC SOLAAR;GEOPOETIQUE;PLAY TWO	/ WARNER MUSIC FRANCE;Albums;Platine;03/11/2017;15/12/2017;1 mois
CLAUDIO CAPÉO;UN HOMME DEBOUT;JO & CO / SONY MUSIC ENTERTAINMENT;Singles;Diamant;15/07/2016;15/12/2017;1 an 5 mois
NINHO;MILS;MAL LUNE / WARNER MUSIC FRANCE;Albums;Platine;21/10/2016;15/12/2017;1 an 2 mois
SOFIANE;TOKA;Millenium Capitol	 / UNIVERSAL MUSIC FRANCE;Singles;Platine;14/04/2017;15/12/2017;8 mois
NEKFEU;SQUA;SEINE ZOO RECORDS / UNIVERSAL DIVISION POLYDOR;Singles;Diamant;01/12/2016;15/12/2017;1 an
CAMILLE;OUI;BECAUSE MUSIC / WARNER MUSIC FRANCE;Albums;Or;02/06/2017;15/12/2017;6 mois
LACRIM;JUDY MONCADA;DEF JAM FRANCE / UNIVERSAL MUSIC FRANCE;Singles;Or;15/09/2017;15/12/2017;3 mois
NINHO;ROSE;Rec. 118 / Parlophone France / WARNER MUSIC FRANCE;Singles;Platine;08/09/2017;15/12/2017;3 mois
NIRO FEAT. AYESHA CHANEL;VAMOS;AZ / UNIVERSAL MUSIC FRANCE;Singles;Or;08/12/2016;15/12/2017;1 an
ORELSAN;BONNE MEUF;WAGRAM MUSIC / 3EME BUREAU / WAGRAM;Singles;Or;19/10/2017;15/12/2017;1 mois
LOÏC NOTTET;MILLION EYES;Sony Music		SONY MUSIC ENTERTAINMENT;Singles;Diamant;27/10/2016;15/12/2017;1 an 1 mois
M83;MIDNIGHT CITY;M83 Recording Inc / UNIVERSAL MUSIC FRANCE;Singles;Or;22/12/2016;08/12/2017;11 mois
ORELSAN;QUAND EST-CE QUE ÇA S'ARRÊTE;WAGRAM MUSIC / 3EME BUREAU / WAGRAM;Singles;Or;19/10/2017;08/12/2017;1 mois
JUL;COUSINE;D'OR ET DE Platine / MUSICAST;Singles;Or;13/05/2016;08/12/2017;1 an 7 mois
LES INSUS;LES INSUS LIVE;PARLOPHONE / WARNER MUSIC FRANCE;Albums;Platine;08/09/2017;08/12/2017;3 mois
NISKA;SALÉ;CAPITOL / UNIVERSAL MUSIC FRANCE;Singles;Diamant;21/09/2017;08/12/2017;2 mois
DJ KHALED FEAT. RIHANNA & BRYSON TILLER;WILD THOUGHTS;Epic/We The Best / SONY MUSIC ENTERTAINMENT;Singles;Diamant;16/06/2017;01/12/2017;5 mois
IMAGINE DRAGONS;BELIEVER;UNIVERSAL MUSIC DIVISION POLYDOR / UNIVERSAL MUSIC FRANCE;Singles;Diamant;01/02/2017;01/12/2017;10 mois
FRÉDÉRIC FRANÇOIS;LES FEMMES SONT LA LUMIÈRE DU MONDE;MBM RECORDS / SONY MUSIC ENTERTAINMENT;Albums;Or;08/04/2016;01/12/2017;1 an 8 mois
ROBIN SCHULZ & DAVID GUETTA FEAT. CHEAT CODES;SHED A LIGHT;Tonspiel / WARNER MUSIC FRANCE;Singles;Or;25/11/2016;01/12/2017;1 an
DJADJA & DINAZ;CATALOGUÉS BANDITS;CARRE-MUSIC / MUSICAST;Singles;Or;06/03/2017;01/12/2017;9 mois
DOSSEH FEAT BOOBA;INFREQUENTABLES;AZ / CAPITOL / UNIVERSAL MUSIC FRANCE;Singles;Diamant;14/10/2016;01/12/2017;1 an 1 mois
MAJOR LAZER FEAT TRAVIS SCOTT, CAMILA CABELLO & QUAVO;KNOW NO BETTER;BECAUSE MUSIC / WARNER MUSIC FRANCE;Singles;Platine;01/06/2017;24/11/2017;5 mois
NOLWENN LEROY;GEMME;MERCURY RECORDS / UNIVERSAL MUSIC FRANCE;Albums;Or;01/09/2017;03/11/2017;2 mois
TEXAS;JUMP ON BOARD;PIAS LE LABEL / PIAS FRANCE;Albums;Or;21/04/2017;03/11/2017;6 mois
POST MALONE FEAT. QUAVO;CONGRATULATIONS;MOTOWN / UNIVERSAL MUSIC FRANCE;Singles;Or;04/11/2016;03/11/2017;1 an
THE LUMINEERS;OPHELIA;DECCA / UNIVERSAL MUSIC FRANCE;Singles;Or;05/02/2016;03/11/2017;1 an 9 mois
LUIS FONSI;DESPACITO & MIS GRANDES ÉXITOS;MCA LATINO / UNIVERSAL MUSIC FRANCE;Albums;Platine;16/06/2017;03/11/2017;4 mois
LALGÉRINO;BANDERAS;Black Pearl Music / MUSICAST;Singles;Or;28/10/2016;03/11/2017;1 an
SADEK FEAT. GRADUR;ANDALE;WARNER MUSIC FRANCE;Singles;Diamant;08/07/2016;03/11/2017;1 an 4 mois
MAÎTRE GIMS FEAT. JUL &  DJ LAST ONE;BOUCAN;JIVE EPIC	 / SONY MUSIC ENTERTAINMENT;Singles;Platine;17/08/2016;03/11/2017;1 an 2 mois
NINHO FEAT. SOFIANE;LAISSE PAS TRAÎNER TON FILS;REC.118 / PARLOPHONE FRANCE / WARNER MUSIC FRANCE;Singles;Or;08/09/2017;27/10/2017;1 mois
RITA ORA;YOUR SONG;ATLANTIC RECORDS UK / WARNER MUSIC FRANCE;Singles;Or;26/05/2017;27/10/2017;5 mois
NASSI;LA VIE EST BELLE;WM FR Affiliated / Play Two / WARNER MUSIC FRANCE;Singles;Or;20/01/2017;27/10/2017;9 mois
SADEK;LA VACHE;REC.118 / PARLOPHONE FRANCE / WARNER MUSIC FRANCE;Singles;Or;18/08/2017;27/10/2017;2 mois
BAKERMAT FEAT. ALEX CLARE;LIVING;B1 Recordings / SONY MUSIC ENTERTAINMENT;Singles;Or;01/07/2016;27/10/2017;1 an 4 mois
NEKFEU FEAT. FRAMAL & JAZZY BAZZ;BESOIN DE SENS;SEINE ZOO RECORDS / UNIVERSAL DIVISION POLYDOR;Singles;Or;01/12/2016;27/10/2017;11 mois
SNEAZZY;OUAIS MEC;Believe Recordings / BELIEVE;Singles;Or;06/07/2016;27/10/2017;1 an 3 mois
NAPS;ELVIRA;NAPS 13eme Art Records / BELIEVE;Singles;Or;18/05/2017;27/10/2017;5 mois
DJANGO;OISEAUX;639419 Records DK2  PK Interactive, Inc.;Singles;Or;04/12/2016;27/10/2017;10 mois
SHAWN MENDES;THERE'S NOTHING HOLDIN' ME BACK;UNIVERSAL MUSIC DIVISION BARCLAY / UNIVERSAL MUSIC FRANCE;Singles;Platine;20/04/2017;27/10/2017;6 mois
ZAYN & TAYLOR SWIFT;I DON'T WANNA LIVE FOREVER;Universal Music Division Def Jam Recordi / UNIVERSAL MUSIC FRANCE;Singles;Diamant;09/12/2016;27/10/2017;10 mois
MARTIN JENSEN;SOLO DANCE;Universal Music Division MCA		UNIVERSAL MUSIC FRANCE;Singles;Platine;11/11/2016;27/10/2017;11 mois
SOPRANO;COEURDONNIER;REC.118 / PARLOPHONE FRANCE / WARNER MUSIC FRANCE;Singles;Or;14/10/2016;20/10/2017;1 an
KAARIS;CONTACT;DEF JAM / UNIVERSAL MUSIC FRANCE;Singles;Or;11/11/2016;20/10/2017;11 mois
MARWA LOUD;TEMPS PERDU;BECAUSE;Singles;Or;07/07/2017;20/10/2017;3 mois
JUL;J'ATTENDS;D'OR ET DE Platine / MUSICAST;Singles;Or;24/06/2016;20/10/2017;1 an 4 mois
NINHO;MAMACITA;Rec. 118 / Parlophone France / WARNER MUSIC FRANCE;Singles;Diamant;06/07/2017;20/10/2017;3 mois
SOPRANO;EN FEU;REC.118 / PARLOPHONE FRANCE / WARNER MUSIC FRANCE;Singles;Diamant;25/07/2016;20/10/2017;1 an 3 mois
MULTI INTERPRETES;LES TROIS MOUSQUETAIRES;SONY MUSIC ENTERTAINMENT;Albums;Or;29/04/2016;16/10/2017;1 an 5 mois
KIDS UNITED;LIVE (LE);PLAY ON / WARNER MUSIC FRANCE;Albums;Or;17/02/2017;13/10/2017;7 mois
GEORGIO;HÉRA;PANENKA MUSIC / WAGRAM;Albums;Or;04/11/2016;13/10/2017;11 mois
ZARA LARSSON;LUSH LIFE;JIVE EPIC / SONY MUSIC ENTERTAINMENT;Singles;Diamant;17/03/2017;13/10/2017;7 mois
CALOGERO;JE JOUE DE LA MUSIQUE;UNIVERSAL MUSIC DIVISION POLYDOR /  UNIVERSAL MUSIC FRANCE;Singles;Or;28/04/2017;22/09/2017;4 mois
KYGO & ELLIE GOULDING;FIRST TIME;KYGO / SONY MUSIC ENTERTAINMENT;Singles;Or;28/04/2017;22/09/2017;4 mois
DAMSO FEAT YOURI;I. PEUR D’ÊTRE PÈRE;92i /CAPITOL / UNIVERSAL MUSIC FRANCE;Singles;Or;28/04/2017;22/09/2017;4 mois
HAILEE STEINFELD & GREY FEAT. ZEDD;STARVING;Universal Records / UNIVERSAL MUSIC FRANCE;Singles;Or;15/07/2016;22/09/2017;1 an 2 mois
JUL;ELLE TE BALADE;D'OR ET DE Platine / MUSICAST;Singles;Platine;04/03/2016;15/09/2017;1 an 6 mois
BROKEN BACK;HALCYON BIRDS;COLUMBIA / SONY MUSIC ENTERTAINMENT;Singles;Platine;10/06/2016;15/09/2017;1 an 3 mois
BROKEN BACK;BROKEN BACK;COLUMBIA / SONY MUSIC ENTERTAINMENT;Albums;Or;18/11/2016;15/09/2017;10 mois
NINHO;RORO;REC.118 / PARLOPHONE FRANCE / WARNER MUSIC FRANCE;Singles;Or;21/04/2017;15/09/2017;4 mois
RILÈS;THANK GOD;RILÈSUNDAYZ TuneCore, Inc / TUNECore;Singles;Or;15/11/2016;15/09/2017;10 mois
SCH;DEO FAVENTE;MILLENIUM / UNIVERSAL MUSIC FRANCE;Albums;Platine;05/05/2017;08/09/2017;4 mois
DABS;OULOULOU;Colored Music TuneCore	 / TUNECore;Singles;Platine;11/12/2016;08/09/2017;9 mois
KENDRICK LAMAR;HUMBLE.;UNIVERSAL MUSIC DIVISION POLYDOR / UNIVERSAL MUSIC FRANCE;Singles;Platine;30/03/2017;08/09/2017;5 mois
PETIT BISCUIT;PETIT BISCUIT;PETIT BISCUIT INC / MUSICAST;Albums;Or;22/07/2016;08/09/2017;1 an 1 mois
SCH;POUPEE RUSSE;MILLENIUM CAPITOL / UNIVERSAL MUSIC FRANCE;Singles;Or;21/04/2017;08/09/2017;4 mois
THE CHAINSMOKERS;IT WON'T KILL YA;SMI COL /  SONY MUSIC ENTERTAINMENT;Singles;Or;06/04/2017;08/09/2017;5 mois
RIDSA;MAMAMIA;W LAB / WAGRAM;Singles;Or;02/04/2017;08/09/2017;5 mois
SOFIANE;#JESUISPASSÉCHEZSO;SUTHER KANE / MUSICAST;Albums;Platine;27/01/2017;08/09/2017;7 mois
BOOBA;92I VEYRON;CAPITOL MUSIC FRANCE / UNIVERSAL MUSIC FRANCE;Singles;Diamant;05/12/2015;05/09/2017;1 an 9 mois
NISKA;RÉSEAUX;Universal Music Division Capitol Music F / UNIVERSAL MUSIC FRANCE;Singles;Diamant;07/07/2017;01/09/2017;1 mois
DAMSO;B. #QUEDUSAALVIE;92i/Capitol	UNIVERSAL MUSIC FRANCE;Singles;Platine;27/04/2017;01/09/2017;4 mois
SOFIANE;JESUISPASSECHEZSO : EPISODE 5 / POLICE NATIONALE;SUTHER KANE / MUSICAST;Singles;Or;07/06/2016;01/09/2017;1 an 3 mois
BMYE;POURQUOI CHERIE;BOMAYE MUSIK / BELIEVE;Singles;Or;21/04/2017;01/09/2017;4 mois
NISKA;J SUIS DANS L BAYE;Universal Music Division Capitol Music F	 / UNIVERSAL MUSIC FRANCE;Singles;Or;07/04/2017;01/09/2017;4 mois
STARLEY;CALL ON ME;HAPPY MUSIC / HAPPY MUSIC;Singles;Diamant;09/09/2016;01/09/2017;11 mois
CELINE DION;UN PEU DE NOUS;COLUMBIA / SONY MUSIC ENTERTAINMENT;Albums;Or;21/07/2017;25/08/2017;1 mois
FEDER FEAT DAECOLM;BACK FOR MORE;ARTIWORKS / WEA / WARNER MUSIC FRANCE;Singles;Or;03/03/2017;25/08/2017;5 mois
SCRIDGE;POUR WALOU;MONDELA MUSIC / TUNECore;Singles;Or;22/03/2017;25/08/2017;5 mois
SOFIANE;TOUT L'MONDE S'EN FOU;SUTHER KANE / BELIEVE;Singles;Diamant;26/01/2017;25/08/2017;7 mois
SHAKIRA;ME ENAMORE;SONY MUSIC LATIN / SONY MUSIC ENTERTAINMENT;Singles;Or;07/04/2017;18/08/2017;4 mois
DESIIGNER;TIIMMY TURNER;ISLAND DEF JAM / UNIVERSAL MUSIC FRANCE;Singles;Or;22/07/2016;14/07/2017;11 mois
VANCE JOY;RIPTIDE;WEA / WARNER MUSIC FRANCE;Singles;Platine;21/05/2013;12/07/2017;4 ans 2 mois
DAMSO;K. MACARENA;92i/Capitol / UNIVERSAL MUSIC FRANCE;Singles;Diamant;04/04/2017;07/07/2017;3 mois
BRUNO MARS;24K MAGIC;ATLANTIC RECORDS / WARNER MUSIC FRANCE;Albums;Double Platine;11/11/2016;07/07/2017;7 mois
PNL;DANS LA LÉGENDE;QLF RECORDS / MUSICAST;Singles;Diamant;14/09/2016;07/07/2017;9 mois
OFENBACH;BE MINE;Ofenbach/Big Beat Paris / WARNER MUSIC FRANCE;Singles;Diamant;25/11/2016;07/07/2017;7 mois
LACRIM;COLONEL CARRILLO;Universal Music Division Def Jam Recordi / UNIVERSAL MUSIC FRANCE;Singles;Or;24/03/2017;07/07/2017;3 mois
JUL;JE M'EN FOUS DE TA NANA;D'OR ET DE Platine / MUSICAST;Singles;Or;01/12/2016;07/07/2017;7 mois
MARC LAVOINE, COEUR DE PIRATE, ARTHUR H;LES SOULIERS ROUGES;BARCLAY / UNIVERSAL MUSIC FRANCE;Albums;Or;09/09/2016;07/07/2017;10 mois
SHAWN MENDES;ILLUMINATE;ISLAND	/ UNIVERSAL MUSIC FRANCE;Albums;Or;23/09/2016;07/07/2017;9 mois
SEAN PAUL FEAT. DUA LIPA;NO LIE;UNIVERSAL MUSIC DIVISION BARCLAY / UNIVERSAL MUSIC FRANCE;Singles;Platine;18/11/2016;07/07/2017;7 mois
CALVIN HARRIS;MY WAY;SONY MUSIC ENTERTAINMENT;Singles;Diamant;19/09/2016;30/06/2017;9 mois
MHD;AFRO TRAP PART. 7 (LA PUISSANCE);AZ / UNIVERSAL MUSIC FRANCE;Singles;Diamant;23/12/2016;30/06/2017;6 mois
MHD;A KELE NTA;CAPITOL	/ UNIVERSAL MUSIC FRANCE;Singles;Diamant;15/04/2016;30/06/2017;1 an 2 mois
PNL;DA;QLF RECORDS / MUSICAST;Singles;Diamant;01/09/2016;30/06/2017;10 mois
SIA FEAT. KENDRICK LAMAR;THE GREATEST;JIVE EPIC	 / SONY MUSIC ENTERTAINMENT;Singles;Diamant;06/09/2016;30/06/2017;9 mois
DJADJA & DINAZ;SOUVIENS-TOI;CARRE-MUSIC / MUSICAST;Singles;Or;07/01/2017;30/06/2017;5 mois
MAJOR LAZER FEAT. PARTYNEXTDOOR & NICKI MINAJ;RUN UP;WARNER MUSIC FRANCE;Singles;Platine;31/03/2017;30/06/2017;3 mois
IBRAHIM MAALOUF;KALTHOUM;MISTER PRODUCTIONS / UNIVERSAL MUSIC;Albums;Or;25/09/2015;27/06/2017;1 an 9 mois
BRUNO MARS;24K MAGIC;ATLANTIC RECORDS / WARNER MUSIC FRANCE;Singles;Diamant;18/11/2016;23/06/2017;7 mois
LACRIM;TRAÎTRES;Universal Music Division Def Jam Recordi / UNIVERSAL MUSIC FRANCE;Singles;Platine;03/02/2017;23/06/2017;4 mois
HEDIA FEAT. KRISTEN MARIE;YOUR MIND;JUSTON		/ WARNER MUSIC FRANCE;Singles;Or;21/10/2016;23/06/2017;8 mois
JONAS BLUE FEAT. RAYE;BY YOUR SIDE;PM:AM RECORDINGS	/ UNIVERSAL MUSIC FRANCE;Singles;Or;28/10/2016;23/06/2017;7 mois
LARTISTE FEAT. AWA IMANI;CHOCOLAT;BECAUSE MUSIC;Singles;Diamant;08/12/2016;23/06/2017;6 mois
MARIAN HILL;DOWN;Universal Music Division Def Jam Recordi / UNIVERSAL MUSIC FRANCE;Singles;Or;04/03/2016;23/06/2017;1 an 3 mois
LACRIM;LA DOLCE VITA;DEF JAM FRANCE / UNIVERSAL MUSIC FRANCE;Singles;Or;30/03/2017;23/06/2017;2 mois
KATY PERRY FEAT. SKIP MARLEY;CHAINED TO THE RHYTHM;Universal Music Division Capitol Music F	 / UNIVERSAL MUSIC FRANCE;Singles;Platine;10/02/2017;23/06/2017;4 mois
JUL;MON BIJOU;D'OR ET DE Platine / MUSICAST;Singles;Diamant;24/06/2016;16/06/2017;11 mois
DRAKE;MORE LIFE;CASH MONEY RECORDS / UNIVERSAL MUSIC FRANCE;Albums;Or;12/05/2017;16/06/2017;1 mois
FRANKO;COLLER LA PETITE;WAGRAM MUSIC	 / WAGRAM;Singles;Or;20/05/2017;16/06/2017;
RIDSA;PARDON;WAGRAM / WAGRAM;Singles;Platine;20/11/2015;12/05/2017;1 an 5 mois
THE WEEKND FEAT. DAFT PUNK;I FEEL IT COMING;Universal Music Division Def Jam Recordi / UNIVERSAL MUSIC FRANCE;Singles;Diamant;18/11/2016;05/05/2017;5 mois
NEG'MARRONS;MA PLAYLIST;PODIUM	 / WARNER MUSIC FRANCE;Singles;Or;19/04/2017;05/05/2017;
FALLY IPUPA FEAT. BOOBA;KINAME;ELEKTRA FRANCE		WARNER MUSIC FRANCE;Singles;Or;07/12/2016;05/05/2017;4 mois
DAVID GUETTA, CEDRIC GERVAIS & CHRIS WILLIS;WOULD I LIE TO YOU;WM Germany / WARNER MUSIC FRANCE;Singles;Or;30/09/2016;05/05/2017;7 mois
IAM;REVOLUTION;DEF JAM FRANCE / UNIVERSAL MUSIC FRANCE;Albums;Or;03/03/2017;05/05/2017;2 mois
KEBLACK;PREMIER ETAGE;Mukongo Business	MUSICAST;Albums;Or;27/01/2017;05/05/2017;3 mois
LP;LOST ON YOU;BMG Rights Management / Elektra	/ WARNER MUSIC FRANCE;Singles;Diamant;01/01/2016;05/05/2017;1 an 4 mois
FABABY;PHYSIO  [TEMPÉRATURE];Neg' Marrons Productions-Caisse Noire	/ WARNER MUSIC FRANCE;Singles;Or;08/04/2016;05/05/2017;1 an 1 mois
ENRIQUE IGLESIAS FEAT. WISIN;DUELE EL CORAZÓN;SMART	/ SONY MUSIC ENTERTAINMENT;Singles;Diamant;19/04/2017;28/04/2017;
JUL;MON POTO;D'OR ET DE Platine	/ MUSICAST;Singles;Or;24/06/2016;28/04/2017;10 mois
D.R.A.M. FEAT. LIL YACHTY;BROCCOLI;W.A.V.E. Recordings/Atlantic		WARNER MUSIC FRANCE;Singles;Or;15/07/2016;28/04/2017;9 mois
PETIT BISCUIT;SUNSET LOVER;Believe Special Marketing		BELIEVE;Singles;Diamant;28/04/2017;28/04/2017;
YOUNG THUG & TRAVIS SCOTT FEAT. QUAVO;PICK UP THE PHONE;JIVE EPIC	 / SONY MUSIC ENTERTAINMENT;Singles;Or;03/06/2016;28/04/2017;10 mois
THE ROLLING STONES;BLUE & LONESOME;POLYDOR / UNIVERSAL MUSIC FRANCE;Albums;Double Platine;02/12/2016;28/04/2017;4 mois
JENNIFER LOPEZ;AIN'T YOUR MAMA;SONY MUSIC ENTERTAINMENT;Singles;Diamant;07/04/2016;28/04/2017;1 an
KEBLACK;BAZARDÉE;BELIEVE DIGITAL;Singles;Diamant;18/11/2016;28/04/2017;5 mois
ROHFF;LE ROHFF GAME;BARCLAY / UNIVERSAL MUSIC FRANCE;Albums;Or;04/12/2015;26/04/2017;1 an 4 mois
FEDER FEAT. EMMI;BLIND;ATLANTIC RECORDS / WEA / WARNER MUSIC FRANCE;Singles;Platine;02/10/2015;24/04/2017;1 an 7 mois
GAVIN JAMES;NERVOUS;GS Believe	/ BELIEVE;Singles;Or;11/03/2016;21/04/2017;1 an 1 mois
MHD;AFRO TRAP PART. 3 (CHAMPIONS LEAGUE);CAPITOL / UNIVERSAL MUSIC FRANCE;Singles;Diamant;04/03/2016;21/04/2017;1 an 1 mois
CLEAN BANDIT FEAT. SEAN PAUL & ANNE-MARIE;ROCKABYE;ATLANTIC RECORDS / WARNER MUSIC FRANCE;Singles;Diamant;20/10/2016;21/04/2017;6 mois
BOOSTEE;POP CORN;UNIVERSAL MUSIC DIVISION POLYDOR / UNIVERSAL MUSIC FRANCE;Singles;Platine;04/11/2016;14/04/2017;5 mois
ZAYN;PILLOWTALK;SONY MUSIC ENTERTAINMENT;Singles;Platine;29/01/2016;14/04/2017;1 an 2 mois
LIL WAYNE, WIZ KHALIFA & IMAGINE DRAGONS FEAT. LOGIC, TY DOL;SUCKER FOR PAIN;ATLANTIC RECORDS / WARNER MUSIC FRANCE;Singles;Platine;24/06/2016;14/04/2017;9 mois
FIFTH HARMONY FEAT. TY DOLLA $IGN;WORK FROM HOME;SYCO MUSIC/EPIC / SONY MUSIC ENTERTAINMENT;Singles;Diamant;27/05/2016;14/04/2017;10 mois
KAARIS;TCHOIN;DEF JAM RECORDINGS FRANCE / UNIVERSAL MUSIC FRANCE;Singles;Diamant;11/11/2016;14/04/2017;5 mois
MATT SIMONS;CATCH & RELEASE;MERCURY MUSIC GROUP / UNIVERSAL MUSIC FRANCE;Singles;Diamant;29/09/2015;14/04/2017;1 an 6 mois
DNCE;CAKE BY THE OCEAN;MERCURY MUSIC GROUP / UNIVERSAL MUSIC FRANCE;Singles;Platine;18/09/2015;14/04/2017;1 an 7 mois
KERY JAMES;MOUHAMMAD ALIX;Suther Kane 94 side Production / MUSICAST;Albums;Or;30/09/2016;14/04/2017;6 mois
PATRICIA KAAS;PATRICIA KAAS;WARNER	 / WARNER MUSIC FRANCE;Albums;Or;11/11/2016;24/02/2017;3 mois
DAVID GUETTA FEAT. ZARA LARSSON;THIS ONE'S FOR YOU;WARNER /  WARNER MUSIC France;Singles;Diamant;13/05/2016;24/02/2017;9 mois
SHAY;THIBAUT COURTOIS;UNIVERSAL MUSIC FRANCE;Singles;Or;01/12/2016;24/02/2017;2 mois
ARIANA GRANDE;DANGEROUS WOMAN;MOTOWN / UNIVERSAL MUSIC FRANCE;Singles;Or;11/03/2016;24/02/2017;11 mois
THE WEEKND FEAT. DAFT PUNK;STARBOY;Universal Music Division Def Jam Recordi / UNIVERSAL MUSIC FRANCE;Singles;Diamant;22/09/2016;24/02/2017;5 mois
JULIEN CLERC;FANS, JE VOUS AIME;PARLOPHONE / WARNER MUSIC FRANCE;Albums;Or;18/11/2016;17/02/2017;3 mois
DRAKE FEAT. RIHANNA;TOO GOOD;DEF JAM FRANCE / UNIVERSAL MUSIC FRANCE;Singles;Platine;29/04/2016;17/02/2017;9 mois
RIM'K;MONSTER TAPE;CAPITOL / UNIVERSAL MUSIC FRANCE;Albums;Or;15/01/2016;17/02/2017;1 an 1 mois
FRENSHIP & EMILY WARREN;CAPSIZE;COLUMBIA / SONY MUSIC ENTERTAINMENT;Singles;Or;18/06/2016;17/02/2017;8 mois
PNL;LA VIE EST BELLE;QLF RECORDS / MUSICAST;Singles;Or;02/09/2016;17/02/2017;5 mois
BLACK M;#ASKIP;JIVE EPIC / SONY MUSIC ENTERTAINMENT;Singles;Or;30/09/2016;17/02/2017;4 mois
BOOBA;DKR;AZ / UNIVERSAL MUSIC FRANCE;Singles;Diamant;30/09/2016;17/02/2017;4 mois
TWENTY ONE PILOTS;HEATHENS;ATLANTIC RECORDS / WARNER MUSIC FRANCE;Singles;Diamant;16/06/2016;03/02/2017;7 mois
PNL;NAHA;QLF RECORDS / MUSICAST;Singles;Diamant;14/09/2016;03/02/2017;4 mois
KAARIS;BLOW;Universal Music Division Def Jam Recordi / UNIVERSAL MUSIC FRANCE;Singles;Platine;11/11/2016;03/02/2017;2 mois
SOPRANO;LE DIABLE NE S'HABILLE PLUS EN PRADA;WARNER /  WARNER MUSIC France;Singles;Platine;07/06/2016;03/02/2017;8 mois
MHD;AFRO TRAP PART. 4 (FAIS LE MOUV);Universal Music Division Capitol Music F	 / UNIVERSAL MUSIC FRANCE;Singles;Or;04/03/2016;03/02/2017;11 mois
BOOBA;D.U.C;CAPITOL / UNIVERSAL MUSIC FRANCE;Albums;Platine;13/04/2015;31/01/2017;1 an 9 mois
RENAUD CAPUCON;LE VIOLON ROI;PARLOPHONE / WARNER MUSIC FRANCE;Albums;Or;25/02/2013;31/01/2017;3 ans 11 mois
FRERO DELAVEGA;DES OMBRES ET DES LUMIERES;CAPITOL / UNIVERSAL MUSIC FRANCE;Albums;Triple Platine;27/11/2015;31/01/2017;1 an 2 mois
CASSEURS FLOWTERS;COMMENT C'EST LOIN;3EME BUREAU / WAGRAM;Albums;Platine;11/12/2015;31/01/2017;1 an 1 mois
FRANK MICHAEL;ECOUTER LES FEMMES;WARNER / WARNER MUSIC FRANCE;Albums;Or;18/11/2016;27/01/2017;2 mois
PNL;KRATOS;QLF RECORDS / MUSICAST;Singles;Or;15/09/2016;27/01/2017;4 mois
NICKY JAM;HASTA EL AMANECER;SMART / SONY MUSIC ENTERTAINMENT;Singles;Or;15/01/2016;27/01/2017;1 an
LP;LOST ON YOU;WARNER MUSIC FRANCE;Albums;Platine;09/12/2016;27/01/2017;1 mois
KAARIS;NADOR;Universal Music Division Def Jam Recordi / UNIVERSAL MUSIC FRANCE;Singles;Or;21/10/2016;20/01/2017;3 mois
TAL;TAL;WARNER / WARNER MUSIC FRANCE;Albums;Platine;28/10/2016;20/01/2017;2 mois
ALONZO;BINTA;DEF JAM FRANCE / UNIVERSAL MUSIC FRANCE;Singles;Diamant;20/05/2016;20/01/2017;8 mois
JUL;TCHIKITA;D'OR ET DE Platine / BELIEVE DIGITAL;Singles;Diamant;20/09/2016;06/01/2017;3 mois
KYGO;FIRESTONE;SMART / SONY MUSIC;Singles;Diamant;02/12/2014;30/11/2016;2 ans
YALL Feat GABRIELA RICHARDSON;HUNDRED MILES;SMART / SONY MUSIC ENTERTAINMENT;Singles;Diamant;01/10/2015;30/11/2016;1 an 2 mois
BOOBA;NERO NEMESIS;CAPITOL / UNIVERSAL MUSIC;Albums;Platine;05/12/2015;30/11/2016;1 an
LACRIM;CORLEONE;DEF JAM / UNIVERSAL MUSIC FRANCE;Albums;Platine;01/09/2014;30/11/2016;2 ans 3 mois
LACRIM;R.I.P.R.O. Volume 1;DEF JAM / UNIVERSAL MUSIC FRANCE;Albums;Platine;01/06/2015;30/11/2016;1 an 6 mois
VINCENT NICLO;PREMIER RENDEZ-VOUS LIVE AU CHATELET;TF1 MUSIQUE / U.S.M.  / UNIVERSAL MUSIC France;Vidéos;Triple Platine;27/11/2015;16/11/2016;11 mois
COLLECTIF METISSE;COLLECTIF METISSE;M.C.A / UNIVERSAL MUSIC FRANCE;Albums;Or;31/08/2009;16/11/2016;7 ans 3 mois
CÉLINE DION;ENCORE UN SOIR;COLUMBIA / SONY MUSIC ENTERTAINMENT;Albums;Diamant;26/08/2016;11/11/2016;2 mois
LEONARD COHEN;YOU WANT IT DARKER;COLUMBIA / SONY MUSIC ENTERTAINMENT;Albums;Platine;21/10/2016;11/11/2016;
LUKAS GRAHAM;7 YEARS;UNIVERSAL MUSIC DIVISION POLYDOR / UNIVERSAL MUSIC FRANCE;Singles;Diamant;25/03/2016;11/11/2016;7 mois
CALVIN HARRIS FEAT. RIHANNA;THIS IS WHAT YOU CAME FOR;SONY MUSIC ENTERTAINMENT;Singles;Diamant;01/05/2016;11/11/2016;6 mois
SOUF;MI AMOR;UNIVERSAL MUSIC DIVISION POLYDOR / UNIVERSAL MUSIC FRANCE;Singles;Or;12/02/2016;11/11/2016;9 mois
CHICA VAMPIRO;CHICA VAMPIRO;TF1 MUSIQUE / UNIVERSAL MUSIC FRANCE;Albums;Platine;12/02/2016;11/11/2016;9 mois
FRERO DELAVEGA;FRERO DELAVEGA;CAPITOL / UNIVERSAL MUSIC;Albums;Diamant;01/08/2014;31/10/2016;2 ans 3 mois
SOPRANO;COSMOPOLITANIE;PARLOPHONE / WARNER MUSIC FRANCE;Albums;Diamant;19/10/2014;31/10/2016;2 ans
KAARIS;LE BRUIT DE MON AME;DEF JAM / UNIVERSAL MUSIC FRANCE;Albums;Or;30/03/2015;31/10/2016;1 an 7 mois
MAJOR LAZER;PEACE IS THE MISSION;BECAUSE MUSIC / WARNER MUSIC FRANCE;Albums;Platine;01/06/2015;31/10/2016;1 an 5 mois
RIDSA;TRANQUILLE;WAGRAM / WAGRAM;Albums;Platine;13/05/2016;31/10/2016;5 mois
RIDSA;LA C'EST DIE;WAGRAM / WAGRAM;Singles;Platine;25/09/2015;31/10/2016;1 an 1 mois
CASSEURS FLOWTERS;A L'HEURE OU JE ME COUCHE;3EME BUREAU / WAGRAM;Singles;Or;28/10/2015;31/10/2016;1 an
FAKEAR FEAT. RAE MORRIS;SILVER;UNIVERSAL MUSIC DIVISION MERCURY RECORDS	 / UNIVERSAL MUSIC FRANCE;Singles;Or;04/03/2016;28/10/2016;7 mois
JUSTIN BIEBER SKRILLEX & DIPLO;WHERE ARER U NOW;ISLAND DEF JAM / UNIVERSAL MUSIC FRANCE;Singles;Platine;12/11/2015;28/10/2016;11 mois
JUSTIN BIEBER;WHAT DO YOU MEAN;ISLAND DEF JAM / UNIVERSAL MUSIC FRANCE;Singles;Platine;12/11/2015;28/10/2016;11 mois
JUSTIN BIEBER;SORRY;ISLAND DEF JAM / UNIVERSAL MUSIC FRANCE;Singles;Diamant;12/11/2015;28/10/2016;11 mois
ALONZO;REGARDE MOI;Universal Music Division Def Jam Recordi / UNIVERSAL MUSIC FRANCE;Singles;Or;25/04/2016;21/10/2016;5 mois
DJADJA & DINAZ;À LA COOL;CARRE-MUSIC / MUSICAST;Singles;Or;06/05/2016;21/10/2016;5 mois
MHD;AFRO TRAP PART. 5 (NGATIE ABEDI);AZ / UNIVERSAL MUSIC FRANCE;Singles;Platine;04/03/2016;14/10/2016;7 mois
VITAA FEAT. JUL;CA LES DÉRANGE;PLAY ON / WARNER MUSIC FRANCE;Singles;Platine;01/05/2016;14/10/2016;5 mois
DJ SNAKE FEAT. JUSTIN BIEBER;LET ME LOVE YOU;UNIVERSAL MUSIC DIVISION POLYDOR / UNIVERSAL MUSIC FRANCE;Singles;Diamant;01/08/2016;14/10/2016;2 mois
DE PALMAS;LA BEAUTÉ DU GESTE;BARCLAY / UNIVERSAL MUSIC FRANCE;Albums;Or;01/04/2016;07/10/2016;6 mois
TELEPHONE;AU CŒUR DE TELEPHONE;WARNER CATALOGUE / WARNER MUSIC France;Albums;Or;20/11/2015;01/06/2016;6 mois
COMPILATION;NRJ MUSIC AWARDS 2015;WARNER SPECIAL MARKETING / WARNER MUSIC France;Albums;Or;31/10/2015;01/06/2016;7 mois
LARA FABIAN;MA VIE DANS LA TIENNE;WARNER / WARNER MUSIC FRANCE;Albums;Platine;06/11/2015;01/06/2016;6 mois
RENAUD;RENAUD;PARLOPHONE / WARNER MUSIC FRANCE;Albums;Diamant;08/04/2016;13/05/2016;1 mois
LOUISE ATTAQUE;ANOMALIE;BARCLAY / UNIVERSAL MUSIC FRANCE;Albums;Or;12/02/2016;13/05/2016;3 mois
MZ FEAT. NEKFEU / LES PRINCES;MZ FEAT. NEKFEU / LES PRINCES;ARISTA FRANCE / SONY MUSIC ENTERTAINMENT;Singles;Or;19/02/2016;06/05/2016;2 mois
LARTISTE;MAESTRO;MONSTRE MARIN / UNIVERSAL MUSIC FRANCE;Albums;Or;04/03/2016;06/05/2016;2 mois
FRANK MICHAEL;MES PREMIERS AMOURS;WARNER MUSIC FRANCE;Albums;Platine;06/11/2015;08/04/2016;5 mois
LES ENFOIRÉS;2016: AU RENDEZ-VOUS DES ENFOIRÉS;COLUMBIA / SONY MUSIC ENTERTAINMENT;Albums;Platine;12/03/2016;01/04/2016;
ALEX BEAUPAIN;LES GENS DANS L'ENVELOPPE;CAPITOL / UNIVERSAL MUSIC;Albums;Or;02/09/2015;30/03/2016;7 mois
KERRY JAMES	DERNIER;MC;CAPITOL / UNIVERSAL MUSIC;Albums;Or;13/05/2015;30/03/2016;10 mois
PASCAL OBISPO;BILLET DE FEMME;JIVE EPIC / SONY MUSIC ENTERTAINMENT;Albums;Or;05/02/2016;26/02/2016;
MULTI INTERPRÈTES;BALAVOINE(S);CAPITOL / UNIVERSAL MUSIC FRANCE;Albums;Platine;08/01/2016;19/02/2016;1 mois
DAVID BOWIE;BLACKSTAR;COLUMBIA / SONY MUSIC ENTERTAINMENT;Albums;Platine;08/01/2016;22/01/2016;
FAUVE;BLIZZARD;FAUVE CORP / WARNER MUSIC FRANCE;Albums;Platine;20/05/2013;09/01/2016;2 ans 8 mois
GENERAL ELEKTRIKS;GOOD CITY FOR DREAMERS (DELUXE EDITION);3EME BUREAU / WAGRAM;Albums;Or;23/02/2009;01/01/2016;6 ans 11 mois
MARINA KAYE;HOMELESS;CAPITOL / UNIVERSAL MUSIC FRANCE;Singles;Platine;15/02/2015;31/12/2015;10 mois
ELLIE GOULDING;LOVE ME LIKE YOU DO;UNIVERSAL MUSIC FRANCE;Singles;Or;25/01/2015;31/12/2015;11 mois
FELIX JAEHN feat. JASMINE THOMPSON;AIN'T NOBODY (Loves Me Better);BARCLAY / UNIVERSAL MUSIC FRANCE;Singles;Or;03/05/2015;31/12/2015;8 mois
THE WEEKND;EARNED IT;DEF JAM RECORDINGS FRANCE / UNIVERSAL MUSIC FRANCE;Singles;Or;18/01/2015;31/12/2015;11 mois
LOUANE;JOUR 1;MERCURY MUSIC GROUP / UNIVERSAL MUSIC FRANCE;Singles;Or;23/03/2014;31/12/2015;1 an 9 mois
FRERO DELAVEGA;LE CHANT DES SIRENES;UNIVERSAL MUSIC FRANCE;Singles;Or;20/07/2014;31/12/2015;1 an 5 mois
LOUANE;JE VOLE;MERCURY MUSIC GROUP / UNIVERSAL MUSIC FRANCE;Singles;Or;21/12/2014;31/12/2015;1 an
RIHANNA, KANYE WEST & PAUL McCARTNEY;FOURFIVESECONDS;UNIVERSAL MUSIC FRANCE;Singles;Or;25/01/2015;31/12/2015;11 mois
ARIANA GRANDE;ONE LAST TIME;UNIVERSAL MUSIC FRANCE;Singles;Or;22/02/2015;31/12/2015;10 mois
RIHANNA;BITCH BETTER HAVE MY MONEY;DEF JAM RECORDINGS FRANCE / UNIVERSAL MUSIC FRANCE;Singles;Or;29/03/2015;31/12/2015;9 mois
MAROON 5;SUGAR;UNIVERSAL MUSIC FRANCE;Singles;Or;18/01/2015;31/12/2015;11 mois
THE WEEKND;CAN'T FEEL MY FACE;DEF JAM RECORDINGS FRANCE / UNIVERSAL MUSIC FRANCE;Singles;Or;14/06/2015;31/12/2015;6 mois
LANA DEL REY;HONEY MOON;POLYDOR / UNIVERSAL MUSIC FRANCE;Albums;Or;18/09/2015;31/12/2015;3 mois
MULTIINTERPRETES;PIOU PIOU DANCE PARTY;SCORPIO / U.S.M. / UNIVERSAL MUSIC FRANCE;Albums;Or;19/12/2012;22/12/2015;3 ans
COMPILATION;TOP 50 - 30 ANS (100 TUBES) - vol,2;U.S.M. / UNIVERSAL MUSIC FRANCE;Albums;Platine;27/10/2014;22/12/2015;1 an 2 mois
VIGON BAMY JAY;LES SOUL MEN;M6 MUSIC / USM / UNIVERSAL MUSIC FRANCE;Albums;Platine;25/03/2013;22/12/2015;2 ans 9 mois
VINCENT NICLO;CE QUE JE SUIS;TF1 MUSIQUE / U S M / UNIVERSAL MUSIC FRANCE;Albums;Platine;08/12/2014;22/12/2015;1 an
COMPILATION;NRJ MUSIC AWARDS 2014;U.S.M./ UNIVERSAL MUSIC France;Albums;Double Platine;01/12/2014;22/12/2015;1 an
LES PRETRES;AMEN;TF1 MUSIQUE / U.S.M. / UNIVERSAL MUSIC FRANCE;Albums;Double Platine;07/04/2014;22/12/2015;1 an 8 mois
VINCENT NICLO;LUIS;TF1 MUSIQUE / U.S.M. / UNIVERSAL MUSIC France;Albums;Double Platine;23/09/2013;22/12/2015;2 ans 3 mois
MULTIINTERPRETRES;FOREVER GENTLEMEN;TF1 MUSIQUE / U.S.M. / UNIVERSAL MUSIC FRANCE;Albums;Triple Platine;21/10/2013;22/12/2015;2 ans 2 mois
COMPILATION;40 HITS ETE 2015;USM / UNIVERSAL MUSIC FRANCE;Albums;Or;29/06/2015;22/12/2015;5 mois
COMPILATION;LE SON DANCEFLOOR 2014;U.S.M. / UNIVERSAL MUSIC FRANCE;Albums;Or;21/10/2013;22/12/2015;2 ans 2 mois
COMPILATION;NRJ MUSIC AWARDS 2014 KARAOKE;USM / UNIVERSAL MUSIC FRANCE;Vidéos;Or;;22/12/2015;46 ans 7 mois
COMPILATION;NRJ MUSIC AWARDS 2015;U.S.M. / UNIVERSAL MUSIC France;Vidéos;Or;13/11/2015;22/12/2015;1 mois
COMPILATION;MES SOIREES KARAOKE - VOL 3;U.S.M. / UNIVERSAL MUSIC France;Vidéos;Or;20/10/2012;22/12/2015;3 ans 2 mois
COMPILATION;MES SOIREES TOP 50 - KARAOKE;U.S.M. /  UNIVERSAL MUSIC France;Vidéos;Or;17/11/2014;22/12/2015;1 an 1 mois
COMPILATION;MES SOIREES KARAOKE FETES + DISCO;U.S.M. /  UNIVERSAL MUSIC France;Vidéos;Or;23/12/2014;22/12/2015;1 an
COMPILATION;MES SOIREES KARAOKE;U.S.M. /  UNIVERSAL MUSIC France;Vidéos;Platine;05/12/2011;22/12/2015;4 ans 1 mois
COMPILATION;M6 HITS 2013;U.S.M. /UNIVERSAL MUSIC FRANCE;Albums;Or;03/12/2012;22/12/2015;3 ans 1 mois
COMPILATION;M6 HITS ÉTÉ 2013;U.S.M. / UNIVERSAL MUSIC France;Albums;Or;03/12/2012;22/12/2015;3 ans 1 mois
COMPILATION;NRJ 200 % HITS 2014;U.S.M. /UNIVERSAL MUSIC France;Albums;Or;03/02/2014;22/12/2015;1 an 10 mois
COMPILATION;NRJ EXTRAVADANCE SUMMER 2014;U.S.M. / UNIVERSAL MUSIC France;Albums;Or;04/08/2014;22/12/2015;1 an 4 mois
COMPILATION;TOP 50 - 30 ANS (100 TUBES) - vol,2;U.S.M. / UNIVERSAL MUSIC FRANCE;Albums;Or;04/05/2015;22/12/2015;7 mois
DAVID GLIMOUR;RATTLE THAT LOCK;COLUMBIA / SONY MUSIC;Albums;Or;18/09/2015;22/12/2015;3 mois
PATRICK SEBASTIEN;CA VA BOUGER;WARNER / WARNER MUSIC FRANCE;Albums;Or;13/11/2015;16/12/2015;1 mois
SEAL;7;WARNER BROS / WARNER MUSIC FRANCE;Albums;Or;06/11/2015;16/12/2015;1 mois
SHY'M;A NOS DIX ANS;WARNER / WARNER MUSIC FRANCE;Albums;Or;09/10/2015;16/12/2015;2 mois
KEEN'V;LA OU LE VENT TE MENE;WARNER / WARNER MUSIC FRANCE;Albums;Platine;23/10/2015;16/12/2015;1 mois
ZAZ;SUR LA ROUTE;PLAY ON / WARNER MUSIC FRANCE;Albums;Platine;30/10/2015;16/12/2015;1 mois
COMPILATION;NRJ MUSIC AWARDS 2015;WEA MUSIC / WARNER MUSIC FRANCE;Albums;Double Platine;11/12/2015;16/12/2015;
ED SHEERAN;X;WEA / WARNER MUSIC FRANCE;Albums;Double Platine;23/06/2014;16/12/2015;1 an 6 mois
MUSES;DRONES;JV MUSE FY2015 / WARNER MUSIC FRANCE;Albums;Double Platine;08/06/2015;16/12/2015;6 mois
LES ENFOIRES;SUR LA ROUTE DES ENFOIRES;RESTOS DU CŒUR /SONY MUSIC;Vidéos;Diamant;14/03/2015;29/07/2015;4 mois
SAM SMITH;IN THE LONELY HOUR;CAPITOL / UNIVERSAL MUSIC;Albums;Platine;26/05/2014;28/07/2015;1 an 2 mois
INDILA;MINI WORLD;CAPITOL / UNIVERSAL MUSIC FRANCE;Albums;Diamant;24/02/2014;28/07/2015;1 an 5 mois
FLORENT PAGNY;VIEILLIR AVEC TOI;CAPITOL / UNIVERSAL MUSIC FRANCE;Albums;Diamant;04/11/2013;27/07/2015;1 an 9 mois
AVICII;TRUE;CAPITOL / UNIVERSAL MUSIC;Albums;Platine;16/08/2013;23/07/2015;1 an 11 mois
KEEN'V;SALTIMBANQUE;CAPITOL / UNIVERSAL MUSIC;Albums;Platine;28/07/2014;23/07/2015;1 an
KEEN'V;ANGE OU DEMON;CAPITOL / UNIVERSAL MUSIC;Albums;Platine;29/07/2013;23/07/2015;2 ans
THOMAS DUTRONC;COMME UN MANOUCHE SANS GUITARE;ULM/UNIVERSAL MUSIC France;Albums;Double Diamant;29/10/2007;17/07/2015;7 ans 9 mois
CALOGERO;LES FEUX D'ARTIFICES;POLYDOR / UNIVERSAL MUSIC FRANCE;Albums;Diamant;19/08/2014;16/07/2015;11 mois
TOVE LO;HABITS (STAY HIGH);POLYDOR / UNIVERSAL MUSIC FRANCE;Singles;Or;01/02/2014;16/07/2015;1 an 5 mois
SKIP THE USE;CAN BE LATE;POLYDOR / UNIVERSAL MUSIC FRANCE;Albums;Platine;06/02/2012;16/07/2015;3 ans 5 mois
ASAF AVIDAN;GOLD SHADOW;POLYDOR / UNIVERSAL MUSIC FRANCE;Albums;Or;09/03/2015;16/07/2015;4 mois
BENJAMIN CLEMENTINE;AT LEAST FOR NOW;BARCLAY / UNIVERSAL MUSIC FRANCE;Albums;Or;12/01/2015;16/07/2015;6 mois
MADONNA;REBEL HEART;POLYDOR / UNIVERSAL MUSIC FRANCE;Albums;Or;06/03/2015;16/07/2015;4 mois
MAROON 5;V;POLYDOR / UNIVERSAL MUSIC FRANCE;Albums;Or;01/09/2014;16/07/2015;10 mois
MULTIINTERPRETES;LA LEGENDE DU ROI ARTHUR;WARNER / WARNER MUSIC FRANCE;Albums;Or;10/04/2015;08/07/2015;2 mois
M POKORA;R E D;PARLOPHONE / WARNER MUSIC FRANCE;Albums;Double Platine;02/01/2015;08/07/2015;6 mois
COLDPLAY;GHOST STORIES;WEA / WARNER MUSIC FRANCE;Albums;Triple Platine;19/05/2014;08/07/2015;1 an 1 mois
AMAURY VASSILI;AMAURY VASSILI CHANTE MIKE BRANT;WARNER / WARNER MUSIC FRANCE;Albums;Platine;27/10/2014;08/04/2015;5 mois
FRANK MICHAEL;BONJOUR L'AMOUR;WARNER MUSIC FRANCE;Albums;Platine;24/11/2014;08/04/2015;4 mois
FRANCK MICHAEL;BONJOUR L'AMOUR;WARNER / WARNER MUSIC FRANCE;Albums;Platine;24/11/2014;08/04/2015;4 mois
TAL;A L'INFINI LIVE TOUR;WARNER / WARNER MUSIC FRANCE;Albums;Platine;24/11/2014;08/04/2015;4 mois
PINK FLOYD;THE ENDLESS RIVER;CATALOGUE MARKETING CLASSIQUE / WARNER MUSIC FRANCE;Albums;Double Platine;10/11/2014;08/04/2015;4 mois
COLDPLAY;A SKY FULL OF STARS;WEA /  WARNER MUSIC FRANCE;Singles;Or;15/05/2014;08/04/2015;10 mois
COLDPLAY;GHOST STORIES LIVE 2014;WEA / WARNER MUSIC FRANCE;Albums;Or;24/11/2014;08/04/2015;4 mois
COMPILATION;NRJ HITS MUSIC ONLY 2015;CATALOGUE MARKETING CLASSIQUE / WARNER MUSIC FRANCE;Albums;Or;02/03/2015;08/04/2015;1 mois
COMPILATION;NRJ SUMMER HITS ONLY 2014;CATALOGUE MARKETING CLASSIQUE / WARNER MUSIC FRANCE;Albums;Or;23/06/2014;08/04/2015;9 mois
DAVID GLIMOUR;ON AN ISLAND;CATALOGUE MARKETING CLASSIQUE / WARNER MUSIC FRANCE;Albums;Or;18/06/2014;08/04/2015;9 mois
MARIA CALLAS;LA RENAISSANCE D'UNE VOIX;CATALOGUE MARKETING CLASSIQUE/WARNER MUSIC FRANCE;Albums;Or;10/11/2014;08/04/2015;4 mois
FAUVE;VIEUX FRERES - PARTIE 2;WARNER / WARNER MUSIC France;Albums;Or;16/02/2015;06/03/2015;
JESSY MATADOR;DÉCALÉ GWADA;WLAB / WAGRAM;Singles;Or;23/06/2008;31/12/2009;1 an 6 mois
VITAA;A FLEUR DE TOI;MOTOWN France / UNIVERSAL MUSIC France;Albums;Triple Platine;04/02/2007;22/12/2009;2 ans 11 mois
MAGIC SYSTEME;Ki Dit Mié;EMI MUSIC FRANCE;Albums;Or;26/06/2008;21/12/2009;1 an 6 mois
ETIENNE DAHO;L'INVITATION;EMI MUSIC FRANCE;Albums;Platine;30/10/2007;21/12/2009;2 ans 2 mois
DAVID GUETTA;NOTHING BUT THE BEST;SQUARE RIVOLI PUBLISHING                             EMI MUSIC France /  EMI MUSIC France;Albums;Double Platine;16/03/2009;22/10/2009;7 mois
INDOCHINE;LA REPUBLIQUE DES METEORES;INDOCHINE RECORDS / JIVE EPIC / SONY MUSIC ENTERTAINMENT;Albums;Platine;09/03/2009;22/10/2009;7 mois
KOOL AND THE GANG;STILL KOOL;UNIVERSAL MUSIC Projets sp;Albums;Platine;30/09/2008;21/12/2008;2 mois
COLDPLAY;VIVA LA VIDA OR DEATH AND ALL HIS FRIENDS;EMI RECORDS LTD/EMI MUSIC France;Albums;Double Platine;12/06/2008;21/12/2008;6 mois
CALI;1000 C?URS DEBOUT;EMI MUSIC France;Vidéos;Or;20/11/2008;21/12/2008;1 mois
KATY PERRY;ONE OF THE BOYS;CAPITOL RECORDS/EMI MUSIC France;Albums;Or;11/09/2008;21/12/2008;3 mois
ALAIN SOUCHON;ECOUTEZ D?O;EMI MUSIC France/ALAIN SOUCHON/EMI MUSIC France;Albums;Or;27/11/2008;21/12/2008;
BOF;HIGH SCHOOL MUSICAL 3 : SENIOR YEAR;DISNEY RECORDS/EMI MUSIC France;Albums;Or;16/10/2008;21/12/2008;2 mois
CHRISTOPHE MAE;COMME A LA MAISON;WARNER/WARNER MUSIC France;Albums;Platine;28/09/2008;17/12/2008;2 mois
MADONNA;HARD CANDY;WEA/WARNER MUSIC France;Albums;Platine;24/04/2008;17/12/2008;7 mois
AC/DC;BLACK ICE;COLUMBIA/SONY BMG;Albums;Double Platine;19/10/2008;17/12/2008;1 mois
JOHNNY HALLYDAY;CA NE FINIRA JAMAIS;WARNER/WARNER MUSIC France;Albums;Double Platine;26/10/2008;17/12/2008;1 mois
SEAL;SOUL;WEA/WARNER MUSIC France;Albums;Double Platine;16/11/2008;17/12/2008;1 mois
LINKIN PARK;METEORA;WEA/WARNER MUSIC France;Albums;Double Platine;31/03/2003;17/12/2008;5 ans 9 mois
FRANCIS CABREL;DES ROSES ET DES ORTIES;COLUMBIA/SONY BMG;Albums;Triple Platine;30/03/2008;17/12/2008;8 mois
THE POLICE;CERTIFIABLE;POLYDOR/UNIVERSAL MUSIC France;Vidéos;Platine;09/11/2008;17/12/2008;1 mois
TOKIO HOTEL;TOKIO HOTEL TV;POLYDOR/UNIVERSAL MUSC France;Vidéos;Double Platine;04/12/2008;17/12/2008;
TOKIO HOTEL;ZIMMER 483/LIVE IN EUROPE;POLYDOR/UNIVERSAL MUSIC France;Vidéos;Diamant;29/11/2007;17/12/2008;1 an
ENRIQUE IGLESIAS;TIRED OF BEING SORRY;POLYDOR/UNIVERSAL MUSIC France;Singles;Or;13/04/2008;17/12/2008;8 mois
LOUISY JOSEPH;LA SAISON DES AMOURS;WARNER/WARNER MUSIC France;Albums;Or;13/04/2008;17/12/2008;8 mois
BRITNEY SPEARS;CIRCUS;JIVE EPIC/SONY BMG;Albums;Or;27/11/2008;17/12/2008;
VOX ANGELI;IMAGINE;COLUMBIA/SONY BMG;Albums;Or;09/11/2008;17/12/2008;1 mois
DIDO;SAFE TRIP HOME;COLUMBIA/SONY BMG;Albums;Or;16/11/2008;17/12/2008;1 mois
PINK;FUNHOUSE;JIVE EPIC/SONY BMG;Albums;Or;26/10/2008;17/12/2008;1 mois
PUSSYCAT DOLLS;DOLL DOMINATION;POLYDOR/UNIVERSAL MUSIC France;Albums;Or;28/09/2008;17/12/2008;2 mois
LYNDA LEMAY;ALLO C'EST MOI;WARNER/WARNER MUSIC France;Albums;Or;02/11/2008;17/12/2008;1 mois
PATRICK FIORI;BEST OF;RCA/SONY BMG;Albums;Or;04/11/2007;22/10/2008;11 mois
JEY-JET & LEKTRA;I LIKE TO MOVE;SONY BMG Strategic Marketing/SONY BMG;Albums;Or;09/12/2007;22/10/2008;10 mois
LEONA LEWIS;SPIRIT;RCA/SONY BMG;Albums;Or;09/03/2008;22/10/2008;7 mois
I MUVRINI;I MUVRINI ET LES 500 CHORISTES;COLUMBIA/SONY BMG;Albums;Or;18/11/2007;22/10/2008;11 mois
TRYO;CE QUE L'ON SEME;COLUMBIA/SONY BMG;Albums;Or;31/08/2008;22/10/2008;1 mois
COMPILATION;NRJ MUSIC AVARDS 2008;SONY BMG Strategic Marketing/SONY BMG;Albums;Or;06/01/2008;22/10/2008;9 mois
COMPILATION;PLANETE RAP 2008;SONY BMG Strategic Marketing/SONY BMG;Albums;Or;09/12/2007;22/10/2008;10 mois
ROCH VOISINE;AMERICANA;RCA/SONY BMG;Albums;Or;17/08/2008;22/10/2008;2 mois
LAURENT VOULZY;RECOLLECTION;RCA/SONY BMG;Albums;Or;01/07/2008;22/10/2008;3 mois
VOX ANGELI;VOX ANGELI;RCA/SONY BMG;Albums;Or;03/02/2008;22/10/2008;8 mois
MYLENE FARMER;POINT DE SUTURE;POLYDOR/UNIVERSAL MUSIC France;Albums;Double Platine;24/08/2008;08/10/2008;1 mois
ABD AL MALIK;GIBRALTAR;POLYDOR/UNIVERSAL MUSIC France;Albums;Platine;11/06/2006;08/10/2008;2 ans 4 mois
BEN HARPER;LIFELINE;VIRGIN RECORDS AMERICA/EMI MUSIC France;Albums;Platine;23/08/2007;25/09/2008;1 an 1 mois
COLDPLAY;X & Y;EMI RECORDS LTD/EMI MUSIC;Albums;Double Platine;02/06/2005;24/09/2008;3 ans 4 mois
JEAN LOUIS AUBERT;UN TOUR SUR SOI MEME AVEC VOUS;LA LOUPE/EMI MUSIC France;Vidéos;Or;19/06/2008;24/09/2008;3 mois
GENESIS;WHEN IN ROME 2007;HIT&RUN MUSIC LTD/VIRGIN France/EMI MUSIC France;Vidéos;Or;22/05/2008;24/09/2008;4 mois
CHARLES AZNAVOUR;CHARLES AZNAVOUR et ses amis au Palais Garnier;EMI MUSIC France;Vidéos;Or;02/07/2008;24/09/2008;2 mois
RADIOHEAD;THE BEST OF THE VIDEOS;PARLOPHONE/EMI MUSIC FRANCE/EMI MUSIC France;Vidéos;Or;29/05/2008;24/09/2008;3 mois
OFFENBACH - MINKOWSKI;LA GRANDE DUCHESSE DE GEROLSTEIN;VIRGIN CLASSICS U.K./EMI MUSIC France;Vidéos;Or;09/11/2005;24/09/2008;2 ans 11 mois
SUPERBUS;LIVE A PARIS;MERCURY/UNIVERSAL MUSIC France;Vidéos;Platine;23/03/2008;24/09/2008;6 mois
ZAHO;C'EST CHELOU;EMI MUSIC France;Singles;Or;03/04/2008;24/09/2008;5 mois
ZAHO;DIMA;EMI MUSIC France;Albums;Or;06/03/2008;24/09/2008;6 mois
MARC ANTOINE;COMME IL SE DOIT;EMI MUSIC France;Albums;Or;24/04/2008;24/09/2008;5 mois
QUENTIN MOSIMANN;DUEL;MERCURY/UNIVERSAL MUSIC France;Albums;Or;17/08/2008;24/09/2008;1 mois
AMY MACDONALD;THIS IS THE LIFE;MERCURY/UNIVERSAL MUSIC France;Albums;Or;04/11/2007;24/09/2008;10 mois
METALLICA;DEATH MAGNETIC;MERCURY/UNIVERSAL MUSIC France;Albums;Or;11/09/2008;24/09/2008;
COLDPLAY;VIVA LA VIDA OR DEATH AND ALL HIS FRIENDS;EMI RECORDS LTD/EMI MUSIC France;Albums;Or;12/06/2008;24/09/2008;3 mois
JULIEN CLERC;OU S'EN VONT LES AVIONS ?;ED.CRECELLES & SIDONIE/VIRGIN France/ EMI MUSIC France;Albums;Or;11/09/2008;24/09/2008;
DAVID GUETTA;FUCK ME I'M FAMOUS N;SQUARE RIVOLI PUBLISHING/EMI MUSIC France;Albums;Or;05/06/2008;24/09/2008;3 mois
CHARLES AZNAVOUR;COLORE MA VIE;EMI MUSIC France;Albums;Or;15/02/2007;24/09/2008;1 an 7 mois
EDDY MITCHELL;JAMBALAYA TOUR;POLYDOR/UNIVERSAL MUSIC France;Vidéos;Platine;18/11/2007;05/03/2008;3 mois
AYO;LIVE AT THE OLYMPIA;POLYDOR/UNIVERSAL MUSIC France;Vidéos;Platine;25/11/2007;05/03/2008;3 mois
ZZ TOP;GREATEST HITS;WEA/WARNER MUSIC France;Albums;Diamant;14/07/2003;20/02/2008;4 ans 8 mois
LAURA PAUSINI;IO CANTO;WEA/WARNER MUSIC France;Albums;Or;12/11/2006;20/02/2008;1 an 3 mois
PETER CINCOTTI;EATS OF ANGEL TOWN;WEA/WARNER MUSIC France;Albums;Or;23/09/2007;20/02/2008;5 mois
BB BRUNES;BLONDE COMME MOI;WARNER/WARNER MUSIC France;Albums;Or;18/03/2007;20/02/2008;11 mois
SEAL;BEST OF 1991-2004;WEA/WARNER MUSIC France;Albums;Platine;14/11/2004;20/02/2008;3 ans 3 mois
BERNARD LAVILLIERS;SAMEDI SOIR A BEYROUTH;BARCLAY/UNIVERSAL MUSIC France;Albums;Or;21/01/2008;13/02/2008;
STANISLAS;L'EQUILIBRE INSTABLE;POLYDOR/UNIVERSAL MUSIC France;Albums;Or;18/11/2007;06/02/2008;2 mois
MICHEL POLNAREFF;ZE (RE) TOUR;POLYDOR/UNIVERSAL MUSIC France;Albums;Or;06/12/2007;06/02/2008;2 mois
LES OGRES DE BARBACK;CONCERT;IRFAN LE LABEL;Albums;Or;18/10/2005;17/01/2008;2 ans 3 mois
LES OGRES DE BARBACK;TERRAIN VAGUE;IRFAN LE LABEL;Albums;Or;31/12/2003;17/01/2008;4 ans 1 mois
LES OGRES DE BARBACK ET LES HURLEMENTS D'LEO;UN AIR, DEUX FAMILLES;IRFAN LE LABEL;Albums;Or;28/04/2001;17/01/2008;6 ans 9 mois
BENJAMIN BIOLAY;ROSE KENNEDY;EMI MUSIC France;Albums;Or;20/05/2001;02/01/2008;6 ans 8 mois
FATAL BAZOOKA;T'AS VU;UP MUSIC/WARNER MUSIC France;Albums;Platine;27/05/2007;30/12/2007;7 mois
JAMES BLUNT;ALL THE LOST SOULS;WEA/WARNER MUSIC France;Albums;Platine;16/09/2007;30/12/2007;3 mois
JOHNNY HALLYDAY;LE C?UR D'UN HOMME;WARNER/WARNER MUSIC France;Albums;Double Platine;11/11/2007;30/12/2007;1 mois
CHRISTOPHE MAE;MON PARADIS;WARNER/WARNER MUSIC France;Albums;Diamant;18/03/2007;30/12/2007;9 mois
ERIC CLAPTON;ERIC CLAPTON - CROSSRAODS GUIT.07;WARNER/WARNER MUSIC France;Vidéos;Or;27/02/2005;30/12/2007;2 ans 10 mois
Cauet;Interdit de TV;WARNER/WARNER MUSIC France;Vidéos;Double Platine;02/12/2007;30/12/2007;
LYNDA LEMAY;40/40;WARNER/WARNER MUSIC France;Vidéos;Double Platine;04/11/2007;30/12/2007;1 mois
COMPILATION;NRJ HITS 2008;WEA/WARNER MUSIC France;Albums;Or;14/12/2007;30/12/2007;
EL MATADOR;PARTI DE RIEN;UP MUSIC/WARNER MUSIC France;Albums;Or;09/09/2007;30/12/2007;3 mois
MELISSA M;AVEC TOUT MON AMOUR;UP MUSIC/WARNER MUSIC France;Albums;Or;30/09/2007;30/12/2007;3 mois
JOSH GROBAN;AWAKE;WEA/WARNER MUSIC France;Albums;Or;05/11/2006;30/12/2007;1 an 2 mois
LED ZEPPELIN;MOTHERSHIP;WEA/WARNER MUSIC France;Albums;Or;11/11/2007;30/12/2007;1 mois
LYNDA LEMAY;Nos R;WARNER/WARNER MUSIC France;Albums;Or;25/06/2007;30/12/2007;6 mois
P.DIDDY;PRESS PLAY;WEA/WARNER MUSIC France;Albums;Or;15/10/2006;30/12/2007;1 an 2 mois
SEAL;SYSTEM;WARNER/WARNER MUSIC France;Albums;Or;11/11/2007;30/12/2007;1 mois
SINIK;Le Toit du Monde;UP MUSIC/WARNER MUSIC France;Albums;Or;09/12/2007;30/12/2007;
RENAN LUCE;REPENTI;BARCLAY/UNIVERSAL MUSIC France;Albums;Platine;24/09/2006;12/12/2007;1 an 2 mois
DIEGO MARADONA;DIEGO MARADONA;EMI MUSIC France;Vidéos;Or;29/11/2007;12/12/2007;
JACQUES HIGELIN;EN PLEIN BATACLAN;EMI MUSIC France;Vidéos;Or;06/12/2007;12/12/2007;
DIEGO MARADONA;PREMIUM DVD SO FOOT;EMI MUSIC France;Vidéos;Platine;11/11/2007;12/12/2007;1 mois
THE BEATLES;HELP !;APPLE BEATLES/EMI RECORDS LTD/EMI MUSIC France;Vidéos;Platine;30/10/2007;12/12/2007;1 mois
RENAUD;TOURNEE ROUGE SANG;CECI CELA/EMI MUSIC France/VIRGIN/EMI MUSIC France;Vidéos;Double Platine;29/11/2007;12/12/2007;
COMPILATION;TECKTONIK VOL. 4;EMI MUSIC France;Albums;Or;06/12/2007;12/12/2007;
CHARLES AZNAVOUR;HIER ENCORE;EMI MUSIC France;Albums;Or;23/11/2006;12/12/2007;1 an
DAFT PUNK;ALIVE 2007;DAFT LIFE LTD/EMI MUSIC France;Albums;Or;15/11/2007;12/12/2007;
KYLIE MINOGUE;X;PARLOPHONE/EMI MUSIC France;Albums;Or;22/11/2007;12/12/2007;
STACEY KENT;BREAKFAST ON THE MORNING TRAM;EMI MUSIC France;Albums;Or;06/09/2007;12/12/2007;3 mois
STEPHAN EICHER;ELDORADO;BARCLAY/UNIVERSAL MUSIC France;Albums;Or;15/04/2007;12/12/2007;8 mois
TOKIO HOTEL;SCREAM;UNIVERSAL MUSIC GERMANY/UNIVERSAL MUSIC France;Albums;Or;03/06/2007;28/11/2007;5 mois
NELLY FURTADO;LOOSE;GEFFEN/UNIVERSAL MUSIC;Albums;Platine;18/10/2006;28/11/2007;1 an 1 mois
TOKIO HOTEL;SCHREI;UNIVERSAL MUSIC GERMANY/UNIVERSAL MUSIC France;Albums;Platine;17/09/2006;28/11/2007;1 an 2 mois
TOKIO HOTEL;LEB DIE SEKUNDE;UNIVERSAL MUSIC GERMANY/UNIVERSAL MUSIC France;Vidéos;Double Platine;01/01/2007;28/11/2007;11 mois
COMPILATION;HOTEL COSTES 2;PSCHENT/UNIVERSAL MUSIC France /WAGRAM MUSIC;Albums;Platine;22/11/1999;28/11/2007;8 ans 1 mois
50 CENT;CURTIS;INTERSCOPE/UNIVERSAL MUSIC France;Albums;Or;09/09/2007;28/11/2007;2 mois
FEIST;THE REMINDER;POLYDOR/UNIVERSAL MUSIC France;Albums;Or;22/04/2007;28/11/2007;7 mois
TIMBALAND;SHOCK VALUE;INTERSCOPE/UNIVERSAL MUSIC France;Albums;Or;01/04/2007;28/11/2007;8 mois
COMPILATION;STARFLOOR 6;ULM/AIRPLAY/UNIVERSAL MUSIC France;Albums;Or;27/05/2007;21/11/2007;5 mois
ORA MATE;KAMATE;ULM/UNIVERSAL MUSIC France;Singles;Or;02/09/2007;21/11/2007;2 mois
MARTIN SOLVEIG;SO FAR;ULM/UNIVERSAL MUSIC France;Albums;Or;14/02/2007;21/11/2007;9 mois
COMPILATION;TECKTONIK VOL. 3;EMI MUSIC France;Albums;Or;28/06/2007;14/11/2007;4 mois
RIHANNA;GOOD GIRL GONE BAD;DEF JAM / BARCLAY/UNIVERSAL MUSIC France;Albums;Or;10/06/2007;29/10/2007;4 mois
CHRISTOPHE WILLEM;Double JE;VOGUE/SONY BMG;Singles;Platine;27/05/2007;24/10/2007;5 mois
DANY BRILLANT;HISTOIRE D'UN AMOUR;COLUMBIA/SONY BMG;Albums;Platine;29/04/2007;24/10/2007;5 mois
FRANCIS CABREL;L'ESSENTIEL / 1977-2007;COLUMBIA/SONY BMG;Albums;Platine;03/06/2007;24/10/2007;4 mois
PINK;LIVE FROM WEMBLEY ARENA LONDON;RCA/SONY BMG;Vidéos;Or;15/04/2007;24/10/2007;6 mois
COMPILATION;PLANETE RAP 2007 VOLUME 3;STRATEGIC MARKETING GROUP/SONY BMG;Albums;Or;22/07/2007;24/10/2007;3 mois
JOHNNY HALLYDAY;LIVE A LA CIGALE;WARNER/WARNER MUSIC France;Vidéos;Platine;10/06/2007;18/07/2007;1 mois
KENZA FARAH;AUTHENTIK;UP MUSIC/WARNER MUSIC France;Albums;Or;10/06/2007;18/07/2007;1 mois
LINKIN PARK;MINUTES TO MIDNIGHT;WEA/WARNER MUSIC France;Albums;Or;13/05/2007;18/07/2007;2 mois
MC SOLAAR;CHAPITRE 7;UP MUSIC/WARNER MUSIC France;Albums;Or;17/06/2007;18/07/2007;1 mois
MICHAEL BUBLE;CALL ME IRRESPONSIBLE;WEA/WARNER MUSIC France;Albums;Or;29/04/2007;18/07/2007;2 mois
DALIDA;DALIDA - UNE VIE;ORLANDO/BARCLAY/UNIVERSAL MUSIC FRANCE;Vidéos;Platine;29/04/2007;04/07/2007;2 mois
DALIDA;LES 101 PLUS BELLES CHANSONS;ORLANDO/BARCLAY/UNIVERSAL MUSIC France;Albums;Or;29/04/2007;04/07/2007;2 mois
KAMINI;PSYCHOSTAR WORLD;RCA/SONY BMG;Albums;Or;27/05/2007;01/07/2007;1 mois
CELINE DION;D'ELLES;COLUMBIA/SONY BMG;Albums;Platine;20/05/2007;20/06/2007;1 mois
CLAUDE FRANCOIS;ET CLAUDE FRANCOIS CREA PODIUM;France TELEVISION/SONY BMG;Vidéos;Or;27/05/2007;20/06/2007;
COMPILATION;PLANETE RAP 2007;STRATEGIC MARKETING GROUP/SONY BMG;Albums;Or;10/12/2006;20/06/2007;6 mois
CASCADA;MIRACLE;M6 INTERACTIONS/SONY BMG;Singles;Or;11/03/2007;20/06/2007;3 mois
CHRISTINA AGUILERA;HURT;RCA/SONY BMG;Singles;Or;07/01/2007;20/06/2007;5 mois
FAF LARAGE;TA MEUF;M6 INTERACTIONS/SONY BMG;Singles;Or;18/02/2007;20/06/2007;4 mois
SEBASTO;FAIS LA POULE;STRATEGIC MARKETING GROUP/SONY BMG;Singles;Or;28/01/2007;20/06/2007;4 mois
YANNICK NOAH;AUX ARBRES CITOYENS;COLUMBIA/ST GEORGE/SONY BMG;Singles;Or;11/02/2007;20/06/2007;4 mois
AMEL BENT;A 20 ANS;JIVEPIC/SONY BMG;Albums;Or;17/06/2007;20/06/2007;
AVRIL LAVIGNE;THE BEST DAMN THING;ARISTA INTERNATIONAL/SONY BMG;Albums;Or;15/04/2007;20/06/2007;2 mois
BEYONCE;B'DAY;COLUMBIA/SONY BMG;Albums;Or;03/09/2006;20/06/2007;9 mois
INDOCHINE;HANOI;JIVEPIC/SONY BMG;Albums;Or;18/02/2007;20/06/2007;4 mois
AKON;KONVICTED;MOTOWN/UNIVERSAL MUSIC France;Albums;Or;19/11/2006;06/06/2007;6 mois
SNOOP DOG;THA BLUE CARPET TREATMENT;GEFFEN RECORDS/UNIVERSAL MUSIC France;Albums;Or;19/11/2006;06/06/2007;6 mois
TOKIO HOTEL;ZIMMER 483;UNIVERSAL MUSIC GERMANY/UNIVERSAL MUSIC France;Albums;Or;25/02/2007;23/05/2007;2 mois
DIONYSOS;MONSTERS IN LIVE;BARCLAY/UNIVERSAL MUSIC FRANCE;Vidéos;Or;07/01/2007;23/05/2007;4 mois
I A M;SAISON 5;POLYDOR/UNIVERSAL MUSIC France;Albums;Or;01/04/2007;23/05/2007;1 mois
OLIVIA RUIZ;J'AIME PAS L'AMOUR;POLYDOR/UNIVERSAL MUSIC France;Albums;Or;22/12/2003;23/05/2007;3 ans 5 mois
FRANCOISE HARDY;PARENTHESES;Editions Kundalini/Virgin Music/EMI MUSIC France;Albums;Platine;23/11/2006;25/04/2007;5 mois
NORAH JONES;NOT TOO LATE;BLUE NOTE US CAPITOL/EMI MUSIC France;Albums;Platine;25/01/2007;25/04/2007;3 mois
RAPHAEL;RESISTANCE A LA NUIT;EMI MUSIC France;Albums;Platine;14/09/2006;25/04/2007;7 mois
M;JE DIS AIME;Universal Music Publishing/Delabel/EMI MUSIC France;Albums;Double Platine;24/10/1999;25/04/2007;7 ans 7 mois
COMPILATION;STARFLOOR - Vol.4;ULM/UNIVERSAL MUSIC France;Albums;Or;28/05/2006;14/02/2007;8 mois
COMPILATION;STARFLOOR - Vol.5;ULM/UNIVERSAL MUSIC France;Albums;Or;12/11/2006;14/02/2007;3 mois
COMPILATION;STARFLOOR ANTHOLOGY;ULM/UNIVERSAL MUSIC France;Albums;Or;01/01/2007;14/02/2007;1 mois
COMPILATION;FUN DANCE 2006;PANIC/UNIVERSAL MUSIC France;Albums;Or;09/07/2006;14/02/2007;7 mois
HOLLY DOLLY;DOLLY SONG;ON RECORDS/UNIVERSAL MUSIC France;Singles;Or;01/01/2007;14/02/2007;1 mois
CRAZY FROG;MORE CRAZY HITS;ULM/UNIVERSAL MUSIC France;Albums;Or;18/06/2006;14/02/2007;8 mois
CASCADA;EVERYTIME WE TOUCH;M 6 INTERACTIONS/SONY BMG;Singles;Platine;22/10/2006;24/01/2007;3 mois
SHAKIRA;ORAL FIXATION VOL. 2;EPIC/SONY BMG;Albums;Platine;01/05/2006;24/01/2007;8 mois
GEORGE MICHAEL;TWENTY FIVE;JIVEPIC/SONY BMG;Vidéos;Platine;12/11/2006;24/01/2007;2 mois
AGE TENDRE ET TETE DE BOIS;"AGE TENDRE ""la troun";STERNE/SONY BMG;Vidéos;Triple Platine;22/10/2006;24/01/2007;3 mois
SANDI THOM;SMILE?IT CONFUSES PEOPLE;RCA/SONY BMG;Albums;Or;22/10/2006;24/01/2007;3 mois
CHRISTINA AGUILERA;BACK TO BASICS;RCA/SONY BMG;Albums;Or;13/08/2006;24/01/2007;5 mois
TETE;LE SACRE DES LEMMINGS;JIVEPIC/SONY BMG;Albums;Or;08/10/1996;24/01/2007;10 ans 5 mois
THE STROKES;FIRST IMPRESSIONS OF EARTH;RCA/SONY BMG;Albums;Or;05/02/2006;24/01/2007;11 mois
WOLFGANG AMADEUS MOZART;L'INTEGRALE DE L'?UVRE;BRILLIANT CLASSICS/ABEILLE MUSIQUE;Albums;Platine;29/09/2005;17/01/2007;1 an 3 mois
ROBERTO ALAGNA;LIVE IN PARIS;DEUTSCHE GRAMMOPHON/UNIVERSAL MUSIC FRANCE;Vidéos;Or;27/02/2005;10/01/2007;1 an 10 mois
JOHNNY HALLYDAY;MA VERITE;UNIVERSAL MUSIC/MERCURY;Albums;Diamant;06/11/2005;23/12/2006;1 an 1 mois
THE BEATLES;LOVE;EMI MUSIC;Albums;Platine;20/11/2006;23/12/2006;1 mois
FRANK MICHAEL;LES COULEURS DE MA VIE;WARNER MUSIC FRANCE;Albums;Or;13/11/2006;23/12/2006;1 mois
GEORGES BRASSENS;LES 100 PLUS BELLES CHANSONS;UNIVERSAL;Albums;Or;17/10/2006;23/12/2006;2 mois
NOLWENN LEROY;HISTOIRES NATURELLES;MERCURY/UNIVERSAL MUSIC France;Albums;Platine;11/05/2005;23/12/2006;1 an 7 mois
AGE TENDRE ET TETE DE BOIS;LA TOURNEE DES IDOLES;MASQ/SONY BMG;Albums;Or;01/01/2006;23/12/2006;11 mois
ARTHUR H;ADIEU TRISTESSE;POLYDOR/UNIVERSAL MUSIC France;Albums;Or;08/12/2005;23/12/2006;1 an
BENABAR;REPRISE DES NEGOCIATIONS;SONY BMG/JIVEPIC;Albums;Diamant;23/10/2005;22/12/2006;1 an 2 mois
DIAM'S;JEUNE DEMOISELLE;EMI MUSIC France;Singles;Platine;;09/12/2006;37 ans 5 mois
RENAUD;VISAGE PALE ATTAQUER ZENITH;Ceci Cela/Emi Music France Label/Virgin  EMI MUSIC France;Vidéos;Or;;09/12/2006;37 ans 5 mois
DAVID GUETTA;GUETTA BLASTER;SQUARE RIVOLI Publishing/EMI MUSIC France;Albums;Platine;05/07/2004;09/12/2006;2 ans 5 mois
MASSIVE ATTACK;COLLECTED;ISLAND MUSIC/DELABEL/EMI MUSIC France;Albums;Or;;09/12/2006;37 ans 5 mois
BEN HARPER;BOTH SIDES OF THE GUN;VIRGIN RECORDS AMERICA/EMI MUSIC France;Albums;Platine;;09/12/2006;37 ans 5 mois
RENAUD;LA CHETRON SAUVAGE;Ceci Cela/Emi Music France Label/Virgin  EMI MUSIC France;Vidéos;Or;;09/12/2006;37 ans 5 mois
GOTAN PROJECT;LUNATICO;YA BASTA RECORDS/BARCLAY/UNIVERSAL MUSIC France;Albums;Or;03/10/2006;06/06/2006;3 mois
BOB SINCLAR;WESTERN DREAM;YELLOW PRODUCTIONS/BARCLAY   UNI/VERSAL MUSIC France;Albums;Or;03/10/2006;06/06/2006;3 mois
JACK JOHNSON AND FRIENDS;IN BETWEEN DREAMS;BRUSHFIRE RECORDS/BARCLAY      U/NIVERSAL MUSIC France;Albums;Or;;06/06/2006;36 ans 11 mois
K-MARO;HISTOIRES DE LUV;UP MUSIC/WARNER MUSIC France;Singles;Or;;03/06/2006;36 ans 11 mois
COMPILATION;2006;WEA/WARNER MUSIC France;Albums;Or;11/05/2005;03/06/2006;1 an
K-MARO;MILLION DOLLAR BOY;UP MUSIC/WARNER MUSIC France;Albums;Or;;03/06/2006;36 ans 11 mois
THE CORRS;HOME;WEA/WARNER MUSIC France;Albums;Platine;;03/06/2006;36 ans 11 mois
COMPILATION;L'ALBUM ROCK;WEA/WARNER MUSIC France;Albums;Or;;03/06/2006;36 ans 11 mois
CRAIG DAVID;THE STORY GOES;WEA/WARNER MUSIC France;Albums;Or;;03/06/2006;36 ans 11 mois
COMPILATION;NRJ SUMMER HITS ONLY;WEA/WARNER MUSIC France;Albums;Or;06/05/2005;03/06/2006;1 an 1 mois
DIVERS;ARETHA & OTIS;WEA/WARNER MUSIC France;Albums;Or;;03/06/2006;36 ans 11 mois
FRANCK MICHAEL;POUR TOUJOURS;UP MUSIC/WARNER MUSIC France;Albums;Or;;03/06/2006;36 ans 11 mois
WOLFGANG AMADEUS MOZART;L'INTEGRALE DE L';BRILLIANT CLASSICS/ABEILLE MUSIQUE;Albums;Or;;01/06/2006;36 ans 11 mois
AMINE;AU DELA DES REVES;ARTOP RECORDS/EMI MUSIC France;Albums;Or;01/12/2005;18/05/2006;5 mois
SNIPER;TRAIT POUR TRAIT;UP MUSIC/WARNER MUSIC France;Albums;Platine;;09/05/2006;36 ans 10 mois
GNARLS BARKLEY;ST. ELSEWHERE;WEA/WARNER MUSIC France;Albums;Or;04/02/2006;09/05/2006;3 mois
VERONIQUE SANSON;PREMIUM TOUPARGEL;WARNER/WARNER MUSIC France;Albums;Or;;09/05/2006;36 ans 10 mois
SNIPER;GRAVE DANS LA ROCHE;UP MUSIC/WARNER MUSIC France;Albums;Double Platine;;09/05/2006;36 ans 10 mois
MICHEL BERGER;PREMIUM TOUPARGEL;WARNER/WARNER MUSIC France;Albums;Or;;09/05/2006;36 ans 10 mois
SINIK;SANG FROID;UP MUSIC/WARNER MUSIC France;Albums;Platine;03/03/2006;09/05/2006;2 mois
LYNDA LEMAY;LES LETTRES ROUGES;WARNER/WARNER MUSIC France;Albums;Double Platine;;09/05/2006;36 ans 10 mois
France GALL;PREMIUM TOUPARGEL;WARNER/WARNER MUSIC France;Albums;Or;;09/05/2006;36 ans 10 mois
ANAIS;THE CHEAP SHOW;V2 MUSIC France/WARNER MUSIC France;Albums;Platine;25/09/2005;09/05/2006;7 mois
COMPILATION;RAP & RnB NON STOP 2006;WEA/WARNER MUSIC France;Albums;Or;02/06/2006;09/05/2006;
L'SKADRILLE;NOS VIES;UP MUSIC/WARNER MUSIC France;Albums;Or;26/01/2006;09/05/2006;3 mois
SINIK;LA MAIN SUR LE C;UP MUSIC/WARNER MUSIC France;Albums;Platine;;09/05/2006;36 ans 10 mois
SNIPER;DU RIRE AUX LARMES;UP MUSIC/WARNER MUSIC France;Albums;Platine;;09/05/2006;36 ans 10 mois
ENYA;AMARANTINE;WEA/WARNER MUSIC France;Albums;Platine;;09/05/2006;36 ans 10 mois
MADONNA;CONFESSIONS ON A DANCE FLOOR;WEA/WARNER MUSIC France;Albums;Diamant;;09/05/2006;36 ans 10 mois
SIMPLE PLAN;STILL NOT GETTING ANY;WEA/WARNER MUSIC France;Albums;Or;09/11/2005;09/05/2006;6 mois
MIGUEL ANGEL MUNOZ;MAM;M6 INTERACTIONS/SONY BMG;Albums;Or;08/04/2006;10/02/2006;1 mois
CELINE DION;ON NE CHANGE PAS;COLUMBIA/SONY BMG;Albums;Triple Platine;09/03/2005;10/02/2006;11 mois
MULTI INTERPRETES;RAP & RnB FEVER;COLUMBIA/SONY & BMG MUSIC;Albums;Or;;10/02/2006;36 ans 7 mois
COMPILATION;PLANETE RAP 2006;STRATEGIC MARKETING/SONY BMG;Albums;Or;;10/02/2006;36 ans 7 mois
JEAN-PIERRE DANEL;GUITAR CONNECTION;STRATEGIC MARKETING/SONY BMG;Albums;Or;;10/02/2006;36 ans 7 mois
CHRISTOPHE WILLEM;SUNNY;VOGUE/SONY BMG;Singles;Or;06/10/2006;10/02/2006;7 mois
COMPILATION;THE VERY BEST OF CLIFF&TOSH;STRATEGIC MARKETING/SONY BMG;Albums;Or;;10/02/2006;36 ans 7 mois
PIERRE BACHELET;LE MEILLEUR DE;STRATEGIC MARKETING/SONY BMG;Albums;Triple Platine;;10/02/2006;36 ans 7 mois
MYRIAM ABEL;LA VIE DEVANT TOI;RCA/SONY & BMG MUSIC;Albums;Or;;10/02/2006;36 ans 7 mois
MOZART;SES 100 CHEFS D';EMI RECORDS LTD/EMI MUSIC France;Albums;Or;11/02/2005;02/02/2006;11 mois
ILONA MITRECEY;DANS MA FUSEE;SONY BMG/SCORPIO HOT TRACKS;Singles;Or;16/10/2005;30/12/2005;2 mois
AMEL BENT;NE RETIENS PAS TES LARMES;SONY BMG/JIVEPIC;Singles;Or;23/10/2005;30/12/2005;2 mois
CELINE DION;JE NE VOUS OUBLIE PAS;SONY BMG/COLUMBIA;Singles;Or;16/10/2005;30/12/2005;2 mois
ILONA MITRECEY;NO;SONY BMG/SCORPIO HOT TRACKS;Singles;Or;04/12/2005;30/12/2005;
PAPA AP;ENTRE TU Y YO;EMI MUSIC FRANCE/EMOTION THREE MUSIC;Singles;Or;22/09/2005;30/12/2005;3 mois
PINOCCHIO;PINOCCHIO EN HIVER;EMI MUSIC FRANCE/LAVISTA;Singles;Or;13/10/2005;30/12/2005;2 mois
PINOCCHIO & MARILOU;PETIT PAPA NO;EMI MUSIC FRANCE/LAVISTA;Singles;Or;03/11/2005;30/12/2005;1 mois
ROBBIE WILLIAMS;TRIPPING;EMI MUSIC FRANCE/ROBBIE WILLIAMS IN GOOD COMPANY;Singles;Or;29/09/2005;30/12/2005;3 mois
TINA ARENA;AIMER JUSQU';SONY BMG/COLUMBIA;Singles;Or;13/11/2005;30/12/2005;1 mois
PINOCCHIO;MON ALBUM;EMI MUSIC France/LAVISTA;Albums;Or;09/11/2005;30/12/2005;1 mois
FLORENT PAGNY;BARYTON;UNIVERSAL MUSIC/MERCURY;Albums;Double Platine;07/11/2004;13/12/2005;1 an 1 mois
CALOGERO;LIVE 1.0;UNIVERSAL MUSIC/RAPAS;Albums;Or;21/08/2005;13/12/2005;3 mois
CECILIA BARTOLI;OPERA PROIBITA;UNIVERSAL MUSIC/DECCA;Albums;Or;11/09/2005;13/12/2005;3 mois
PHIL COLLINS;FINALLY THE FAIRWELL TOUR;WARNER VISION France;Vidéos;Triple Platine;01/11/2004;13/12/2005;1 an 1 mois
U2;VERTIGO;UNIVERSAL MUSIC/ISLAND /AZ;Vidéos;Diamant;13/11/2005;13/12/2005;1 mois
ADMIRAL T;MOZA;UNIVERSAL MUSIC/AZ;Albums;Or;06/09/2004;13/12/2005;1 an 3 mois
EROS RAMAZOTTI;CALMA APPARENTE;SONY BMG/RCA ARISTA;Albums;Or;30/10/2005;13/12/2005;1 mois
FRANCIS CABREL;LA TOURNEE DES BODEGAS;SONY BMG/COLUMBIA;Albums;Or;20/11/2005;13/12/2005;
IL DIVO;ANCORA;SONY BMG/RCA ARISTA;Albums;Or;06/11/2005;13/12/2005;1 mois
JEAN-LOUIS AUBERT;IDEAL STANDART;EMI MUSIC France/LA LOUPE;Albums;Or;09/11/2005;13/12/2005;1 mois
SERGE LAMA;BERCY 2003;WARNER VISION France;Vidéos;Platine;06/12/2004;30/11/2005;11 mois
THE EAGLES;FAIRWELL TOUR PART 1;WARNER VISION France;Vidéos;Platine;27/06/2005;30/11/2005;5 mois
VERONIQUE SANSON;OLYMPIA 2005;WARNER VISION France;Vidéos;Platine;23/10/2005;30/11/2005;1 mois
BENASSI BROS;...PHOBIA;UNIVERSAL MUSIC/AIRPLAY / ULM;Albums;Or;13/03/2005;30/11/2005;8 mois
MICHEL SARDOU;LIVE;UNIVERSAL MUSIC/TREMA / AZ;Vidéos;Triple Platine;16/10/2005;30/11/2005;1 mois
COMPILATION;HITS 2005 SEPCIAL ETE;UNIVERSAL MUSIC/ULM TV MARKET;Albums;Or;26/06/2005;30/11/2005;5 mois
CRAZY FROG;CRAZY HITS;UNIVERSAL MUSIC/ULM;Albums;Or;21/08/2005;30/11/2005;3 mois
LORD KOSSITY;BOOMING SYSTEM;UNIVERSAL MUSIC/ULM;Albums;Or;26/06/2005;30/11/2005;5 mois
M POKORA;SHOWBIZ;UNIVERSAL MUSIC/ULM / M6 INTERACTION;Albums;Or;01/11/2004;30/11/2005;1 an 1 mois
CRAZY FROG;POPCORN;UNIVERSAL MUSIC/ULM;Singles;Diamant;18/09/2005;30/11/2005;2 mois
CRAZY FROG;AXEL F;UNIVERSAL MUSIC/ULM;Singles;Diamant;22/05/2005;30/11/2005;6 mois
LES ENFOIRES;LA COMPIL VOL.3;SONY BMG/RESTOS DU C?UR;Albums;Platine;24/11/2005;30/11/2005;
LORIE;RESTER LA M;SONY BMG/VOGUE;Albums;Platine;30/10/2005;30/11/2005;1 mois
MULTI INTERPRETES;SOLIDARITE ASIE;UNIVERSAL MUSIC/ULM TV MARKET;Albums;Platine;16/01/2005;30/11/2005;10 mois
ROBBIE WILLIAMS;INTENSIVE CARE;EMI MUSIC France/Robbie Williams/In good company;Albums;Platine;19/10/2005;30/11/2005;1 mois
ROBERTO ALAGNA;ROBERTO ALAGNA CHANTE LOUIS MARIANO;UNIVERSAL MUSIC/DEUTSCH GRAMMOPHON;Albums;Platine;23/10/2005;30/11/2005;1 mois
TIKEN JAH FAKOLY;FRANCAFRIQUE;UNIVERSAL MUSIC/BARCLAY;Albums;Or;18/02/2002;08/11/2005;3 ans 9 mois
TIKEN JAH FAKOLY;COUP DE GUEULE;UNIVERSAL MUSIC/BARCLAY;Albums;Or;03/10/2004;08/11/2005;1 an 1 mois
AMEL BENT;UN JOUR D'ETE;SONY BMG/JIVEPIC;Albums;Platine;29/11/2004;08/11/2005;11 mois
GOTAN PROJECT;LA REVANCHA DEL TANGO;UNIVERSAL MUSIC/YA BASTA;Albums;Platine;22/10/2001;08/11/2005;4 ans 1 mois
DALIDA;LES ANNEES BARCLAY;UNIVERSAL MUSIC/BARCLAY/ORLANDO;Albums;Or;24/11/1991;26/10/2005;14 ans 1 mois
I AM;L'ECOLE DU MICRO D'ARGENT;EMI MUSIC France;Albums;Diamant;17/03/1997;19/10/2005;8 ans 8 mois
ALICIA KEYS;MTV UNPLUGGED;SONY BMG/JIVEPIC;Vidéos;Or;09/10/2005;19/10/2005;
CHRIS KUNNINGHAM;THE WORK OF DIRECTORS CHRIS KUNNINGHAM;EMI MUSIC France/LABELS;Vidéos;Or;30/11/2003;19/10/2005;1 an 10 mois
COMPILATION;LIVE 8 INTERNATIONAL;EMI MUSIC France/EMI RECORDS LTD;Vidéos;Or;03/11/2005;19/10/2005;
CREAM;ROYAL ALBERT LONDON MAY 2-3-5-6;WARNER VISION France;Vidéos;Or;03/10/2005;19/10/2005;
DEEP PURPLE;LIVE IN CONCERT 72-73;EMI MUSIC France/DEEP PURPLE LTD;Vidéos;Or;24/07/2005;19/10/2005;2 mois
HELENE SEGARA;REGARDS;WARNER VISION France/WARNER / ORLANDO;Vidéos;Or;23/05/2005;19/10/2005;4 mois
MARIA CALLAS;UNE VIE D'ART ET 'AMOUR;EMI MUSIC France/LA VOIX DE SON MAITRE / EMI MUSIC France;Vidéos;Or;07/11/2004;19/10/2005;11 mois
QUEEN;RETURN OF THE CHAMPIONS;EMI MUSIC France/EMI RECORDS LTD;Vidéos;Or;03/11/2005;19/10/2005;
KOOL SHEN;LIVE;SONY BMG/FOUR MY PEOPLE;Vidéos;Or;21/08/2005;12/10/2005;1 mois
THE OFFSPRING;COMPLETE MUSIC VIDEO COLLECTION;SONY BMG/COLUMBIA;Vidéos;Or;17/07/2005;12/10/2005;2 mois
DIDO;DIDO LIVE AT BRIXTON ACADEMY;SONY BMG/ARISTA INTERNATIONAL;Vidéos;Platine;12/06/2005;12/10/2005;4 mois
JOE DASSIN;OLYMPIA 77;SONY BMG/SONY BMG VIDEO;Vidéos;Platine;15/08/2005;12/10/2005;1 mois
MARILOU;TU ES COMME CA;SONY BMG/COLUMBIA;Singles;Or;19/06/2005;12/10/2005;3 mois
YANNICK NOAH;METIS;SONY BMG/ST GEORGE;Singles;Or;12/06/2005;12/10/2005;4 mois
AC/DC;FAMILY JEWELS;SONY BMG/SONY BMG VIDEO;Vidéos;Double Platine;28/03/2005;12/10/2005;6 mois
LAAM;PETITE S?UR;SONY BMG/RCA France;Singles;Or;15/08/2005;12/10/2005;1 mois
MISTER COSMIC VS FAT DOG;SPACE SOAP (LA SOUPE AUX CHOUX);SONY BMG/3 E MEDIA;Singles;Or;26/06/2005;12/10/2005;3 mois
MICHAEL JACKSON;LIVE IN BUCHAREST THE DANGER;SONY BMG/SONY BMG VIDEO;Vidéos;Triple Platine;24/07/2005;12/10/2005;2 mois
FREDERIC FRANCOIS;ET SI ON PARLAIT D'AMOUR;SONY BMG/SONY BMG MEDIA;Albums;Or;17/04/2005;12/10/2005;5 mois
VICTORIA ABRIL;PUTCHEROS DE BRASIL;SONY BMG/RCA;Albums;Or;09/05/2005;12/10/2005;5 mois
JOE DASSIN;ETERNEL (BEST OF 25;SONY BMG/SONY BMG MEDIA;Albums;Or;15/08/2005;12/10/2005;1 mois
JULIO IGLESIAS;L'HOMME QUE JE SUIS;SONY BMG/COLUMBIA;Albums;Or;15/05/2005;12/10/2005;5 mois
LORIE;BEST OF;SONY BMG/EPIC GROUP;Albums;Or;03/04/2005;12/10/2005;6 mois
MULTI INTERPRETES;GRAAL;SONY BMG/SONY BMG MEDIA;Albums;Or;10/01/2005;12/10/2005;9 mois
SHAKIRA;FIJACION ORAL;SONY BMG/EPIC;Albums;Or;19/06/2005;12/10/2005;3 mois
THE OFFSPRING;GREATEST HITS;SONY BMG/COLUMBI;Albums;Or;26/06/2005;12/10/2005;3 mois
TRYO;DE BOUCHES A OREILLES?;SONY BMG/YELEN MUSIQUES;Albums;Or;06/03/2005;12/10/2005;7 mois
DEZIL;SAN OU (LA RIVIERE);SONY BMG/SONY BMG MEDIA;Singles;Diamant;26/06/2005;12/10/2005;3 mois
LESLIE;MES COULEURS;SONY BMG/M6 INTERACTIONS;Albums;Double or;10/05/2004;12/10/2005;1 an 5 mois
MICHAEL JACKSON;THE ESSENTIAL;SONY BMG MEDIA;Albums;Double or;24/07/2005;12/10/2005;2 mois
CELINE DION;ON NE CHANGE PAS;SONY BMG/COLUMBIA;Albums;Platine;02/10/2005;12/10/2005;
SINSEMILIA;DEBOUT LES YEUX OUVERTS;SONY BMG/EPIC;Albums;Platine;03/10/2004;12/10/2005;1 an
FRANK MICHAEL;LA FORCE DES FEMMES;WARNER MUSIC FRANCE;Albums;Double or;15/11/2004;28/09/2005;10 mois
HELENE SEGARA;HUMAINE;WARNER MUSIC France/ORLANDO/B.G.PROD/WARNER;Albums;Double Platine;09/03/2003;27/09/2005;2 ans 7 mois
MADONNA;IMMACULATE COLLECTION;WARNER MUSIC France/WEA;Albums;Diamant;11/11/1990;27/09/2005;15 ans 1 mois
DANIEL POWTER;BAD DAY;WARNER MUSIC France/WEA;Singles;Or;21/03/2005;27/09/2005;6 mois
EMMANUEL MOIRE;JE FAIS DE TOI MON ESSENTIEL;WARNER MUSIC France/WARNER;Singles;Or;25/04/2005;27/09/2005;5 mois
EMMANUEL MOIRE;ETRE A LA HAUTEUR;WARNER MUSIC France/WARNER;Singles;Or;28/11/2004;27/09/2005;10 mois
THE KILLERS;HOT FUSS;UNIVERSAL MUSIC/MERCURY;Albums;Or;19/12/2004;06/09/2005;8 mois
GREGORY LEMARCHAL;ECRIS L'HISTOIRE;UNIVERSAL MUSIC/MERCURY;Singles;Platine;28/03/2005;06/09/2005;5 mois
GREGORY LEMARCHAL;JE DEVIENS MOI;UNIVERSAL MUSIC/MERCURY;Albums;Double or;01/05/2005;06/09/2005;4 mois
FEIST;LET IT DIE;UNIVERSAL MUSIC/POLYDOR;Albums;Or;01/03/2004;30/08/2005;1 an 6 mois
MADELEINE PEYROUX;CARELESS LOVE;UNIVERSAL MUSIC/ROUNDER;Albums;Or;10/10/2004;30/08/2005;10 mois
PIERRICK LILLIU;A C?UR OUVERT;SONY BMG/RCA;Singles;Or;29/05/2005;11/07/2005;1 mois
BLACK EYED PEAS;MONKEY BUSINESS;UNIVERSAL MUSIC/INTERSCOPE;Albums;Or;29/05/2005;11/07/2005;1 mois
GWEN STEFANI;LOVE ANGEL MUSIC BABY;UNIVERSAL MUSIC/INTERSCOPE;Albums;Or;21/11/2004;11/07/2005;7 mois
BENABAR;LIVE AU GRAND REX;SONY BMG/JIVE/ZOMBA;Vidéos;Platine;18/10/2004;28/06/2005;8 mois
AMEL BENT;LE DROIT A L'ERREUR;SONY BMG/JIVE/ZOMBA;Singles;Or;24/04/2005;28/06/2005;2 mois
BRITNEY SPEARS;TOXIC;SONY BMG/JIVE/ZOMBA;Singles;Or;12/06/2004;28/06/2005;1 an
BRITNEY SPEARS;EVERYTIME;SONY BMG/JIVE/ZOMBA;Singles;Or;13/09/2004;28/06/2005;9 mois
MARIO;LET ME LOVE YOU;SONY BMG/J RECORDS/ZOMBA;Singles;Or;20/03/2005;28/06/2005;3 mois
PRISCILLA;TOUJOURS PAS D'AMOUR;SONY BMG/JIVE/ZOMBA;Singles;Or;02/02/2004;28/06/2005;1 an 5 mois
PINK;GET THE PARTY STAR;SONY BMG/ARISTA INTERNATIONAL;Singles;Or;25/03/2002;28/06/2005;3 ans 3 mois
AKON;TROUBLE;UNIVERSAL MUSIC/UNIVERSAL RECORDS;Albums;Or;28/11/2004;28/06/2005;7 mois
ALICIA KEYS;THE DIARY OF ALICIA;SONY BMG/J. RECORDS/ZOMBA;Albums;Or;30/11/2003;28/06/2005;1 an 7 mois
SNOOP DOGG;R&G THE MASTERPIECE;UNIVERSAL/GEFFEN;Albums;Or;14/11/2004;28/06/2005;7 mois
MULTI INTERPRETES;ET PUIS LA TERRE;SONY BMG/RCA;Singles;Diamant;30/01/2005;28/06/2005;4 mois
BRITNEY SPEARS;GREATEST HITS;SONY BMG/JIVE/ZOMBA;Albums;Double or;07/11/2004;28/06/2005;7 mois
KYO;300 LESIONS;SONY BMG/JIVE/ZOMBA;Albums;Platine;27/12/2004;28/06/2005;6 mois
M;QUI DE NOUS DEUX;EMI MUSIC France;Albums;Double Platine;23/11/2003;21/06/2005;1 an 7 mois
EDITH PIAF;HYMNE A L'AMOUR;EMI MUSIC France/EMI MUSIC France Label Capitol;Vidéos;Platine;23/11/2003;21/06/2005;1 an 7 mois
PAPA AP;GASOLINA;EMI MUSIC France/EMOTION THREE MUSIC;Singles;Or;24/04/2005;21/06/2005;1 mois
BRUNO COULAIS;LE CASSE DE BRICE;EMI MUSIC France/MANDARIN FILMS;Singles;Or;24/03/2005;21/06/2005;2 mois
COLDPLAY;X & Y;EMI MUSIC France/EMI RECORDS LTD;Albums;Or;02/06/2005;21/06/2005;
LES ENFOIRES;15 ANS D'ENFOIRES;SONY BMG/RESTOS DU C?UR;Vidéos;Diamant;24/11/2005;21/06/2005;5 mois
PLACEBO;SOULMATES NEVER DIE;EMI MUSIC France/VIRGIN RECORDS LTD;Vidéos;Diamant;14/03/2004;21/06/2005;1 an 3 mois
GORILLAZ;DEMON DAY;EMI MUSIC France/PARLOPHONE;Albums;Or;19/05/2005;21/06/2005;1 mois
LA GRANDE SOPHIE;ET SI C'ETAIT ?;UNIVERSAL MUSIC/AZ;Albums;Or;06/10/2003;07/06/2005;1 an 8 mois
MYLENE FARMER;FUCK THEM ALL;UNIVERSAL MUSIC/POLYDOR;Singles;Or;13/03/2005;24/05/2005;2 mois
MICHEL SARDOU;DU PLAISIR;UNIVERSAL MUSIC/TREMA/AZ;Albums;Diamant;09/05/2004;02/05/2005;11 mois
TERRA;CORSICA ENCORE PLUS BELLE VUE DU CIEL;RICORDU DIFFUSION/RICORDU;Vidéos;Or;31/01/2004;02/05/2005;1 an 3 mois
50 CENT;THE MASSACRE;UNIVERSAL MUSIC/INTERSCOPE;Albums;Or;06/03/2005;19/04/2005;1 mois
MYLENE FARMER;AVANT QUE L'OMBRE;UNIVERSAL MUSIC/POLYDOR;Albums;Platine;03/04/2005;19/04/2005;
MANO NEGRA;BEST OF MANO NEGRA;EMI MUSIC France/Emi Music France Label Virgin;Albums;Double Platine;04/10/1998;13/04/2005;6 ans 7 mois
CLAUDE NOUGARO;C'EST FINI OU CA COMMENCE?;EMI MUSIC France;Vidéos;Or;24/03/2005;13/04/2005;
ETIENNE DAHO;DAHO LIVE;EMI MUSIC France;Vidéos;Or;04/11/2001;13/04/2005;3 ans 5 mois
GENESIS;THE VIDEO SHOW;EMI MUSIC France/VIRGIN RECORDS LTD;Vidéos;Or;25/11/2004;13/04/2005;4 mois
M;DE L'AUBE A L'AURORE;EMI MUSIC France;Vidéos;Or;20/02/2005;13/04/2005;1 mois
MARIA CALLAS;LIVE AT COVENT GARDEN;EMI MUSIC France/EMI RECORDS LTD;Vidéos;Or;29/08/2002;13/04/2005;2 ans 7 mois
MULTI INTERPRETES;BELLYDANCE SUPERSTARS;EMI MUSIC France/ARK 21;Vidéos;Or;02/12/2004;13/04/2005;4 mois
RADIOHEAD;MEETING PEOPLE IS EASY;EMI MUSIC France/EMI RECORDS LTD;Vidéos;Or;03/09/2000;13/04/2005;4 ans 8 mois
SMASHING PUMPKINS;THE VIDEO COLLECTION;EMI MUSIC France/VIRGIN RECORDS AMERICA;Vidéos;Or;18/11/2001;13/04/2005;3 ans 5 mois
BEN HARPER AND THE BLIND BOYS OF ALABAMA;LIVE AT THE APOLLO;EMI MUSIC France/VIRGIN RECORDS AMERICA;Vidéos;Platine;24/03/2005;13/04/2005;
CLAUDE NOUGARO;EMBARQUEMENT IMMEDIAT;EMI MUSIC France;Vidéos;Platine;14/11/2001;13/04/2005;3 ans 5 mois
DAVID GILMOUR;DAVID GILMOUR IN CONCERT;EMI MUSIC France/DAVID GILMOUR MUSIC LTD;Vidéos;Platine;13/10/2002;13/04/2005;2 ans 6 mois
QUEEN;GREATEST VIDEO HITS 2;EMI MUSIC France/EMI RECORDS LTD;Vidéos;Platine;06/11/2003;13/04/2005;1 an 5 mois
ROBBIE WILLIAMS;CONCERT AU ROYAL ALBERT HALL;EMI MUSIC France/Robbie Williams/In good company;Vidéos;Platine;05/12/2001;13/04/2005;3 ans 4 mois
ROBBIE WILLIAMS;WHAT WE DID LAST SUMMER;EMI MUSIC France/Robbie Williams/In good company;Vidéos;Double Platine;23/11/2003;13/04/2005;1 an 4 mois
JEAN LOUIS AUBERT;COMME ON A FAIT;EMI MUSIC France/Emi Music France Label Virgin;Vidéos;Triple Platine;26/10/2003;13/04/2005;1 an 5 mois
QUEEN;QUEEN ON FIRE (live at the Bowl);EMI MUSIC France/EMI RECORDS LTD;Vidéos;Triple Platine;21/10/2004;13/04/2005;5 mois
QUEEN;LIVE AT WEMBLEY STADIUM;EMI MUSIC France/EMI RECORDS LTD;Vidéos;Diamant;15/06/2003;13/04/2005;1 an 10 mois
ROMANE CERDA;ROMANE CERDA;EMI MUSIC France/CECI CELA;Albums;Or;07/11/2004;13/04/2005;5 mois
IAM;ANTHOLOGIE;EMI MUSIC France;Albums;Or;21/11/2004;13/04/2005;4 mois
JOSS STONE;THE SOUL SESSIONS;EMI MUSIC France/BLUE NOTE/VIRGIN REC AMERICA;Albums;Or;05/02/2004;13/04/2005;1 an 2 mois
BEN HARPER AND THE BLIND BOYS OF ALABAMA;THERE WILL BE A LIGHT;EMI MUSIC France/VIRGIN RECORDS AMERICA;Albums;Double or;19/09/2004;13/04/2005;6 mois
DAFT PUNK;HUMAN AFTER ALL;EMI MUSIC France/DAFT LIFE LTD;Albums;Double or;13/03/2005;13/04/2005;1 mois
M;LE BAPTEME;EMI MUSIC France;Albums;Double or;24/04/1997;13/04/2005;8 ans 1 mois
DIVERS;DIEUX DU STADE MAKING OF CALENDRIER 2005;UNIVERSAL MUSIC/U.L.M.;Vidéos;Double Platine;01/11/2004;11/01/2005;2 mois
COMPILATION;TECKNO.COM 2004;ULM/UNIVERSAL MUSIC;Albums;Or;20/12/2003;30/12/2004;1 an
NORAH JONES;FEELS LIKE HOME;BLUE NOTE US CAPITOL/EMI MUSIC France;Albums;Double Platine;22/02/2004;22/12/2004;10 mois
COMPILATION;PLANETE RAP 2004 VOL. 2;SONY MEDIA MEDIA/SONY MUSIC;Albums;Or;29/07/2004;21/12/2004;4 mois
COMPILATION;BEST OF 2004;SONY MEDIA MEDIA/SONY MUSIC;Albums;Or;18/11/2004;21/12/2004;1 mois
M;LES LECONS DE MUSIQUE DE M;POLYDOR/UNIVERSAL MUSIC;Vidéos;Double Platine;07/11/2004;21/12/2004;1 mois
COMPILATION;LES 100 PLUS BELLES CHANSONS ET MELODIES D'ENFANTS;JACKY BOY MUSIC/EMI MUSIC France;Albums;Or;26/11/2000;21/12/2004;4 ans 1 mois
DEPECHE MODE;REMIXES;MUTE RECORDS LTD/EMI MUSIC France;Albums;Or;12/12/2004;21/12/2004;
YANNICK NOAH;QUAND VOUS ETES LA;COLUMBIA/ST GEORGE/SONY MUSIC;Vidéos;Double Platine;21/10/2004;21/12/2004;2 mois
FRANCOISE HARDY;TANT DE BELLES CHOSES;VIRGIN France/EMI MUSIC France;Albums;Or;14/11/2004;21/12/2004;1 mois
M;LE TOUR DE M;EMI MUSIC France;Vidéos;Diamant;06/01/2002;21/12/2004;3 ans
LORIE;WEEK END LIVE TOUR;EPIC/SONY MUSIC;Albums;Or;07/10/2004;21/12/2004;2 mois
RIM'K;L'ENFANT DU PAYS;EPIC/SMALL/SONY MUSIC;Albums;Or;18/03/2004;21/12/2004;9 mois
SLAI;FLORILEGE;SONY MUSIC MEDIA/SONY MUSIC;Albums;Or;11/11/2004;21/12/2004;1 mois
NADIYA;16/9;COLUMBIA/SONY MUSIC;Albums;Or;27/05/2004;21/12/2004;6 mois
RAY CHARLES;GENIUS LOVE COMPANY;RAY CHARLES ENTERPRISES/EMI MUSIC France;Albums;Or;29/08/2004;21/12/2004;3 mois
RENAUD;MON FILM SUR MOI ET MES CHANSONS PREFEREES DE MOI;Ceci Cela/Emi Music France Label Virgin/EMI MUSIC France;Albums;Or;25/11/2004;21/12/2004;
GERALD DE PALMAS;UN HOMME SANS RACINES;POLYDOR/UNIVERSAL MUSIC;Albums;Platine;07/11/2004;21/12/2004;1 mois
DESTINY'S CHILD;LOSE MY BREATH;COLUMBIA/SONY MUSIC;Singles;Or;28/10/2004;21/12/2004;1 mois
DJ SAMMY;HEAVEN;OVERSANCE/SONY MUSIC;Singles;Or;23/09/2004;21/12/2004;2 mois
DAVID BOWIE;A REALITY TOUR 2003;COLUMBIA/SONY MUSIC;Vidéos;Or;14/10/2004;21/12/2004;2 mois
GAROU & MICHEL SARDOU;LA RIVIERE DE NOTRE ENFANCE;COLUMBIA/SONY MUSIC;Singles;Or;11/11/2004;21/12/2004;1 mois
ISABELLE BOULAY/JOHNNY HALLYDAY;TOUT AU BOUT DE NOS PEINES;V2 RECORDS/SONY MUSIC;Singles;Or;02/12/2004;21/12/2004;
DIAM'S;MA VIE MON LIVE;EMI MUSIC France;Vidéos;Or;28/10/2004;21/12/2004;1 mois
HENRI SALVADOR;BONSOIR AMIS;EMI MUSIC France;Vidéos;Or;25/11/2004;21/12/2004;
IAM;LIVE AU DOME DE MARSEILLE;EMI MUSIC France;Vidéos;Or;12/12/2004;21/12/2004;
NADIYA;SI LOIN DE VOUS;COLUMBIA/SONY MUSIC;Singles;Or;18/11/2004;21/12/2004;1 mois
PAPI SANCHEZ;ENAMORAME;SCORPIO HOT TRACKS/SONY MUSIC;Singles;Or;28/10/2004;21/12/2004;1 mois
KYLIE MINOGUE;ULTIMATE KYLIE;EMI RECORDS LTD/EMI MUSIC France;Vidéos;Or;21/11/2004;21/12/2004;1 mois
LORIE;WEEK END TOUR;EPIC/SONY MUSIC;Vidéos;Or;02/12/2004;21/12/2004;
TRAGEDIE;A FLEUR 2 PEAU;UP MUSIC/WARNER MUSIC France;Albums;Double or;24/10/2004;14/12/2004;1 mois
BANDE ORIGINALE DE FILM;LES CHORISTES;MARC MUSIC/WARNER MUSIC;Albums;Diamant;08/03/2004;14/12/2004;9 mois
K - MARO;CRAZY;K - PONE INC./WARNER MUSIC France;Singles;Or;27/09/2004;14/12/2004;2 mois
TRAGEDIE;GENTLEMAN;TC MUSIC/WARNER MUSIC France;Singles;Or;17/10/2004;14/12/2004;1 mois
LUKE;LA TETE EN ARRIERE;R.C.A./BMG France;Albums;Or;05/04/2004;07/12/2004;8 mois
MAROON 5;SONGS ABOUT JANE;J RECORDS/BMG France;Albums;Or;23/08/2004;07/12/2004;3 mois
MULTI INTERPRETES;SIDACTION / 10 ANS ENSEMBLE;JIVE/BMG France;Albums;Or;28/11/2004;07/12/2004;
PATRICK BRUEL;PUZZLE;R.C.A./BMG France;Albums;Or;07/11/2004;07/12/2004;1 mois
PRISCILLA;UNE FILLE COMME MOI;JIVE/BMG France;Albums;Or;02/02/2004;07/12/2004;10 mois
STEEVE ESTATOF;A L'ENVERS;BMG/BMG France;Albums;Or;23/08/2004;07/12/2004;3 mois
USHER;CONFESSIONS;LA FACE/ZOMBA/BMG/BMG France;Albums;Or;21/03/2004;07/12/2004;8 mois
BRITNEY SPEARS;IN THE ZONE;JIVE/BMG France;Albums;Double or;07/11/2004;07/12/2004;1 mois
HAIDUCCI;DRAGOSTEA DIN TEI;HEBEN MUSIC/BMG France;Singles;Or;12/04/2004;07/12/2004;7 mois
ELVIS PRESLEY;ELVIS 68 COMEBACK;R.C.A./BMG France;Vidéos;Or;28/06/2004;07/12/2004;5 mois
ELVIS PRESLEY;ELVIS ALOHA FROM HAWAI;R.C.A./BMG France;Vidéos;Or;28/06/2004;07/12/2004;5 mois
LAURENT VOULZY;LIVE;R.C.A./BMG France;Vidéos;Or;29/11/2004;07/12/2004;
ROCH VOISINE;TANT PIS;R.C.A./BMG France;Singles;Or;16/02/2004;07/12/2004;9 mois
BRITNEY SPEARS;GREATEST HITS;JIVE/BMG France;Vidéos;Platine;05/04/2004;07/12/2004;8 mois
AVRIL LAVIGNE;UNDER MY SKIN;ARISTA/BMG France;Albums;Or;23/05/2004;07/12/2004;6 mois
FLORENT PAGNY;BARYTON;MERCURY/UNIVERSAL MUSIC;Albums;Or;21/11/2004;30/11/2004;
ZAZIE;RODEO;MERCURY/UNIVERSAL MUSIC;Albums;Or;21/11/2004;30/11/2004;
JENIFER;LE PASSAGE;MERCURY/TF1 NUOUPROD/UNIVERSAL MUSIC;Albums;Platine;01/06/2004;30/11/2004;6 mois
CALOGERO;3;RAPAS/MERCURY/UNIVERSAL MUSIC;Albums;Double Platine;18/03/2004;30/11/2004;8 mois
DAVID BOWIE;BEST OF BOWIE;EMI RECORDS LTD/EMI MUSIC France;Vidéos;Double Platine;13/10/2002;23/11/2004;2 ans 1 mois
MIKE BRANT;LAISSE MOI T'AIMER;EMI MUSIC France;Vidéos;Double Platine;15/06/2003;23/11/2004;1 an 5 mois
DAVID GUETTA;GUETTA BLASTER;SQUARE RIVOLI PUBLISHING/EMI MUSIC France;Albums;Or;06/06/2004;23/11/2004;5 mois
COLDPLAY;LIVE 2003;EMI RECORDS LTD/EMI MUSIC France;Vidéos;Triple Platine;06/11/2003;23/11/2004;1 an
DAFT PUNK;INTERSTELLA 5555;DAFT LIFE LTD/EMI MUSIC France;Vidéos;Triple Platine;30/11/2003;23/11/2004;11 mois
PLACEBO;ONCE MORE WITH FEELINGS;VIRGIN RECORDS LTD/EMI MUSIC France;Albums;Or;21/10/2004;23/11/2004;1 mois
ROBBIE WILLIAMS;GREATEST HITS;R. WILLIAMS/IN GOOD COMPANY/EMI MUSIC France;Albums;Or;07/11/2004;23/11/2004;
BLACK EYED PEAS;SHUT UP;INTERSCOPE/UNIVERSAL MUSIC;Singles;Or;12/01/2004;16/11/2004;10 mois
BASHUNG;L'IMPRUDENCE;BARCLAY/UNIVERSAL MUSIC;Albums;Or;18/11/2002;16/11/2004;2 ans
BERNARD LAVILLIERS;CARNETS DE BORD;BBC/BARCLAY/UNIVERSAL MUSIC;Albums;Or;24/10/2004;16/11/2004;
BJORK;MEDULLA;POLYDOR U.K./UNIVERSAL MUSIC;Albums;Or;27/09/2004;16/11/2004;1 mois
OPERATION TOTAL;"RENAUD ""BOUCAN D'ENFER""";Ceci Cela/Emi Music France Label Virgin/EMI MUSIC France;Albums;Or;20/09/2004;23/10/2004;1 mois
OPERATION TOTAL;"ALAIBN SOUCHON ""au ras des Paquerettes""";Emi Music France/Ed. Alain Souchon/EMI MUSIC France;Albums;Or;20/09/2004;23/10/2004;1 mois
AC/DC;LIVE AT DONINGTON;SONY MUSIC VIDEO/SONY MUSIC;Vidéos;Double Platine;30/10/2003;19/10/2004;11 mois
COMPILATION;ETE 2004;SONY MEDIA MEDIA/SONY MUSIC;Albums;Or;17/06/2004;19/10/2004;4 mois
COMPILATION;HITS & CO VOL.2;SONY MEDIA MEDIA/SONY MUSIC;Albums;Or;05/08/2004;19/10/2004;2 mois
DANY BRILLANT;JAZZ A LA NOUVELLE ORLEANS;COLUMBIA/SONY MUSIC;Albums;Or;08/04/2004;19/10/2004;6 mois
FRANCIS CABREL;LES BEAUX DEGATS;COLUMBIA/SONY MUSIC;Albums;Or;16/05/2004;19/10/2004;5 mois
INDOCHINE;3.6.3.;COLUMBIA/SONY MUSIC;Albums;Or;01/01/2004;19/10/2004;9 mois
ISABELLE BOULAY;TOUT UN JOUR;V 2 RECORDS/SONY MUSIC;Albums;Or;06/05/2004;19/10/2004;5 mois
KOOL SHEN;DERNIER ROUND;EPIC/SONY MUSIC;Albums;Or;15/04/2004;19/10/2004;6 mois
GOOD CHARLOTTE;THE YOUNG AND THE HOPELESS;EPIC/SONY MUSIC;Albums;Or;16/01/2003;19/10/2004;1 an 9 mois
PASCAL OBISPO;LIVE FAN/STUDIOFAN;EPIC/SONY MUSIC;Albums;Or;11/03/2004;19/10/2004;7 mois
RAI N B FEVER;RAI N B FEVER;EPIC/SMALL/SONY MUSIC;Albums;Or;01/07/2004;19/10/2004;3 mois
SENSEVERINO;les SENEGALAISES;COLUMBIA/ST GEORGE/SONY MUSIC;Albums;Or;26/02/2004;19/10/2004;7 mois
TETE;A LA FAVEUR DE L'AUTOMNE;EPIC/SONY MUSIC;Albums;Or;20/10/2003;19/10/2004;1 an
SANSEVERINO;LE TANGO DES GENS;COLUMBIA/ST GEORGE/SONY music;Albums;Double or;16/05/2002;19/10/2004;2 ans 5 mois
PASCAL OBISPO;LIVE FAN/STUDIO FAN;EPIC/SONY MUSIC;Albums;Platine;11/03/2004;19/10/2004;7 mois
PASCAL OBISPO;MILLESIME;EPIC/SONY MUSIC;Albums;Double Platine;08/11/2001;19/10/2004;2 ans 11 mois
YANNICK NOAH;POKHARA;COLUMBIA/SAINT GEORGE/SONY MUSIC;Albums;Triple Platine;21/08/2003;19/10/2004;1 an 2 mois
INDOCHINE;PARADIZE;COLUMBIA/SONY MUSIC;Albums;Diamant;07/03/2002;19/10/2004;2 ans 7 mois
LORIE;ENSORCELLEE;EPIC/SONY MUSIC;Singles;Or;10/06/2004;19/10/2004;4 mois
INDOCHINE;PARADIZE SHOW;COLUMBIA/SONY MUSIC;Vidéos;Or;04/03/2004;19/10/2004;7 mois
NADIYA;ET C'EST PARTI;COLUMBIA/SONY MUSIC;Singles;Or;01/07/2004;19/10/2004;3 mois
NATASHA ST PIER;MOURIR DEMAIN;COLUMBIA/SONY MUSIC;Singles;Or;17/06/2004;19/10/2004;4 mois
RAI N B FEVER;UN GAOU A ORAN;EPIC/SMALL/SONY MUSIC;Singles;Or;24/06/2004;19/10/2004;3 mois
TRAGEDIE;SEXY POUR MOI;TC MUSIC/WARNER MUSIC France;Singles;Or;04/01/2004;21/09/2004;8 mois
AVENTURA;WE BROKE THE RULES;TC MUSIC/WARNER MUSIC France;Albums;Or;19/07/2004;21/09/2004;2 mois
BANDE ORIGINALE DE FILM;LES CHORISTES;MARC MUSIC/WARNER MUSIC;Albums;Or;08/03/2004;21/09/2004;6 mois
BANDE ORIGINALE DE FILM;KILL BILL;MAVERICK/WARNER MUSIC France;Albums;Or;22/09/2003;21/09/2004;1 an
BANDE ORIGINALE DE FILM;KILL BILL Vol.2;MAVERICK/WARNER MUSIC France;Albums;Or;12/04/2004;21/09/2004;5 mois
HOOBASTANK;THE REASON;MERCURY/UNIVERSAL MUSIC;Albums;Or;21/06/2004;07/09/2004;2 mois
DAFT PUNK;INTERSTELLA 555 TH;DAFT LIFE LTD/EMI MUSIC France;Vidéos;Double Platine;11/12/2003;24/08/2004;8 mois
COMPILATION;NRJ MUSIC AWARDS 2004;EMI MUSIC France;Albums;Or;11/01/2004;24/08/2004;7 mois
JEAN LOUIS AUBERT;COMME ON A FAIT;LA LOUPE/EMI MUSIC France;Vidéos;Double Platine;26/10/2003;24/08/2004;10 mois
JANE BIRKIN;RENDEZ VOUS;KACHALOU/EMI MUSIC France;Albums;Or;28/03/2004;24/08/2004;4 mois
RENAUD;TOURNEE D'ENFER;Ceci Cela/EMI/Label Virgin/EMI MUSIC France;Vidéos;Diamant;13/11/2003;24/08/2004;9 mois
KEZIAH JONES;BLACK ORPHEUS;EMI MUSIC France/EMI MUSIC FRANCE;Albums;Or;17/04/2003;24/08/2004;1 an 4 mois
ASIAN DUB FOUNDATION;ENEMY OF THE ENEMY;X RAY PRODUCTION / ALTER K;Albums;Or;02/02/2003;24/08/2004;1 an 6 mois
MICKEY 3 D;LIVE A SAINT ETIENNE;EMI MUSIC France;Albums;Or;22/02/2004;24/08/2004;6 mois
NORAH JONES;FEELS LIKE HOME;BLUE NOTE US CAPITOL/EMI MUSIC France;Albums;Or;22/02/2004;24/08/2004;6 mois
RAPHAEL;LA REALITE;EMI MUSIC France;Albums;Or;17/04/2003;24/08/2004;1 an 4 mois
ROHFF;LA FIERTE DES NOTRES;EMI MUSIC France;Albums;Or;17/06/2004;24/08/2004;2 mois
MICKEY 3 D;TU VAS PAS MOURIR DE RIRE;EMI MUSIC France;Albums;Double or;26/01/2003;24/08/2004;1 an 7 mois
BEN HARPER;DIAMONDS ON THE INSIDE;VIRGIN RECORDS AMERICA/EMI MUSIC France;Albums;Platine;23/02/2003;24/08/2004;1 an 6 mois
M;QUI DE NOUS DEUX;EMI MUSIC France;Albums;Platine;23/11/2003;24/08/2004;9 mois
CLAUDE NOUGARO;EMBARQUEMENT IMMEDIAT AU THEATRE CHAMPS ELYSEES;EMI MUSIC France;Vidéos;Or;14/11/2001;24/08/2004;2 ans 9 mois
DEPECHE MODE;ONE NIGHT IN PARIS;MUTE RECORDS LTD/EMI MUSIC France;Vidéos;Or;26/05/2002;24/08/2004;2 ans 3 mois
IAM;AU C?UR D'IAM;EMI MUSIC France;Vidéos;Or;01/02/2004;24/08/2004;6 mois
JEAN LOUIS MURAT;PARFUM D'ACACIA AU JARDIN;EMI MUSIC France;Vidéos;Or;15/02/2004;24/08/2004;6 mois
M;LE TOUR DE M;EMI MUSIC France;Vidéos;Or;06/01/2002;24/08/2004;2 ans 8 mois
SINGUILA;C'EST TROP;EMI MUSIC France;Singles;Or;26/10/2003;24/08/2004;10 mois
PETER GABRIEL;SECRET WORLD LIVE;VIRGIN RECORDS LTD/EMI MUSIC France;Vidéos;Or;25/08/1994;24/08/2004;10 ans 1 mois
PLACEBO;SOULMATES NEVER DIE;VIRGIN RECORDS LTD/EMI MUSIC France;Vidéos;Or;14/03/2004;24/08/2004;5 mois
QUEEN;LIVE AT WEMBLEY 86;EMI RECORDS LTD/EMI MUSIC France;Vidéos;Or;13/01/1991;24/08/2004;13 ans 9 mois
JAMELIA;SUPERSTAR;PARLOPHONE U.K./EMI MUSIC France;Singles;Or;01/02/2004;24/08/2004;6 mois
PETER GABRIEL;GROWING UP LIVE;WARNER VISION INTERN./WARNER VISION France;Vidéos;Platine;02/11/2003;08/06/2004;7 mois
RED HOT CHILI PEPPERS;LIVE AT SLANE CASTLE;VARNER VISION INTERN./WARNER VISION France;Vidéos;Platine;17/11/2003;08/06/2004;6 mois
COMPILATION;NRJ HIT MUSIC ONLY;SONY MEDIA MEDIA/SONY MUSIC;Albums;Or;11/03/2004;05/05/2004;1 mois
COMPILATION;PLANETE RAP 2004;SONY MEDIA MEDIA/SONY MUSIC;Albums;Or;04/03/2004;05/05/2004;2 mois
BILLY CRAWFORD;THE STORY OF BILLY CRAWFORD;V 2/SONY MUSIC;Vidéos;Double Platine;28/08/2003;05/05/2004;8 mois
DIVERS;NUITS CELTIQUES EDITION 2002;SONY MUSIC VIDEO/SONY MUSIC;Vidéos;Double Platine;20/02/2003;05/05/2004;1 an 2 mois
MICHAEL JACKSON;NUMBER ONES;SONY MUSIC VIDEO/SONY MUSIC;Vidéos;Double Platine;13/11/2003;05/05/2004;5 mois
GEORGE MICHAEL;PATIENCE;EPIC/SONY MUSIC;Albums;Or;11/03/2004;05/05/2004;1 mois
the OFFSPRING;SPLINTER;COLUMBIA/SONY MUSIC;Albums;Or;27/11/2003;05/05/2004;5 mois
WILLY DENZEY;N? 1 NUMBER ONE;SMALL/SONY MUSIC;Albums;Or;30/10/2003;05/05/2004;6 mois
COMPILATION;PLANETE RAP 2003;SONY MUSIC MEDIA/SONY MUSIC;Albums;Double or;24/07/2003;05/05/2004;9 mois
PASCAL OBISPO;FAN STUDIO;EPIC/SONY MUSIC;Albums;Double or;11/03/2004;05/05/2004;1 mois
PATRICK FIORI;PATRICK FIORI;EPIC/SONY MUSIC;Albums;Double or;17/10/2002;05/05/2004;1 an 6 mois
TRYO;GRAIN DE SABLE;COLUMBIA/YELEN/SONY MUSIC;Albums;Double or;03/07/2003;05/05/2004;10 mois
LORIE;ATTITUDES;EPIC/SONY MUSIC;Albums;Platine;15/01/2004;05/05/2004;3 mois
NATASHA ST PIER;L'INSTANT D'APRES;COLUMBIA/SONY MUSIC;Albums;Platine;30/10/2003;05/05/2004;6 mois
YANNICK NOAH;POKHARA;COLUMBIA/SAINT GEORGE/SONY MUSIC;Albums;Double Platine;21/08/2003;05/05/2004;8 mois
LORIE;PRES DE TOI;EPIC/SONY MUSIC;Albums;Triple Platine;25/10/2001;05/05/2004;2 ans 6 mois
BEYONCE;LIVE AT WENBLEY;COLUMBIA/SONY MUSIC;Vidéos;Or;25/04/2004;05/05/2004;
GAROU;REVIENS;COLUMBIA/SONY MUSIC;Singles;Or;11/12/2003;05/05/2004;4 mois
KAREN ANTONN & BONNIE TYLER;SI DEMAIN;EPIC/SONY MUSIC;Singles;Or;18/12/2003;05/05/2004;4 mois
LORIE;WEEK END;EPIC/SONY MUSIC;Singles;Or;11/12/2003;05/05/2004;4 mois
NADIYA;PARLE MOI;COLUMBIA/SONY MUSIC;Singles;Or;25/03/2004;05/05/2004;1 mois
PEARL;J'AI DES CHOSES A TE DIRE;SMALL/SONY MUSIC;Singles;Or;04/12/2003;05/05/2004;5 mois
MAFIA K'1 FRY;SI TU ROULES AVEC LA MAFIA K'1 FRY;SMALL/SONY MUSIC;Vidéos;Or;22/01/2004;05/05/2004;3 mois
DALIDA;MASTER SERIE N;BARCLAY/ORLANDO/UNIVERSAL MUSIC;Albums;Or;06/03/1988;21/04/2004;16 ans 4 mois
BENNY BENASSI;HYPNOTICA;ULM/UNIVERSAL MUSIC;Albums;Double or;29/06/2003;30/03/2004;9 mois
STARLOOSE ACADEMY;STARLOOSE ACADEMY;ULM/UNIVERSAL MUSIC;Vidéos;Or;23/02/2004;30/03/2004;1 mois
LARA FABIAN;EN TOUTE INTIMITEA;POLYDOR/UNIVERSAL MUSIC;Albums;Platine;13/10/2003;16/03/2004;5 mois
DESTINY'S CHILD;MUSIC WORLD;SONY MUSIC VIDEO/SONY MUSIC;Vidéos;Or;03/07/2003;17/12/2003;5 mois
WILLY DENZEY;N;SMALL/SONY MUSIC;Albums;Or;27/11/2003;17/12/2003;
JEAN JACQUES GOLDMAN;UN TOUR ENSEMBLE;SONY MUSIC VIDEO/SONY MUSIC;Vidéos;Or;30/10/2003;17/12/2003;1 mois
LE QUATUOR;SUR LA CORDE REVE;SONY MUSIC VIDEO/SONY MUSIC;Vidéos;Or;18/09/2003;17/12/2003;3 mois
BOSS;BOSS 1;EPIC/SONY MUSIC;Albums;Or;06/05/1999;17/12/2003;4 ans 8 mois
LES INCONNUS;COFFRET BEST OF CHANSONS : KARAOKE;SONY MUSIC MEDIA/SONY MUSIC;Vidéos;Or;09/10/2003;17/12/2003;2 mois
CELINE DION;1 FILLE & 4 TYPES;COLUMBIA/SONY MUSIC;Albums;Or;09/10/2003;17/12/2003;2 mois
MICHAEL JACKSON;NUMBER ONES;SONY MUSIC VIDEO/SONY MUSIC;Vidéos;Or;13/11/2003;17/12/2003;1 mois
EDDY MITCHELL;LIVE 2000;POLYDOR/UNIVERSAL MUSIC;Vidéos;Platine;02/04/2001;17/12/2003;2 ans 8 mois
COMPILATION;PLANETE RAP 2003;SONY MUSIC MEDIA/SONY MUSIC;Albums;Or;24/07/2003;17/12/2003;4 mois
SIMON & GARKUNKEL;THE CONCERT IN CENTRAL PARK;SONY MUSIC VIDEO/SONY MUSIC;Vidéos;Or;30/10/2003;17/12/2003;1 mois
COMPILATION;UN MAXX DE TUBES - VOL.3;SONY MUSIC MEDIA/SONY MUSIC;Albums;Or;31/07/2003;17/12/2003;4 mois
COMPILATION;PLANETARTHUR COMPIL. LE RETOUR;SONY MUSIC MEDIA/SONY MUSIC;Albums;Or;16/10/2003;17/12/2003;2 mois
COMPILATION;HITS & CO;SONY MUSIC MEDIA/SONY MUSIC;Albums;Or;11/09/2003;17/12/2003;3 mois
DAVID BOWIE;REALITY;COLUMBIA/SONY MUSIC;Albums;Or;13/11/2003;17/12/2003;1 mois
GAROU;REVIENS;COLUMBIA/SONY MUSIC;Albums;Or;20/11/2003;17/12/2003;
JULIE ZENATTI;DANS LES YEUX D'UN AUTRE;COLUMBIA/SONY MUSIC;Albums;Or;05/12/2002;17/12/2003;1 an
LARA FABIAN;EN TOUTE INTIMITE;POLYDOR/UNIVERSAL MUSIC;Albums;Or;13/10/2003;17/12/2003;2 mois
LINKIN PARK;LIVE IN TEXAS;WARNER BROS/WARNER MUSIC France;Albums;Or;24/11/2003;17/12/2003;
LORIE;LORIE LIVE TOUR;EPIC/SONY MUSIC;Albums;Or;16/10/2003;17/12/2003;2 mois
MARC LAVOINE;OLYMPIA DEUXMILLETROIS;MERCURY/UNIVERSAL MUSIC;Albums;Or;16/06/2003;17/12/2003;6 mois
MATT;CHANT DE BATAILLE;BACLAY/UNIVERSAL MUSIC;Albums;Or;08/09/2003;17/12/2003;3 mois
MC SOLAAR;MACH 6;SENTINEL OUEST/WARNER MUSIC France;Albums;Or;15/12/2003;17/12/2003;
MAXIME LE FORESTIER;PLUTOT GUITARE;POLYDOR/UNIVERSAL MUSIC;Vidéos;Platine;13/10/2002;17/12/2003;1 an 2 mois
MULTI INTERPRETES;DIS L'HEURE 2 ZOUK;TC MUSIC/WARNER MUSIC France;Albums;Or;16/06/2003;17/12/2003;6 mois
NATASHA ST PIER;L'INSTANT D'APRES;COLUMBIA/SONY MUSIC;Albums;Or;30/10/2003;17/12/2003;1 mois
NEG'MARRONS;RUE CASE NEGRE;SMALL/SONY MUSIC;Albums;Or;12/02/1997;17/12/2003;6 ans 11 mois
PATRICIA KAAS;SEXE FORT;COLUMBIA/SONY MUSIC;Albums;Or;27/11/2003;17/12/2003;
RED HOT CHILI PEPPERS;GREATEST HITS;WARNER BROS/WARNER MUSIC France;Albums;Or;17/11/2003;17/12/2003;1 mois
BEN HARPER;PLEASURE + PAIN;VIRGIN RECORDS/EMI MUSIC France;Vidéos;Or;08/12/2002;09/12/2003;1 an
BOB MARLEY & THE WAILERS;LEGEND;AZ/UNIVERSAL MUYSIC;Vidéos;Or;15/09/2003;09/12/2003;2 mois
COLDPLAY;LIVE 2003;EMI RECORDS LTD/EMI MUSIC France;Vidéos;Or;06/11/2003;09/12/2003;1 mois
DAFT PUNK;INTERSTELLA 5555 TH;DAFT LIFE LTD/EMI MUSIC France;Vidéos;Or;30/11/2003;09/12/2003;
DEPECHE MODE;101;MUTE RECORDS LTD/EMI MUSIC France;Vidéos;Or;28/02/1999;09/12/2003;4 ans 10 mois
EDITH PIAF;L'HYMNE A LA MOME;EMI MUSIC France;Vidéos;Or;23/11/2003;09/12/2003;
IRON MAIDEN;VISIONS OF THE BEAST;EMI RECORDS LTD/EMI MUSIC France;Vidéos;Or;05/06/2003;09/12/2003;6 mois
JEAN LOUIS AUBERT;COMME ON A FAIT;LA LOUPE/EMI MUSIC France;Vidéos;Or;26/10/2003;09/12/2003;1 mois
NORAH JONES;LIVE AT NEW ORLEANS;BLUE NOTE US CAPITOL/EMI MUSIC France;Vidéos;Or;02/03/2003;09/12/2003;9 mois
PRINCE;LIVE AT THE ALLADIN LAS VEGAS;BARCLAY/UNIVERSAL MUSIC;Vidéos;Or;15/09/2003;09/12/2003;2 mois
QUEEN;GREATEST HITS 2;EMI RECORDS LTD/EMI MUSIC France;Vidéos;Or;06/11/2003;09/12/2003;1 mois
ROBBIE WILLIAMS;WHAT WE DID LAST SUMMER;R. WILLIAMS/IN GOOD COMPANY/EMI MUSIC France;Vidéos;Or;23/11/2003;09/12/2003;
ROBBIE WILLIAMS;THE ROBBIE WILLIAMS SHOW;R. WILLIAMS/IN GOOD COMPANY/EMI MUSIC France;Vidéos;Or;30/03/2003;09/12/2003;8 mois
ROGER WATERS;THE WALL;MERCURY/UNIVERSAL MUSIC;Vidéos;Or;28/04/2003;09/12/2003;7 mois
STING;INSIDE THE SONG OF SACRED LOVE;POLYDOR/UNIVERSAL MUSIC;Vidéos;Or;06/10/2003;09/12/2003;2 mois
ANDRE RIEU;PARADIS;PHILIPS/UNIVERSAL MUSIC;Vidéos;Platine;01/12/2003;09/12/2003;
ETIENNE DAHO;REEVOLUTION;EMI MUSIC France;Albums;Or;02/11/2003;09/12/2003;1 mois
LARA FABIAN;EN TOUTE INTIMITE;POLYDOR/UNIVERSAL MUSIC;Vidéos;Double Platine;13/10/2003;09/12/2003;1 mois
HENRI SALVADOR;MA CHERE ET TENDRE;EMI MUSIC France;Albums;Or;26/10/2003;09/12/2003;1 mois
IAM;REVOIR UN PRINTEMPS;EMI MUSIC France;Albums;Or;14/09/2003;09/12/2003;2 mois
JEAN LOUIS AUBERT;COMME ON A DIT;LA LOUPE/EMI MUSIC France;Albums;Or;26/10/2003;09/12/2003;1 mois
DAVID BOWIE;BEST OF BOWIE;EMI RECORDS LTD/EMI MUSIC France;Vidéos;Platine;13/10/2002;09/12/2003;1 an 2 mois
M;QUI DE NOUS DEUX;EMI MUSIC France;Albums;Or;23/11/2003;09/12/2003;
MARC LAVOINE;OLYMPIA 2003;MERCURY/UNIVIVERSAL MUSIC;Vidéos;Platine;10/06/2003;09/12/2003;6 mois
MULTI INTERPRETES;DIEUX DU STADE;U.L.M./UNIVERSAL MUSIC;Vidéos;Platine;03/11/2003;09/12/2003;1 mois
DIAM'S;DJ;EMI MUSIC France;Singles;Platine;05/06/2003;09/12/2003;6 mois
RADIOHEAD;HAIL TO THE THIEF;EMI RECORDS LTD/EMI MUSIC France;Albums;Or;15/06/2003;09/12/2003;5 mois
RENAUD;TOURNEE D'ENFER;Ceci Cela/Emi Music France Label/EMI MUSIC France;Albums;Or;13/11/2003;09/12/2003;
ROBBIE WILLIAMS;LIVE SUMMER 2003;R. WILLIAMS/INFOOD COMPAGNY/EMI MUSIC France;Albums;Or;28/09/2003;09/12/2003;2 mois
FLORENT PAGNY;AILLEURS LAND;MERCURY/UNIVERSAL MUSIC;Albums;Double Platine;07/04/2003;18/11/2003;7 mois
KYO;LE CHEMIN;JIVE RECORDS/VIRGIN France + BMG France;Albums;Double Platine;13/01/2003;18/11/2003;10 mois
LAURENT VOULZY;AVRIL;RCA/BMG France;Albums;Double Platine;02/12/2001;18/11/2003;1 an 11 mois
STAR ACADEMY 3;LA BAMBA;TF1 NIOUPROD/MERCURY/UNIVERSAL MUSIC;Singles;Or;29/09/2003;18/11/2003;1 mois
JONATHAN;SIEMPRE 23;RCA/BMG France;Albums;Or;14/09/2003;18/11/2003;2 mois
LAURENT VOULZY;SAISONS;RCA/BMG France;Albums;Or;26/10/2003;18/11/2003;
LES ENFOIRES;TOUS DANS LE MEME BATEAU;LES RESTAURANTS DU C?UR/BMG France;Albums;Or;28/10/2002;18/11/2003;1 an
MARIAH CAREY;CHARMBRACELET;MERCURY/UNIVERSAL MUSIC;Albums;Or;02/12/2002;18/11/2003;11 mois
SUM 41;DOES IT LOOK INFECTED ?;MERCURY/UNIVERSAL MUSIC;Albums;Or;25/11/2002;18/11/2003;11 mois
THIERRY AMIEL;PARADOXES;RCA/BMG France;Albums;Or;12/10/2003;18/11/2003;1 mois
FLORENT PAGNY;MA LIBERTE DE PENSER;MERCURY/UNIVERSAL MUSIC;Singles;Platine;24/05/2003;18/11/2003;5 mois
EROS RAMAZZOTTI;9;ARIOLA/BMG France;Albums;Double or;01/06/2003;18/11/2003;5 mois
STAR ACADEMY 3;STAR ACADEMY 3 CHANTE ELTON JOHN;TF1 NIOUPROD/MERCURY/UNIVERSAL MUSIC;Albums;Double or;03/11/2003;18/11/2003;
SEAN PAUL;GET BUSY;ATLANTIC/WARNER MUSIC France;Singles;Or;16/06/2003;12/11/2003;4 mois
THIERRY CHAM;OCEAN;POLYDOR/UNIVERSAL MUSIC;Singles;Or;15/09/2003;12/11/2003;1 mois
3 T;STUCK ON YOU;TF1 ENTREPRISES/WARNER MUSIC France;Singles;Or;11/08/2003;12/11/2003;3 mois
ONE-T;THE MAGIC KEY;POLYDOR/UNIVERSAL MUSIC;Singles;Or;07/04/2003;27/10/2003;6 mois
THIERRY AMIEL;LES MOTS BLEUS;RCA/BMG France;Singles;Or;19/08/2003;14/10/2003;1 mois
ANDRE RIEU;CROISIERE ROMANTIQUE;PHILIPS/UNIVERSAL MUSIC;Albums;Or;20/10/2002;14/10/2003;11 mois
COMPILATION;CHIHUAHUA PARTY;BMG/BMG France;Albums;Or;30/06/2003;14/10/2003;3 mois
DIDO;LIFE FOR RENT;ARISTA/BMG France;Albums;Or;28/09/2003;14/10/2003;
EROS RAMAZZOTTI;9;DDD/ARIOLA/BMG France;Albums;Or;01/06/2003;14/10/2003;4 mois
DJ BOBO;CHIHUAHUA;BMG/BMG France;Singles;Diamant;23/03/2003;14/10/2003;6 mois
PINK;MISSUNDAZTOOD;ARISTA INTERNATIONAL/BMG France;Albums;Double or;11/02/2002;14/10/2003;1 an 8 mois
AVRIL LAVIGNE;LET GO;ARISTA INTERNATIONAL/BMG France;Albums;Platine;09/12/2002;14/10/2003;10 mois
JONATHAN CERRADA;JE VOULAIS TE DIRE QUE JE T'ATTENDS;RCA/BMG France;Singles;Or;15/07/2003;14/10/2003;3 mois
JOHNNY HALLYDAY;LES 100 PLUS BELLES CHANSONS;MERCURY/UNIVERSAL MUSIC;Albums;Or;19/05/2003;08/10/2003;4 mois
BENNY BENASSI;SATISFACTION;ULM/UNIVERSAL MUSIC;Singles;Or;24/02/2003;23/09/2003;7 mois
MARYLIN MANSON;THE GOLDEN OF GROTESQUE;INTERSCOP/UNIVERSAL MUSIC;Albums;Or;12/05/2003;20/08/2003;3 mois
MAURANE;QUAND L'HUMAIN DANSE;POLYDOR/UNIVERSAL MUSIC;Albums;Or;22/04/2003;20/08/2003;4 mois
ALIZEE;MES COURANTS ELECTRIQUES;POLYDOR/UNIVERSAL MUSIC;Albums;Double or;17/03/2003;20/08/2003;5 mois
PATRICK SEBASTIEN;LE ROI DE LA FETE;POLYDOR/UNIVERSAL MUSIC;Albums;Double or;25/11/2002;20/08/2003;8 mois
MAXIME LE FORESTIER;PLUTOT GUITARE;POLYDOR/UNIVERSAL MUSIC;Albums;Double or;13/10/2002;20/08/2003;10 mois
STING;BRAND NEW DAY;POLYDOR/UNIVERSAL MUSIC;Albums;Double or;27/09/1999;20/08/2003;3 ans 11 mois
Jean Mattei;Terra Les Voix de l';RICORDU/MILAN PRESSE;Albums;Double or;06/04/2003;23/07/2003;3 mois
LORIE;PRES DE VOUS;SONY MUSIC VIDEO/SONY MUSIC;Vidéos;Or;25/04/2002;10/07/2003;1 an 2 mois
LORIE;A 20 ANS;EPIC/SONY MUSIC;Singles;Or;09/01/2003;08/07/2003;6 mois
LORIE;SUR UN AIR LATINO;EPIC/SONY MUSIC;Singles;Or;15/05/2003;08/07/2003;1 mois
PASCAL OBISPO;FAN;EPIC/SONY MUSIC;Singles;Or;29/05/2003;08/07/2003;1 mois
MADONNA;AMERICAN LIFE;MAVERICK/WARNER MUSIC France;Albums;Platine;21/04/2003;08/07/2003;2 mois
SHAKIRA;OBJECTION (TANGO);EPIC/SONY MUSIC;Singles;Or;28/11/2002;08/07/2003;7 mois
SNIPER;GRAVE DANS LA ROCHE;DESH MUSIQUE/WARNER MUSIC France;Singles;Or;02/06/2003;08/07/2003;1 mois
RED HOT CHILI PEPPERS;BY THE WAY;WARNER BROS/WARNER MUSIC France;Albums;Platine;21/07/2002;08/07/2003;11 mois
SUGAR DADDY;SWEET SOCA MUSIC;SONY MUSIC MEDIA/SONY MUSIC;Singles;Or;22/05/2003;08/07/2003;1 mois
ESKOBAR;THERE'S ONLY NOW;V 2 MUSIC/SONY MUSIC;Albums;Or;02/04/2003;08/07/2003;3 mois
CELINE DION;A NEW DAY HAS COME;COLUMBIA/SONY MUSIC;Albums;Triple Platine;21/03/2002;08/07/2003;1 an 3 mois
LORIE;J'AI BESOIN D'AMOU;EPIC/SONY MUSIC;Singles;Or;26/09/2002;08/07/2003;9 mois
LA TORDUE;CHAMP LIBRE;EPIC/SONY MUSIC;Albums;Or;14/11/2002;08/07/2003;7 mois
INDOCHINE;LIVE;SONY MUSIC VIDEO/SONY MUSIC;Vidéos;Or;04/04/2002;08/07/2003;1 an 3 mois
JENNIFER LOPEZ;LET'S GET LOUD;SONY MUSIC VIDEO/SONY MUSIC;Vidéos;Or;27/02/2003;08/07/2003;4 mois
LORIE;TENDREMENT VOTRE;SONY MUSIC VIDEO/SONY MUSIC;Vidéos;Or;01/05/2003;08/07/2003;2 mois
NUITS CELTIQUES - EDITION 2002;NUITS CELTIQUES - EDITION 2002;SONY MUSIC VIDEO/SONY MUSIC;Vidéos;Or;20/02/2003;08/07/2003;4 mois
TOTO;GREATEST HITS LIVE;SONY MUSIC VIDEO/SONY MUSIC;Vidéos;Or;28/11/2002;08/07/2003;7 mois
DON CHOA;VAPEURS TOXIQUES;SMALL/SONY MUSIC;Albums;Or;14/11/2002;08/07/2003;7 mois
JACQUES DUTRONC;MADAME L'EXISTENCE;COLUMBIA/SONY MUSIC;Albums;Or;15/05/2003;08/07/2003;1 mois
COMPILATION;NOW - Vol.4;ULM/UNIVERSAL MUSIC;Albums;Or;11/11/2002;03/06/2003;6 mois
COMPILATION;R & B 2002;ULM/UNIVERSAL MUSIC;Albums;Or;02/12/2002;03/06/2003;6 mois
COMPILATION;TEENS 2003;ULM/UNIVERSAL MUSIC;Albums;Or;30/12/2002;03/06/2003;5 mois
COMPILATION;NRJ MUSIC AWARDS 2003;ULM/UNIVERSAL MUSIC;Albums;Or;06/01/2003;03/06/2003;4 mois
COMPILATION;NU METAL;ULM/UNIVERSAL MUSIC;Albums;Or;25/04/2002;03/06/2003;1 an 1 mois
COMPILATION;LES PLUS GRANDES CHANSONS DU SIECLE - Vol. 2;ULM/UNIVERSAL MUSIC;Albums;Or;18/11/2002;03/06/2003;6 mois
COMPILATION;NOW - Vol.2;ULM/UNIVERSAL MUSIC;Albums;Double or;16/05/2002;03/06/2003;1 an
GOTAN PROJECT;LA REVANCHA DEL TANGO;YA BASTA/UNIVERSAL MUSIC/BARCLAY;Albums;Double or;22/10/2001;03/06/2003;1 an 7 mois
MARC LAVOINE;MARC LAVOINE;MERCURY/UNIVERSAL MUSIC;Albums;Double Platine;08/10/2001;27/05/2003;1 an 7 mois
JOHNNY HALLYDAY;SUCCES GARANTIS;UNIVERSAL MERCURY/CENTENARY France;Albums;Double or;16/03/2003;27/05/2003;2 mois
TERRA (Antoine L;CORSICA LES SECRETS D'UNE TERRE;RICORDU;Vidéos;Platine;09/06/2001;11/05/2003;1 an 11 mois
MADONNA;AMERICAN LIFE;MAVERICK/WEA/WARNER MUSIC France;Singles;Or;21/04/2003;05/05/2003;
SAYA;UNE FEMME AVEC UNE FEMME;WEA/WARNER MUSIC France;Singles;Or;24/02/2003;05/05/2003;2 mois
AALIYAH;I CARE 4 U;UP MUSIC/WARNER MUSIC France;Albums;Or;03/02/2003;05/05/2003;3 mois
HELENE SEGARA;HUMAINE;ORLANDO/EAST WEST France/WARNER MUSIC France;Albums;Or;09/03/2003;05/05/2003;1 mois
LINKIN PARK;METEORA;WEA/WARNER MUSIC France;Albums;Or;31/03/2003;05/05/2003;1 mois
LARA FABIAN;TU ES MON AUTRE;POLYDOR/UNIVERSAL MUSIC;Singles;Or;20/10/2002;08/04/2003;5 mois
MYLENE FARMER;BEST OF;POLYDOR/UNIVERSAL MUSIC;Albums;Diamant;26/11/2001;08/04/2003;1 an 4 mois
t.A.T.u;ALL THE THINGS SHE SAID;INTERSCOPE/UNIVERSAL MUSIC;Singles;Or;09/12/2002;08/04/2003;4 mois
TRUTH HURTS;ADDICTIVE;INTERSCOPE/UNIVERSAL MUSIC;Singles;Or;11/11/2002;08/04/2003;4 mois
ALIZEE;MES COURANTS ELECTRIQUES;POLYDOR/UNIVERSAL MUSIC;Albums;Or;17/03/2003;08/04/2003;
LARA FABIAN;LIVE + INTIME;POLYDOR/UNIVERSAL MUSIC;Vidéos;Or;11/11/2002;08/04/2003;4 mois
LARA FABIAN;LIVE;POLYDOR/UNIVERSAL MUSIC;Albums;Or;11/11/2002;08/04/2003;4 mois
LARA FABIAN;LIVE 2002;POLYDOR/UNIVERSAL MUSIC;Vidéos;Platine;11/11/2002;08/04/2003;4 mois
PATRICK SEBASTIEN;LE ROI DE LA FETE;POLYDOR/UNIVERSAL MUSIC;Albums;Or;25/11/2002;08/04/2003;4 mois
SOPHIE ELLIS BEXTOR;READ MY LIPS;POLYDOR/UNIVERSAL MUSIC;Albums;Or;16/05/2002;08/04/2003;10 mois
t.A.T.u;200 KM/H IN THE WRONG LANE;INTERSCOP/UNIVERSAL MUSIC;Albums;Or;06/01/2002;08/04/2003;1 an 3 mois
LE 6 9;L'ALBUM;U.L.M./UNIVERSAL MUSIC;Albums;Double or;27/10/2002;25/02/2003;4 mois
CUNNIE WILLIAMS;COME BACK TO ME;U.L.M./UNIVERSAL;Singles;Or;16/06/2002;25/02/2003;8 mois
CHRISTINA MILIAN;WHEN YOU LOOK AT ME;DEF SOUL U S/UNIVERSAL MUSIC;Singles;Or;08/09/2002;18/02/2003;5 mois
GERALD DE PALMAS;LIVE 2002;POLYDOR/UNIVERSAL MUSIC;Albums;Platine;11/11/2002;11/02/2003;3 mois
TERRA (Antoine L;CORSICA LES SECRETS D'UNE TERRE;RICORDU;Vidéos;Or;09/06/2001;05/02/2003;1 an 8 mois
VANESSA CARLTON;A THOUSAND MILES;POLYDOR/UNIVERSAL MUSIC;Singles;Or;19/08/2002;04/02/2003;5 mois
EMINEM;WITHOUT ME;INTERSCOP/UNIVERSAL;Singles;Or;19/08/2002;04/02/2003;5 mois
JOE;MY NAME IS JOE;JIVE/VIRGIN France;Albums;Or;24/04/2000;04/02/2003;2 ans 9 mois
KYO;LE CHEMIN;JIVE/VIRGIN France;Albums;Or;13/01/2003;04/02/2003;
PRISCILLA;CETTE VIE NOUVELLE;JIVE/VIRGIN France;Albums;Or;02/06/2002;04/02/2003;8 mois
R KELLY & JAY Z;BEST OF BOTH WORLDS;JIVE/VIRGIN France;Albums;Or;17/03/2002;04/02/2003;10 mois
B.S.;LIVE AND MORE;JIVE/VIRGIN France;Vidéos;Platine;10/12/2000;04/02/2003;2 ans 2 mois
BRITNEY SPEARS;LIVE FROM LAS VEGAS;JIVE/VIRGIN France;Vidéos;Platine;09/05/2002;04/02/2003;9 mois
BRITNEY SPEARS;THE VIDEOS;JIVE/VIRGIN France;Vidéos;Platine;16/12/2001;04/02/2003;1 an 1 mois
PRISCILLA;PRISCILLA;JIVE/VIRGIN France;Albums;Or;02/12/2002;04/02/2003;2 mois
R KELLY;T P 2. COM;JIVE/VIRGIN France;Albums;Double or;06/11/2000;04/02/2003;2 ans 3 mois
BRITNEY SPEARS;BRITNEY;JIVE/VIRGIN France;Albums;Platine;04/11/2001;04/02/2003;1 an 3 mois
JENNIFER LOPER;THIS IS ME;COLUMBIA/SONY MUSIC;Albums;Double or;21/11/2002;01/02/2003;2 mois
KANA;PLANTATION;PAMA RECORDS/BMG France;Singles;Or;02/12/2002;21/01/2003;1 mois
CESARIA EVORA;BEST OF;LUSAFRICA/BMG France;Albums;Double or;18/10/1998;21/01/2003;4 ans 3 mois
BOOBA;TEMPS MORT;45 SCIENTIFIC/BMG France;Albums;Or;21/01/2002;21/01/2003;1 an
PINK;MISSUNDAZTOOD;ARISTA INTERNATIONAL/BMG France;Albums;Or;11/12/2002;21/01/2003;1 mois
CESARIA EVORA;MISS PERFUMADO;LUSAFRICA/MELODIE DIST./BMG France;Albums;Double or;30/06/1992;21/01/2003;10 ans 8 mois
ALICIA KEYS;SONGS IN A MINOR;J RECORDS/BMG France;Albums;Platine;28/10/2002;21/01/2003;2 mois
T L C;NO SCRUBS;BMG France/ARISTA INTERNATIONAL;Singles;Or;20/04/1999;16/01/2003;3 ans 9 mois
SOULFLY;SOULFLY;ROADRUNNER/Musidisc + SONY + UNIVERSAL;Albums;Or;19/04/1998;14/01/2003;4 ans 9 mois
SLIPKNOT;DISASTERPIECES;ROADRUNNER/UNIVERSAL MUSIC;Vidéos;Or;25/11/2002;14/01/2003;1 mois
NICKELBACK;SILVER SIDE UP;ROADRUNNER/SONY MUSIC Puis UNIVERSAL;Albums;Or;10/09/2001;14/01/2003;1 an 4 mois
COMPILATION;Double FACE;BARCLAY/UNIVERSAL MUSIC;Vidéos;Or;18/02/2002;07/01/2003;10 mois
QUEEN;GREATEST HITS FLIX 1;CAPITOL/EMI MUSIC France;Vidéos;Or;03/05/1992;18/12/2002;10 ans 9 mois
PINK FLOYD;P.U.L.S.E.;CAPITOL/EMI MUSIC France;Vidéos;Platine;06/06/1995;18/12/2002;7 ans 7 mois
QUEEN;BOX OF FLIX;CAPITOL/EMI MUSIC France;Vidéos;Platine;05/04/1992;18/12/2002;10 ans 10 mois
MADONNA;DIE ANOTHER DAY;MAVERICK/WARNER MUSIC France;Singles;Or;28/10/2002;18/12/2002;1 mois
OPHELIE WINTER;SACHE;WEA/WARNER MUSIC France;Singles;Or;21/10/2002;18/12/2002;1 mois
COMPILATION;TI AMO ITALIA;WARNER STRATEGIC MARKETING/WARNER MUSIC France;Albums;Or;12/05/2002;18/12/2002;7 mois
NORAH JONES;COME A WAY WITH ME;BLUE NOTE U.S.A./EMI MUSIC France;Albums;Platine;07/03/2002;18/12/2002;9 mois
RONAN KEATING;DESTINATION;AZ/UNIVERSAL MUSIC;Albums;Or;22/09/2002;18/12/2002;2 mois
JENNIFER LOPEZ;THIS IS ME ?. THEN;EPIC/SONY MUSIC;Albums;Or;21/11/2002;17/12/2002;
LAS KETCHUP;HIJAS DEL TOMATE;COLUMBIA/SONY MUSIC;Albums;Or;19/09/2002;17/12/2002;2 mois
COMPILATION;COFFRET KARAOKE 10 DVD;SONY MUSIC VIDEO/SONY MUSIC;Vidéos;Or;17/10/2002;17/12/2002;2 mois
GAROU;LIVE A BERCY;SONY MUSIC VIDEO/SONY MUSIC;Vidéos;Or;15/08/2002;17/12/2002;4 mois
KORN;DEUCE;SONY MUSIC VIDEO/SONY MUSIC;Vidéos;Or;25/07/2002;17/12/2002;4 mois
TRYO ET LES ARROSES;REGGAE A COUPS D'CIRQUE;SONY MUSIC VIDEO/SONY MUSIC;Vidéos;Or;12/09/2002;17/12/2002;3 mois
LIBERTY X;JUST A LITTLE;V 2 MUSIC/SONY MUSIC;Singles;Or;07/11/2002;17/12/2002;1 mois
PASCAL OBISPO;MILLESIME LIVE 00/01;SONY MUSIC VIDEO/SONY MUSIC;Vidéos;Double Platine;08/11/2002;17/12/2002;1 mois
NATASHA ST PIER;NOS RENDEZ-VOUS;COLUMBIA/SONY MUSIC;Singles;Or;26/09/2002;17/12/2002;2 mois
JAMIROQUAI;LIVE IN VERONA;SONY MUSIC VIDEO/SONY MUSIC;Vidéos;Platine;07/11/2002;17/12/2002;1 mois
BILLY CRAWFORD;RIDE;V 2 MUSIC/SONY MUSIC;Albums;Platine;11/04/2002;17/12/2002;8 mois
BRUCE SPRINGSTEEN;THE RISING;COLUMBIA/SONY MUSIC;Albums;Or;25/07/2002;17/12/2002;4 mois
COMPILATION;PLANETARTHUR;SONY MUSIC MEDIA/SONY MUSIC;Albums;Double or;17/10/2002;17/12/2002;2 mois
COMPILATION;HITS 2002;SONY MUSIC MEDIA/SONY MUSIC;Albums;Double or;30/10/2002;17/12/2002;1 mois
ISABELLE BOULAY;AU MOMENT D'ETRE AVEC VOUS;V 2 MUSIC/SONY MUSIC;Albums;Platine;12/09/2002;12/12/2002;3 mois
LIANE FOLY;AU FUR ET A MESURE;Emi Virgin Music Publishing FR/VIRGIN France;Albums;Or;03/11/2002;11/12/2002;1 mois
MANU CHAO;RADIO BEMBA SOUND SYSTEM;Emi Publishing/Patchanka S.A./VIRGIN FRA CE;Albums;Or;08/09/2002;11/12/2002;3 mois
MULTI INTERPRETES;EMILE JOLIE - UN CONTE MUSICAL DE PHILIPPE CHATEL;RCA/BMG France;Albums;Double Platine;04/10/1979;11/12/2002;23 ans 6 mois
SANTANA;SHAMAN;ARISTA INTERNATIONAL/BMG France;Albums;Or;21/10/2002;11/12/2002;1 mois
KARINE COSTA;I SAY A LITTLE PRAYER;WARNER STRATEGIC MARKETING/WARNER MUSIC France;Singles;Or;29/07/2002;26/11/2002;4 mois
MULTI INTERPRETES;TI AMO ITALIA;WARNER STRATEGIC MARKETING/WARNER MUSIC France;Albums;Double or;08/04/2002;26/11/2002;7 mois
MC SOLAAR;INCH' ALLAH;SENTINEL OUEST/WARNER MUSIC France;Singles;Or;05/08/2002;26/11/2002;3 mois
COMPILATION;GUITAR OF THE MILLENIUM;EMI MUSIC France;Albums;Or;18/08/2002;26/11/2002;3 mois
KYLIE MINOGUE;FEVER;PARLOPHONE/EMI MUSIC France;Albums;Platine;03/10/2001;26/11/2002;1 an 1 mois
MULTI INTERPRETES;TI AMO ITALIA VOL. 2;WARNER STRATEGIC MARKETING/WARNER MUSIC France;Albums;Or;01/07/2002;26/11/2002;4 mois
MULTI INTERPRETES;OPERATION RAI;WARNER STRATEGIC MARKETING/WARNER MUSIC France;Albums;Or;22/07/2002;26/11/2002;4 mois
COMPILATION;NOW 3;EMI MUSIC France;Albums;Double or;11/08/2002;26/11/2002;3 mois
B.O.F.;LE SEIGNEUR DES ANNEAUX;WARNER BROS/WARNER MUSIC France;Albums;Or;19/11/2001;26/11/2002;1 an
LINDA LEMAY;LES LETTRES ROUGES;WEA Canada/WARNER MUSIC France;Albums;Platine;15/04/2002;26/11/2002;7 mois
ARCHIVE;YOU ALL LOOK THE SAME;HANGMAN RECORDS/WARNER MUSIC France;Albums;Or;11/03/2002;26/11/2002;8 mois
CRAIG DAVID;SLICKER THAN YOUR AVERAGE;TELSTAR/WARNER MUSIC France;Albums;Or;11/11/2002;26/11/2002;
B.O.F.;8 FEMMES;WEA/WARNER MUSIC France;Albums;Or;07/01/2002;26/11/2002;10 mois
LE 6-9;RN 6-9;U.L.M./UNIVERSAL MUSIC/ULM;Albums;Or;27/10/2002;19/11/2002;
JOHNNY HALLYDAY;A LA VIE A LA MORT !;MERCURY/UNIVERSAL MUSIC;Albums;Double Platine;03/11/2002;19/11/2002;
JOHNNY HALLYDAY;MARIE;MERCURY/UNIVERSAL MUSIC/MERCURY;Singles;Or;20/10/2002;19/11/2002;1 mois
COMPILATION;Double FACE 4;BARCLAY/UNIVERSAL MUSIC / BARCLAY;Albums;Or;11/03/2002;19/11/2002;8 mois
MULTI INTERPRETES;EMILIE JOLIE - UN CONTE MUSICAL;U.L.M./UNIVERSAL MUSIC / ULM;Albums;Platine;03/11/1997;19/11/2002;5 ans 1 mois
JAMIROQUAI;LIVE IN VERONA;SONY MUSIC VIDEO/SONY MUSIC;Vidéos;Or;07/11/2002;17/11/2002;
JENNIFER LOPEZ;J TO THA LO;EPIC/SONY MUSIC;Albums;Or;28/03/2002;05/11/2002;7 mois
SHAKIRA;LAUNDRY SERVICE;EPIC/SONY MUSIC;Albums;Platine;07/03/2002;05/11/2002;8 mois
LAURYN HILL;M T V UNPLUGGED;SMALL/SONY MUSIC;Albums;Or;02/05/2002;05/11/2002;6 mois
INDOCHINE;J'AI DEMANDE A LA LUNE;COLUMBIA/SONY MUSIC;Singles;Diamant;04/04/2002;05/11/2002;7 mois
LORIE;TENDREMENT;EPIC/SONY MUSIC;Albums;Or;12/09/2002;05/11/2002;1 mois
ANASTACIA;FREAK OF NATURE;EPIC/SONY MUSIC;Albums;Double or;22/11/2001;05/11/2002;11 mois
CELINE DION;A NEW DAY HAS COME;COLUMBIA/SONY MUSIC;Albums;Double Platine;21/03/2002;05/11/2002;7 mois
INDOCHINE;PARADIZE;COLUMBIA/SONY MUSIC;Albums;Double Platine;07/03/2002;05/11/2002;8 mois
LE 6-9;LE SFUR;U.L.M./UNIVERSAL MUSIC/ULM;Singles;Or;15/09/2002;15/10/2002;1 mois
CUNNIE WILLIAMS;NIGHT TIME IN PARIS;U.L.M./UNIVERSAL MUSIC/ULM;Albums;Or;16/06/2002;15/10/2002;4 mois
ELVIS PRESLEY;30 N;RCA INTERNATIONAL/BMG France;Albums;Or;22/09/2002;15/10/2002;
JOE COCKER;RESPECT UOURSELF;CAPITOL EMI/EMI MUSIC France;Albums;Or;15/05/2002;01/10/2002;4 mois
NORAH JONES;COME AWAY WITH ME;CAPITOL MUSIC/EMI MUSIC France;Albums;Double or;07/03/2002;01/10/2002;6 mois
MARIA CALLAS;LA LEGENDE;CAPITOL MUSIC/EMI MUSIC France;Albums;Double or;11/10/2000;01/10/2002;2 ans
COLDPLAY;A RUSH OF BLOOD TO THE HEAD;CAPITOL EMI/EMI MUSIC France;Albums;Or;25/08/2002;01/10/2002;1 mois
I MUVRINI;UMANI;CAPITOL EMI/EMI MUSIC France;Albums;Or;18/08/2002;01/10/2002;1 mois
RENAUD;BOUCAN D'ENFER;CECI CELA EDITIONS/VIRGIN FRANE;Albums;Triple Platine;26/05/2002;17/09/2002;3 mois
BRITNEY SPEARS;OVERPROTECTED;ZOMBA MUSIC PUBLISHERS/VIRGIN France;Singles;Or;06/01/2002;17/09/2002;8 mois
EVE;GOT WHAT YOU NEED;RUFF RYDERS/INTERSCOPE REC./UNIVERSAL MUSIC/POLYDOR;Singles;Or;15/04/2002;17/09/2002;5 mois
LARA FABIAN;IMMORTELLE;PRODUCTIONS CLANDESTINES/UNIVERSAL MUSIC/POLYDOR;Singles;Or;14/01/2002;17/09/2002;8 mois
MYLENE FARMER;C'EST UNE BELLE JOURNEE;STUFFED MONKEY/POLYDOR/UNIVERSAL MUSIC/POLYDOR;Singles;Or;15/04/2002;17/09/2002;5 mois
RENAUD / AXELLE RED;MANHATTAN -KABOUL;CECI-CELA France/VIRGIN France;Singles;Or;21/07/2002;17/09/2002;1 mois
ROHFF;5 9 1;DELABEL EDTIONS/VIRGIN France;Singles;Or;16/07/2002;17/09/2002;2 mois
SAYA & PASSI;TOURNER DES PAGES;DELABEL EDTIONS/VIRGIN France;Singles;Or;27/01/2002;17/09/2002;7 mois
SCOTTIE;1 M 73 62 KILOS;M6 INTERACTIONS/VIRGIN France;Singles;Or;24/02/2002;17/09/2002;6 mois
UB 40 / NUTTEA;COVER UP FEAT NUTTEA;DELABEL EDTIONS/VIRGIN France;Singles;Or;16/06/2002;17/09/2002;3 mois
MAD HOUSE;ABSOLUTELY MAD;U.L.M./UNIVERSAL MUSIC/ULM;Albums;Or;23/06/2002;10/09/2002;2 mois
JAMEL DEBBOUZE & SNOOP DOGG;MISSION CLEOPATRA;BARCLAY/UNIVERSAL MUSIC/BARCLAY;Singles;Or;15/04/2002;10/09/2002;4 mois
LE 6-9;FAUT PASSER TON BAC;U.L.M./UNIVERSAL MUSIC/ULM;Singles;Or;10/06/2002;10/09/2002;3 mois
MAD HOUSE;LIKE A PRAYER;U.L.M./UNIVERSAL MUSIC/ULM;Singles;Or;25/02/2002;10/09/2002;6 mois
MAD HOUSE;HOLIDAY;U.L.M./UNIVERSAL MUSIC/ULM;Singles;Or;10/06/2002;10/09/2002;3 mois
COMPILATION;NOW - VOL. 2;U.L.M./UNIVERSAL MUSIC/ULM;Albums;Or;16/05/2002;10/09/2002;3 mois
COMPILATION;A L'ANCIENNE - VOL. 2;U.L.M./UNIVERSAL MUSIC/ULM;Albums;Or;03/06/2002;10/09/2002;3 mois
JEAN PASCAL;QUI ES-TU ?;NEW PROD/UNE MUSIQUE/ISLAND/UNIVERSAL MUSIC/MERCURY;Albums;Or;25/08/2002;27/08/2002;
JENIFER;JENIFER;NEW PROD/UNE MUSIQUE/ISLAND/UNIVERSAL MUSIC/MERCURY;Albums;Or;24/03/2002;27/08/2002;5 mois
PATRICK BRUEL;ENTRE DEUX;14 PRODUCTIONS/BMG France;Albums;Triple Platine;03/06/2002;27/08/2002;2 mois
JEAN PASCAL;L'AGITATEUR;NEW PROD/UNE MUSIQUE/ISLAND/UNIVERSAL MUSIC/MERCURY;Singles;Or;23/07/2002;27/08/2002;1 mois
MARIAH CAREY;1'S;SONY MUSIC VIDEO/SONY MUSIC;Vidéos;Platine;17/02/2000;10/07/2002;2 ans 5 mois
COMPILATION;SPIRIT OF IRELAND;SONY MUSIC MEDIA/SONY MUSIC;Albums;Or;12/01/1999;10/07/2002;3 ans 6 mois
COMPILATION;HITS France 2002;SONY MUSIC MEDIA/SONY MUSIC;Albums;Or;21/03/2002;10/07/2002;3 mois
COMPILATION;UN MAXX DE TUBES;SONY MUSIC MEDIA/SONY MUSIC;Albums;Or;16/05/2002;10/07/2002;1 mois
FATBOY SLIM;YOU'VE COME A LONG WAY BABY;SMALL/SONY MUSIC;Albums;Platine;15/10/1998;10/07/2002;3 ans 9 mois
INDOCHINE;PARADIZE;COLUMBIA/SONY MUSIC;Albums;Platine;07/03/2002;10/07/2002;4 mois
JAMIROQUAI;THE RETURN OF THE SPACE COWBOY;SMALL/SONY MUSIC;Albums;Platine;09/10/1994;10/07/2002;7 ans 10 mois
FONKY FAMILY;HORS-SERIE VOL.2;SMALL/SONY MUSIC;Albums;Or;13/12/2001;10/07/2002;6 mois
JULIEN CLERC;JULIEN DEMENAGE;SI ON CHANTAIT/FREE DEMO/VIRGIN France;Albums;Or;28/03/2002;09/07/2002;3 mois
SMASHING PUMKINS;MELLON COLLIE AND INFINITE SADNESS;CINDERFUL Music/MCA Music/DELABEL;Albums;Platine;25/04/1996;09/07/2002;6 ans 3 mois
MOBY;18;WARNER TAMERLANE BMG/LITTLE IDIOT MUSIC/VIRGIN France;Albums;Or;09/05/2002;09/07/2002;2 mois
PLACEBO;PLACEBO;COPYRIGHT CONTROL/DELABEL;Albums;Or;27/06/1996;09/07/2002;6 ans 1 mois
PREMIERE CLASSE;PREMIERE CLASSE;DELABEL EDITIONS/SECTEUR A/DELABEL;Albums;Or;14/01/2001;09/07/2002;1 an 6 mois
RENAUD;BOUCAN D'ENFER;CECI CELA France/VIRGIN France;Albums;Or;26/05/2002;09/07/2002;1 mois
RENAUD;PARIS PROVINCES;MINO MUSIC /CECI CELA France/VIRGIN France;Albums;Or;25/11/1996;09/07/2002;5 ans 8 mois
ROLLING STONES;FLASPOINT;WESTMINSTER MUSIC LTD/VIRGIN France;Albums;Or;16/04/1998;09/07/2002;4 ans 3 mois
YANN TIERSEN;LE FABULEUX DESTIN D'AMELIE POULAIN;BMG PUB./ICI D'AILLEURS/VIRGIN France;Albums;Double Platine;22/04/2001;09/07/2002;1 an 2 mois
ALAIN SOUCHON;COLLECTION;VIRGIN France/EDITIONS ALAIN SOUCHON;Albums;Platine;11/11/2001;09/07/2002;8 mois
BEN HARPER;BURN TO SHINE;Emi Virgin Music/Innocent Criminal/VIRGIN France;Albums;Platine;19/09/1999;09/07/2002;2 ans 10 mois
HENRI SALVADOR;CHAMBRE AVEC VUE;Di;Albums;Diamant;09/12/2001;09/07/2002;7 mois
ROHFF;QUI EST L'EXEMPLE;DELABEL EDTIONS/DELABEL;Singles;Platine;27/01/2002;09/07/2002;5 mois
M;JE DIS AIME;UNIVERSAL MUSIC PUBLISHING/DELABEL;Albums;Platine;24/10/1999;09/07/2002;2 ans 8 mois
NUTTEA;UN SIGNE DU TEMPS;DELABEL EDTIONS/DELABEL;Albums;Platine;27/08/2000;09/07/2002;1 an 10 mois
BLUE;ALL RISE;EMI MUSIC PUB/SONY ATV/VIRGIN France;Singles;Or;03/02/2002;09/07/2002;5 mois
DAVID GUETTA;LOVE DON'T LET ME GO;SQUARE RIVOLI PUBLISHING/VIRGIN France;Singles;Or;28/03/2002;09/07/2002;3 mois
ETIENNE DAHO ET DANI;COMME UN BOOMERANG;MELODY NELSON PUBLISHING/VIRGIN France;Singles;Or;25/11/2001;09/07/2002;7 mois
MANO NEGRA;BEST OF;Editions Patchanka/Virgin Music/VIRGIN France;Albums;Double or;04/10/1998;09/07/2002;3 ans 9 mois
RENAUD;VISAGE PALE RENCONTRE PUBLIC;Editions Mino Music/Ceci Cela France/VIRGIN France;Albums;Double or;20/07/1989;09/07/2002;13 ans 1 mois
NUTTEA;UNITE;DELABEL EDTIONS/VIRGIN France;Singles;Or;18/11/2001;09/07/2002;7 mois
COMPILATION;NOW;VIRGIN + DIVERS/VIRGIN France;Albums;Or;24/02/2002;09/07/2002;4 mois
ALANIS MORISSETTE;UNDER RUG SWEPT;WEA/WARNER MUSIC France;Albums;Or;25/02/2002;21/05/2002;2 mois
LAURA PAUSINI;BEST OF - E RITORNO;EAST WEST France/WARNER MUSIC France;Albums;Platine;15/10/2001;21/05/2002;7 mois
MADONNA;GREATEST HITS - VOL 2;WEA/WARNER MUSIC France;Albums;Platine;12/11/2001;21/05/2002;6 mois
NATASHA ST PIER;DE L'AMOUR LE MIEUX;COLUMBIA/SONY MUSIC;Albums;Or;28/03/2002;16/04/2002;
SHAKIRA;LAUNDRY SERVICE;EPIC/SONY MUSIC;Albums;Or;07/03/2002;16/04/2002;1 mois
SUPERTRAMP;SLOW MOTION;RICK DAVIS PRODUCTION/EMI MUSIC France;Albums;Or;24/03/2002;16/04/2002;
YANNICK NOAH;YANNICK NOAH;COLUMBIA/SONY MUSIC;Albums;Diamant;07/09/2000;16/04/2002;1 an 7 mois
ANASTACIA;PAID MY DUES;EPIC/SONY MUSIC;Singles;Or;31/01/2002;16/04/2002;2 mois
LAAM & FRANK SHERBOURNE;CINDY - UN MONDE A NOUS;ENZO PRODUCTS/SONY MUSIC;Singles;Or;24/01/2002;16/04/2002;2 mois
LORIE;TOUTE SEULE;EPIC/SONY MUSIC;Singles;Or;14/03/2002;16/04/2002;1 mois
NATHASHA ST PIER;TU TROUVERAS;COLUMBIA/SONY MUSIC;Singles;Or;21/03/2002;16/04/2002;
SHAKIRA;WHENEVER WHEREVER;EPIC/SONY MUSIC;Singles;Or;21/03/2002;16/04/2002;
LORIE;PRES DE MOI;EPIC/SONY MUSIC;Singles;Or;26/04/2001;16/04/2002;11 mois
PASCAL OBISPO;MILLESIME;EPIC/SONY MUSIC;Singles;Or;03/01/2002;16/04/2002;3 mois
113;113 FOUT LA MERDE;SMALL/SONY MUSIC;Albums;Or;07/03/2002;16/04/2002;1 mois
LUZ CASAL;BEST OF;EPIC/SONY MUSIC;Albums;Platine;17/10/1999;16/04/2002;2 ans 6 mois
CELINE DION;A NEW DAY HAS COME;COLUMBIA/SONY MUSIC;Albums;Or;21/03/2002;16/04/2002;
CINDY/CENDRILLON 2002;CINDY/CENDRILLON 2002;ENZO PRODUCTS/SONY MUSIC;Albums;Or;21/02/2002;16/04/2002;1 mois
COMPILATION;NRJ MUSIC AWARDS 2002;SONY MUSIC MEDIA/SONY MUSIC;Albums;Platine;03/01/2002;16/04/2002;3 mois
COMPILATION;HITS 2001;SONY MUSIC MEDIA/SONY MUSIC;Albums;Or;01/11/2001;16/04/2002;5 mois
COMPILATION;PLANETE RAP;SONY MUSIC MEDIA/SONY MUSIC;Albums;Or;31/01/2002;16/04/2002;2 mois
BILLY CRAWFORD;TRACKIN';V 2/SONY MUSIC;Singles;Platine;04/10/2001;16/04/2002;6 mois
GERI HALLIWELL;SCREAM IF YOU WANNA GO FASTER;EMI RECORDS/EMI MUSIC France;Albums;Or;16/05/2001;16/04/2002;11 mois
GILBERT BECAUD;GILBERT BECAUD;EMI MUSIC France;Albums;Or;14/03/2002;16/04/2002;1 mois
INDOCHINE;PARADIZE;COLUMBIA/SONY MUSIC;Albums;Or;07/03/2002;16/04/2002;1 mois
SLIPKNOT;LOWA;ROADRUNNER/SONY MUSIC;Albums;Or;23/08/2001;16/04/2002;7 mois
LAURENT VOULZY;AVRIL;PRODUCTIONS LAURENT VOULZY/BMG France;Albums;Platine;02/12/2001;09/04/2002;4 mois
EROS RAMAZZOTTI;STILE LIBERO;ARIOLA/BMG France;Albums;Double or;05/11/2000;09/04/2002;1 an 5 mois
COMPILATION;RAGGA CONNECTION;SONY MUSIC MEDIA/SONY MUSIC;Albums;Or;06/12/2001;12/02/2002;2 mois
LEONARD COHEN;GREATEST HITS;SONY MUSIC MEDIA/SONY MUSIC;Albums;Platine;11/12/1987;12/02/2002;14 ans 4 mois
COMPILATION;CES SOIREES LA;SONY MUSIC MEDIA/SONY MUSIC;Albums;Or;29/11/2001;12/02/2002;2 mois
GREGORIAN;LES MAITRES DU CHANT;EDEL/SONY MUSIC;Albums;Or;05/11/2001;12/02/2002;3 mois
ROBBIE WILLIAMS;SWING WHEN YOU'RE WINNING;CHRYSALIS/EMI MUSIC France;Albums;Or;21/11/2001;29/01/2002;2 mois
DISIZ LA PESTE;LE POISSON ROUGE;BARCLAY/UNIVERSAL MUSIC/BARCLAY;Albums;Double or;30/10/2000;29/01/2002;1 an 3 mois
GORILLAZ;GORILLAZ;PARLOPHONE/EMI MUSIC France;Albums;Platine;26/03/2001;29/01/2002;10 mois
ROCH VOISINE;;R.V. INTERNATIONAL/BMG France;Albums;Or;12/11/2001;22/01/2002;2 mois
ALICIA KEYS;SONGS IN A MINOR;J RECORDS/BMG France;Albums;Or;15/10/2001;22/01/2002;3 mois
FREDERIC FRANCOIS;UN SLOW POUR S'AIMER;MBM RECORDS/CAPITALE MUSIC/BMG France;Albums;Or;19/11/2001;22/01/2002;2 mois
PATRICK BRUEL;PATRICKBRUELIVE/RIEN NE S'EFFACE;14 PRODUCTIONS/BMG France;Albums;Platine;14/05/2001;22/01/2002;8 mois
SANTANA;MARIA MARIA;BMG France/ARISTA INTERNATIONAL;Singles;Or;02/07/2000;16/01/2002;1 an 6 mois
COMPILATION;HITS AWARDS 2001;ULM/UNIVERSAL MUSIC/ULM;Albums;Or;15/11/2001;15/01/2002;2 mois
COMPILATION;TOTAL R & B;ULM/UNIVERSAL MUSIC/ULM;Albums;Or;26/12/2001;15/01/2002;
GALLEON;So I begin;/EPIC/SONY;Singles;Or;21/06/2001;30/12/2001;6 mois
MARIAH CAREY;GLITTER;/FOX FILMS MUSIC/BMI/SONY ATV VIRGIN France;Albums;Or;09/09/2001;18/12/2001;3 mois
MULTI INTERPRETES;ROMEO & JULIETTE LIVE;/BAXTER;Albums;Or;08/11/2001;18/12/2001;1 mois
MULTI INTERPRETES;LIVE LES DIX COMMANDEMENTS;;Albums;Or;01/10/2001;18/12/2001;2 mois
ALAIN SOUCHON;AU RAS DES PAQUERETTES;/EDITIONS ALAIN SOUCHON VIRGIN France;Albums;Diamant;14/11/1999;18/12/2001;2 ans 1 mois
RITA MITSOUKO;BESTOV;/EMI PUBLISHING;Albums;Or;04/11/2001;18/12/2001;1 mois
MULTI INTERPRETES;LES DIX COMMANDEMENTS;;Albums;Diamant;26/06/2000;18/12/2001;1 an 6 mois
STEPHEN EICHER;HOTEL S;/ELECTRIC UNICORN MUSIC VIRGIN Fra;Albums;Or;16/09/2001;18/12/2001;3 mois
YANN TIERSEN;L'ABSENTE;/BMG PUBLISHING/ICI D'AILLEURS VIRGIN France;Albums;Or;08/04/2001;18/12/2001;8 mois
KYLIE MINOGUE;CAN'T GET YOU OUT OF MY HEAD;/PARLOPHONE;Singles;Platine;24/10/2001;18/12/2001;1 mois
L5 (POPSTARS);TOUTES LES FEMMES DE TA VIE;UNIVERSAL MUSIC/MERCURY/M6 INTERACTIONS/MERCURY;Singles;Diamant;25/11/2001;18/12/2001;
STAR ACADEMY;LA MUSIQUE;UNIVERSAL MUSIC/MERCURY/TF1/ISLAND;Singles;Diamant;03/12/2001;18/12/2001;
CYLIA;UN MONDE A REFAIRE;UNIVERSAL MUSIC/MERCURY/M6 INTERACTIONS/MERCURY;Singles;Or;08/10/2001;18/12/2001;2 mois
ALAIN SOUCHON;COLLECTION;/EDITIONS ALAIN SOUCHON VIRGIN F;Albums;Double or;11/11/2001;18/12/2001;1 mois
VERONIQUE SANSON;MOMENTS IMPORTANTS;/W E A;Albums;Or;29/10/2001;17/12/2001;1 mois
AC / DC;STIFF UPPER LIP LIVE;/WARNER VISION WARNER V;Vidéos;Platine;15/11/2001;17/12/2001;1 mois
ERIC CLAPTON;UNPLUGED;/WARNER VISION WARNER V;Vidéos;Platine;30/08/1992;17/12/2001;9 ans 5 mois
Marianne James / Ariane Cadier;L'ULTIMA RECITAL;/WARNER VISION WARNER V;Vidéos;Platine;09/03/1998;17/12/2001;3 ans 9 mois
METALLICA;WITH THE SAN FRANCISCO SYMPHONY ORCHESTRA;/WARNER VISION WARNER V;Vidéos;Platine;24/01/2000;17/12/2001;1 an 11 mois
BRITENEY SPEARS;I'M A SLAVE 4 U;VIRGIN France/EMI PIBLISHING/JIVE RECORDS;Singles;Or;22/10/2001;17/12/2001;1 mois
THE CORRS;LIVE AT ROYAL ALBERT HALL;/WARNER VISION WARNER V;Vidéos;Platine;26/08/1998;17/12/2001;3 ans 4 mois
AC / DC;NO BULL - LIVE IN MADRID;/WARNER VISION WARNER V;Vidéos;Double Platine;14/11/1996;17/12/2001;5 ans 1 mois
ELIE SEIMOUN;ELIE & SEIMOUN AU PALAIS DES GLACES;/WARNER VISION WARNER V;Vidéos;Double Platine;12/09/1999;17/12/2001;2 ans 3 mois
MADONNA;DROWNED TOUR 2001;/WARNER VISION WARNER V;Vidéos;Double Platine;14/11/2001;17/12/2001;1 mois
MICHELE BERNIER;LE DEMON DE MIDI;/WARNER VISION WARNER V;Vidéos;Double Platine;13/11/2000;17/12/2001;1 an 1 mois
SANTANA;SUPERNATURAL LIVE;/WARNER VISION / AVIVA WARNER VISION;Vidéos;Double Platine;10/07/2000;17/12/2001;1 an 5 mois
DESTINY'S CHILD;SURVIVOR;/COLUMBIA;Albums;Double or;26/04/2001;17/12/2001;7 mois
ELIE KAKOU;A L'OLYMPIA DEJA !;/WARNER VISION WARNER;Vidéos;Diamant;06/11/1994;17/12/2001;7 ans 2 mois
JENNIFER LOPEZ;J.L.O;/EPIC;Albums;Double or;18/01/2001;17/12/2001;11 mois
KERY JAMES;SI C'ETAIT A REFAIRE;/W E A;Albums;Or;22/10/2001;17/12/2001;1 mois
PRISCILLA;QUAND JE SERAI JEUNE;VIRGIN France/MISTRAL PRODUCTIONS/JIVE REC.;Singles;Or;24/09/2001;17/12/2001;2 mois
MADONNA;GREATEST HITS 2;/W E A;Albums;Double or;12/11/2001;17/12/2001;1 mois
NEW ORDER;GET READY;/W E A;Albums;Or;16/09/2001;17/12/2001;3 mois
BEBE CHARLI;K.K.O.Q.Q.;/EPIC;Singles;Or;19/04/2001;17/12/2001;8 mois
BILLY CRAWFORD;TRACKIN';/V2 RECORDS;Singles;Or;04/10/2001;17/12/2001;2 mois
PASCAL OBISPO;MILLESIME;/EPIC;Albums;Double or;08/11/2001;17/12/2001;1 mois
LORIE;JE SERAI;/EPIC;Singles;Or;15/11/2001;17/12/2001;1 mois
GAROU;SEUL ? AVEC VOUS (LIVE);/COLUMBIA;Albums;Platine;01/11/2001;17/12/2001;1 mois
GIPSY KINGS;GREATEST HITS;/SONY MUSIC MEDIA SONY MUSIC;Albums;Platine;19/06/1994;17/12/2001;7 ans 7 mois
LORIE;PRES DE TOI;/EPIC;Albums;Platine;25/10/2001;17/12/2001;1 mois
COMPILATION;PLUS DE TUBES 2001;/WARNER STRATEGIC MARKETING WARNER MUSIC France;Albums;Or;05/11/2001;17/12/2001;1 mois
COMPILATION;R & B MILLENIUM;/WARNER STRATEGIC MARKETING WARNER MUSIC France;Albums;Or;19/11/2001;17/12/2001;
JEAN JACQUES GOLDMAN;CHANSONS POUR LES PIEDS;/COLUMBIA;Albums;Double Platine;15/11/2001;17/12/2001;1 mois
A T C;AROUND THE WORLD;BMG France/KING SIZE;Singles;Or;03/09/2000;04/12/2001;1 an 3 mois
LES ENFOIRES;2001 : L'ODYSSEE DES ENFOIRES;/LES RESTAURANTS DU C?UR BMG France;Vidéos;Platine;29/10/2000;04/12/2001;1 an 1 mois
LOU BEGA;MAMBO MAMBO;BMG France/VOGUE;Singles;Or;04/06/2000;04/12/2001;1 an 6 mois
LAURENT VOULZY;AVRIL;/PRODUCTIONS LAURENT VOULZY BMG France;Albums;Double or;02/12/2001;04/12/2001;
PATRICK BRUEL;RIEN NE S'EFFACE / LIVE;/14 PRODUCTIONS BMG Fran;Albums;Double or;14/05/2001;04/12/2001;6 mois
LISA EKDAHL;SINGS SALVADORE POE;/R C A VICTOR;Albums;Or;05/11/2000;04/12/2001;1 an 1 mois
TARKAN;TARKAN;/U.L.M.;Albums;Or;03/08/1998;27/11/2001;3 ans 4 mois
BOURVIL;C'ETAIT BIEN;/EMI MUSIC France;Albums;Or;20/09/2000;27/11/2001;1 an 2 mois
LES ENFOIRES;LA COMPIL' - VOLUME 2;/EMI MUSIC France EMI M;Albums;Platine;30/10/2001;27/11/2001;
COMPILATION;TECKNO.COM 8;/U.L.M.;Albums;Or;13/08/2001;27/11/2001;3 mois
DIVERS;CUT KILLER & D.J. ABDEL pr;/U.L.M.;Albums;Or;08/10/2001;27/11/2001;1 mois
DIVERS;DL ABDEL PRESENTE A L'ANCIENNE;/U.L.M.;Albums;Or;01/05/2001;27/11/2001;7 mois
MANAU;TOUT LE MONDE A BESOIN;UNIVERSAL/POLYDOR/POLYDOR;Singles;Or;30/10/2001;20/11/2001;
HOTEL COSTES;ETAGE 3;/PSCHENT;Albums;Or;12/10/2000;20/11/2001;1 an 1 mois
MARY J BLIGE;NO MORE DRAMA;/M C A;Albums;Or;27/08/2001;13/11/2001;2 mois
LADY LAISTEE;ET SI ?;UNIVERSAL MUSIC/BARCLAY/BARCLAY;Singles;Or;10/01/2000;13/11/2001;1 an 10 mois
SHAGGY;ANGEL;UNIVERSAL MUSIC/BARCLAY/M C A;Singles;Or;25/06/2001;13/11/2001;4 mois
SISQO;THONG SONG;UNIVERSAL MUSIC/BARCLAY/DEF JAM / DEF SOUL;Singles;Or;29/05/2000;13/11/2001;1 an 5 mois
SONIQUE;IT FEELS SO GOOD;UNIVERSAL MUSIC/BARCLAY/SERIOUS RECORDS;Singles;Or;15/12/2000;13/11/2001;11 mois
MARY J BLIGE;FAMILY AFFAIR;/M C A;Singles;Or;20/08/2001;13/11/2001;2 mois
BJORK;VESPERTINE;/POLYDOR U.K.;Albums;Or;27/08/2001;13/11/2001;2 mois
CERRONE;CERRONE BY BOB SINCLAR;/MALLIGATOR PRODUCTIONS UNIVERSAL MUSI;Albums;Or;11/06/2001;13/11/2001;5 mois
MATT;R & B DE RUE;/VOIX PUBLIK;Albums;Platine;12/03/2001;13/11/2001;8 mois
NOIR DESIR;DES VISAGES DES FIGURES;/BARCLAY;Albums;Double Platine;10/09/2001;13/11/2001;2 mois
GORILLAZ;CLINT EASTWOOD;EMI MUSIC France/PARLOPHONE;Singles;Or;13/06/2001;06/11/2001;4 mois
PINK FLOYD;ECHOES;/EMI;Albums;Platine;04/11/2001;06/11/2001;
GAROU;SEUL;/COLUMBIA;Albums;Diamant;02/11/2000;30/10/2001;1 an
SULLY SEFIL;J'VOULAIS;/V 2 MUSIC;Singles;Or;29/03/2001;30/10/2001;7 mois
COMPILATION;R & B CONNECTION;/SONY MUSIC MEDIA SONY MUSIC;Albums;Or;15/02/2001;30/10/2001;8 mois
PATRICIA KAAS;RIEN DE S'ARRETE;/COLUMBIA;Albums;Or;18/10/2001;29/10/2001;
PASCAL OBISP0;SOLEDAD;/EPIC;Albums;Double Platine;28/11/1999;29/10/2001;1 an 11 mois
ANDRE RIEU;VALSES;/PHILIPS;Albums;Diamant;28/05/1995;23/10/2001;6 ans 6 mois
EMINEM;EMINEM;/INTERSCOPE/POLYDOR UNIVERSAL MUSIC;Vidéos;Or;29/01/2001;23/10/2001;8 mois
MULTI INTERPRETES;ALI BABA La Musicale Com;/MERCURY UNIVERSAL MUSIC;Vidéos;Platine;17/04/2001;23/10/2001;6 mois
JOHNNY HALLYDAY;OLYMPIA 2000;/MERCURY U;Vidéos;Triple Platine;04/12/2000;23/10/2001;10 mois
MYLENE FARMER;MUSIC VIDEOS - VOL.1;/STUFFED MONKEY/POLYDOR UNIVERSAL MUSIC;Vidéos;Triple Platine;17/03/1997;23/10/2001;4 ans 8 mois
JOHNNY HALLYDAY;100 % LIVE A LA TOUR EIFFEL;/MERCURY U;Vidéos;Diamant;17/07/2000;23/10/2001;1 an 3 mois
MULTI INTERPRETES;LES X COMMANDEMENTS;/MERCURY U;Vidéos;Diamant;01/10/2001;23/10/2001;
MYLENE FARMER;MYLENIUM TOUR;/STUFFED MONKEY/POLYDOR UNIVERSAL MUSIC;Vidéos;Diamant;04/12/2000;23/10/2001;10 mois
MYLENE FARMER;LIVE A BERCY;/STUFFED MONKEY/POLYDOR UNIVERSAL MUSIC;Vidéos;Diamant;20/05/1997;23/10/2001;4 ans 5 mois
MYLENE FARMER;MUSIC VIDEOS VOL. 2 & 3;/STUFFED MONKEY/POLYDOR UNIVERSAL MUSIC;Vidéos;Diamant;17/03/1997;23/10/2001;4 ans 8 mois
ANDRE RIEU;LA VIE EST BELLE;/PHILIPS;Albums;Platine;01/10/2000;23/10/2001;1 an
GERALD DE PALMAS;MARCHER DANS LE SABLE;/POLYDOR;Albums;Double Platine;16/10/2000;23/10/2001;1 an
GAROU ET CELION DION;SOUS LE VENT;SONY MUSIC/COLUMBIA;Singles;Diamant;17/12/2001;21/10/2001;1 mois
VANGELIS;1492 CHRISTOPHE COLOMB / BOF;/EAST WEST;Albums;Double Platine;27/09/1992;17/10/2001;9 ans 2 mois
VERONIQUE SANSON;COMME ILS L'IMAGINENT;/WEA;Albums;Double Platine;29/03/1995;17/10/2001;6 ans 7 mois
Z Z TOP;ELIMINATOR;/EAST WEST;Albums;Double Platine;06/04/1983;17/10/2001;18 ans 9 mois
Z Z TOP;GREATEST HITS;/EAST WEST;Albums;Double Platine;12/05/1996;17/10/2001;5 ans 6 mois
MORCHEEBA;BIG CALM;/WEA;Albums;Or;11/03/1998;17/10/2001;3 ans 7 mois
MULTI INTERPRETES;LA LEGENDE DE JIMMY;/WEA;Albums;Or;22/11/1990;17/10/2001;11 ans
PAUL SIMON;GREATEST HITS;/WEA;Albums;Or;23/10/1988;17/10/2001;13 ans 2 mois
MADONNA;TRUE BLUE;/WEA;Albums;Diamant;29/06/1986;17/10/2001;15 ans 6 mois
RY COODER;PARIS TEXAS / BOF;/WEA;Albums;Or;27/01/1985;17/10/2001;16 ans 11 mois
SERGE LAMA;NOUVEL ALBUM;/WEA;Albums;Or;24/11/1994;17/10/2001;6 ans 11 mois
MULTI INTERPRETES;STARMANIA 79;/WEA;Albums;Diamant;02/06/1991;17/10/2001;10 ans 6 mois
SIMPLY RED;MEN AND WOMEN;/EAST WEST France WARNER;Albums;Or;08/03/1987;17/10/2001;14 ans 9 mois
NEIL YOUNG;HARVEST;/WEA;Albums;Diamant;16/02/1972;17/10/2001;30 ans 1 mois
THOMAS FERSEN;JOUR DU POISSON;/TOT OU TARD;Albums;Or;09/04/1997;17/10/2001;4 ans 7 mois
TRACY CHAPMAN;THE COLLECTION;/EAST WEST France WARNER;Albums;Or;16/09/2001;17/10/2001;1 mois
VERONIQUE SANSON;LES PLUS BELLES CHANSONS;/WARNER STRATEGIC MARKETING;Albums;Double or;16/11/1981;17/10/2001;20 ans 2 mois
AHA;STAY ON THESE ROADS;/EAST WEST WA;Albums;Platine;01/05/1988;17/10/2001;13 ans 7 mois
AHA;HEADLINES AND DEADLINES;/WEA;Albums;Platine;29/11/1995;17/10/2001;5 ans 11 mois
B.O.F.;BARRY LINDON;/WARNER BROS WARNER MUSI;Albums;Platine;14/01/1976;17/10/2001;26 ans 1 mois
CHRISTOPHER CROSS;1ER ALBUM;/WEA;Albums;Platine;01/04/1980;17/10/2001;21 ans 10 mois
CLAUDE NOUGARO;NOUGAYORK;/WEA;Albums;Platine;18/10/1987;17/10/2001;14 ans 2 mois
CROSBY STILLS NASH & YOUNG;DEJA VU;/EAST WEST WA;Albums;Platine;11/07/1972;17/10/2001;29 ans 8 mois
DANY BRILLANT;C'EST CA QUI EST BON;/WEA;Albums;Platine;24/11/1991;17/10/2001;10 ans
B.O.F.;THE MATRIX;/WEA;Albums;Or;28/04/1999;17/10/2001;2 ans 6 mois
B.O.F.;JACKIE BROWN;/WEA;Albums;Or;03/12/1997;17/10/2001;3 ans 11 mois
DOMINGO RAIMONDI MEGUENES MAAZEL;CARMEN / BIZET;/ERATO / WARNER CLASSICS WARNER MUSIC France;Albums;Platine;30/04/1984;17/10/2001;17 ans 8 mois
BEBEL GILBERTO;TANTO TEMPO;/WARNER STRATEGIC MARKETING WARNER MUSIC France;Albums;Or;15/01/2001;17/10/2001;9 mois
FLEETWOOD MAC;RUMOURS;/WEA;Albums;Platine;08/02/1977;17/10/2001;25 ans
FRANCE GALL;PARIS France;/WEA;Albums;Platine;18/05/1980;17/10/2001;21 ans 8 mois
FRANCE GALL;TOUT POUR LA MUSIQUE;/WEA;Albums;Platine;09/12/1981;17/10/2001;20 ans 1 mois
FRANCE GALL;DANCING DISCO;/WEA;Albums;Platine;26/04/1977;17/10/2001;24 ans 10 mois
JOHN LENNON;Double FANTASY;/WEA;Albums;Platine;19/11/1980;17/10/2001;21 ans 2 mois
LED ZEPPELIN;VOLUME 3;/EAST WEST WA;Albums;Platine;14/10/1971;17/10/2001;30 ans 5 mois
MATT BIANCO;WHOSE SIDE ARE YOU ON ?;/EAST WEST WA;Albums;Platine;02/09/1984;17/10/2001;17 ans 4 mois
MOZART/NEVILLE MARINIER;AMADEUS/BOF;/EAST WEST WA;Albums;Platine;28/10/1984;17/10/2001;17 ans 2 mois
PAUL SIMON;GRACELAND;/WEA;Albums;Platine;24/08/1986;17/10/2001;15 ans 4 mois
PRINCE;PARADE;/WEA;Albums;Platine;31/03/1986;17/10/2001;15 ans 9 mois
PRINCE;BATMAN / BOF;/EAST WEST WA;Albums;Platine;18/06/1989;17/10/2001;12 ans 6 mois
SIMPLY RED;A NEW FLAME;/EAST WEST WA;Albums;Platine;16/02/1989;17/10/2001;12 ans 10 mois
THE DOORS;MORRISON HOTEL;/EAST WEST WA;Albums;Platine;14/07/1971;17/10/2001;30 ans 8 mois
THE EAGLES;LA LEGENDE DES EAGLES;/EAST WEST WA;Albums;Platine;02/04/1989;17/10/2001;12 ans 8 mois
TRACY CHAPMAN;CROSSROADS;/EAST WEST WA;Albums;Platine;01/10/1989;17/10/2001;12 ans 2 mois
AC/DC;BACK IN BLACK;/EAST WEST;Albums;Double Platine;24/07/1980;17/10/2001;21 ans 6 mois
B.O.F.;ORANGE MECANIQUE;/WEA;Albums;Double Platine;01/02/1972;17/10/2001;30 ans 1 mois
B.O.F.;BILITIS;/WEA;Albums;Double Platine;15/03/1977;17/10/2001;24 ans 11 mois
JEAN-MARIE BIGARD;LA LA LA;EMI MUSIC France;Singles;Or;18/06/2001;15/08/2001;1 mois
CARL ORFF & MICHEL PLASSON;CARMINA BURANA;/V.S.M.;Albums;Or;19/04/1995;15/08/2001;6 ans 5 mois
CUT KILLER & DJ ABDEL;Cut killer show 2 & DJ Abdel;UNIVERSAL MUSIC / ULM/BMG PUBLISHING/EASTORY;Albums;Double or;01/05/2001;10/07/2001;2 mois
OUTKAST;MS JACKSON;BMG France/ARISTA INTERNATIONAL;Singles;Or;15/01/2001;10/07/2001;5 mois
THE SUPERMEN LOVERS;STARLIGHT;BMG France/LAFESSE RECORDS/VOGUE;Singles;Or;12/03/2001;10/07/2001;4 mois
PATRICK BRUEL;PARTICKBRUELIVE;BMG France/14 PRODUCTIONS;Albums;Double or;14/05/2001;10/07/2001;1 mois
THE SUPERMEN;STARLIGHT;BMG France/LAFESSE RECORDS/VOGUE;Singles;Or;12/03/2001;10/07/2001;4 mois
CESARIA EVORA;SAO VICENTE DI LONGE;BMG France/LUSAFRICA;Albums;Or;26/03/2001;10/07/2001;3 mois
COMPILATION;HIT MACHINE 8;UNIVERSAL MUSIC/ULM/M 6 INTERACTIONS;Albums;Or;02/05/2001;10/07/2001;2 mois
COMPILATION;TUBES TELE ANNEES 80;UNIVERSAL MUSIC/ULM/U.L.M.;Albums;Or;26/02/2001;10/07/2001;4 mois
COMPILATION;R & B 2001;UNIVERSAL MUSIC/ULM/U.L.M.;Albums;Or;21/05/2001;10/07/2001;1 mois
DJ ABDEL;A L'ANCIENNE;UNIVERSAL MUSIC/ULM/BMG PUBLISHING/EASTORY;Albums;Or;01/05/2001;10/07/2001;2 mois
BRITNEY SPEARS;LIVE AND MORE;VIRGIN France/ZOMBA RECORDS;Vidéos;Platine;10/12/2000;04/07/2001;6 mois
R KELLY;If I could turn back the hands of time;VIRGIN France/ZOMBA RECORDS;Singles;Or;23/01/2000;04/07/2001;1 an 5 mois
BRITNEY SPEARS;OOPS ! I DIT IT AGAIN;VIRGIN France/JIVE RECORDS/ZOMBA RECORDS;Singles;Or;09/05/2000;04/07/2001;1 an 2 mois
BRITNEY SPEARS;BABY ONE MORE TIME;VIRGIN France/JIVE RECORDS/ZOMBA RECORDS;Albums;Double Platine;29/03/1999;04/07/2001;2 ans 3 mois
PAOLO CONTE;LIVE;WARNER MUSIC France/EAST WEST France;Albums;Or;07/01/1990;03/07/2001;11 ans 7 mois
MADONNA;RAY OF LIGHT;WARNER MUSIC France;Albums;Triple Platine;15/03/1998;03/07/2001;3 ans 4 mois
MICHEL BERGER;BEST OF 18-32 TITRES;WARNER MUSIC France;Albums;Triple Platine;04/11/1997;03/07/2001;3 ans 8 mois
R.E.M.;UP;WARNER MUSIC France;Albums;Or;28/10/1998;03/07/2001;2 ans 8 mois
FRANCE GALL;BABACAR;WARNER MUSIC France;Albums;Diamant;05/04/1987;03/07/2001;14 ans 5 mois
TETES RAIDES;GRATTEPOIL;WARNER MUSIC France;Albums;Or;23/10/2000;03/07/2001;8 mois
THE POGUES;THE REST OF BEST;WARNER MUSIC France;Albums;Or;08/06/1992;03/07/2001;9 ans 2 mois
DA MUTTZ;WASSUUPP;WARNER MUSIC France;Singles;Platine;30/01/2001;03/07/2001;5 mois
BRITNEY SPEARS;STRONGER;VIRGIN France/JIVE RECORDS/ZOMBA RECORDS;Singles;Or;19/11/2000;03/07/2001;7 mois
DANTE THOMAS;MISS CALIFORNIA;EAST WEST France;Singles;Or;28/05/2001;03/07/2001;1 mois
MADONNA;DON'T TELL ME;WARNER MUSIC France;Singles;Or;27/11/2000;03/07/2001;7 mois
BOB SINCLAR;CHAMPS ELYSEES;/EAST WEST France WARNER;Albums;Or;09/10/2000;03/07/2001;8 mois
DAVID GRAY;WHITE LADDER;/EAST WEST France WARNER;Albums;Or;25/09/2000;03/07/2001;9 mois
LUNATIC;MAUVAIS ?IL;WARNER MUSIC France/45 SCIENTIFIC;Albums;Or;23/10/2000;03/07/2001;8 mois
LIANE FOLY;ON A TOUS LE DROIT;VIRGIN France/EMI MUSIC PUB/LILOR MUSIC;Singles;Or;08/03/2001;26/06/2001;3 mois
DEPECHE MODE;THE SINGLES 86 - 98;VIRGIN France/EMI MUSIC PUBLISHING LTD;Albums;Double or;29/11/1998;26/06/2001;2 ans 7 mois
NUTTEA;ELLE TE REND DINGUE;VIRGIN France/DELABEL EDITIONS;Singles;Or;11/12/2000;26/06/2001;6 mois
PHOENIX;IF I EVER FEEL BETTER;VIRGIN France/GHETTOBLASTER;Singles;Or;07/01/2001;26/06/2001;5 mois
PIT BACCARDI;SI LOIN DE TOI;VIRGIN France/DELABEL EDITIONS;Singles;Or;12/12/1999;26/06/2001;1 an 6 mois
LUCY PEARL;LUCY PEARL;VIRGIN France/WATERMELON GIRLS EDTIONS;Albums;Or;18/06/2000;26/06/2001;1 an
MANU CHAO;PROXIMA ESTACION ESPERANZA;VIRGIN France/RADIO BEMBA;Albums;Double or;31/05/2001;26/06/2001;
SHUNK'N;OU JE VIS;VIRGIN France/EMI MUSIC PUBLISHING LTD;Albums;Double or;08/07/1998;26/06/2001;3 ans
ASSASSIN;HOMICIDE VOLONTAIRE;DELABEL/POLYGRAM EDITIONS;Albums;Or;22/06/1995;26/06/2001;6 ans 1 mois
ASSIA;CHERCHEUSE D'OR;VIRGIN France/DELABEL EDTIIONS;Albums;Or;21/05/2000;26/06/2001;1 an 1 mois
B.O.F.;SEXE INTENTIONS;DELABEL/EMI MUSIC PUBLISHING;Albums;Or;28/03/1999;26/06/2001;2 ans 3 mois
B.O.F.;IN THE MOOD FOR LOVE;VIRGIN France/EMOTION MUSIC CO INC;Albums;Or;29/10/2000;26/06/2001;8 mois
BEN HARPER;LIVRE FROM MARS;VIRGIN France/POLYGRAM MUSIC PUBLISHING;Albums;Or;25/03/2001;26/06/2001;3 mois
JULIEN CLERC;SI J'ETAIS ELLE;VIRGIN France/SI ON CHANTAIT/FREE DEMO;Albums;Platine;09/11/2000;26/06/2001;7 mois
LENE MARLIN;PLAYING MY GAME;VIRGIN France/COPYRIGHT CONTROL;Albums;Platine;30/05/1999;26/06/2001;2 ans 1 mois
LENNY KRAVITZ;GREATEST HITS;VIRGIN France/EMI VIRGIN MUSIC;Albums;Platine;22/10/2000;26/06/2001;8 mois
COMPILATION;ULTIME 80'S ANTHOLOGY;VIRGIN France/EMI VIRGIN MUSIC LTD;Albums;Or;09/11/2000;26/06/2001;7 mois
COMPILATION;POWERHITS 11;VIRGIN France/EMI MUSIC PUBLISHING LTD;Albums;Or;25/03/2001;26/06/2001;3 mois
DAFT PUNK;DISCOVERY;VIRGIN France/RADIO BEMBA;Albums;Or;08/03/2001;26/06/2001;3 mois
DEPECHE MODE;EXCITER;VIRGIN France/EMI APRIL MUSIC;Albums;Or;13/05/2001;26/06/2001;1 mois
HENRI SALVADOR;CHAMBRE AVEC VUE;VIRGIN France/DIESE PRODUCTIONS;Albums;Double Platine;15/10/2000;26/06/2001;8 mois
LIANE FOLY;ENTRE NOUS;VIRGIN France/EMI MUSIC PUBLISHING LTD;Albums;Or;22/02/2001;26/06/2001;4 mois
MANU CHAO;PROXIMA ESTRACION ESPERANZA;DELABEL/ASSASSIN PRODUCTIONS;Albums;Or;31/05/2001;26/06/2001;
SHAGGY;HOT SHOT;UNIVERSAL/BARCLAY/BARCLAY;Albums;Or;19/03/2001;19/06/2001;3 mois
SHIVAREE;I Oughtta Give You A Shot in the Head of Making;EMI MUSIC France/CAPITOL;Albums;Or;17/05/2000;19/06/2001;1 an 1 mois
SHAGGY;IT WASN'T ME;UNIVERSAL MUSIC/BARCLAY/BARCLAY;Singles;Platine;12/01/2001;19/06/2001;5 mois
BON JOVI;IT'S MY LIFE;UNIVERSAL MUSIC/MERCURY/MERCURY;Singles;Or;29/05/2000;19/06/2001;1 an
MULTI INTERPRETES;ROMEO & JULIETTE/VERONE;UNIVERSAL MUSIC/MERCURY/BAXTER;Singles;Or;20/11/2000;19/06/2001;7 mois
NATHALIE DESSAY;MOZART AIRS D'OPERA;EMI MUSIC FRANCE/VIRGIN CLASSICS;Albums;Or;08/11/2000;19/06/2001;7 mois
MULTI INTERPRETES;ROMEO & JULIETTE / VERONE;SONY MUSIC/BAXTER;Singles;Or;20/11/2000;19/06/2001;7 mois
GEORGE MICHAEL;LADIES & GENTLEMEN : THE BEST OF;SONY MUSIC/SONY MUSIC VIDEO;Vidéos;Double Platine;03/12/1998;15/05/2001;2 ans 5 mois
COMPILATION;HITS 2000;SONY MUSIC/SONY MUSIC MEDIA;Albums;Double or;02/11/2000;15/05/2001;6 mois
JULIE ZENATTI;SI JE M'EN SORS;SONY MUSIC/COLUMBIA;Singles;Or;26/10/2000;15/05/2001;6 mois
JEAN JACQUES GOLDMAN;TOURNEE 98 EN PASSANT;SONY MUSIC/SONY MUSIC VIDEO;Vidéos;Triple Platine;10/06/1999;15/05/2001;1 an 11 mois
DESTINY'S CHILD;WRITING'S ON THE WALL;SONY MUSIC/COLUMBIA;Albums;Double or;22/07/1999;15/05/2001;1 an 10 mois
CELINE DION;AU C?UR DU STADE;SONY MUSIC/SONY MUSIC VIDEO;Vidéos;Diamant;26/08/1999;15/05/2001;1 an 8 mois
EARTH WIND & FIRE;BEST OF / THE VERY BEST;SONY MUSIC/SONY MUSIC MEDIA;Albums;Double or;04/01/1994;15/05/2001;7 ans 5 mois
JOE DASSIN;SES PLUS GRANDS SUCCES;SONY MUSIC/SONY MUSIC MEDIA;Albums;Double or;06/04/2000;15/05/2001;1 an 1 mois
SEFIL;J'VOULAIS;SONY MUSIC/V 2 RECORDS;Singles;Or;29/03/2001;15/05/2001;1 mois
NEG' MARRONS;RUE CASE NEGRE;SONY MUSIC/SMALL;Albums;Or;19/02/1997;15/05/2001;4 ans 3 mois
WYCLEF JEAN;;SONY MUSIC/SMALL;Singles;Or;04/01/2001;15/05/2001;4 mois
WYCLEF JEAN;911;SONY MUSIC/SMALL;Singles;Or;04/01/2001;15/05/2001;4 mois
MICHEL POLNAREFF;KAMA-SUTRA;SONY MUSIC/EPIC;Albums;Double or;14/02/1990;15/05/2001;11 ans 4 mois
FROGGY MIX;NO NAGGING;SONY MUSIC/M 6 INTERACTIONS;Singles;Or;15/02/2001;15/05/2001;2 mois
SANTANA;THE ULTIMATE COLLECTION 1;SONY MUSIC/SONY MUSIC MEDIA;Albums;Double or;04/07/1996;15/05/2001;4 ans 11 mois
YANNICK NOAH;SIMON PAPA TARA;SONY MUSIC/COLUMBIA;Singles;Or;17/08/2000;15/05/2001;9 mois
YOUSSOU N' DOUR;THE GUIDE;SONY MUSIC/SMALL;Albums;Double or;08/05/1994;15/05/2001;7 ans 1 mois
B.O.F.;DAWSON'S CREEK;SONY MUSIC/SONY MUSIC MEDIA;Albums;Or;03/06/1999;15/05/2001;1 an 11 mois
DAVID CRAIG;BORN TO DO IT;EDEL FRANCE / SONY MUSIC;Albums;Platine;15/09/2000;15/05/2001;8 mois
BRUCE SPRINGSTEEN;LIVE 1975 - 86;SONY MUSIC/COLUMBIA;Albums;Or;04/11/1986;15/05/2001;14 ans 8 mois
GLENN GOULD;BACH : Variations Goldberg;SONY MUSIC/SONY CLASSICAL;Albums;Platine;01/11/1982;15/05/2001;18 ans 9 mois
JOE DASSIN;JOE DASSIN;SONY MUSIC/SONY MUSIC MEDIA;Albums;Platine;03/11/1993;15/05/2001;7 ans 7 mois
CLAUDE FRANCOIS;SES PLUS GRANDS SUCCES;SONY MUSIC/SONY MUSIC MEDIA;Albums;Or;18/01/2001;15/05/2001;3 mois
COMPILATION;R'N'B' CONNECTION;SONY MUSIC/SONY MUSIC MEDIA;Albums;Or;15/02/2001;15/05/2001;2 mois
PATRICIA KAAS;TOUR DE CHARME;SONY MUSIC/COLUMBIA;Albums;Platine;23/11/1994;15/05/2001;6 ans 6 mois
EMILE & IMAGES;OLYMPIA;SONY MUSIQUE/UNE MUSIQUE;Albums;Or;09/11/2000;15/05/2001;6 mois
B.O.F.;TOP GUN;SONY MUSIC/COLUMBIA;Albums;Double Platine;29/05/1986;15/05/2001;15 ans 2 mois
FONKY FAMILY;ART DE RUE;SONY MUSIC/SMALL;Albums;Or;22/03/2001;15/05/2001;1 mois
GILBERT MONTAGNE;COMME UNE ETOILE;SONY MUSIC/POMME MUSIC;Albums;Or;07/02/1996;15/05/2001;5 ans 4 mois
EDITH PIAF;BEST OF;EMI MUSIC France;Albums;Or;13/11/2000;13/03/2001;4 mois
NIAGARA;LA VERITE;UNIVERSAL/POLYDOR/POLYDOR;Albums;Or;12/10/1992;27/02/2001;8 ans 6 mois
EMINEM;THE REAL SLIM SHADY;UNIVERSAL/POLYDOR/POLYDOR INTERNATIONAL;Singles;Or;28/06/2000;27/02/2001;8 mois
EMINEM;STAN;UNIVERSAL/POLYDOR/POLYDOR INTERNATIONAL;Singles;Or;23/10/2000;27/02/2001;4 mois
LIMP BIZKIT;TAKE A LOOK AROUND;UNIVERSAL/POLYDOR/POLYDOR INTERNATIONAL;Singles;Or;03/07/2000;27/02/2001;7 mois
Dr DRE;CHRONIC 2001;UNIVERSAL/POLYDOR/POLYDOR INT.;Albums;Or;15/11/1999;27/02/2001;1 an 3 mois
EMINEM;THE MARSHALL MATHERS LP;POLYDOR INT./UNIVERSAL/POLYDOR;Albums;Or;22/05/2000;27/02/2001;9 mois
PIERPOLJAK;J'FAIS C'QUE J'VEUX;UNIVERSAL/BARCLAU/BARCLAY;Albums;Or;27/11/2000;30/01/2001;2 mois
B.O.F.;ROMEO & JULIET;EMI MUSIC France/CAPITOL;Albums;Double or;20/03/1997;23/01/2001;3 ans 10 mois
SAINT GERMAIN;TOURIST;EMI MUSIC France;Albums;Double or;19/04/2000;23/01/2001;9 mois
EDDY MITCHELL;LES NOUVELLES AVENTURES D'EDDY MITCHELL;UNIVERSAL MUSIC/POLYDOR/POLYDOR;Albums;Platine;13/10/1999;23/01/2001;1 an 3 mois
TONI BRAXTON;NO SCRUBS;BMG France/ARISTA INTERNATIONAL;Albums;Or;30/04/2000;16/01/2001;8 mois
WHITNEY HOUSTON & ENRIQUE IGLESIAS;COULD I HAVE THIS KISS FOREVER;BMG France/ARISTA;Singles;Or;10/11/2000;16/01/2001;2 mois
CESARIA EVORA;CABO VERDE;BMG France/LUSAFRICA;Albums;Or;23/02/1997;16/01/2001;3 ans 11 mois
EROS RAMAZZOTTI;STILELIBERO;BMG FRANCE/DDD;Albums;Or;05/11/2000;16/01/2001;2 mois
SANTANA;SUPERNATURAL;BMG FRANCE/ARISTA INTERNATIONA;Albums;Double Platine;20/06/1999;16/01/2001;1 an 7 mois
MULTI INTERPRETES;ROMEO ET JULIETTE;UNIVERSAL MUSIC / MERCURY/BAXTER;Albums;Diamant;03/04/2000;09/01/2001;9 mois
THE BEATLES;ONE;EMI;Albums;Double Platine;13/11/2000;21/12/2000;1 mois
BRITNEY SPEARS;OOPS !... I DIT IT AGAIN;VIRGIN;Albums;Platine;16/05/2000;13/12/2000;7 mois
CHARLES AZNAVOUR;AZNAVOUR 2000;EMI;Albums;Or;01/10/2000;13/12/2000;2 mois
MATT;12/0013;UNIVERSAL/BARCLAY;Singles;Or;06/03/2000;12/09/2000;6 mois
BON JOVI;CRUSH;UNIVERSAL/MERCURY;Albums;Or;29/05/2000;12/09/2000;3 mois
SAEZ;JOURS ETRANGES;UNIVERSAL/ISLAND;Albums;Or;25/10/1999;12/09/2000;10 mois
ALIZEE;MOI? LOLITA;UNIVERSAL/POLYDOR;Singles;Or;03/07/2000;05/09/2000;2 mois
MICHEL JONASZ;POLE OUEST;EMI MUSIC France;Albums;Or;19/04/2000;29/08/2000;4 mois
SAINT GERMAIN;TOURIST;EMI MUSIC FRANCE;Albums;Or;29/04/2000;29/08/2000;4 mois
COMPILATION;TOP 50;SONY MUSIC/SPECIAL MARKETING;Albums;Or;25/05/2000;05/07/2000;1 mois
COMPILATION;SILENCE N;SONY MUSIC/SONY CLASSICAL;Albums;Or;19/06/1996;05/07/2000;4 ans 1 mois
COMPILATION;DANCE 2000;SONY MUSIC/SPECIAL MARKETING;Albums;Or;08/06/2000;05/07/2000;
ANASTACIA;I?M OUTTA LOVE;SONY MUSIC/EPIC;Singles;Or;01/06/2000;05/07/2000;1 mois
HELENE SEGARA;AU NOM D?UNE FEMME;EAST WEST FRANCE/B G PRODUCTIONS;Albums;Platine;23/01/2000;28/06/2000;5 mois
THE CORRS;UNPLUGGED;EAST WEST FRANCE/ATLANTIC;Albums;Platine;11/11/1999;28/06/2000;7 mois
CHER;GREATEST HITS;WARNER MUSIC FRANCE/WEA ANGLETERRE;Albums;Or;25/11/1999;27/06/2000;7 mois
COMPILATION;HARMONY CINEMA;VIRGIN MUSIC/EDITIONS 23;Albums;Or;23/01/2000;27/06/2000;5 mois
COMPILATION;POWER HITS 9;VIRGIN MUSIC/EMI MUSIC PUBLISHING;Albums;Or;26/03/2000;27/06/2000;3 mois
COMPILATION;BOF TAXI 2;DELABEL/LA COSCA;Albums;Or;26/03/2000;27/06/2000;3 mois
DANY BRILLANT;BEST OF;WARNER MUSIC FRANCE/KAKON / LELLOUCHE;Albums;Or;16/09/1999;27/06/2000;9 mois
THE POGUES;THE REST OF THE BEST;WARNER MUSIC FRANCE/WEA ANGLETERRE;Albums;Or;08/06/1992;27/06/2000;8 ans 2 mois
RENAUD;Absolutely Meilleur of Renaud;VIRGIN FRANCE/EDITIONS MINO MUSIC;Albums;Double or;20/01/2000;27/06/2000;5 mois
THE POGUES;BEST OF;BEST OF/WEA ANGLETERRE;Albums;Double or;22/09/1991;27/06/2000;8 ans 10 mois
SAIAN SUPA CREW;KLR;VIRGIN France/BMG PUBLISHING;Albums;Or;24/10/1999;27/06/2000;8 mois
SUPERFUNK;HOLD UP;VIRGIN France/DELABEL EDITIONS;Albums;Or;20/02/2000;27/06/2000;4 mois
PIT BACARDI;SI LOIN DE TOI;DELABEL/DELABEL EDITIONS;Singles;Or;12/12/1999;27/06/2000;6 mois
SHOLA AMA;STILL BELIEVEA;WARNER MUSIC FRANCE/WEA ANGLETERRE;Singles;Or;25/10/1999;27/06/2000;8 mois
AXELLE RED;PARCE QUE C?EST TOI;VIRGIN France/BIMBO SONGS;Singles;Or;05/12/1999;27/06/2000;6 mois
LENE MARLIN;WHEN I?M HEADED;VIRGIN FRANCE/COPYRIGHT CONTROL;Singles;Or;03/10/1999;27/06/2000;8 mois
SUPERFUNK;LUCKY STAR;VIRGIN FRANCE/DELABEL EDITIONS;Singles;Or;16/01/2000;27/06/2000;5 mois
ALANIS MORISSETTE;UNPLUGGED;WARNER MUSIC FRANCE/MAVERICK;Albums;Or;22/11/1999;27/06/2000;7 mois
BOF;HIMALAYA;VIRGIN MUSIC/EDITIONS GALATEE;Albums;Or;21/11/1999;27/06/2000;7 mois
DAVID BOWIE;HOURS;VIRGIN MUSIC/NIPPLE MUSIC;Albums;Or;03/10/1999;27/06/2000;8 mois
ETIENNE DAHO;CORPS ET ARMES;VIRGIN MUSIC/SATORI SONGS;Albums;Or;16/04/2000;27/06/2000;2 mois
FRANCOISE HARDY;CLAIR OBSCUR;VIRGIN MUSIC/EDITIONS KUNDALINI;Albums;Or;01/05/2000;27/06/2000;1 mois
M;JE DIS AIME;DELABEL/UNIVERSAL MUSIC Publishing;Albums;Or;24/10/1999;27/06/2000;8 mois
RITA MITSOUKO;COOL FRENESIE;DELABEL/DELABEL EDITIONS;Albums;Or;05/03/2000;27/06/2000;3 mois
SMASHING PUMPKINS;Machina/The machines of God;VIRGIN MUSIC/FAUSTS HAUS MUSIC;Albums;Or;14/05/2000;27/06/2000;1 mois
STEPHAN EICHER;LOUANGES;VIRGIN MUSIC/ELECTRIC UNICORN MUSIC;Albums;Or;30/05/1999;27/06/2000;1 an 1 mois
ALANIS MORISSETTE;Supposed former infatuation;WARNER MUSIC FRANCE/MAVERICK;Albums;Double or;28/10/1998;27/06/2000;1 an 8 mois
BEN HARPER;FIGHT FOR YOuR MIND;VIRGIN FRANCE/EMI VIRGIN MUSIC;Albums;Double or;11/07/1995;27/06/2000;5 ans
GEORGE MICHAEL;Songs from the last century;VIRGIN FRANCE/EMI VIRGIN MUSIC;Albums;Double or;05/12/1999;27/06/2000;6 mois
KEZIAH JONES;BLUFUNK;DELABEL/HIT & RUN Music;Albums;Double or;31/10/1991;27/06/2000;8 ans 9 mois
COMPILATION;TECKNO.COM VERSION 5.0;UNIVERSAL MUSIC/U.L.M.;Albums;Or;27/03/2000;17/05/2000;1 mois
BRITNEY SPEARS;BORN TO MAKE YOU HAPPY;VIRGIN FRANCE/ZOMBA RECORDS;Singles;Or;07/02/2000;09/05/2000;3 mois
BRITNEY SPEARS;YOU DRIVE ME CRAZY;VIRGIN MUSIC/ZOMBA RECORDS;Singles;Or;12/11/1999;09/05/2000;5 mois
BRITNEY SPEARS;BABY ONE MORE TIME;VIRGIN FRANCE/ZOMBA RECORDS;Albums;Platine;29/03/1999;09/05/2000;1 an 1 mois
ZEBDA;LE BRUIT ET L?ODEUR;UNIVERSAL MUSIC/BARCLAY;Albums;Or;23/10/1995;02/05/2000;4 ans 7 mois
METALLICA;S & M;UNIVERSAL MUSIC/VERTIGO/MERCURY;Albums;Or;22/11/1999;25/04/2000;5 mois
SHANIA TWAIN;COME ON OVER;UNIVERSAL MUSIC/MERCURY;Albums;Platine;15/06/1998;22/04/2000;1 an 10 mois
WILLIAM SHELLER;LES MACHINES ABSURDES;UNIVERSAL/MERCURY;Albums;Or;17/01/2000;28/03/2000;2 mois
CHARLES AZNAVOUR;20 CHANSONS D?OR;EMI MUSIC France/EMI BOVEMA;Albums;Platine;11/12/1994;21/03/2000;5 ans 4 mois
COMPILATION;LES VOIX EN OR VOL. 6;SONY MUSIC/VERSAILLES;Albums;Or;20/01/2000;14/03/2000;1 mois
VOCE DE CORSICA;POLYPHONIES;SONY MUSIC/OLIVI MUSIQUE;Albums;Or;20/01/1993;14/03/2000;7 ans 3 mois
ALICE DEEJAY;BACK IN MY LIFE;SONY MUSIC/SCORPIO HOT TRACKS;Singles;Or;06/01/2000;14/03/2000;2 mois
TINA ARENA;LES 3 CLOCHES;SONY MUSIC/COLUMBIA;Singles;Or;20/01/2000;14/03/2000;1 mois
TOM JONES;SEX BOMB;SONY MUSIC/V2 MUSIC;Singles;Or;03/02/2000;14/03/2000;1 mois
BOF PHIL COLLINS;TARZAN;SONY MUSIC/WALT DISNEY;Albums;Or;14/06/1999;14/03/2000;9 mois
FIONA APPLE;TIDAL;SONY MUSIC/EPIC;Albums;Or;20/06/1996;14/03/2000;3 ans 9 mois
EIFFEL 65;MOVE YOUR BODY;SONY MUSIC/SCORPIO HOT TRACKS;Singles;Platine;02/12/1999;14/03/2000;3 mois
THE BEACH BOYS;20 GOODS VIBRATIONS - THE GREATEST HITS;EMI MUSIC FRANCE/CAPITOL;Albums;Or;03/05/1995;07/03/2000;4 ans 11 mois
JOE COCKER;NO ORDINARY WORLD;EMI MUSIC FRANCE/PARLOPHONE;Albums;Or;10/10/1999;07/03/2000;4 mois
ROCH VOISINE;CHAQUE FEU?;BMG France/R.C.A.;Albums;Or;09/05/1999;07/03/2000;10 mois
LES ENFOIRES;ENFOIRES EN 2000;BMG France/Les Restaurants du C?ur;Albums;Platine;28/02/2000;07/03/2000;
LES ENFOIRES;Derni;BMG France/Les Restaurants du C?ur;Albums;Platine;14/11/1999;07/03/2000;3 mois
DIANA KRALL;WHEN I LOOK IN YOURS EYES;UNIVERSAL/Verve/Universal Music Jazz;Albums;Or;01/06/1999;15/02/2000;8 mois
GIGI D?AGOSTINO;BLA BLA BLA;EMI MUSIC FRANCE/ODEON LABEL GROUP;Singles;Or;07/10/1999;01/02/2000;3 mois
MARIAH CAREY;MARIAH CAREY AT MADISON;SONY MUSIC/COLUMBIA;Vidéos;Or;28/02/1996;25/01/2000;3 ans 11 mois
MARIAH CAREY;THIS IS MARIAH CAREY;SONY MUSIC/COLUMBIA;Vidéos;Or;09/02/1994;25/01/2000;6 ans
VERONIQUE & DAVINA;Y?A D?LA GYM Y?A D?LA JOIE;SONY MUSIC/Sony Music Home Video;Vidéos;Or;14/10/1999;25/01/2000;3 mois
CELINE DION;AU C?UR DU STADE;SONY MUSIC/COLUMBIA;Vidéos;Triple Platine;26/08/1999;25/01/2000;5 mois
COMPILATION;HITS 99;SONY MUSIC/VERSAILLES;Albums;Double or;09/11/1999;25/01/2000;2 mois
CELINE DION;ALL THE WAY;SONY MUSIC/COLUMBIA;Albums;Double Platine;14/11/1999;25/01/2000;2 mois
LA CLINIQUE;LA PLAYA;VIRGIN/DELABEL EDITIONS;Singles;Or;15/08/1999;21/12/1999;4 mois
LENE MARLIN;WHERE I?M HEADED;VIRGIN/COPYRIGHT CONTROL;Singles;Or;03/10/1999;21/12/1999;2 mois
MADONNA;BEAUTIFUL STRANGER;WEA MUSIC/MAVERICK;Singles;Or;26/05/1999;21/12/1999;6 mois
MISSY ELLIOT;ALL N MY GRILL;WARNER MUSIC/Elektra/ASYLUM;Singles;Or;04/07/1999;21/12/1999;5 mois
NATACHA ATLAS;MON AMIE LA ROSE;VIRGIN/ALPHA/BAGATELLE;Singles;Or;14/02/1999;21/12/1999;10 mois
PIT BACCARDI;PIT BACCARDI;VIRGIN/Delabel editions;Albums;Or;18/07/1999;21/12/1999;5 mois
THOMAS OTTEN;CLOSE TO SILENCE;VIRGIN/BMG PUBLISHING;Albums;Or;06/06/1999;21/12/1999;6 mois
ZOXEA;A MON TOUR D?BRILLER;WEA MUSIC/ZOXEA;Albums;Or;01/02/1999;21/12/1999;10 mois
CHER;STRONG ENOUGH;WEA MUSIC/WEA ANGLETERRE;Singles;Or;17/02/1999;21/12/1999;10 mois
BEN HARPER;BURN IT ON AGAIN;VIRGIN/EMI VIRGIN MUSIC;Albums;Or;19/09/1999;21/12/1999;3 mois
BUSTA FLEX;BUSTA FLEX;WEA MUSIC/BUSTA FLEX;Albums;Or;01/02/1998;21/12/1999;1 an 10 mois
CHEB MAMI;MELI MELI;VIRGIN/BMG MUSIC PUBLISHING;Albums;Or;30/01/1998;21/12/1999;1 an 11 mois
DIVERS;SOLENSI IV chacun peut y mettre du sien;WEA/SOLENSI 4;Albums;Or;10/10/1999;21/12/1999;2 mois
GENESIS;TURN IT ON AGAIN;VIRGIN/HIT & RUN MUSIC;Albums;Or;24/10/1999;21/12/1999;1 mois
LENE MARLIN;PLAYING MY GAME;VIRGIN/COPYRIGHT CONTROL;Albums;Or;30/05/1999;21/12/1999;6 mois
SERGENT GARCIA;UN POQUITO QUEMA?O;DELABEL/DELABEL EDITIONS;Albums;Or;21/02/1999;21/12/1999;10 mois
THE CORRS;THE CORRS UNPLUGGED;WARNER MUSIC/ATLANTIC;Albums;Or;11/11/1999;21/12/1999;1 mois
CHER;BELIEVE;WEA MUSIC/WEA ANGLETERRE;Singles;Diamant;28/10/1998;21/12/1999;1 an 1 mois
MASSIVE ATTACK;MEZZANINE;VIRGIN/ISLAND MUSIC;Albums;Double or;16/04/1998;21/12/1999;1 an 8 mois
MC SOLAAR;LE TOUR DE LA QUESTION;WARNER MUSIC/SENTINEL OUEST;Albums;Double or;26/10/1998;21/12/1999;1 an 2 mois
PIERRE PERRET;CHANSONS EROTICOQUINES;WARNER MUSIC/UNE MUSIQUE;Albums;Double or;16/11/1995;21/12/1999;4 ans 1 mois
RED HOT CHILI PEPPERS;CALIFORNICATION;WEA MUSIC/WARNER BROS;Albums;Double or;07/06/1999;21/12/1999;6 mois
ALAIN SOUCHON;AU RAS DES PAQUERETTES;VIRGIN;Albums;Platine;14/11/1999;21/12/1999;1 mois
BEN HARPER;THE WILL TO LIVE;VIRGIN/EMI VIRGIN MUSIC;Albums;Platine;21/05/1997;21/12/1999;2 ans 7 mois
FLORENT PAGNY;RECREATION;UNIVERSAL/MERCURY;Albums;Platine;25/10/1999;21/12/1999;1 mois
LES ENFOIRES;ENFOIRES EN C?UR;WEA MUSIC/ENFOIRES EN COEUR;Albums;Platine;01/11/1998;21/12/1999;1 an 1 mois
LIANE FOLY;ACOUSTIQUE;VIRGIN/SONY/ATV MUSIC;Albums;Platine;24/01/1999;21/12/1999;11 mois
PIERPOLJAK;KINGSTON KARMA;UNIVERSAL MUSIC/BARCLAY;Albums;Platine;15/06/1998;19/12/1999;1 an 6 mois
WHITNEY HOUSTON;MY LOVE IS YOUR LOVE;BMG France/ARISTA International;Albums;Double Platine;15/11/1998;19/12/1999;1 an 1 mois
JOHNNY HALLYDAY;SANG POUR SANG;UNIVERSAL/MERCURY;Albums;Diamant;12/09/1999;19/12/1999;3 mois
MANAU;Mais qui est la belette ?;UNIVERSAL/POLYDOR;Singles;Or;04/12/1998;14/12/1999;1 an
ANDREA BOCELLI;AIRS SACRES;UNIVERSAL/PHILIPS;Albums;Or;17/11/1999;14/12/1999;
BEE GEES;ONE NIGHT ONLY;UNIVERSAL/POLYDOR International;Albums;Or;07/09/1998;14/12/1999;1 an 3 mois
JENNIFER LOPEZ;ON THE 6;SONY MUSIC/COLUMBIA;Albums;Or;24/06/1999;14/12/1999;5 mois
STING;BRAND NEW DAY;UNIVERSAL/POLYDOR International;Albums;Or;27/09/1999;14/12/1999;2 mois
VONDA SHEPARD;ALLY MAC BEAT;SONY MUSIC/EPIC;Albums;Or;10/12/1998;14/12/1999;1 an
WILL SMITH;WILLENIUM;SONY MUSIC/COLUMBIA;Albums;Or;14/11/1999;14/12/1999;1 mois
MANAU;LA TRIBU DE DANA;UNIVERSAL/POLYDOR;Singles;Diamant;04/05/1998;14/12/1999;1 an 7 mois
ANDRE RIEU;BAL DU SIECLE;UNIVERSAL/PHILIPS;Albums;Double or;11/10/1999;14/12/1999;2 mois
PATRICIA KAAS;RENDEZ-VOUS;SONY MUSIC/COLUMBIA;Albums;Double or;13/08/1998;14/12/1999;1 an 4 mois
CELINE DION;ALL THE WAY : a decade of song;SONY MUSIC/COLUMBIA;Albums;Platine;14/11/1999;14/12/1999;1 mois
LARA FABIAN;LARA FABIAN;SONY MUSIC/EPIC;Albums;Platine;24/11/1999;14/12/1999;
THE CRANBERRIES;BURY THE HATCHET;UNIVERSAL/MERCURY;Albums;Platine;19/04/1999;07/12/1999;7 mois
COMPILATION;Les plus grandes chansons du si;UNIVERSAL/PODIS;Albums;Or;25/10/1999;07/12/1999;1 mois
BARRY WHITE;THE ULTIMATE COLLECTION;UNIVERSAL/MERCURY;Albums;Platine;01/03/1999;07/12/1999;9 mois
JOHNNY HALLYDAY;UN JOUR VIENDRA;UNIVERSAL/MERCURY;Singles;Or;23/08/1999;07/12/1999;3 mois
BOB MARLEY;CHANT DOWN BABYLON;UNIVERSAL/ISLAND;Albums;Or;15/11/1999;07/12/1999;
SHANIA TWAIN;COME ON OVER;UNIVERSAL/MERCURY;Albums;Or;15/06/1998;07/12/1999;1 an 6 mois
JOHNNY HALLYDAY;BALLADES;UNIVERSAL/MERCURY;Albums;Platine;08/06/1999;07/12/1999;6 mois
COMPILATION;POWER HITS 7;VIRGIN/ZOMBA SONGS;Albums;Double or;24/05/1999;01/12/1999;6 mois
HEVIA;TIERRA DE NADIE;EMI MUSIC France/EMI Espagne;Albums;Or;10/10/1999;30/11/1999;1 mois
ERIK TRUFFAZ;BENDING NEW CORNERS;EMI MUSIC France;Albums;Or;03/11/1999;26/11/1999;
PATRICK BRUEL;JUSTE AVANT;BMG France/14 PRODUCTIONS;Albums;Platine;24/10/1999;23/11/1999;1 mois
TEXAS;THE HUSH;UNIVERSAL/MERCURY;Albums;Platine;10/05/1999;23/11/1999;6 mois
CHRISTINA AGUILERA;GENIE IN A BOTTLE;BMG FRANCE/RCA Internationale;Singles;Or;17/10/1999;23/11/1999;1 mois
EURYTHMICS;PEACE;BMG France/RCA Internationale;Albums;Or;24/10/1999;23/11/1999;1 mois
DAVID HALLYDAY;Tu ne m?as pas laiss;UNIVERSAL/MERCURY;Singles;Diamant;01/06/1999;23/11/1999;5 mois
DAVID HALLYDAY;UN PARADIS UN ENFER;UNIVERSAL/MERCURY;Albums;Double or;14/06/1999;23/11/1999;5 mois
LES ENFOIRES;Derni;BMG France/Les Restaurants du C?ur;Albums;Double or;14/11/1999;23/11/1999;
LARUSSO;SIMPLEMENT;EMI france/ODEON LABEL Group;Albums;Or;07/10/1999;16/11/1999;1 mois
B.O.F.;THE FULL MONTY;BMG France/RCA;Albums;Or;01/12/1997;21/09/1999;1 an 9 mois
CHARLES AZNAVOUR;JAZZNAVOUR;EMI MUSIC France/EMI BOVEMA;Albums;Or;15/11/1998;21/09/1999;10 mois
LAAM;Jamais loin de toi;EMI MUSIC France/ODEON LABEL GROUP;Singles;Platine;16/06/2000;21/09/1999;8 mois
LES DIVAS;LES DIVAS LIVE;SONY MUSIC/COLUMBIA;Vidéos;Or;22/10/1998;15/09/1999;10 mois
Rage against the machine;LIVE;SONY MUSIC/EPIC;Vidéos;Or;04/12/1997;15/09/1999;1 an 9 mois
TOTO;TOTO LIVE;SONY MUSIC/COLUMBIA;Vidéos;Or;01/09/1999;15/09/1999;
J.J. GOLDMAN;TOURNEE 98 EN PASSANT;SONY MUSIC/COLUMBIA;Vidéos;Platine;10/06/1999;15/09/1999;3 mois
PIERRE DESPROGES;SPECTACLES;SONY MUSIC/EPIC;Vidéos;Triple Platine;13/11/1996;15/09/1999;2 ans 10 mois
COMPILATION;DRIVING MUSIC;SONY MUSIC/VERSAILLES;Albums;Or;01/07/1999;15/09/1999;2 mois
COMPILATION;DREAMS;UNIVERSAL/MERCURY;Albums;Or;18/01/1999;15/09/1999;8 mois
COMPILATION;DANCE 99;SONY MUSIC/VERSAILLES;Albums;Double or;03/06/1999;15/09/1999;3 mois
CHARLY & LULU;LES MARSEILLAIS;SONY MUSIC/M 6 INTERACTION;Singles;Or;17/06/1999;15/09/1999;3 mois
JAMALAK;PAPA CHICO;SONY MUSIC/M 6 INTERACTION;Singles;Or;10/06/1999;15/09/1999;3 mois
OFASIA;SATE SAN;SONY MUSIC/UNE MUSIQUE;Singles;Or;01/07/1999;15/09/1999;2 mois
SHANKARA;INDIAN LOVE;SONY MUSIC/M 6 INTERACTION;Singles;Or;13/05/1999;15/09/1999;4 mois
DJ XAM FEATURING;T?ES ZINZIN;SONY MUSIC/LA TRIBU;Singles;Or;25/03/1999;15/09/1999;5 mois
JENNIFER LOPEZ;IF YOU HAD MY LOVE;SONY MUSIC/COLUMBIA;Singles;Or;24/06/1999;15/09/1999;2 mois
ORGANIZ?;I never knew love like this;SONY MUSIC/M 6 INTERACTION;Singles;Or;22/04/1999;15/09/1999;4 mois
WILL SMITH;WILD WILD WEST;SONY MUSIC/COLUMBIA;Singles;Or;17/06/1999;15/09/1999;3 mois
JAMIROQUAI;SYNCHRONIZED;SONY MUSIC/SMALL;Albums;Double or;10/06/1999;15/09/1999;3 mois
MILES DAVIS;KIND OF BLUE;SONY MUSIC/COLUMBIA;Albums;Double or;31/10/1963;15/09/1999;36 ans 4 mois
COMPILATION;HIT EXPRESS - VOL. 6;UNIVERSAL/PODIS;Albums;Or;09/08/1999;07/09/1999;
ANN LEE;2 TIMES;UNIVERSAL/PANIC;Singles;Or;01/06/1999;07/09/1999;3 mois
TLC;FANMAIL;BMG France/ARISTA;Albums;Or;21/02/1999;17/08/1999;5 mois
JAMIROQUAI;TRAVELLING;SONY MUSIC;Albums;Double Platine;04/09/1996;29/06/1999;2 ans 10 mois
FRANCIS CABREL;HORS SAISON;SONY MUSIC/COLUMBIA;Albums;Diamant;25/03/1999;29/06/1999;3 mois
CELINE DION;LIVE A PARIS;SONY MUSIC/COLUMBIA;Vidéos;Triple Platine;01/11/1996;29/06/1999;2 ans 8 mois
COMPILATION;POWER HITS VOL. 7;VIRGIN;Albums;Or;24/05/1999;29/06/1999;1 mois
COMPILATION;ONLY GIRLS;VIRGIN France/VIRGIN;Albums;Double or;21/02/1999;29/06/1999;4 mois
JENNIFER PAIGE;CRUSH;SONY MUSIC/EDEL;Singles;Or;01/10/1998;29/06/1999;9 mois
AXELLE RED;TOUJOURS MOI;VIRGIN France/BIMBO SONG;Albums;Double or;21/03/1999;29/06/1999;3 mois
EAGLE EYE CHERRY;DESIRELESS;UNIVERSAL/POLYDOR;Albums;Double or;07/06/1998;29/06/1999;1 an
LENNY KRAVITZ;;VIRGIN France/VIRGIN Records America;Albums;Double or;06/05/1998;29/06/1999;1 an 1 mois
GERI HALLIWELL;SCHIZOPHONIC;EMI MUSIC France/EMI RECORDS;Albums;Or;06/06/1999;22/06/1999;
COMPILATION;EXTRAVADANCE;BMG France/PRESIDENT;Albums;Or;28/03/1999;02/06/1999;2 mois
EURYTHMICS;GREATEST HITS;BMG France/RCA International;Albums;Double or;23/10/1994;02/06/1999;4 ans 8 mois
RICKY MARTIN;RICKY MARTIN;SONY MUSIC/COLUMBIA;Albums;Or;06/05/1999;30/05/1999;
CELINE DION;DES MOTS QUI SONNENT;SONY MUSIC/COLUMBIA;Albums;Double Platine;28/04/1992;25/05/1999;7 ans 2 mois
GEORGE MICHAEL;LADIES & GENTLEMEN;SONY MUSIC/EPIC;Vidéos;Platine;03/12/1998;25/05/1999;5 mois
COMPILATION;Cin;SONY MUSIC;Albums;Or;18/03/1999;25/05/1999;2 mois
BISSO NA BISSO;BISSO NA BISSO;SONY MUSIC/V 2 MUSIC;Singles;Or;18/03/1999;25/05/1999;2 mois
RICHARD COCCIANTE;COMPILATION;SONY MUSIC/TRISTAR;Albums;Double Platine;01/05/1994;25/05/1999;5 ans 1 mois
NORMA RAY;TOUS LES MAUX D?AMOUR;SONY MUSIC/M 6 INTERACTION;Singles;Or;28/01/1999;25/05/1999;3 mois
OFFSPRING;PRETTY FLY;SONY MUSIC/COLUMBIA;Singles;Or;28/01/1999;25/05/1999;3 mois
WAMDUE PROJECT;KING OF MY CASTLE;SONY MUSIC/POMME MUSIC;Singles;Or;29/12/1998;25/05/1999;4 mois
BISSO NA BISSO;RACINES;SONY MUSIC/V 2 MUSIC;Albums;Or;18/02/1999;25/05/1999;3 mois
SINSEMILIA;RESISTANCES;SONY MUSIC/Double T MUSIC;Albums;Or;06/05/1998;25/05/1999;1 an
LES MINIKEUMS;L?ALBUM;UNIVERSAL MUSIC/France T;Albums;Or;23/11/1998;19/05/1999;5 mois
VENGABOYS;BOOM BOOM BOOM BOOM;UNIVERSAL MUSIC/SCORPIO MUSIC;Singles;Or;22/02/1999;10/05/1999;2 mois
KIM KAY;Poup;EMI MUSIC France/EMI BELGIUM;Singles;Or;21/02/1999;04/05/1999;2 mois
SUPERTRAMP;Ii was the Best Of times;EMI MUSIC France/EMI;Albums;Or;11/04/1999;04/05/1999;
LARUSSO;TU M?OUBLIERAS;EMI MUSIC France/ODEON;Singles;Diamant;29/11/1998;04/05/1999;5 mois
COMPILATION;HIT EXPRESS 7;POLYGRAM/PODIS;Albums;Or;08/03/1999;06/04/1999;
U 2;THE BEST OF 1980 1990;POLYGRAM/MERCURY/ISLAND;Albums;Double Platine;09/11/1998;06/04/1999;4 mois
Artistes contre le sida;ENSEMBLE;SONY MUSIC/V 2 MUSIC;Albums;Double Platine;19/11/1998;30/03/1999;4 mois
AXELLE RED;A TATONS;VIRGIN/VIRGIN B;Albums;Double Platine;17/10/1996;30/03/1999;2 ans 5 mois
FRANCIS CABREL;PHOTOS DE VOYAGE;SONY MUSIC/COLUMBIA;Albums;Double Platine;08/10/1985;30/03/1999;13 ans 8 mois
VAYA CON DIOS;THE BEST OF;BMG France/ARIOLA;Albums;Or;20/10/1996;09/02/1999;2 ans 4 mois
DIVERS;CHRONIQUE DE MARS;BMG France/ARIOLA;Albums;Or;17/05/1998;09/02/1999;8 mois
CHEB MAMI;PARISIEN DU NORD;VIRGIN/DELABEL;Singles;Or;23/11/1998;30/01/1999;2 mois
TAHA KHALED FAUDEL;1 2 3 SOLEILS;POLYGRAM/BARCLAY;Vidéos;Or;07/12/1998;26/01/1999;1 mois
COMPILATION;DANCE 98 - VOL. 2;POLYGRAM / PODIS;Albums;Or;01/12/1998;26/01/1999;1 mois
JOHNNY HALLYDAY;MASTER SERIE;POLYGRAM / PODIS;Albums;Or;15/10/1992;26/01/1999;6 ans 4 mois
JOE COCKER;GREATEST HITS;EMI MUSIC France/ELECTROLA;Albums;Or;08/11/1998;19/01/1999;2 mois
KIM KAY;LILALI;EMI MUSIC France/EMI B;Singles;Or;29/11/1998;19/01/1999;1 mois
ALLAN THEO;EMMENE MOI;EMI MUSIC France;Albums;Or;29/03/1998;19/01/1999;9 mois
LAAM;Chanter pour ceux qui sont loin de chez eux;EMI MUSIC France/ODEON;Singles;Diamant;20/09/1998;19/01/1999;4 mois
PAVOROTTI & FRIENDS;Pavarotti for the children of Liberia;POLYGRAM DECCA/DECCA;Albums;Or;01/11/1998;06/01/1999;2 mois
ANDRE RIEU;BAL A VIENNE;POLYGRAM CLASSIQUE/Philips Music Group France;Albums;Double or;11/05/1998;06/01/1999;8 mois
SECTEUR A;LIVE A L?OLYMPIA;DELABEL/VIRGIN;Albums;Double or;05/07/1998;30/12/1998;5 mois
JOHNNY HALLYDAY;CE QUE JE SAIS;POLYGRAM/MERCURY;Albums;Double Platine;23/01/1998;22/12/1998;11 mois
COMPILATION;HARMONIA;VIRGIN France;Albums;Platine;26/02/1998;21/12/1998;9 mois
SHURIK?N;OU JE VIS;DELABEL;Albums;Or;25/05/1998;21/12/1998;7 mois
PHIL COLLINS;HITS;WEA MUSIC/WEA International;Albums;Platine;30/09/1998;21/12/1998;2 mois
SINCLAIR;BONNE ATTITUDE;VIRGIN France;Albums;Or;09/12/1998;21/12/1998;
SMASHING PUMPKINS;ADORE;VIRGIN France/Virgin Records America Inc.;Albums;Or;01/06/1998;21/12/1998;6 mois
STARMANIA;20;WEA MUSIC/Licences Nationales Div.;Albums;Or;27/10/1998;21/12/1998;1 mois
AXELLE RED;RESTER FEMME;VIRGIN France/Bimbo Music Publishing;Singles;Or;04/09/1998;21/12/1998;3 mois
DOC GYNECO;LIAISONS DANGEREUSES;VIRGIN France;Albums;Double or;29/11/1998;21/12/1998;
SPICE GIRLS;VIVA FOREVER;VIRGIN France/VIRGIN RECORDS U.K.;Singles;Or;27/07/1998;21/12/1998;4 mois
STARDUST;MUSIC SOUNDS BETTER;VIRGIN France/ROULE;Singles;Or;19/07/1998;21/12/1998;5 mois
MANU CHAO;CLANDESTINO;VIRGIN France;Albums;Double or;16/04/1998;21/12/1998;8 mois
CHER;BELIEVE;WEA MUSIC/WEA ANGLETERRE;Singles;Or;28/10/1998;21/12/1998;1 mois
AXELLE RED;A TATONS;VIRGIN France/BIMBO MUSIC Publishing;Albums;Platine;17/10/1996;21/12/1998;2 ans 2 mois
ENFOIRES;LES ENFOIRES EN C?UR;WEA/RESTOS DU C?UR;Albums;Platine;01/11/1998;21/12/1998;1 mois
PINK FLOYD;PULSE LIVE;EMI MUSIC France/EMI U.K.;Albums;Platine;23/05/1995;21/12/1998;3 ans 7 mois
DIVERS;La Farandole des Enfants;EAST WEST France/7 PRODUCTIONS;Albums;Or;13/09/1987;29/11/1998;11 ans 4 mois
HELENE SEGARA;UN C?UR DE VERRE;EAST WEST France/B.G. PRODUCTIONS;Albums;Or;21/11/1996;29/11/1998;2 ans
WHITNEY HOUSTON;MY LOVE IS YOUR LOVE;BMG France/ARISTA;Albums;Or;15/11/1998;24/11/1998;
EROS RAMAZZOTTI;TUTTE STORIE;BMG France/D.D.D.;Albums;Double or;02/05/1998;24/11/1998;6 mois
MODERN TALKING;BROTHER LOUI?E 98;BMG France/HANSA;Singles;Or;27/09/1998;24/11/1998;1 mois
MODERN TALKING;BACK FOR GOOD;BMG France/HANSA;Albums;Platine;28/06/1998;24/11/1998;4 mois
YVES DUTEIL;Les 20 Plus belles chansons;BMG France/MIKADO;Albums;Or;25/10/1998;24/11/1998;1 mois
MICHEL FUGAIN;PETITES FETES ENTRE AMIS;EMI MUSIC France;Albums;Or;27/10/1996;17/11/1998;2 ans 1 mois
NOMADS;BETTER WORLD;POLYGRAM/PODIS/UNE MUSIQUE;Albums;Or;11/05/1998;17/11/1998;6 mois
D J VISAGE;FORMULA;EMI MUSIC France/ODEON;Singles;Or;14/06/1998;17/11/1998;5 mois
NOMADS;YAKALELO;POLYGRAM/PODIS/UNE MUSIQUE;Singles;Diamant;11/05/1998;17/11/1998;6 mois
TARKAN;SIMARIK;POLYGRAM/PODIS/PODIS;Singles;Or;03/08/1998;17/11/1998;3 mois
I MUVRINI;LEIA;EMI MUSIC France;Albums;Or;10/05/1998;17/11/1998;6 mois
COMPILATION;DANCE MACHINE VOL. 16;POLYGRAM/PODIS/M6/SCORPIO MUSIC;Albums;Or;12/10/1998;17/11/1998;1 mois
GILBERT MONTAGNE;Les plus belles chansons;POLYGRAM/UNIVERSA/UNIVERSAL;Albums;Double or;23/02/1997;11/11/1998;1 an 8 mois
PRAS MICHEL;GHETTO SUPASTAR;POLYGRAM/UNIVERSA/UNIVERSAL;Singles;Or;12/07/1998;11/11/1998;4 mois
AQUA;MY OH MY;POLYGRAM/UNIVERSAL/UNIVERSAL;Singles;Or;22/02/1998;11/11/1998;8 mois
AQUA;AQUARIUM;POLYGRAM/UNIVERSAL/UNIVERSAL;Albums;Platine;02/11/1997;11/11/1998;1 an
DIVERS;TARANTINO CONNECTION;POLYGRAM/UNIVERSAL/UNIVERSAL;Albums;Or;27/10/1996;11/11/1998;2 ans
RICCARDO CHAILLY;THE JAZZ ALBUM;POLYGRAM/DECCA;Albums;Or;31/01/1993;26/10/1998;5 ans 9 mois
AEROSMITH;I don?t want to miss a thing;SONY MUSIC/COLUMBIA;Singles;Or;27/08/1998;26/10/1998;2 mois
BOF GODZILLA;COME WITH ME;SONY MUSIC/EPIC;Singles;Or;09/07/1998;26/10/1998;3 mois
CELINE DION;ZORA SOURIT;SONY MUSIC/COLUMBIA;Singles;Or;10/09/1998;26/10/1998;1 mois
DES?REE;LIFE;SONY MUSIC/EPIC;Singles;Platine;02/07/1998;26/10/1998;3 mois
MENELIK;BYE BYE;SONY MUSIC/SMALL;Singles;Platine;21/05/1998;26/10/1998;5 mois
LAVOIE FIORI GAROU;BELLE;SONY MUSIC/POMME MUSIC;Singles;Diamant;29/04/1998;26/10/1998;6 mois
Poetic Lover & C. Fredericks;PERSONNE NE SAURAIT;SONY MUSIC/M 6 INTERACTIONS;Singles;Or;13/08/1998;26/10/1998;2 mois
S.O.A.P.;THIS IS HOW WE PARTY;SONY MUSIC/TRISTAR;Singles;Or;09/07/1998;26/10/1998;3 mois
SAVAGE GARDEN;TRULY MADLY DEEPLY;SONY MUSIC/COLUMBIA;Singles;Or;28/05/1998;26/10/1998;5 mois
N T M;SUPREME N.T.M.;SONY MUSIC/EPIC;Albums;Platine;21/04/1998;08/09/1998;4 mois
POETIC LOVER;LES AMANTS POETICS;SONY MUSIC/M 6 INTERACTIONS;Albums;Platine;04/12/1997;08/09/1998;9 mois
RICKY MARTIN;A MEDIO VIVIR;SONY MUSIC/TRISTAR;Albums;Platine;20/11/1996;08/09/1998;1 an 9 mois
CLAUDE FRANCOIS;LE MEILLEUR DE;SONY MUSIC;Albums;Or;27/11/1997;08/09/1998;9 mois
JAMES HORNER;BACK TO TITANIC;SONY MUSIC/COLUMBIA;Albums;Or;20/08/1998;08/09/1998;
COMPILATION;DANCE 98;SONY MUSIC;Albums;Or;11/06/1998;08/09/1998;2 mois
COMPILATION;HIT MACHINE 3;SONY MUSIC;Albums;Or;13/08/1998;08/09/1998;
MECANO;ANA JOSE NACHO;BMG France/ARIOLA;Albums;Or;12/07/1998;01/09/1998;1 mois
RAPSODY;RAPSODY OUVERTURE;POLYGRAM/ISLAND;Albums;Or;17/11/1997;18/08/1998;9 mois
LES MINIKEUMS;ON VA LA GAGNER;POLYGRAM/PODIS/France T;Singles;Or;12/05/1998;18/08/1998;3 mois
HAVANADELIRIO 1830;CARNAVALERA;POLYGRAM/ISLAND;Singles;Or;15/06/1998;18/08/1998;2 mois
U 2;POP;POLYGRAM/ISLAND;Albums;Platine;03/03/1997;18/08/1998;1 an 5 mois
MODERN TALKING;YOU?RE MY HEART YOU?RE MY SOUL;BMG France/HANSA;Singles;Or;07/06/1998;08/07/1998;1 mois
COMPILATION;BOYS & GIRLS VOL.3;VIRGIN France;Albums;Double or;04/12/1997;29/06/1998;6 mois
COMPILATION;CULTURE DANCE VOL. 5;SONY MUSIC;Albums;Double or;15/08/1994;29/06/1998;3 ans 11 mois
RAGGASONIC 2;RAGGASONIC 2;VIRGIN France/VIRGIN;Albums;Or;09/10/1997;29/06/1998;8 mois
BACKSTREET BOYS;EVERYBODY;VIRGIN France/ZOMBA RECORDS;Singles;Or;31/07/1997;29/06/1998;11 mois
JANET JACKSON;TOGETHER AGAIN;VIRGIN France/Virgin Records America;Singles;Platine;27/11/1997;29/06/1998;7 mois
DOC GYNECO;MA S... A MOI;VIRGIN France;Singles;Or;04/12/1997;29/06/1998;6 mois
RICKY MARTIN;LA COPA DE LA VIDA;SONY MUSIC/TRISTAR;Singles;Platine;12/03/1998;29/06/1998;3 mois
MARIAH CAREY;MY ALL;SONY MUSIC/COLUMBIA;Singles;Or;06/05/1998;29/06/1998;1 mois
ADIEMUS;SONGS OF SANCTUARY;VIRGIN France/JENKINS RATLEDGE LTD;Albums;Double or;05/06/1997;29/06/1998;1 an
SPICE GIRLS;TOO MUCH;VIRGIN France/VIRGIN RECORDS LTD;Singles;Or;11/12/1997;29/06/1998;6 mois
SPICE GIRLS;STOP;VIRGIN France/VIRGIN RECORDS LTD;Singles;Or;05/03/1998;29/06/1998;3 mois
ERIC SERRA;LE 5;VIRGIN France/Gaumont La Marguerite;Albums;Double or;05/05/1997;29/06/1998;1 an 2 mois
HARMONIA;HARMONIA;VIRGIN France/VIRGIN;Albums;Double or;09/10/1997;29/06/1998;8 mois
THE VERVE;BITTER SWEET SYMPHONY;VIRGIN France/V.C. RECORDS;Singles;Or;11/09/1997;29/06/1998;9 mois
THE PRODIGY;THE FAT OF THE LAND;DELABEL/X - L RECORDING;Albums;Double or;29/06/1997;29/06/1998;1 an
THE VERVE;URBAN HYMNS;VIRGIN France/V.C. RECORDS;Albums;Double or;25/09/1997;29/06/1998;9 mois
2 BE 3;LIVE AU ZENITH;EMI MUSIC France;Vidéos;Triple Platine;29/03/1998;13/05/1998;1 mois
COMPILATION;LA COUPE DU MONDE;SONY MUSIC;Albums;Double or;16/04/1998;28/04/1998;
CELINE DION;THE REASON My heart will go;SONY MUSIC/COLUMBIA;Singles;Diamant;15/01/1998;28/04/1998;3 mois
WILL SMITH;GETTIN?JIGGY WIT IT;SONY MUSIC/COLUMBIA;Singles;Or;12/02/1998;28/04/1998;2 mois
CELINE DION;LIVE A PARIS;SONY MUSIC/COLUMBIA;Albums;Double Platine;17/10/1996;28/04/1998;1 an 6 mois
PATRICIA KAAS;DANS MA CHAIR;SONY MUSIC/COLUMBIA;Albums;Double Platine;13/03/1997;28/04/1998;1 an 1 mois
CELINE DION;FALLING INTO LOVE;SONY MUSIC/COLUMBIA;Albums;Triple Platine;06/03/1996;28/04/1998;2 ans 2 mois
BOF;TITANIC;SONY MUSIC/COLUMBIA;Albums;Diamant;20/11/1997;28/04/1998;5 mois
CELINE DION;LET?S TALK ABOUT LOVE;SONY MUSIC/COLUMBIA;Albums;Diamant;13/11/1997;28/04/1998;5 mois
MADONNA;FROZEN;WEA MUSIC/MAVERICK;Singles;Or;11/02/1998;22/04/1998;2 mois
VERONIQUE SANSON;INDESTRUCTIBLE;WEA MUSIC/VERONIQUE SANSON;Albums;Double or;16/02/1998;22/04/1998;2 mois
BERNARD LAVILLIERS;MASTER SERIE;POLYGRAM/PODIS;Albums;Double or;04/10/1987;14/04/1998;10 ans 8 mois
GEORGES BRASSENS;MASTER SERIE VOL.2;POLYGRAM/PODIS;Albums;Double or;31/01/1988;14/04/1998;10 ans 4 mois
JACQUES BREL;MASTER SERIE VOL. 2;POLYGRAM/PODIS;Albums;Double or;30/09/1990;14/04/1998;7 ans 7 mois
JEAN FERRAT;MASTER SERIE VOL2;POLYGRAM/PODIS;Albums;Double or;30/09/1990;14/04/1998;7 ans 7 mois
JOHNNY HALLYDAY;MASTER SERIE VOL. 2;POLYGRAM/PODIS;Albums;Double or;30/09/1990;14/04/1998;7 ans 7 mois
MICHEL DELPECH;MASTER SERIE;POLYGRAM/PODIS;Albums;Double or;06/03/1988;14/04/1998;10 ans 3 mois
RENAUD;MASTER SERIE;POLYGRAM/PODIS;Albums;Double or;15/01/1989;14/04/1998;9 ans 4 mois
SERGE GAINSBOURG;MASTER SERIE VOL. 3;POLYGRAM/PODIS;Albums;Double or;30/09/1990;14/04/1998;7 ans 7 mois
SERGE GAINSBOURG;MASTER SERIE VOL. 2;POLYGRAM/PODIS;Albums;Double or;07/02/1988;14/04/1998;10 ans 3 mois
SERGE REGGIANI;MASTER SERIE;POLYGRAM/PODIS;Albums;Double or;07/12/1986;14/04/1998;11 ans 6 mois
CLAUDE FRANCOIS;MASTER SERIE VOL. 1;POLYGRAM/PODIS;Albums;Platine;30/09/1990;14/04/1998;7 ans 7 mois
DANIEL BALAVOINE;MASTER SERIE VOL. 1;POLYGRAM/PODIS;Albums;Platine;16/11/1986;14/04/1998;11 ans 6 mois
GEORGES BRASSENS;MASTER SERIE VOL 1;POLYGRAM/PODIS;Albums;Platine;04/10/1987;14/04/1998;10 ans 8 mois
JACQUES BREL;MASTER SERIE VOL.1;POLYGRAM/PODIS;Albums;Platine;04/10/1987;14/04/1998;10 ans 8 mois
JEAN FERRAT;MASTER SERIE VOL.1;POLYGRAM/PODIS;Albums;Platine;02/10/1988;14/04/1998;9 ans 8 mois
JOHNNY HALLYDAY;MASTER SERIE VOL. 1;POLYGRAM/PODIS;Albums;Platine;04/10/1987;14/04/1998;10 ans 8 mois
MAXIME LE FORESTIER;MASTER SERIE;POLYGRAM/PODIS;Albums;Platine;07/12/1986;14/04/1998;11 ans 6 mois
MIKE BRANT;MASTER SERIE;POLYGRAM/PODIS;Albums;Platine;04/10/1987;14/04/1998;10 ans 8 mois
SERGE GAINSBOURG;MASTER SERIE VOL. 1;POLYGRAM/PODIS;Albums;Platine;04/10/1987;14/04/1998;10 ans 8 mois
BLACK ATTAK;BANG BANG;BMG France/RCA Internationale;Singles;Or;25/01/1998;17/03/1998;1 mois
NATHALIE IMBRUGLIA;TORN;BMG France/RCA International;Singles;Or;11/01/1998;17/03/1998;2 mois
LES ENFOIRES;Le Z;BMG France/Les restos du c?ur;Albums;Platine;23/11/1997;17/03/1998;3 mois
GORAN BREGOVIC;LE TEMPS DES GITANS;POLYGRAM/MERCURY/POLYGRAM EDITIONS;Albums;Or;25/03/1990;17/03/1998;8 ans 1 mois
MIDNIGHT OIL;20.000 WATTS RSL;SONY MUSIC/COLUMBIA;Albums;Or;23/10/1997;10/03/1998;4 mois
PASSI;JE ZAPPE ET JE MATE;SONY MUSIC/V 2 Music;Singles;Or;11/12/1997;10/03/1998;2 mois
STOMY BUGSY;MON PAPA A MOI EST UN GANGSTER;SONY MUSIC/COLUMBIA;Singles;Or;11/12/1997;10/03/1998;2 mois
DIVERS;SILENCE;SONY MUSIC;Albums;Or;14/11/1996;10/03/1998;1 an 4 mois
JEAN JACQUES GOLDMAN;EN PASSANT;SONY MUSIC/COLUMBIA;Albums;Diamant;21/09/1997;10/03/1998;5 mois
PASCAL OBISPO;SUPERFLU;SONY MUSIC/EPIC;Albums;Diamant;24/10/1996;10/03/1998;1 an 4 mois
3 T;Une journ;SONY MUSIC/EPIC;Vidéos;Or;22/01/1998;10/03/1998;1 mois
MICHAEL JACKSON;GHOSTS - Le Film;SONY MUSIC/EPIC;Vidéos;Double Platine;22/01/1998;10/03/1998;1 mois
MICHAEL JACKSON;HIStory on Film - VOL. 2;SONY MUSIC/EPIC;Vidéos;Triple Platine;08/05/1997;10/03/1998;10 mois
FLORENT PAGNY;SAVOIR AIMER;POLYGRAM/MERCURY/MERCURY;Singles;Diamant;20/10/1997;03/03/1998;4 mois
ERA;ERA;Entertainment/TRANMAN;Albums;Diamant;03/03/1997;03/03/1998;1 an
FLORENT PAGNY;L?INTEGRALE DES CLIPS;POLYGRAM/MERCURY/MERCURY;Vidéos;Platine;26/01/1998;03/03/1998;1 mois
STING AND THE POLICE;VERY BEST;POLYGRAM/POLYDOR/POLYGRAM International;Albums;Double or;12/11/1997;24/02/1998;3 mois
ALLIAGE;TE GARDER PRES DE MOI;POLYGRAM/MERCURY/BAXTER;Singles;Platine;20/10/1997;24/02/1998;4 mois
RACHID TAHA;YA RAYAH;POLYGRAM/BARCLAY;Singles;Or;25/08/1997;24/02/1998;6 mois
BLACKSTREET;ANOTHER LEVEL I II III;Universal Music/MCA Interscope;Albums;Or;08/12/1996;24/02/1998;1 an 2 mois
COMPILATION;1998 une g;Universal Music/MCA Market Distribution;Albums;Or;14/12/1997;24/02/1998;2 mois
LIONEL RICHIE;TRULY - The Love Songs;Polygram/Polydor/Polygram International;Albums;Or;06/01/1998;24/02/1998;1 mois
SHOLA AMA;MUCH LOVE;WEA Music/WEA Angleterre;Albums;Or;27/08/1997;17/02/1998;5 mois
GALA;COME INTO MY LIFE;PODIS/SCORPIO MUSIC;Singles;Or;03/11/1997;17/02/1998;3 mois
NEK;LAURA NON C?E;WEA MUSIC/WEA Italie;Singles;Or;01/10/1997;17/02/1998;4 mois
JOE COCKER;ACROSS FROM MIDNIGHT;EMI MUSIC France/CAPITOL;Albums;Platine;31/08/1997;17/02/1998;5 mois
SOLENSI;SOLENSI 3;WEA MUSIC/SOLENSI 3;Albums;Platine;01/10/1997;17/02/1998;4 mois
GREEN DAY;DOOKIE;WEA MUSIC/WARNER BROS;Albums;Or;17/03/1994;17/02/1998;3 ans 11 mois
COMPILATION;La + grande discoth;PODIS/SCORPIO MUSIC;Albums;Or;17/11/1997;17/02/1998;3 mois
COMPILATION;DANCE MACHINE VOL. 13;PODIS/M 6;Albums;Or;13/10/1997;17/02/1998;4 mois
2 BE 3;EN COULISSES 2;EMI MUSIC France;Vidéos;Triple Platine;23/11/1997;21/12/1997;
JOE COCKER;ACROSS FROM MIDNIGHT;EMI MUSIC FRANCE/CAPITOL;Albums;Double or;31/08/1997;21/12/1997;3 mois
RADIOHEAD;OK COMPUTER;EMI MUSIC FRANCE/PARLOPHONE;Albums;Double or;15/06/1997;21/12/1997;6 mois
ETERNAL;I wanna be the only one;EMI MUSIC FRANCE/EMI;Singles;Or;28/09/1997;21/12/1997;2 mois
BOF;BRAVEHEART;DECCA/DECCA LONDON;Albums;Or;25/09/1995;21/12/1997;2 ans 3 mois
CHARLELIE COUTURE;NAIVE;EMI MUSIC FRANCE/CHRYSALIS;Albums;Or;23/03/1994;21/12/1997;3 ans 9 mois
DIVERS;LE + GRAND OPERA DU MONDE;DECCA;Albums;Or;17/10/1997;21/12/1997;2 mois
HELENE SEGARA;UN COEUR DE VERRE;WARNER MUSIC/B G PRODUCTIONS;Albums;Platine;21/11/1996;21/12/1997;1 an 1 mois
WILL SMITH;MEN IN BLACK;SONY MUSIC/COLUMBIA;Singles;Diamant;27/06/1997;17/12/1997;5 mois
LES RITA MITSOUKO;EN CONCERT PRIVE;VIRGIN France/DELABEL;Albums;Or;28/11/1996;16/12/1997;1 an
LIANE FOLY;CAMELEON;VIRGIN France;Albums;Or;21/04/1997;16/12/1997;7 mois
SPICE GIRLS;SPICE;VIRGIN FRANCE/VIRGIN Records LTD;Albums;Triple Platine;30/10/1996;16/12/1997;1 an 1 mois
PASSI;LES TENTATIONS;SONY MUSIC/V 2;Albums;Or;09/11/1997;16/12/1997;1 mois
POETIC LOVER;LES AMANTS POETIQUES;SONY MUSIC/M6 INTERACTIONS;Albums;Or;04/12/1997;16/12/1997;
SKUNK ANANSIE;STOOSH;VIRGIN France/VIRGIN Recrods LTD;Albums;Or;03/10/1996;16/12/1997;1 an 2 mois
THE PIXIES;DOOLITTLE;VIRGIN France/4 A D;Albums;Or;28/02/1989;16/12/1997;8 ans 11 mois
THE PRODIGY;THE FAT OF THE LAND;VIRGIN France/X L RECORDING;Albums;Or;29/06/1997;16/12/1997;5 mois
DOC GYNECO;1;VIRGIN France;Albums;Platine;11/04/1996;16/12/1997;1 an 8 mois
IAM;L?Ecole du micro d?argent;VIRGIN France/DELABEL;Albums;Platine;17/03/1997;16/12/1997;9 mois
JULIEN CLERC;JULIEN;VIRGIN France/FREE DEMO;Albums;Platine;23/03/1997;16/12/1997;8 mois
COMPILATION;DANCE 97;PODIS;Albums;Or;01/12/1997;16/12/1997;
SPICE GIRLS;SPICE WORLD;VIRGIN France/VIRGIN Records Ltd;Albums;Platine;30/10/1997;16/12/1997;1 mois
CELINE DION;LET?S TALK ABOUT LOVE;SONY MUSIC/COLUMBIA;Albums;Double Platine;16/11/1997;16/12/1997;1 mois
THE ROLLING STONES;BRIDGES TO BABYLON;VIRGIN France/VIRGIN B;Albums;Or;25/09/1997;16/12/1997;2 mois
LA HAINE;Musiques inspir;VIRGIN France/DELABEL;Albums;Or;11/05/1997;16/12/1997;7 mois
ELTON JOHN;SOMETHING ABOUT THE WAY YOU LOOK TONIGHT + CANDLE;MERCURY/ROCKET;Singles;Diamant;26/09/1997;10/12/1997;2 mois
METALLICA;RELOAD;POLYGRAM/MERCURY;Albums;Or;17/11/1997;09/12/1997;
ELTON JOHN;Something about the way you look tonight + candle;MERCURY/ROCKET;Singles;Diamant;25/09/1997;09/12/1997;2 mois
HANSON;MIDDLE OF NOWHERE;MERCURY/Warner Chapel;Albums;Double or;20/05/1997;09/12/1997;6 mois
ALLIAGE;L?ALBUM;MERCURY/BAXTERY;Albums;Platine;08/04/1997;09/12/1997;8 mois
TEXAS;WHITE OR BLONDE;MERCURY;Albums;Platine;03/02/1997;09/12/1997;10 mois
ELTON JOHN;THE BIG PICTURE;MERCURY/ROCKET;Albums;Or;22/09/1997;09/12/1997;2 mois
LOUISE ATTAQUE;LOUISE ATTAQUE;SONY MUSIC/TREMA;Albums;Or;03/03/1997;02/12/1997;9 mois
MICHEL SARDOU;SALUT;SONY MUSIC/TREMA;Albums;Platine;16/09/1997;02/12/1997;2 mois
DALIDA;40 SUCCES EN OR;BARCLAY;Albums;Or;09/11/1997;02/12/1997;
DALIDA;SALMA YA SALAMA;BARCLAY;Singles;Or;04/08/1997;02/12/1997;4 mois
NO DOUBT;DON'T SPEAK;UNIVERSAL MUSIC/MCA INTERSCOPE;Singles;Or;13/01/1997;27/11/1997;10 mois
AQUA;BARBIE GIRL;UNIVERSAL MUSIC/MCA MMEI;Singles;Diamant;29/09/1997;27/11/1997;1 mois
LOUIS ARMSTRONG;THE GOOD BOOK;UNIVERSAL MUSIC/GRP Distribution;Albums;Or;03/12/1995;26/11/1997;2 ans
NOA;CALLING;UNIVERSAL MUSIC/GEFFEN Distribution;Albums;Or;12/05/1996;26/11/1997;1 an 6 mois
NIRVANA;NEVERMIND;UNIVERSAL MUSIC/GEFFEN DISTRIBUTION;Albums;Diamant;22/09/1991;26/11/1997;6 ans 3 mois
EROS RAMAZZOTTI;EROS;BMG France/DDD;Albums;Or;26/10/1997;26/11/1997;1 mois
GUNS N?ROSES;APPETITE FOR DESTRUCTION;UNIVERSAL MUSIC/GEFFEN Distribution;Albums;Double or;25/06/1991;26/11/1997;6 ans 6 mois
GUNS N?ROSES;SPAGHETTI INCIDENT;UNIVERSAL MUSIC/GEFFEN Distribution;Albums;Double or;28/11/1993;26/11/1997;4 ans
NIRVANA;BLEACH;UNIVERSAL MUSIC/GEFFEN Distribution;Albums;Double or;06/09/1992;26/11/1997;5 ans 3 mois
NIRVANA;FROM THE MUDDY BANKS;UNIVERSAL MUSIC/GEFFEN Distribution;Albums;Double or;06/10/1996;26/11/1997;1 an 1 mois
NO DOUBT;TRAGIC KINGDOM;UNIVERSAL MUSIC/MCA INTERSCOPE;Albums;Double or;12/05/1996;26/11/1997;1 an 6 mois
NIRVANA;UNPLUGGED IN N.Y.;UNIVERSAL MUSIC/GEFFEN Distribution;Albums;Double Platine;30/10/1994;26/11/1997;3 ans 1 mois
ELVIS PRESLEY;THE ESSENTIAL Collection;BMG France/R.C.A.;Albums;Platine;29/01/1995;26/11/1997;2 ans 10 mois
GILBERT MONTAGNE;PLUS BELLES CHANSONS;UNIVERSAL MUSIC/MCA Market Distribution;Albums;Or;23/02/1997;26/11/1997;9 mois
NOA;NOA;UNIVERSAL MUSIC/GEFFEN Distribution;Albums;Double or;06/03/1994;26/11/1997;3 ans 9 mois
GILBERT MONTAGNE;LE MEILLEUR DE GILBERT MONTAGNE;UNIVERSAL MUSIC/MCA MARKET Distribution;Albums;Platine;18/06/1995;26/11/1997;2 ans 5 mois
GUNS N?ROSES;USE YOUR ILLUSION 2;UNIVERSAL MUSIC/GEFFEN Distribution;Albums;Platine;22/09/1991;26/11/1997;6 ans 3 mois
MICHEL BERGER;CA NE TIENT PAS DEBOUT;WEA MUSIC/APACHE/CMBM;Albums;Double or;06/05/1990;30/10/1997;7 ans 7 mois
BERGER/GALL;Double JEU;WEA MUSIC/APACHE/CMBM;Albums;Double Platine;11/06/1992;30/10/1997;5 ans 5 mois
SHOLA AMA;YOU MIGHT NEED SOMEBODY;WEA MUSIC/WEA UK;Singles;Or;04/06/1997;30/10/1997;4 mois
MICHEL BERGER;BEST OF 18 TITRES + BEST OF 32 TITRES;WEA MUSIC/COLLINE/APACHE;Albums;Double Platine;25/10/1994;30/10/1997;3 ans
DANY BRILLANT;HAVANA;WEA MUSIC/KAKON/LELLOUCHE;Albums;Platine;23/04/1996;30/10/1997;1 an 6 mois
BOF;TWIN PEAKS (instrumental);WEA MUSIC/WARNER BROS;Albums;Or;14/04/1991;30/10/1997;6 ans 7 mois
FRANCOIS FELDMAN;TWO FELDMAN;POLYGRAM/MERCURY/POLYGRAM;Albums;Double or;19/11/1996;22/10/1997;11 mois
B.O.F.;ROMEO & JULIET;EMI MUSIC France/CHRYSALIS;Albums;Or;23/03/1997;14/10/1997;6 mois
SCORPIONS;STILL LOVING YOU - BEST OF;EMI MUSIC France/ODEON;Albums;Or;13/03/1997;14/10/1997;7 mois
KHALED;SAHRA;POLYGRAM/BARCLAY;Albums;Platine;07/11/1996;14/10/1997;11 mois
JOE COCKER;ACROSS FROM MIDNIGHT;EMI MUSIC FRANCE/CAPITOL;Albums;Or;31/08/1997;14/10/1997;1 mois
PAOLO CONTE;PAROLE D?AMORE SCRITTE MACCHIN;EAST WEST France/C.G.D.;Albums;Or;18/11/1990;07/10/1997;6 ans 11 mois
THE COORS;FORGIVEN NOT FORGOTTEN;EAST WEST France/ATLANTIC;Albums;Or;19/08/1970;07/10/1997;27 ans 6 mois
THE DOORS;IN CONERT;EAST WEST France/ELEKTRA/ASYLUM;Albums;Or;19/08/1970;07/10/1997;27 ans 6 mois
SIMPLY RED;GREATEST HITS;EAST WEST France/EAST WEST U.K.;Albums;Double or;03/10/1996;07/10/1997;1 an
COMPILATION;POWER HITS -VOL 4;EAST WEST France;Albums;Or;20/08/1970;07/10/1997;27 ans 6 mois
COMPILATION;LES ANNEES 90 + MODE D?EMPLOI - VOL 1;EAST WEST France;Albums;Or;16/01/1997;07/10/1997;8 mois
R. KELLY;I BELIEVE I CAN FLY;EAST WEST France/ATLANTIC;Singles;Or;19/01/1997;07/10/1997;8 mois
PUFF DADDY;I'LL BE MISSING YOU;BMG France/ARISTA;Singles;Or;17/07/1997;06/10/1997;2 mois
PUFF DADDY;I?LL BE MISSING YOU;BMG France/ARISTA;Singles;Or;16/07/1997;05/10/1997;2 mois
RADIOHEAD;OK COMPUTER;EMI MUSIC France/PARLOPHONE;Albums;Or;20/08/1970;23/09/1997;27 ans 5 mois
DALIDA;LES ANNEES ORLANDO;POLYGRAM/BARCLAY;Albums;Platine;20/08/1970;20/09/1997;27 ans 5 mois
OASIS;BE HERE NOW;SONY MUSIC;Albums;Or;20/08/1997;16/09/1997;
WES;WELENGA;SONY MUSIC/COLUMBIA;Albums;Double or;20/08/1970;16/09/1997;27 ans 5 mois
COMPILATION;A PLEINS TUBES;SONY MUSIC/VERSAILLES;Albums;Or;20/08/1970;16/09/1997;27 ans 5 mois
COMPILATION;HIT MACHINE VOL 1;SONY MUSIC/VERSAILLES;Albums;Or;20/08/1970;16/09/1997;27 ans 5 mois
MELIMELO;LA DANSE D?HELENE;SONY MUSIC/VERSAILLES;Singles;Or;19/01/1997;16/09/1997;8 mois
MADONNA;DON'T CRY FOR ME ARGENTINA;WEA MUSIC/MAVERICK;Singles;Or;16/01/1997;26/06/1997;5 mois
RICKY MARTiN;MARIA;SONY MUSIC/TRISTAR;Singles;Diamant;13/02/1997;26/06/1997;4 mois
WES;ALANE;SONY MUSIC/SAINT GEORGES;Singles;Diamant;09/05/1997;26/06/1997;1 mois
STEPHAN EICHER;1 000 VIES;POLYGRAM/BARCLAY/ELECTRIC UNICORN;Albums;Or;20/08/1970;25/06/1997;27 ans 2 mois
RED HOT CHILI PEPPER;BLOOD SUGAR SEX MAGIK;W E A MUSIC/WARNER BROS;Albums;Platine;19/08/1970;25/06/1997;27 ans 2 mois
MADONNA;THE IMMACULATE COLLECTION;W E A MUSIC/SIRE WARNER;Albums;Double Platine;19/08/1970;25/06/1997;27 ans 2 mois
RICKY MARTIN;MARIA;SONY MUSIC/TRISTAR;Singles;Diamant;20/08/1970;25/06/1997;27 ans 2 mois
NADA SURF;POPULAR;WEA MUSIC/ELEKTRA;Singles;Or;26/09/1996;25/06/1997;9 mois
MADONNA;DON?T CRY FOR ME ARGENTINA;WEA MUSIC/MAVERICK;Singles;Or;15/01/1997;25/06/1997;5 mois
SPICE GIRLS;SAY YOU'LL BE THERE;VIRGIN France/VIRGIN RECORDS LTD;Singles;Or;29/11/1996;24/06/1997;6 mois
SPICE GIRLS;TWO BECOME ONE;VIRGIN France/VIRGIN RECORDS LTD;Singles;Or;16/12/1996;24/06/1997;6 mois
RAGGASONIC;RAGGASONIC;VIRGIN France;Albums;Or;19/08/1970;23/06/1997;27 ans 2 mois
TERI MOISE;TERI MOISE;VIRGIN France;Albums;Or;20/08/1970;23/06/1997;27 ans 2 mois
THE PIXIES;BOSSANOVA;VIRGIN France/4 A D RECORDS LTD;Albums;Or;19/08/1970;23/06/1997;27 ans 2 mois
SPICE GIRLS;WANNABE;VIRGIN France/VIRGIN RECORDS LTD;Singles;Diamant;20/08/1970;23/06/1997;27 ans 2 mois
AKHENATON;BAD BOYS DE MARSEILLE;VIRGIN France/DELABEL;Singles;Or;19/09/1996;23/06/1997;9 mois
DAFT PUNK;DA FUNK;VIRGIN France/DAFT TRAX;Singles;Or;09/01/1997;23/06/1997;5 mois
DAFT PUNK;AROUND THE WORLD;VIRGIN France/DAFT TRAX;Singles;Or;10/04/1997;23/06/1997;2 mois
COMPILATION;BOYS AND GIRLS;VIRGIN France;Albums;Double or;20/08/1970;23/06/1997;27 ans 2 mois
TERI MOISE;JE SERAI LA;VIRGIN France;Singles;Or;14/11/1996;23/06/1997;7 mois
AKHENATON;METEQUE ET MAT;VIRGIN FRANCE/DELABEL;Albums;Or;24/10/1996;23/06/1997;8 mois
DEPECHE MODE;ULTRA;VIRGIN FRANCE/MUTE RECORDS;Albums;Or;10/04/1997;23/06/1997;2 mois
SPICE GIRLS;SAY YOU?LL BE THERE;VIRGIN France/VIRGIN RECORDS LTD;Singles;Or;20/08/1970;23/06/1997;27 ans 2 mois
IAM;DE LA PLANETE MARS;VIRGIN FRANCE/DELABEL;Albums;Or;28/02/1991;23/06/1997;6 ans 4 mois
JOHN LEE HOOKER;CHILL OUT;VIRGIN France/VIRGIN RECORDS LTD;Albums;Or;16/02/1995;23/06/1997;2 ans 4 mois
AXELLE RED;A TATONS;VIRGIN FRANCE/VIRGIN B;Albums;Or;20/08/1970;23/06/1997;27 ans 2 mois
JAMIROQUAI;EMERGENCY ON PLANET EARTH;SONY MUSIC;Albums;Platine;19/08/1970;27/05/1997;27 ans 1 mois
NTM;PARIS SOUS LES BOMBES;SONY MUSIC/EPIC;Albums;Platine;19/08/1970;27/05/1997;27 ans 1 mois
PASCAL OBISPO;UN JOUR COMME AUJOURD?HUI;SONY MUSIC/EPIC;Albums;Platine;19/08/1970;27/05/1997;27 ans 1 mois
I MUVRINI;BERCY 96;SONY MUSIC/COLUMBIA;Albums;Or;06/06/1996;27/05/1997;11 mois
MANO SOLO;LES ANNEES SOMBRES;EAST WEST France/EAST WEST FRANCE;Albums;Or;23/08/1995;06/05/1997;1 an 8 mois
PAOLO CONTE;BEST OF;EAST WEST France/C.G.D.;Albums;Or;20/08/1970;06/05/1997;27 ans 1 mois
LED ZEPPELIN;REMASTERS - VOL. 1;EAST WEST France/ATLANTIC;Albums;Platine;19/08/1970;06/05/1997;27 ans 1 mois
OPHELIE WINTER;SHAME ON YOU;EAST WEST France;Singles;Or;02/10/1996;06/05/1997;7 mois
THE BRAIDS;BOHEMIAN RHAPSODY;EAST WEST France/ATLANTIC;Singles;Or;05/12/1996;06/05/1997;5 mois
OPHELIE WINTER;NO SOUCY;EAST WEST France;Albums;Platine;20/08/1970;06/05/1997;27 ans 1 mois
WHITE TOWN;YOUR WOMAN;EMI MUSIC France/CHRYSALIS;Singles;Or;21/01/1997;29/04/1997;3 mois
BOF;TRAINSPOTTING;EMI MUSIC France/EMI;Albums;Or;18/02/1996;29/04/1997;1 an 2 mois
2 BE 3;TOUJOUR LA POUR TOI;EMI MUSIC France/DLA;Singles;Or;13/01/1997;09/04/1997;2 mois
SUPERTRAMP;SOME THINGS NEVER CHANGE;EMI MUSIC France;Albums;Or;20/08/1970;08/04/1997;27 ans
SUPERTRAMP;SOME THING NEVER CHANGE;EMI MUSIC France;Albums;Double or;20/08/1970;08/04/1997;27 ans
2 BE 3;TOUJOURS LA POUR TOI;EMI MUSIC France/DLA;Singles;Or;12/01/1997;08/04/1997;2 mois
ALAIN SOUCHON;20 SUR 20;BMG France/R.C.A.;Albums;Platine;19/08/1970;18/03/1997;26 ans 11 mois
NATIVE;;BMG France/ARIOLA;Albums;Platine;19/08/1970;18/03/1997;26 ans 11 mois
QUEEN;THE BEST 1;EMI MUSIC France/PARLOPHONE;Albums;Or;20/08/1970;12/03/1997;26 ans 11 mois
QUEEN;THE BEST 2;EMI Music France/PARLOPHONE;Albums;Or;20/08/1970;12/03/1997;26 ans 11 mois
DICK RIVERS;VERY DICK;EMI Music France;Albums;Or;02/05/1994;12/03/1997;2 ans 10 mois
SEPULTURA;ROOTS;MUSIDISC/Roadrunner;Albums;Or;20/08/1970;25/02/1997;26 ans 10 mois
ALLIAGE;BAILA;MERCURY/BAXTER;Singles;Or;08/11/1996;19/02/1997;3 mois
THE FUGEES;THE SCORE;SONY MUSIC/COLUMBIA;Albums;Diamant;20/08/1970;18/02/1997;26 ans 10 mois
DAN AR BRAZ;EN CONCERT;SONY MUSIC/COLUMBIA;Vidéos;Or;19/08/1970;18/02/1997;26 ans 10 mois
COMPILATION;BOULEVARD DES SLOWS;SONY MUSIC;Albums;Or;20/08/1970;18/02/1997;26 ans 10 mois
COMPILATION;DANCE CLUB 2;SONY MUSIC;Albums;Or;20/08/1970;18/02/1997;26 ans 10 mois
COMPILATION;Les hits des discoth;SONY MUSIC;Albums;Or;20/08/1970;18/02/1997;26 ans 10 mois
COMPILATION;HITS 96;SONY MUSIC;Albums;Or;20/08/1970;18/02/1997;26 ans 10 mois
KHALED;AICHA;POLYGRAM/BARCLAY/BARCLAY;Singles;Diamant;20/08/1970;15/01/1997;26 ans 9 mois
COMPILATION;DANCE 96;Polygram Distribution;Albums;Or;20/08/1970;15/01/1997;26 ans 9 mois
COMPILATION;La + grande discoth;Polygram Distribution/SCORPIO MUSIC;Albums;Double or;20/08/1970;15/01/1997;26 ans 9 mois
LUCIANO PAVAROTTI;SUBLIME PAVAROTTI;POLYGRAM/DECCA;Albums;Or;07/11/1996;13/01/1997;2 mois
ETIENNE DAHO;DAHOLYMPIA;VIRGIN FRANCE;Albums;Double or;31/10/1993;17/12/1996;3 ans 2 mois
DIDIER BARBELIVIEN;CHANTE;SONY;Albums;Or;01/01/1986;11/12/1996;11 ans 1 mois
STEPHAN EICHER;1000 VIES;ELECTRIC UNICORN/POLYGRAM/MERCURY;Albums;Or;24/11/1996;24/11/1996;
WORLDS APART;24 heures avec WORLDS APART;D.L.A./EMI MUSIC France;Vidéos;Platine;17/11/1996;17/11/1996;
COMPILATION;BEST OF LOVE VOL.3;VERSAILLES/SONY MUSIC;Albums;Or;14/11/1996;14/11/1996;
DIVERS;LA SOIREE DES ENFOIRES;RESTOS DU C?UR/WEA MUSIC;Albums;Or;14/11/1996;14/11/1996;
MICHEL JONASZ;SOUL MUSIC AIRLINES;EMI MUSIC France;Albums;Or;11/11/1996;11/11/1996;
COMPILATION;POWER HITS;VIRGIN France;Albums;Or;09/11/1996;09/11/1996;
MICHAEL JACKSON;EARTH SONG;SONY MUSIC/SONY MUSIC;Singles;Or;09/11/1995;09/11/1996;1 an
ENIGMA;LE ROI EST MORT VIVE LE ROI;VIRGIN SCHALLPLATEN/VIRGIN France;Albums;Or;09/11/1996;09/11/1996;
ETIENNE DAHO;EDEN;VIRGIN France;Albums;Or;09/11/1996;09/11/1996;
JACQUES BREL;QUAND ON N?A QUE L?AMOUR;BARCLAY;Albums;Or;07/11/1996;07/11/1996;
JIMMY CLIFF;HIGHER AND HIGHER;ISLAND/POLYGRAM;Albums;Or;07/11/1996;07/11/1996;
KHALED;SAHRA;BARCLAY;Albums;Or;07/11/1996;07/11/1996;
NOIR DESIR;666.667 CLUB;BARCLAY;Albums;Or;07/11/1996;07/11/1996;
BIG SOUL;BIG SOUL;VERSAILLES/SONY MUSIC;Albums;Or;29/10/1996;29/10/1996;
PASCAL OBISPO;SUPERFLU;EPIC/SONY MUSIC;Albums;Or;24/10/1996;24/10/1996;
COMPILATION;LE TOP DJ VOL8;SONY MUSIC;Albums;Or;23/10/1996;23/10/1996;
STARMANIA;STARMANIA + KARAOKE;APACHE/WEA/WEA MUSIC;Albums;Double or;17/10/1996;17/10/1996;
CELINE DION;LIVE A PARIS;COLUMBIA/SONY MUSIC;Albums;Platine;17/10/1996;17/10/1996;
JOE COCKER;ORGANIC;CAPITOL/EMI MUSIC France;Albums;Or;13/10/1996;13/10/1996;
DONNA LEWIS;I LOVE YOU ALWAYS FOREVER;ATLANTIC/EAST WEST France;Singles;Or;10/10/1996;10/10/1996;
SPICE GIRLS;SPICE;VIRGIN RECORDS LTD/VIRGIN FRANCE;Albums;Double or;09/10/1996;09/10/1996;
ALLIANCE ETHNIK;HONESTY AND JALOUSY;DELABEL;Singles;Or;09/10/1996;09/10/1996;
COMPILATION;POWER HITS VOL. 2;EAST WEST France;Albums;Or;27/06/1996;27/06/1996;
NAS;IT WAS WRITTEN;COLUMBIA/SONY MUSIC;Albums;Or;27/06/1996;27/06/1996;
COMPILATION;LA FETE DE LA CHANSON FRANCAISE;POLYGRAM Projets Sp;Albums;Double or;20/06/1996;20/06/1996;
THE FUGEES;KILLING ME SOFTLY;SONY MUSIC/SONY MUSIC;Singles;Platine;19/06/1996;19/06/1996;
KHADJA NIN;SAMBOLERA;VOGUE/BMG France;Singles;Or;17/06/1996;17/06/1996;
LES SCHTROUMPFS;LA SCHTROUMPF PARTY;France T;Albums;Or;17/06/1996;17/06/1996;
METALLICA;LOAD;MERCURY/FONTANA/MERCURY;Albums;Or;17/06/1996;17/06/1996;
ALANIS MORISSETTE;IRONIC;MAVERICK/WEA MUSIC;Singles;Or;16/06/1996;16/06/1996;
ABBA;ABBA GOLD;POLYGRAM/POLYDOR/POLYGRAM INTER;Albums;Diamant;20/09/1992;13/06/1996;3 ans 9 mois
ROBERT MILES;FABLE;HAPPY MUSIC/SONY MUSIC;Singles;Or;11/06/1996;11/06/1996;
SPICE GIRLS;WANNABE;VIRGIN RECORDS LTD/VIRGIN FRANCE;Singles;Platine;10/06/1996;10/06/1996;
CARAPICHO;FIESTA DI BUMBOI;RCA/BMG France;Albums;Platine;09/06/1996;09/06/1996;
BBE;SEVEN DAYS ANDONE WEEK;TRIANGLE RCDS/VIRGIN France;Singles;Or;09/06/1996;09/06/1996;
BEAT SYSTEM;FRESH;DLA/EMI MUSIC France;Singles;Or;09/06/1996;09/06/1996;
COMPILATION;DREAM WORLD;SONY MUSIC;Albums;Or;06/06/1996;06/06/1996;
BARBARA HENDRICKS;LA VOIX DU CIEL;SEMI FRANCE/EMI CLASSIC;Albums;Platine;24/10/1993;06/06/1996;2 ans 7 mois
COMPILATION;BEST OF LOVE 2;VERSAILLES/SONY MUSIC;Albums;Or;05/06/1996;05/06/1996;
MARK MORRISSON;RETURN OF THE MACK;WEA U.K./WEA MUSIC;Singles;Or;03/06/1996;03/06/1996;
CARRAPICHO;TIC TIC TAC;RCA/BMG France;Singles;Diamant;03/06/1996;03/06/1996;
KHADJA NIN;SAMBOLERO;VOGUE/BMG France;Albums;Or;02/06/1996;02/06/1996;
DREAM FILES;COMPILATION DREAM MUSIC;DO IT MUSIC/WEA MUSIC;Albums;Or;30/05/1996;30/05/1996;
BORIS;MISS CAMPING;SONY MUSIC;Singles;Or;29/05/1996;29/05/1996;
GLORIA ESTEFAN;YOU WILL BE MINE;SONY MUSIC/EPIC;Singles;Or;06/11/1996;27/05/1996;5 mois
MICHEL POLNAREFF;LIVE AT THE ROXY;SONY MUSIC;Albums;Platine;22/05/1996;22/05/1996;
OPHELIE WINTER;NO SOUCY;EAST WEST France;Albums;Double or;21/05/1996;21/05/1996;
VANGELIS;PORTRAITS;REMARK/POLYGRAM;Albums;Or;11/03/1996;11/03/1996;
COMPILATION;ULTRA TECHNO VOL.1;INDEPENDANCE/VIRGIN France;Albums;Or;09/03/1996;09/03/1996;
CELINE DION;FALLING INTO YOU;COLUMBIA/SONY MUSIC;Albums;Double Platine;06/03/1996;06/03/1996;
COMPILATION;GENERATION DISCO;ARIOLA/BMG;Singles;Or;03/03/1996;03/03/1996;
COMPILATION;DANCE MACHINE 8;AIRPLAY/POLYGRAM Distribution;Albums;Double or;03/03/1996;03/03/1996;
E. TYPE;MADE IN SWEDEN;POLYDOR INTERNATIONAL/POLYDOR;Albums;Or;03/03/1996;03/03/1996;
BABYLON ZOO;SPACEMAN;EMI/EMI MUSIC France;Singles;Or;01/03/1996;01/03/1996;
WORLDS APART;BABY COME BACK;D.L.A./EMI France;Singles;Or;01/03/1996;01/03/1996;
COMPILATION;LES NUITS TRANCE VOL. 4;SCORPIO HOT TRACKS/SONY MUSIC;Albums;Or;29/02/1996;29/02/1996;
DIVERS;LES PLUS BELLES CHANSONS FRANCAISES;EDITIONS ATLAS/NMPP;Albums;Or;29/02/1996;29/02/1996;
BILLY PAUL;THE VERY BEST OF BILLY PAUL;SONY MUSIC;Albums;Platine;16/11/1994;27/02/1996;1 an 3 mois
ROBERT MILES;CHILDREN;HAPPY MUSIC/SONY MUSIC;Singles;Platine;26/02/1996;26/02/1996;
INDOCHINE;UNITA LE BEST OF;ARIOLA/BMG France;Albums;Or;18/02/1996;18/02/1996;
DIVERS;LES PLUS BELLES CHANSONS FRANCAISE 1967;EDITIONS ATLAS/NMPP;Albums;Double or;15/02/1996;15/02/1996;
MARIAH CAREY;ONE SWEET DAY;SONY MUSIC;Singles;Or;14/02/1996;14/02/1996;
COMPILATION;NUMERO 1 DANCE;POLYGRAM Distribution;Albums;Or;12/02/1996;12/02/1996;
LES ENFOIRES;BEST OF ENFOIRES;WEA/WEA MUSIC;Albums;Platine;11/02/1996;11/02/1996;
3 T;ANYTHING;SONY MUSIC;Singles;Or;07/02/1996;07/02/1996;
JANE BIRKIN;VERSIONS JANE;MERCURY;Albums;Or;05/02/1996;05/02/1996;
DIVERS;Les plus belles chansons fran;EDITIONS ATLAS/NMPP;Albums;Platine;01/02/1996;01/02/1996;
COMPILATION;POWER HITS VOL. 1;EAST WEST France;Albums;Or;01/02/1996;01/02/1996;
NTM;LA VIDEO;EPIC/SONY MUSIC;Albums;Or;01/02/1996;01/02/1996;
COMPILATION;HAPPY MORNING;MC DONALD?S/P.P.S;Singles;Or;20/08/1970;30/01/1996;25 ans 9 mois
DIVERS;Les plus belles chansons fran;EDITIONS ATLAS/NMPP;Albums;Triple Platine;18/01/1996;18/01/1996;
ACE OF BASE;THE BRIDGE;METRONOME/BARCLAY;Albums;Platine;29/10/1995;12/01/1996;2 mois
COMPILATION;LES PLUS BELLES VOIX DU QUEBEC;SONY MUSIC;Albums;Or;11/01/1996;11/01/1996;
RECIPROK;BALANCE TOI;SONY MUSIC;Singles;Or;10/01/1996;10/01/1996;
GEORGE MICHAEL;JESUS TO A CHILD;VIRGIN RECORDS LTD/VIRGIN France;Singles;Or;09/01/1996;09/01/1996;
BLUES BROTHERS;THE VERY BEST OF;EAST WEST/ATLANTIC;Albums;Or;17/04/1995;08/01/1996;8 mois
MANO NEGRA;IN THE HELL OF PATCHINKO;VIRGIN FRANCE;Albums;Or;31/10/1992;20/12/1995;3 ans 2 mois
RENAUD;THE MEILLEUR OF RENAUD;VIRGIN FRANCE/VIRGIN France;Albums;Or;09/06/1995;20/12/1995;6 mois
SIMPLE MINDS;GOOD NEWS FROM THE NEXT WORLD;VIRGIN FRANCE/VIRGIN RECORDS LTD;Albums;Or;09/01/1995;20/12/1995;11 mois
THE ROLLING STONES;STRIPPED;VIRGIN FRANCE/VIRGIN BENELUX B.V.;Albums;Or;09/11/1995;20/12/1995;1 mois
ALLIANCE ETHNIK;SIMPLET ET FUNKY;VIRGIN FRANCE/DELABEL;Albums;Double or;09/02/1995;20/12/1995;10 mois
AXELLE RED;SANS PLUS ATTENDRE;VIRGIN FRANCE/VIRGIN BENELUX;Albums;Double or;09/10/1993;20/12/1995;2 ans 2 mois
JANET JACKSON;JANET;VIRGIN FRANCE/VIRGIN RECORDS LTD;Albums;Double or;09/05/1993;20/12/1995;2 ans 7 mois
JANET JACKSON;WHOOPS NOW;VIRGIN FRANCE/VIRGIN RECORDS LTD;Singles;Or;09/02/1995;20/12/1995;10 mois
K O D;CHACUN SA ROUTE;VIRGIN France/VIRGIN FRANCE ICE FILMS;Singles;Or;09/12/1994;20/12/1995;1 an
ALAIN SOUCHON;DEFOULE SENTIMENTALE;VIRGIN FRANCE;Albums;Or;09/10/1995;20/12/1995;2 mois
BARBARA HENDRICKS;CHANTS DE NOEL;EMI France/EMI CLASSICS;Albums;Or;09/11/1995;18/12/1995;1 mois
ELTON JOHN;LOVE SONGS;MERCURY/ROCKET;Albums;Platine;06/11/1995;18/12/1995;1 mois
QUEEN;CHAMPIONS OF THE WORLD;EMI FRANCE/P M I;Vidéos;Or;26/11/1995;18/12/1995;
JIMMY CLIFF & LEBO M.;RHYTHM OF THE PRIDE LANDS;SONY MUSIC/The Wald Disney Cie France;Albums;Or;09/05/1995;18/12/1995;7 mois
COMPILATION;LA FIEVRE DU DISCO AU ZENITH;WEA;Albums;Or;22/08/1995;12/12/1995;3 mois
REM;OUT OF TIME;WEA/WARNER BROS;Albums;Double Platine;10/03/1991;12/12/1995;4 ans 9 mois
FRANCE GALL;LES ANNEES MUSIQUE;WEA/COLLINE/APACHE;Albums;Or;18/02/1990;12/12/1995;5 ans 10 mois
FRANCE GALL;LES PLUS BELLES CHANSONS;WEA/COLLINE/APACHE;Albums;Or;22/03/1994;12/12/1995;1 an 9 mois
GOLD;LES PLUS GRANDS SUCCES;WEA;Albums;Or;23/05/1995;12/12/1995;6 mois
ELIE;LES PETITES ANNONCES;WEA;Vidéos;Or;23/11/1995;12/12/1995;
VERONIQUE SANSON;PORTRAIT;WEA;Vidéos;Or;14/11/1994;12/12/1995;1 an 1 mois
VERONIQUE SANSON;COMME ILS L'IMAGINENT;WEA;Vidéos;Or;13/04/1995;12/12/1995;8 mois
ELIE;LES PETITES ANNONCES Vol 1;WEA;Vidéos;Platine;26/04/1995;12/12/1995;7 mois
MIMIE MATHIE;AU SPLENDID;WEA;Vidéos;Platine;21/09/1995;12/12/1995;2 mois
MADONNA;SOMETHING TO REMEMBER;WEA/SIRE WARNER;Albums;Or;02/11/1995;12/12/1995;1 mois
RED HOT CHILI PEPERS;ONE HOT MINUTE;WEA/WARNER BROS;Albums;Or;06/09/1995;12/12/1995;3 mois
STARMANIA 88;STARMANIA 88;WEA/APACHE/WEA;Albums;Or;18/10/1995;12/12/1995;1 mois
FRANCE GALL;DEBRANCHEE A BERCY;WEA/APACHE;Albums;Double or;28/10/1993;12/12/1995;2 ans 1 mois
SERGE REGGIANI;SERGE REGGIANI;POLYGRAM DIST;Albums;Or;;03/12/1995;26 ans 3 mois
2 UNLIMITED;REAL THINGS;POLYGRAM DIST;Albums;Double or;11/05/1993;03/12/1995;2 ans 7 mois
CLAUDE FRANCOIS;CLAUDE FRANCOIS;POLYGRAM DIST.;Albums;Double or;30/09/1990;03/12/1995;5 ans 3 mois
CLAUDE FRANCOIS;COMPILATION;POLYGRAM DIST./POLYGRAM DIST;Albums;Double or;16/10/1995;03/12/1995;1 mois
COMPILATION;DANCE MACHINE VOL 7;POLYGRAM DIST./AIRPLAY;Albums;Double or;06/11/1995;03/12/1995;
DANIEL BALAVOINE;DANIEL BALAVOINE;POLYGRAM DIST.;Albums;Double or;28/02/1985;03/12/1995;10 ans 11 mois
DANIEL BALAVOINE;DANIEL BALAVOINE Vol.2;POLYGRAM DIST.;Albums;Double or;03/05/1992;03/12/1995;3 ans 7 mois
JEAN FERRAT;JEAN FERRAT VOL.1;POLYGRAM DIST.;Albums;Double or;11/06/1985;03/12/1995;10 ans 7 mois
JOHNNY HALLYDAY;JOHNNY HALLYDAY Vol.1;POLYGRAM DIST/POLYGRAM DIST.;Albums;Double or;04/10/1987;03/12/1995;8 ans 3 mois
MAXIME LEFORESTIER;MAXIME LEFORESTIER;POLYGRAM DIST.;Albums;Double or;17/11/1985;03/12/1995;10 ans 2 mois
RENAUD;RENAUD;POLYGRAM DIST.;Albums;Double or;05/05/1983;03/12/1995;12 ans 9 mois
SERGE GAINSBOURG;SERGE GAINSBOURG Vol.2;POLYGRAM DIST.;Albums;Double or;31/01/1988;03/12/1995;7 ans 11 mois
WILLIAM SHELLER;WILLIAM SHELLER;POLYGRAM DIST.;Albums;Double or;04/10/1987;03/12/1995;8 ans 3 mois
YVES MONTAND;YVES MONTAND;POLYGRAM DIST.;Albums;Double or;11/06/1985;03/12/1995;10 ans 7 mois
BARBARA;BARBARA;POLYGRAM DIST.;Albums;Platine;09/02/1986;03/12/1995;9 ans 11 mois
VUILLEMIN;LES SALES BLAGUES;SONY MUSIC;Albums;Or;30/11/1995;30/11/1995;
BORIS;BORIS;SONY MUSIC;Albums;Or;29/11/1995;29/11/1995;
BON JOVI;THESE DAYS;MERCURY;Albums;Or;19/06/1995;27/11/1995;5 mois
ELTON JOHN;MADE IN ENGLAND;MERCURY/ROCKET;Albums;Or;20/03/1995;27/11/1995;8 mois
FLORENT PAGNY;BIENVENUE CHEZ MOI;MERCURY;Albums;Or;25/09/1995;27/11/1995;2 mois
RENAUD;THE MEILLEUR OF;POLYDOR;Albums;Or;11/06/1995;27/11/1995;5 mois
FREDERIC FRANCOIS;LES PLUS BELLES CHANSONS NAPOLITAINES;MBM Records/BMG France;Albums;Or;26/11/1995;26/11/1995;
B.O.F.;TALONS AIGUILLES;ISLAND;Albums;Or;03/02/1992;22/11/1995;3 ans 10 mois
BOB MARLEY & THE WAILERS;NATURAL MUSTIC SAMPLES;ISLAND;Albums;Or;21/05/1995;22/11/1995;6 mois
BOB MARLEY & THE WAILERS;SURVIVAL;ISLAND;Albums;Or;07/01/1990;22/11/1995;5 ans 11 mois
BOB MARLEY & THE WAILERS;RASTAMAN;ISLAND;Albums;Or;07/01/1990;22/11/1995;5 ans 11 mois
BOB MARLEY & THE WAILERS;EXODUS;ISLAND;Albums;Or;07/01/1990;22/11/1995;5 ans 11 mois
BOB MARLEY & THE WAILERS;KAYA;ISLAND;Albums;Or;28/01/1990;22/11/1995;5 ans 10 mois
BOB MARLEY & THE WAILERS;UPRISING;ISLAND;Albums;Or;07/01/1990;22/11/1995;5 ans 11 mois
U 2;ZOOROPA;ISLAND;Albums;Platine;05/07/1993;22/11/1995;2 ans 5 mois
COMPILATION;FLASHBACK - LES ANNEES DISCO;SONY MUSIC;Albums;Or;22/06/1995;08/11/1995;4 mois
COMPILATION;PLUS DE DANCE - VOL. 3;SONY MUSIC;Albums;Or;17/08/1995;08/11/1995;2 mois
COMPILATION;BOULEVARD DES HITS VOL. 20;SONY MUSIC;Albums;Or;19/04/1995;08/11/1995;6 mois
COMPILATION;RESERVOIR ROCK;SONY MUSIC;Albums;Or;22/08/1995;08/11/1995;2 mois
COMPILATION;CULTURE DANCE - VOL. 8;SONY MUSIC;Albums;Or;17/08/1995;08/11/1995;2 mois
WHAM;THE FINAL;SONY MUSIC;Albums;Platine;29/06/1986;08/11/1995;9 ans 5 mois
DEEP FOREST;BOHEME;SONY MUSIC;Albums;Or;10/05/1995;08/11/1995;6 mois
BRUCE SPRINGSTEEN;ANTHOLOGY 1978-1988;SONY MUSIC;Vidéos;Or;02/03/1989;08/11/1995;6 ans 9 mois
FRANCIS CABREL;LE SPECTACLE ACOUSTIQUE;SONY MUSIC;Vidéos;Or;02/12/1992;08/11/1995;2 ans 11 mois
IL ETAIT UNE FOIS L'HOMME;N;SONY MUSIC;Vidéos;Or;13/09/1990;08/11/1995;5 ans 2 mois
JEAN FERRAT;PUBLIC;SONY MUSIC/TEMEY;Vidéos;Or;24/11/1993;08/11/1995;1 an 11 mois
JOE DASSIN;DE L'AMERIQUE AUX CHAPS ELYSEES;SONY MUSIC;Vidéos;Or;08/08/1995;08/11/1995;3 mois
PATRICIA KAAS;TOUR DE CHARME;SONY MUSIC;Vidéos;Or;23/11/1994;08/11/1995;11 mois
STEVE RAY VAUGHAN;LIVE AT MOCAMBO;SONY MUSIC;Vidéos;Or;25/02/1992;08/11/1995;3 ans 9 mois
FREDERIC FRANCOIS;OLYMPIA 90;SONY MUSIC/TREMA;Vidéos;Platine;31/12/1991;08/11/1995;3 ans 10 mois
MICHEL LEEB;CASINO DE PARIS 94;SONY MUSIC/FRANCIS DREYFUS MUSIC;Vidéos;Platine;09/11/1994;08/11/1995;1 an
JEAN-JACQUES GOLDMAN;TRACES;SONY MUSIC;Vidéos;Double Platine;18/05/1989;08/11/1995;6 ans 6 mois
CHEVALLIER & LASPALES;AU THEATRE DES NOUVEAUTES;SONY MUSIC;Vidéos;Triple Platine;04/07/1991;08/11/1995;4 ans 4 mois
CINDY CRAWFORD;SHAPE YOUR BODY;SONY MUSIC;Vidéos;Triple Platine;02/12/1992;08/11/1995;2 ans 11 mois
JEAN-JACQUES GOLDMAN;CLIPS 1981 - 1989;SONY MUSIC;Vidéos;Triple Platine;18/05/1989;08/11/1995;6 ans 6 mois
JEAN-JACQUES GOLDMAN;CARNET DE ROUTE;SONY MUSIC;Vidéos;Triple Platine;24/09/1987;08/11/1995;8 ans 2 mois
LE TRIOMPHE DE BABAR;LE TRIOMPHE DE BABAR;SONY MUSIC;Vidéos;Triple Platine;21/10/1991;08/11/1995;4 ans 1 mois
MICHAEL JACKSON;HISTORY;SONY MUSIC;Vidéos;Triple Platine;15/06/1995;08/11/1995;4 mois
LA VIE PRIVEE DES ANIMAUX;LA VIE PRIVEE DES ANIMAUX;SONY MUSIC/MARTINEZ & STUDIOS LAVABO;Vidéos;Diamant;17/05/1990;08/11/1995;5 ans 6 mois
LES INCONNUS;AU SECOURS ! TOUT VA MIEUX;SONY MUSIC/PROD. PAUL LERDERMAN;Vidéos;Diamant;07/12/1989;08/11/1995;6 ans
LES INCONNUS;ISABELLE A LES YEUX BLEUS;SONY MUSIC/PROD. PAUL LEDERMAN;Vidéos;Diamant;17/10/1990;08/11/1995;5 ans 1 mois
SUPREME NTM;PARIS SOUS LES BOMBES;SONY MUSIC;Albums;Or;27/03/1995;08/11/1995;7 mois
BRUCE SPRINGSTEEN;THE GHOST OF TOM JOAD;SONY MUSIC;Albums;Or;08/11/1995;08/11/1995;
JULIO IGLESIAS;JUGLIO;SONY MUSIC;Albums;Double or;10/05/1990;08/11/1995;5 ans 6 mois
DIANA KING;SHY GUY;SONY MUSIC;Singles;Or;15/05/1995;08/11/1995;5 mois
JEAN-JACQUES GOLDMAN;TOURS ET DETOURS;SONY MUSIC;Vidéos;Platine;04/10/1995;04/10/1995;
URBAN SPECIES;LISTEN;MERCURY/RONDOR MUSIC;Albums;Or;25/04/1994;04/10/1995;1 an 5 mois
SAMSON FRANCOIS;CHOPIN VALSES;EMI FRANCE/EMI CLASSICS;Albums;Or;09/02/1964;03/10/1995;32 ans 1 mois
BONNE NUIT LES PETITS;BONNE NUIT LES PETITS;France T;Albums;Or;02/10/1995;02/10/1995;
CHARLES AZNAVOUR;PALAIS DES CONGRES 94;EMI BOVEMA/EMI MUSIC France;Albums;Double or;28/09/1995;28/09/1995;
MARIAH CAREY;DAYDREAM;SONY MUSIC;Albums;Platine;28/09/1995;28/09/1995;
GARBAGE;GARBAGE;MUSHROOM/BMG RANCE;Albums;Or;28/09/1995;28/09/1995;
MAXIME LE FORESTIER;PASSER MA ROUTE;POLYDOR/COINCIDENCES;Albums;Or;19/06/1995;27/09/1995;3 mois
MARC LAVOINE;BEST OF;AVREP/BMG France;Albums;Double or;24/09/1995;24/09/1995;
MICHAEL BOLTON;HITS 85 95;SONY MUSIC;Albums;Or;21/09/1995;21/09/1995;
COMPILATION;DOLCE ITALIA;BMG FRANCE/RCA;Albums;Or;26/03/1995;20/09/1995;5 mois
PATRICK TIMSIT;AU PALAIS DES GLACES;BMG FRANCE/BMG VIDEO;Vidéos;Platine;28/11/1993;20/09/1995;1 an 10 mois
COMPILATION;DANCE CONTACT 3;BMG FRANCE/RCA;Albums;Double or;25/06/1995;20/09/1995;2 mois
SHAGGY;BOMBASTIC;VIRGIN RECORDS LTD/DELABEL;Singles;Or;09/09/1995;09/09/1995;
LENNY KRAVITZ;CIRCUS;VIRGIN RECORDS AMERICA/VIRGIN France;Albums;Or;09/09/1995;09/09/1995;
BLUR;THE GREAT ESCAPE;FOOD/EMI France;Albums;Or;07/09/1995;07/09/1995;
COMPILATION;DANCE MACHINE 6;POLYGRAM DISTRIBUTION/AIRPLAY RECORDS;Albums;Platine;21/05/1995;06/09/1995;3 mois
RED HOT CHILI PEPPERS;ONE HOT MINUTE;WARNER BROS/WEA MUSIC;Albums;Platine;06/09/1995;06/09/1995;
LES SCHTROUMPFS;SCHTROUMPF PARTY;POLYGRAM DIST/France T;Albums;Or;19/06/1995;06/09/1995;2 mois
COMPILATION;GRANDE DISCOTHEQUE DU MONDE Vol 10;POLYGRAM DISTRIBUTION/SCORPIO MUSIC;Albums;Double or;02/05/1995;06/09/1995;4 mois
LA BOUCHE;BE MY LOVER;POLYGRAM DISTRIBUTION/SCORPIO MUSIC;Singles;Or;06/03/1995;06/09/1995;6 mois
LES SCHTROUMPFS;NO NO NO (limit);Polygram Distribution/France T;Singles;Or;25/06/1995;06/09/1995;2 mois
JOHN LENNON;JOHN LENNON COLLECTION;EMI FRANCE/PARLOPHONE;Albums;Platine;19/10/1994;28/08/1995;10 mois
COMPILATION;CLUB DES CLUBS 4;EMI FRANCE;Albums;Or;27/06/1995;28/08/1995;2 mois
BUCKETHEADS;THE BOMB;EMI FRANCE/POSITIVA;Singles;Or;22/03/1995;28/08/1995;5 mois
MICHEL BERGER;BEST OF 18 TITRES;WEA MUSIC/COLLINE/APACHE;Albums;Platine;25/10/1994;21/08/1995;10 mois
COMPILATION;TOP DES TOPS Vol 7;SONY MUSIC;Albums;Or;29/03/1995;21/08/1995;4 mois
STARMANIA;MOGADOR 94;WEA MUSIC/GILBERT COULLIER;Albums;Platine;24/02/1994;21/08/1995;1 an 6 mois
BERNARD LAVILLIERS;CHAMPS DU POSSIBLE V.2;BBC BARCLAY/BARCLAY;Albums;Or;21/08/1995;21/08/1995;
ZUCCHERO;SPIRITO DI VINO;POLYDOR International/POLYDOR;Albums;Platine;05/06/1995;05/06/1995;
I MUVRINI;CURAGIU;COLUMBIA/SONY MUSIC;Albums;Or;01/06/1995;01/06/1995;
SISTER QUEEN;LET ME BE A DRAG QUEEN;BAX Dance & Elliot Music/POLYGRAM Distribution;Singles;Or;24/04/1995;24/04/1995;
COMPILATION;SACREE FIESTA;ARIOLA/BMG France;Albums;Or;23/04/1995;23/04/1995;
BANGLES;EVERYTHING;SONY MUSIC;Albums;Or;23/10/1988;19/04/1995;6 ans 6 mois
BOB DYLAN;GREATEST HITS;SONY MUSIC;Albums;Or;04/01/1989;19/04/1995;6 ans 4 mois
DIVERS;VIVE LA FETE;SONY MUSIC;Albums;Platine;27/11/1988;19/04/1995;6 ans 5 mois
JULIO IGLESIAS;L'AMOUR CREA LA FEMME;SONY MUSIC;Albums;Platine;13/09/1982;19/04/1995;12 ans 9 mois
COMPILATION;L'AME DU GOSPEL;SONY MUSIC;Albums;Or;23/11/1994;19/04/1995;4 mois
COMPILATION;BLD DES SLOWS 6;SONY MUSIC;Albums;Or;23/06/1993;19/04/1995;1 an 10 mois
SADE;PROMISE;SONY MUSIC;Albums;Platine;13/03/1990;19/04/1995;5 ans 2 mois
COMPILATION;RYTHM & BLACK;SONY MUSIC;Albums;Or;20/02/1991;19/04/1995;4 ans 2 mois
SANTANA;ABRAXAS;SONY MUSIC;Albums;Platine;30/09/1970;19/04/1995;24 ans 10 mois
SIMON & GARFUNKEL;BRIDGE OVER TROUBLED WATER;SONY MUSIC;Albums;Platine;28/02/1970;19/04/1995;25 ans 6 mois
TOTO;TOTO IV;SONY MUSIC;Albums;Platine;30/10/1986;19/04/1995;8 ans 7 mois
COCK ROBIN;THE VERY BEST OF;SONY MUSIC;Albums;Double Platine;15/01/1992;19/04/1995;3 ans 3 mois
JACQUES DUTRONC;DUTRONC AU CASINO DE PARIS;SONY MUSIC;Albums;Double Platine;13/12/1992;19/04/1995;2 ans 4 mois
CYNDI LAUPER;SHE'S SO UNUSUAL;SONY MUSIC;Albums;Or;09/03/1989;19/04/1995;6 ans 2 mois
JULIO IGLESIAS;AIMER LA VIE;SONY MUSIC;Albums;Double Platine;20/04/1978;19/04/1995;17 ans 2 mois
JULIO IGLESIAS;FIDELE;SONY MUSIC;Albums;Double Platine;18/05/1981;19/04/1995;14 ans 1 mois
DAVE;20 ANS DE CARRIERE;SONY MUSIC;Albums;Or;05/01/1995;19/04/1995;3 mois
SADE;STRONGER THAN PRIDE;SONY MUSIC;Albums;Double Platine;26/04/1988;19/04/1995;7 ans
SIMON & GARFUNKEL;COLLECTION;SONY MUSIC;Albums;Double Platine;18/09/1990;19/04/1995;4 ans 7 mois
FRANCIS CABREL;COFFRET;SONY MUSIC;Albums;Or;05/11/1990;19/04/1995;4 ans 6 mois
JEAN-JACQUES GOLDMAN;POSITIF;SONY MUSIC;Albums;Diamant;11/01/1984;19/04/1995;11 ans 5 mois
JULIO IGLESIAS;SENTIMENTAL;SONY MUSIC;Albums;Diamant;07/05/1980;19/04/1995;15 ans 2 mois
SIMON & GARFUNKEL;LIVE IN CENTRAL PARL;SONY MUSIC;Albums;Diamant;14/02/1982;19/04/1995;13 ans 4 mois
HARRY CONNICK Jr;BLUE LIGHT RED LIGHT;SONY MUSIC;Albums;Or;02/10/1991;19/04/1995;3 ans 7 mois
J-J GOLDMAN;COFFRET;SONY MUSIC;Albums;Or;05/11/1990;19/04/1995;4 ans 6 mois
PREFAB SPROUT;FROM LANGLEY PARK;SONY MUSIC;Albums;Or;10/03/1988;19/04/1995;7 ans 2 mois
B.O.F.;WEST SIDE STORY;SONY MUSIC;Albums;Platine;31/01/1963;19/04/1995;32 ans 8 mois
COMPILATION;DANCE MACHINE VOL 5;POLYGRAM DISTRIBUTION/AIRPLAY;Albums;Platine;23/01/1995;11/04/1995;2 mois
BILLY ZE KICK & LES GAMINS EN FOLIE;MANGEZ MOI MANGEZ MOI !;POLYGRAM/SHAMAN;Singles;Or;18/04/1994;05/04/1995;11 mois
SHERYL CROW;TUESDAY NIGHT MUSIC CLUB;POLYDOR/A&M RECORDS;Albums;Or;10/01/1994;04/04/1995;1 an 2 mois
CELINE DION;D?AMOUR OU D?AMITIE;COLUMBIA/SONY MUSIC;Albums;Or;04/04/1995;04/04/1995;
BILLY ZE KICK & LES GAMINS EN FOLIE;MANGEZ-MOI MANGEZ-MOI !;POLYGRAM/SHAMAN;Singles;Or;17/04/1994;04/04/1995;11 mois
BILLY ZE KICK ET LES GAMINS EN FOLIE;BILLY ZE KICK ET LES GAMINS EN FOLIE;POLYGRAM/SHAMAN;Albums;Platine;16/05/1994;04/04/1995;10 mois
COMPILATION;CLUB DES CLUBS VOL3;EMI FRANCE;Albums;Or;14/02/1995;02/04/1995;1 mois
DEEP PURPLE;SMOKE ON THE WATER;EMI France/EMI FRANCE;Albums;Or;19/07/1994;02/04/1995;8 mois
20 FINGERS;SHORT DICK MAN;EMI FRANCE/MASCOTTE MUSIC;Singles;Or;02/10/1994;02/04/1995;6 mois
REGG'LYSS;METS DE L'HUILE;VIRGIN FRANCE/Regg'Lyss Prod. & P. Verdier;Singles;Or;01/07/1993;29/03/1995;1 an 9 mois
COMPILATION;SLOWS 94;VIRGIN FRANCE;Albums;Double or;09/11/1994;28/03/1995;4 mois
ETIENNE DAHO;LA NOTTE;VIRGIN FRANCE/SATORI SONGS;Albums;Double or;09/03/1984;28/03/1995;11 ans 2 mois
NTM;PARIS SOUS LES BOMBES;EPIC/SONY MUSIC;Albums;Double or;27/03/1995;27/03/1995;
BONEY M;GOLD;BMG FRANCE/MCI;Albums;Or;22/01/1995;12/03/1995;1 mois
COMPILATION;DANCE CONTACT 2;BMG/ARIOLA;Albums;Or;22/01/1995;12/03/1995;1 mois
ENZO ENZO;;BMG FRANCE/RCA;Albums;Or;11/11/1990;12/03/1995;4 ans 4 mois
ANNIE LENNOX;MEDUSA;R.C.A./BMG France;Albums;Or;07/03/1995;07/03/1995;
COMPILATION;LES NUITS TRANCE VOL.2;POLYGRAM DISTRIBUTION/SCORPIO MUSIC;Albums;Double or;26/06/1994;07/03/1995;8 mois
MICHEL FUGAIN;PLUS CA VA;EMI France;Albums;Or;07/03/1995;07/03/1995;
BOYZ II MEN;II;POLYDOR/MOTOWN;Albums;Platine;12/09/1994;07/03/1995;5 mois
PAUL MC CARTNEY;ALL THE BEST;PARLOPHONE/EMI France;Albums;Or;22/02/1995;22/02/1995;
COMPILATION;TOP DES TOPS VOL.4;WEA;Albums;Or;15/06/1994;19/02/1995;8 mois
EAGLES;THE VERY BEST OF;WEA/ELEKTRA;Albums;Or;29/06/1994;19/02/1995;7 mois
LAGAF;AU THEATRE DE PARIS;WEA/HUBERT HERVE LAGAF;Vidéos;Platine;19/10/1994;19/02/1995;4 mois
LES 3 TENORS;CONCERT DES 3 TENORS;WEA/TELDEC;Vidéos;Platine;25/08/1994;19/02/1995;5 mois
KAKOU;AU POINT VIRGULE;WEA/KAKOUPHONIE;Vidéos;Triple Platine;16/02/1994;19/02/1995;1 an
KAKOU;A L'OLYMPIA DEJA;WEA/KAKOUPHONIE;Vidéos;Triple Platine;06/11/1994;19/02/1995;3 mois
PRINCE;COME;WEA/WARNER;Albums;Or;11/08/1994;19/02/1995;6 mois
THE PRETENDERS;THE LAST OF THE INDEPENDANTS;WEA/WEA ANGLETERRE;Albums;Or;05/05/1994;19/02/1995;9 mois
ICE MC;IT'S A RAINY DAY;POLYGRAM DISTRIBUTION/AIR PLAY;Singles;Or;12/09/1994;31/01/1995;4 mois
WHIGFIELD;SATURDAY NIGHT;POLYGRAM DISTRIBUTION/AIRPLAY;Singles;Or;10/10/1994;31/01/1995;3 mois
ELVIS PRESLEY;THE ESSENTIAL COLLECTION;RCA/BMG France;Albums;Or;29/01/1995;29/01/1995;
SEQUENTA;CHANTS DE L?EXTASE;Deutsche Harmonia Mundi/BMG France;Albums;Or;29/01/1995;29/01/1995;
CHARLES AZNAVOUR;TOI ET MOI;ELI FRANCE/EMI FRANCE;Albums;Or;11/12/1994;24/01/1995;1 mois
STING;FIELDS GOLDS THE BEST;POLYDOR/A & M RECORDS;Albums;Platine;02/11/1994;24/01/1995;2 mois
PAUL PERSONNE;REVE SIDERAL D'UN NAIF IDEAL;POLYDOR;Albums;Or;04/07/1994;24/01/1995;6 mois
CLAUDE BARZOTTI;JE VOUS AIME;DEESSE/SONY MUSIC;Albums;Or;19/01/1995;19/01/1995;
LES TROIS TENORS;LES 3 TENORS EN CONCERT;POLYGRAM/DECCA FRANCE;Albums;Platine;02/09/1990;17/01/1995;4 ans 5 mois
COMPILATION;ITALIAN FEELING 2;BMG FRANCE/ARIOLA;Albums;Or;23/05/1994;17/01/1995;7 mois
FREDERIC FRANCOIS;L'OLYMPIA 94;BMG FRANCE/MBM;Albums;Or;23/10/1994;17/01/1995;2 mois
JAMES BOWMAN & C. HOGWOOD;VIVALDI STABAT MATER;POLYGRAM/L'OISEAU LYRE;Albums;Or;02/04/1985;17/01/1995;9 ans 11 mois
PAVAROTTI AND FRIENDS;PAVAROTTI STING P. KAAS ...;POLYGRAM/DECCA FRANCE;Albums;Or;02/02/1993;17/01/1995;1 an 11 mois
PAVAROTTI;LES PLUS BELLES CHANSONS D'AMOUR;POLYGRAM/DECCA FRANCE;Albums;Double or;23/03/1992;17/01/1995;2 ans 10 mois
ROCH VOISINE;COUP DE TETE;BMG FRANCE/EDIT. & PROD. G. MARY;Albums;Double or;25/09/1994;17/01/1995;3 mois
LILICUB;VOYAGE EN ITALIE;REMARK/POLYGRAM;Singles;Or;16/01/1995;16/01/1995;
AXELLE RED;SENSUALITE;VIRGIN FRANCE / VIRGIN BENELUX;Singles;Or;10/10/1993;21/12/1994;1 an 2 mois
MICHAEL NYMAN;BOF LA LECON DE PIANO;VIRGIN FRANCE/VENTURE;Singles;Or;01/06/1993;21/12/1994;1 an 6 mois
BREEDERS;Cannonball;VIRGIN FRANCE/4 A.D.;Singles;Or;09/11/1993;20/12/1994;1 an 1 mois
ELTON JOHN;CAN YOU FEEL THE LOVE;ROCKET/PHONOGRAM;Singles;Or;12/09/1994;20/12/1994;3 mois
LENNY KRAVITZ;ARE YOU GONNA GO MY WAY;VIRGIN FRANCE/VIRGIN REC. AMERICA;Singles;Or;09/02/1993;20/12/1994;1 an 10 mois
BOF;FARINELLI;AUVIDIS;Albums;Or;15/11/1994;20/12/1994;1 mois
BOY GEORGE;THE BEST OF BOY GEORGE AND CULTURE CLUB;VIRGIN FRANCE/VIRGIN RECORDS LTD;Albums;Or;31/08/1993;20/12/1994;1 an 3 mois
BRYAN FERRY;THE ULTIMATE COLLECTION;VIRGIN FRANCE/E.G. RECORDS LTD;Albums;Or;31/01/1994;20/12/1994;10 mois
CELINE DION;OLYMPIA;SONY MUSIC;Albums;Or;17/11/1994;20/12/1994;1 mois
COMPILATION;TOP DJ COFFRET;SONY MUSIC;Albums;Or;17/11/1994;20/12/1994;1 mois
COMPILATION;PLUS DE DANCE;SONY MUSIC;Albums;Or;19/10/1994;20/12/1994;2 mois
COMPILATION;HITS 94;SONY MUSIC;Albums;Or;08/11/1994;20/12/1994;1 mois
WET WET WET;END OF PART ONE;PHONOGRAM/MERCURY;Albums;Double or;24/01/1994;28/11/1994;10 mois
JULIEN CLERC;CE N'EST RIEN;EMI France;Albums;Platine;19/01/1994;28/11/1994;10 mois
ELTON JOHN;THE VERY BEST OF;PHONOGRAM/ROCKET;Albums;Diamant;28/10/1990;28/11/1994;4 ans 1 mois
LAURENT BAFFIE;INTERDIT A LA TELEVISION;EMI France;Vidéos;Platine;02/11/1994;28/11/1994;
COMPILATION;LE TOP DES TOPS VOL. 6;EAST WEST France/EAST WEST FRANCE;Albums;Or;24/11/1994;24/11/1994;
COMPILATION;BLEU BLANC TUBES;VIRGIN FRANCE;Albums;Or;31/05/1994;17/11/1994;5 mois
ENIGMA;CROSS OF CHANGES;VIRGIN FRANCE/VIRGIN SCHALLPLATTEN;Albums;Or;30/11/1993;17/11/1994;11 mois
JULIEN CLERC;OLYMPIA INTEGRALE 94;VIRGIN/CRECELLES ET SIDONIE;Albums;Or;28/02/1994;17/11/1994;8 mois
ROLLING STONES;WOODOO LOUNGE;VIRGIN FRANCE/VIIRGIN BENELUX;Albums;Double or;09/07/1994;17/11/1994;4 mois
UB 40;PROMISES & LIES;VIRGIN/VIRGIN RECORDS;Albums;Platine;09/07/1993;17/11/1994;1 an 4 mois
BILLY PAUL;THE VERY BEST;SONY MUSIC;Albums;Platine;16/11/1994;16/11/1994;
EDWIN COLLINS;A GIRL LIKE YOU;SETANTA/VIRGIN France;Singles;Or;09/11/1994;09/11/1994;
MARIAH CAREY;WITHOUT YOU;SONY MUSIC/SONY MUSIC;Singles;Or;09/06/1994;28/10/1994;4 mois
RAM JAM;BLACK BETTY;SONY MUSIC/SONY MUSIC;Singles;Or;24/05/1994;28/10/1994;5 mois
REEL 2 REAL;I LIKE TO MOVE;SONY MUSIC/SONY MUSIC;Singles;Or;11/04/1994;28/10/1994;6 mois
YOUSSOU'N DOUR;7 SECONDS;SONY MUSIC/SONY MUSIC;Singles;Or;24/05/1994;28/10/1994;5 mois
C;THE POWER OF LOVE;SONY MUSIC;Singles;Or;05/06/1994;27/10/1994;4 mois
COMPILATION;CULTURE DANCE 5;SONY MUSIC;Albums;Or;15/08/1994;27/10/1994;2 mois
COMPILATION;ROCK REBEL;SONY MUSIC;Albums;Or;15/08/1994;27/10/1994;2 mois
COMPILATION;DANCE 94 VOL 1;SONY MUSIC;Albums;Double or;06/06/1994;27/10/1994;4 mois
COMPILATION;TOP D.J. 4;SONY MUSIC;Albums;Double or;17/08/1994;27/10/1994;2 mois
I A M;OMBRE EST LUMIERE;VIRGIN FRANCE/DELABEL;Albums;Double or;09/11/1993;27/10/1994;11 mois
RAGE AGAINST THE MACHINE;BOMBTRACK;SONY MUSIC;Albums;Double or;04/11/1992;27/10/1994;2 ans
FREDERICKS GOLDMAN JONES;ROUGE;SONY MUSIC;Albums;Triple Platine;28/11/1993;27/10/1994;11 mois
FRANCIS CABREL;77/87;SONY MUSIC;Albums;Diamant;16/11/1987;27/10/1994;7 ans
I AM;JE DANSE LE MIA;VIRGIN/DELABLE;Singles;Or;14/02/1994;20/10/1994;8 mois
DIDIER BARVELIVIEN;CHANTE;POMME MUSIC/SONY MUSIC;Albums;Double or;19/10/1994;19/10/1994;
TONTON DAVID;SUR ET CERTAIN;VIRGIN FRANCE/DELABEL EDITIONS;Singles;Or;31/01/1994;19/10/1994;8 mois
PATRICK BRUEL;BRUEL;BMG FRANCE/RCA;Albums;Platine;01/05/1994;27/06/1994;1 mois
CLAUDE NOUGARO;CHANSONGS;PHONOGRAM;Albums;Or;18/10/1993;26/06/1994;8 mois
COMPILATION POP;LE CLUB DES CLUBS;EMI FRANCE;Albums;Or;18/05/1994;26/06/1994;1 mois
COMPILATION POP;LOVIN'FUN;EMI FRANCE;Albums;Or;21/06/1994;26/06/1994;
ELTON JOHN;DUETS;PHONOGRAM/ROCKET RECORDS;Albums;Double or;22/11/1993;26/06/1994;7 mois
EAST 17;WALTHAMSTOW;BARCLAY/LONDON;Albums;Double or;15/02/1994;22/06/1994;4 mois
THE COMMITMENTS;THE COMMITMENTS;BMG FRANCE/MCA;Albums;Or;11/08/1991;19/06/1994;2 ans 10 mois
Bruce Springsteen;Philadelphia;SONY MUSIC;Singles;Or;26/01/1994;13/06/1994;4 mois
MARIAH CAREY;HERO;SONY MUSIC;Singles;Or;07/03/1994;13/06/1994;3 mois
COMPILATION;BD DES HITS 18;SONY MUSIC;Albums;Or;10/04/1994;13/06/1994;2 mois
CULTURE BEAT;SERENITY;SONY MUSIC;Albums;Or;09/06/1993;13/06/1994;1 an
FREDERIC FRANCOIS;21 GRANDS SUCCES;SONY MUSIC/TREMA;Albums;Or;24/01/1994;13/06/1994;4 mois
HERVE VILARD;REVERIES;SONY MUSIC/TREMA;Albums;Or;17/02/1992;13/06/1994;2 ans 4 mois
HUBERT FELIX THIEFAINE;CHRONIQUE BLUSYMENTALES;W.M.D./FNAC MUSIC;Albums;Or;30/09/1990;13/06/1994;3 ans 9 mois
MARIAH CAREY;MUSIC BOX;SONY MUSIC;Albums;Or;24/08/1993;13/06/1994;9 mois
JAMIROQUAI;EMERGENCY ON PLANET EARTH;SONY MUSIC;Albums;Double or;09/06/1993;13/06/1994;1 an
BERNARD LAVILLIERS;CHAMPS DU POSSIBLE V.1;BBC BARCLAY/BARCLAY;Albums;Or;13/06/1994;13/06/1994;
COMPILATION;TOP D.J. 3;SONY MUSIC;Albums;Platine;05/05/1994;13/06/1994;1 mois
MICHEL SARDOU;SELON QUE VOUS SEREZ;SONY MUSIC/TREMA;Albums;Platine;11/04/1994;13/06/1994;2 mois
PINK FLOYD;THE DIVISION BELL;EMI France/EMI;Albums;Platine;31/03/1994;29/05/1994;1 mois
PATRICK TIMSIT;TIMSIT 2;BMG FRANCE/BMG VIDEO;Vidéos;Or;29/11/1993;10/05/1994;5 mois
COMPILATION;CINE DANCING 2;B.M.G. FRANCE;Albums;Or;01/11/1993;09/05/1994;6 mois
COMPILATION;CINE SLOWS;B.M.G. FRANCE;Albums;Or;30/01/1994;09/05/1994;3 mois
DONNA SUMMER;THE ANTHOLOGY;PHONOGRAM/MERCURY;Albums;Or;30/01/1994;09/05/1994;3 mois
SCORPIONS;HOT AND SLOW;B.M.G. FRANCE/R.C.A.;Albums;Or;16/06/1991;09/05/1994;2 ans 11 mois
K. COSTA & D. LEVY;ALADDIN Ce r;SONY MUSIC/WALT DISNEY RECORDS;Singles;Or;01/11/1993;28/04/1994;5 mois
FRANCE GALL;BERCY 93;W.E.A./APACHE;Vidéos;Or;18/02/1994;26/04/1994;2 mois
FRANCIS CABREL;CHEMINS DE TRAVERSE;SONY MUSIC;Albums;Double Platine;18/02/1979;17/04/1994;15 ans 4 mois
Alain Souchon;Foule sentimentale;VIRGIN FRANCE;Singles;Or;09/09/1993;13/04/1994;7 mois
THE BREEDERS;THE LAST SPLASH;VIRGIN FRANCE/4AD;Albums;Or;29/08/1993;13/04/1994;7 mois
THE ROLLING STONES;JUMP BACK;VIRGIN FRANCE/VIRGIN BENELUX;Albums;Or;31/10/1993;13/04/1994;5 mois
Ace of Base;Happy Nation;Barclay/London;Singles;Or;11/10/1993;28/03/1994;5 mois
ACE OF BASE;HAPPY NATION US Version;BARCLAY/LONDON;Albums;Double or;23/05/1993;28/03/1994;10 mois
B.O.F.;PHILADELPHIA;SONY MUSIC;Albums;Double or;23/05/1993;28/03/1994;10 mois
METALLICA;ENTER SANDMAN;PHONOGRAM/VERTIGO;Albums;Platine;13/08/1991;28/03/1994;2 ans 7 mois
RITA MITSOUKO;SYSTEM D;VIRGIN FRANCE/DELABEL;Albums;Or;31/10/1993;21/03/1994;4 mois
RENAUD;CANTE EL NORTE;VIRGIN France/CECI CELA;Albums;Double or;30/04/1993;21/03/1994;10 mois
COMPILATION;TOP DES TOPS VOL 2;VIRGIN FRANCE;Albums;Platine;06/12/1993;21/03/1994;3 mois
LIANE FOLY;LES PETITES NOTES;VIRGIN France;Albums;Platine;09/05/1993;21/03/1994;10 mois
CHARLES & EDDIE;DUOPHONIC;EMI FRANCE;Albums;Or;31/01/1993;14/03/1994;1 an 1 mois
JEAN FERRAT;FERRAT 91 EN PUBLIC;SONY MUSIC/SONY MUSIC;Vidéos;Or;25/11/1993;08/03/1994;3 mois
Billy Joel;River of Dream;SONY MUSIC;Singles;Or;11/08/1993;07/03/1994;6 mois
COMPILATION;ROCKLINE;SONY MUSIC;Albums;Or;06/12/1993;07/03/1994;3 mois
EARTH WIND AND FIRE;EARTH WIND AND FIRE;SONY MUSIC;Albums;Or;04/01/1994;07/03/1994;2 mois
SPIN DOCTOR;POCKET;SONY MUSIC;Albums;Or;25/09/1991;07/03/1994;2 ans 5 mois
PATRICIA KAAS;JE TE DIS VOUS;SONY MUSIC;Albums;Diamant;31/03/1993;07/03/1994;11 mois
GOLDEN GATE QUARTET;BEST OF;EMI MUSIC France;Albums;Or;28/02/1994;28/02/1994;
LES GO CULTURE;LE DIRLADA DES BRONZES;POLYGRAM DIST./SCORPIO MUSIC;Singles;Or;22/06/1993;22/02/1994;8 mois
VANESSA PARADIS;LIVE;REMARK/POLYGRAM;Albums;Or;22/02/1994;22/02/1994;
COMPILATION;DANCE 93;POLYGRAM DIST;Albums;Double or;06/12/1993;21/02/1994;2 mois
COMPILATION;LES NUITS TRANCE;POLYGRAM DIST/SCORPIO MUSIC;Albums;Double or;13/09/1993;21/02/1994;5 mois
COMPILATION;LA + GRANDE DISCOTHEQUE DU MONDE - Vol 7;POLYGRAM DIST/SCORPIO MUSIC;Albums;Platine;15/11/1993;21/02/1994;3 mois
ENZO ENZO;DEUX;RCA/BMG France;Albums;Platine;20/02/1994;20/02/1994;
CASIMIR;CASIMIR;SONY MUSIC/SONY MUSIC;Singles;Or;31/08/1993;08/02/1994;5 mois
COMPILATION;HIT 93;SONY MUSIC;Albums;Or;06/02/1994;07/02/1994;
COMPILATION;BLD DES SLOXS VOL.7;SONY MUSIC;Albums;Or;24/11/1993;07/02/1994;2 mois
COMPILATION;CULTURE DANCE VOL.2;SONY MUSIC;Albums;Or;20/10/1993;07/02/1994;3 mois
Niagara;Encore Un Dernier Baiser;POLYDOR / UNIVERSAL MUSIC FRANCE;Albums;Or;17/11/1986;15/10/1992;5 ans 11 mois
THE CHRISTIANS;HAPPY IN HELL;ISLAND/POLYGRAM;Albums;Or;28/09/1992;28/09/1992;
MICHEL BERGER;BEAUSEJOUR;WEA;Albums;Or;23/01/1980;24/09/1992;12 ans 10 mois
ALPHA BLONDY;MASADA;EMI;Albums;Or;01/01/1992;03/09/1992;8 mois
BEACH BOYS;CALIFORNIA GOLD : THE VERY BEST OF THE BEACH BOYS;EMI;Albums;Or;01/01/1990;07/07/1992;2 ans 6 mois
Niagara;Religion;POLYDOR / UNIVERSAL MUSIC FRANCE;Albums;Platine;16/04/1990;05/06/1992;2 ans 2 mois
BRYAN ADAMS;WAKING UP THE NEIGHBOURS;POLYDOR;Albums;Or;01/09/1991;05/05/1992;8 mois
BENNY B;L'ALBUM;SONY MUSIC;Albums;Platine;;27/04/1992;22 ans 7 mois
BRUCE SPRINGSTEEN;DARKNESS OF THE EDGE OF TOWN;COLUMBIA / SONY MUSIC;Albums;Or;01/06/1978;27/04/1992;14 ans 1 mois
BOB MARLEY & THE WAILERS;CATCH A FIRE;POLYGRAM;Albums;Or;01/01/1972;04/04/1992;20 ans 6 mois
BOB MARLEY & THE WAILERS;BURNIN';POLYGRAM;Albums;Or;13/10/1973;02/04/1992;18 ans 8 mois
BOB MARLEY AND THE WAILERS;BABYLON BY BUS;PHONOGRAM;Albums;Platine;10/11/1978;02/04/1992;13 ans 7 mois
UMBERTO TOZZI;LE MIE CANZONI;C.G.D./EAST WEST France;Albums;Double or;01/03/1992;01/03/1992;
FOREIGNER;THE VERY BEST OF;ATLANTIC/EAST WEST France;Albums;Or;26/02/1992;26/02/1992;
JEAN FERRAT;LES ANNEES BARCLAY;BARCLAY;Albums;Double or;25/02/1992;25/02/1992;
JEAN LOUIS AUBERT;BLEU BLANC VERT;VIRGIN;Albums;Or;01/09/1989;19/12/1991;2 ans 3 mois
BARBRA STREISAND;MEMORIES;CBS;Albums;Double Platine;01/11/1981;12/12/1991;10 ans 3 mois
LES NEGRESSES VERTES;M?LAH;DELABEL;Albums;Or;09/12/1991;09/12/1991;
TONTON DAVID;LE BLUES DES RACAILLES;DELABEL;Albums;Or;09/11/1991;09/11/1991;
PET SHOP BOYS;DISCOGRAPHY;PARLOPHONE/EMI France;Albums;Or;03/11/1991;03/11/1991;
UMBERTO TOZZI;GLI ALTRI SIAMO NOI;C.G.D./EAST WEST France;Albums;Or;06/10/1991;06/10/1991;
LAGAF;LA ZOUBIDA (Gymnase 91);FLARENASH/EAST WEST France;Albums;Or;22/09/1991;22/09/1991;
BEVERLEY CRAVEN;BEVERLEY CRAVEN;SONY MUSIC;Albums;Or;01/01/1990;17/09/1991;1 an 8 mois
JACQUES BREL;15 ANS D'AMOUR;BARCLAY;Albums;Diamant;01/01/1988;11/06/1991;3 ans 5 mois
NTM;AUTHENTIK;EPIC/SONY MUSIC;Albums;Or;04/06/1991;04/06/1991;
AC/DC;THE RAZORS EDGE;WEA;Albums;Or;24/09/1990;27/03/1991;6 mois
NINO FERRER;L?INDISPENSABLE;BARCLAY;Albums;Or;24/02/1991;24/02/1991;
ANNE;DEMAIN C'EST AUJOURD'HUI;WALT DISNEY;Albums;Or;01/01/1991;08/01/1991;
BASIA;LONDON WARSAW NEW YORK;CBS;Albums;Or;23/10/1989;14/12/1990;1 an 1 mois
AHA;EAST OF THE SUN, WEST OF THE MOON;WEA;Albums;Or;27/10/1990;04/12/1990;1 mois
BONNIE TYLER;SECRET DREAMS AND FORBIDDEN FIRE;CBS;Albums;Or;03/05/1986;01/12/1986;7 mois
GABRIEL YARED;37;BE BOP/VIRGIN France;Albums;Or;09/10/1986;09/10/1986;
BRONSKI BEAT;AGE OF CONSENT;BARCLAY / UNIVERSAL MUSIC FRANCE;Albums;Or;01/03/1985;21/11/1985;8 mois
U 2;THE UNFORGETTABLE FIRE;ISLAND/POLYGRAM;Albums;Or;03/10/1985;03/10/1985;
BRUCE SPRINGSTEEN;BORN TO RUN;SONY MUSIC;Albums;Or;16/09/1975;29/08/1985;10 ans 1 mois
ALPHAVILLE;FOREVER YOUNG;WEA;Albums;Or;27/09/1984;24/05/1985;7 mois
GRAEME ALLWRIGHT;JOUE JOUE JOUE;MERCURY / UNIVERSAL MUSIC FRANCE;Albums;Or;01/01/1966;01/03/1985;19 ans 5 mois
AL JARREAU;JARREAU;WEA;Albums;Or;01/01/1983;01/12/1984;1 an 11 mois
ALAIN BASHUNG;PIZZA;PHONOGRAM;Albums;Or;01/01/1981;01/09/1984;3 ans 8 mois
MIGENES/MAAZEL;CARMEN;ERATO/WRA MUSIC;Albums;Platine;30/04/1984;30/04/1984;
ALAIN BASHUNG;ROULETTE RUSSE;PHONOGRAM;Albums;Or;01/03/1979;01/04/1984;5 ans 1 mois
BOB MARLEY AND THE WAILERS;CONFRONTATION;PHONOGRAM;Albums;Or;23/05/1981;01/04/1984;2 ans 10 mois
ALAN PARSONS;AMMONIA AVENUE;ARABELLA;Albums;Platine;07/02/1984;01/03/1984;
ALAN PARSONS;EYE IN THE SKY;ARABELLA;Albums;Platine;01/06/1982;01/03/1984;1 an 9 mois
AC/DC;FLICK OF THE SWITCH;WEA;Albums;Or;15/08/1983;01/01/1984;4 mois
BARBARA;MA PLUS BELLE HISTOIRE D'AMOUR;PHONOGRAM;Albums;Or;01/01/1967;01/12/1983;17 ans 1 mois
BONNIE TYLER;FASTER THAN THE SPEED OF NIGHT;CBS;Albums;Or;08/04/1983;01/11/1983;6 mois
THE B-52's;THE B-52's;PHONOGRAM;Albums;Or;06/07/1979;01/11/1983;4 ans 4 mois
BARCLAY JAMES HARVEST;RING OF CHANGES;POLYDOR;Albums;Or;01/01/1983;01/10/1983;9 mois
BARBRA STREISAND & KRIS KRISTOFFERSON;A STAR IS BORN;CBS;Albums;Or;01/11/1976;01/09/1983;6 ans 11 mois
MARIE PAULE BELLE;CELUI;POLYDOR;Albums;Or;01/01/1976;01/03/1983;7 ans 3 mois
AMERICA;GREATEST HITS;WEA;Albums;Or;01/01/1975;01/02/1983;8 ans 2 mois
BOB MARLEY AND THE WAILERS;LIVE !;PHONOGRAM;Albums;Or;01/01/1975;03/12/1982;8 ans
BOB MARLEY AND THE WAILERS;CHANCES ARE;WEA;Albums;Or;01/01/1981;23/11/1982;1 an 11 mois
AL JARREAU;BREAKING AWAY;WEA;Albums;Or;30/06/1981;23/11/1982;1 an 5 mois
GUY BEART;LES NOUVELLES CHANSONS;RCA;Albums;Or;01/01/1979;25/10/1982;3 ans 10 mois
BOB MARLEY AND THE WAILERS;NATTY DREAD;PHONOGRAM;Albums;Or;25/10/1974;25/10/1982;8 ans 1 mois
BARCLAY JAMES HARVEST;EYES OF THE UNIVERSE;POLYDOR;Albums;Or;01/09/1979;02/09/1982;3 ans
BARCLAY JAMES HARVEST;TURN OF THE RIDE;POLYDOR;Albums;Or;01/01/1981;02/09/1982;1 an 8 mois
JACQUES BREL;LES BONBONS;BARCLAY;Albums;Or;01/01/1966;01/08/1982;16 ans 9 mois
ANGE;EMILE JACOTEY;PHONOGRAM;Albums;Or;01/09/1975;01/01/1976;4 mois
ANGE;PAR LES FILS DE MANDRIN;PHONOGRAM;Albums;Or;01/01/1976;01/01/1976;
ELTON JOHN & BRITNEY SPEARS;HOLD ME CLOSER;26/8/2022;Singles;Platine;29/08/2024;;55 ans 5 mois
ED SHEERAN & ELTON JOHN;MERRY CHRISTMAS;3/12/2021;Singles;Or;19/12/2024;;55 ans 9 mois
CARLOS VIVES & SHAKIRA;LA BICICLETA;27/5/2016;Singles;Platine;02/01/2025;;55 ans 9 mois
ANGE;CIMETIERE DES ARLEQUINS;PHONOGRAM;Albums;Or;01/01/1973;;3 ans
